City,Date,PM2.5,PM10,NO,NO2,NOx,NH3,CO,SO2,O3,Benzene,Toluene,Xylene,AQI,AQI_Bucket
Ahmedabad,2015-01-01,,,0.92,18.22,17.15,,0.92,27.64,133.36,0.0,0.02,0.0,,
Ahmedabad,2015-01-02,,,0.97,15.69,16.46,,0.97,24.55,34.06,3.68,5.5,3.77,,
Ahmedabad,2015-01-03,,,17.4,19.3,29.7,,17.4,29.07,30.7,6.8,16.4,2.25,,
Ahmedabad,2015-01-04,,,1.7,18.48,17.97,,1.7,18.59,36.08,4.43,10.14,1.0,,
Ahmedabad,2015-01-05,,,22.1,21.42,37.76,,22.1,39.33,39.31,7.01,18.89,2.78,,
Ahmedabad,2015-01-06,,,45.41,38.48,81.5,,45.41,45.76,46.51,5.42,10.83,1.93,,
Ahmedabad,2015-01-07,,,112.16,40.62,130.77,,112.16,32.28,33.47,0.0,0.0,0.0,,
Ahmedabad,2015-01-08,,,80.87,36.74,96.75,,80.87,38.54,31.89,0.0,0.0,0.0,,
Ahmedabad,2015-01-09,,,29.16,31.0,48.0,,29.16,58.68,25.75,0.0,0.0,0.0,,
Ahmedabad,2015-01-10,,,,7.04,0.0,,,8.29,4.55,0.0,0.0,0.0,,
Ahmedabad,2015-01-11,,,132.07,55.8,24.53,,132.07,25.03,6.79,0.0,0.0,0.0,,
Ahmedabad,2015-01-12,,,52.04,40.67,90.24,,52.04,51.84,45.89,2.41,0.03,7.88,,
Ahmedabad,2015-01-13,,,48.82,44.2,87.09,,48.82,68.21,35.16,9.45,13.35,12.5,,
Ahmedabad,2015-01-14,,,19.2,27.86,33.05,,19.2,52.65,20.96,2.16,2.26,5.19,,
Ahmedabad,2015-01-15,,,0.6,16.96,16.6,,0.6,28.89,47.63,0.14,0.04,1.35,,
Ahmedabad,2015-01-16,,,1.63,21.72,22.86,,1.63,38.27,46.03,0.35,0.05,2.01,,
Ahmedabad,2015-01-17,,,11.44,24.73,34.75,,11.44,49.5,52.24,0.68,0.0,3.27,,
Ahmedabad,2015-01-18,,,6.1,25.77,29.57,,6.1,48.43,53.49,0.74,0.21,2.75,,
Ahmedabad,2015-01-19,,,2.51,26.88,27.45,,2.51,50.03,49.48,0.26,0.02,2.8,,
Ahmedabad,2015-01-20,,,7.92,26.8,32.4,,7.92,58.87,56.37,0.24,0.01,3.97,,
Ahmedabad,2015-01-21,,,9.52,33.56,39.28,,9.52,106.93,48.75,0.33,0.0,5.65,,
Ahmedabad,2015-01-22,,,9.05,17.51,22.33,,9.05,23.71,42.22,0.0,0.0,4.51,,
Ahmedabad,2015-01-23,,,22.53,27.96,47.79,,22.53,39.19,32.92,0.39,0.0,5.95,,
Ahmedabad,2015-01-24,,,2.03,20.39,21.4,,2.03,40.07,32.49,0.47,0.7,1.54,,
Ahmedabad,2015-01-25,,,1.42,20.43,20.19,,1.42,58.41,39.26,0.01,0.0,0.94,,
Ahmedabad,2015-01-26,,,2.27,21.16,21.81,,2.27,43.73,39.83,0.06,0.0,1.55,,
Ahmedabad,2015-01-27,,,2.19,21.7,23.26,,2.19,43.28,41.1,0.02,0.0,1.65,,
Ahmedabad,2015-01-28,73.24,,5.72,21.11,25.84,,5.72,36.52,62.42,0.03,0.01,1.41,,
Ahmedabad,2015-01-29,83.13,,6.93,28.71,33.72,,6.93,49.52,59.76,0.02,0.0,3.14,209.0,Poor
Ahmedabad,2015-01-30,79.84,,13.85,28.68,41.08,,13.85,48.49,97.07,0.04,0.0,4.81,328.0,Very Poor
Ahmedabad,2015-01-31,94.52,,24.39,32.66,52.61,,24.39,67.39,111.33,0.24,0.01,7.67,514.0,Severe
Ahmedabad,2015-02-01,135.99,,43.48,42.08,84.57,,43.48,75.23,102.7,0.4,0.04,25.87,782.0,Severe
Ahmedabad,2015-02-02,178.33,,54.56,35.31,72.8,,54.56,55.04,107.38,0.46,0.06,35.61,914.0,Severe
Ahmedabad,2015-02-03,139.7,,30.61,28.4,56.73,,30.61,33.79,73.6,0.17,0.03,11.87,660.0,Severe
Ahmedabad,2015-02-04,80.65,,2.37,22.83,24.0,,2.37,25.73,47.3,0.0,0.0,0.0,294.0,Poor
Ahmedabad,2015-02-05,58.36,,2.6,21.39,23.31,,2.6,32.66,53.54,0.0,0.0,0.0,149.0,Moderate
Ahmedabad,2015-02-06,79.29,,1.16,26.94,26.83,,1.16,67.41,59.3,0.0,0.0,0.0,190.0,Moderate
Ahmedabad,2015-02-07,88.7,,7.29,31.32,37.73,,7.29,80.09,44.76,0.0,0.0,0.0,247.0,Poor
Ahmedabad,2015-02-08,74.28,,8.92,27.3,33.42,,8.92,54.28,47.42,0.0,0.0,0.27,379.0,Very Poor
Ahmedabad,2015-02-09,113.93,,4.32,24.27,26.86,,4.32,48.73,39.94,0.02,0.0,3.55,341.0,Very Poor
Ahmedabad,2015-02-10,105.39,,1.41,18.21,18.75,,1.41,35.91,56.15,0.0,0.0,3.31,256.0,Poor
Ahmedabad,2015-02-11,66.52,,6.34,23.8,28.24,,6.34,66.58,53.14,9.7,9.63,16.49,388.0,Very Poor
Ahmedabad,2015-02-12,65.04,,14.19,30.1,44.21,,14.19,65.91,31.88,7.72,17.46,2.51,288.0,Poor
Ahmedabad,2015-02-13,103.36,,18.18,39.56,57.33,,18.18,80.43,40.11,11.29,24.35,3.35,510.0,Severe
Ahmedabad,2015-02-14,177.33,,37.49,47.58,77.85,,37.49,99.72,36.47,17.0,52.66,6.98,761.0,Severe
Ahmedabad,2015-02-15,113.25,,15.55,30.5,44.87,,15.55,69.71,33.78,10.47,28.53,3.22,475.0,Severe
Ahmedabad,2015-02-16,99.7,,19.85,28.1,47.31,,19.85,73.23,30.57,10.28,31.25,4.0,536.0,Severe
Ahmedabad,2015-02-17,80.61,,15.96,21.04,35.67,,15.96,54.7,36.2,8.14,18.75,2.52,479.0,Severe
Ahmedabad,2015-02-18,100.79,,16.24,25.93,41.91,,16.24,43.11,37.43,10.0,32.41,4.04,592.0,Severe
Ahmedabad,2015-02-19,107.99,,11.25,30.09,40.47,,11.25,84.86,31.94,9.2,24.03,3.25,427.0,Severe
Ahmedabad,2015-02-20,140.29,,33.84,36.14,68.85,,33.84,101.53,40.98,20.12,43.51,7.48,588.0,Severe
Ahmedabad,2015-02-21,239.96,,61.95,46.25,106.92,,61.95,84.87,33.55,22.14,53.98,15.44,1141.0,Severe
Ahmedabad,2015-02-22,142.96,,45.45,48.21,92.32,,45.45,62.96,34.77,7.35,22.4,8.47,669.0,Severe
Ahmedabad,2015-02-23,238.41,,77.7,55.07,131.32,,77.7,89.07,37.3,50.61,163.64,28.46,1247.0,Severe
Ahmedabad,2015-02-24,118.72,,12.56,32.01,42.56,,12.56,61.54,38.8,16.89,46.52,6.05,411.0,Severe
Ahmedabad,2015-02-25,52.99,,2.23,10.45,10.39,,2.23,32.76,67.25,3.85,11.39,0.81,292.0,Poor
Ahmedabad,2015-02-26,,,,,,,,,,,,,,
Ahmedabad,2015-02-27,,,,,,,,,,,,,,
Ahmedabad,2015-02-28,,,,,,,,,,,,,,
Ahmedabad,2015-03-01,61.12,,3.58,16.81,20.92,,3.58,28.44,30.48,2.69,1.58,1.32,,
Ahmedabad,2015-03-02,60.78,,9.07,18.21,27.34,,9.07,29.48,34.75,2.05,0.55,0.22,189.0,Moderate
Ahmedabad,2015-03-03,91.83,,12.99,28.71,40.76,,12.99,39.71,38.46,2.69,1.74,2.25,408.0,Severe
Ahmedabad,2015-03-04,93.88,,18.21,29.38,47.01,,18.21,62.75,46.79,5.21,2.55,1.55,383.0,Very Poor
Ahmedabad,2015-03-05,173.01,,48.44,42.27,90.73,,48.44,78.76,59.39,9.72,9.96,4.13,780.0,Severe
Ahmedabad,2015-03-06,,,,,,,,,,,,,,
Ahmedabad,2015-03-07,105.45,,2.5,16.1,18.66,,2.5,29.29,69.9,17.77,5.75,0.39,,
Ahmedabad,2015-03-08,71.56,,3.51,16.83,20.32,,3.51,30.28,57.16,3.95,8.01,0.63,190.0,Moderate
Ahmedabad,2015-03-09,119.8,,4.13,24.07,27.9,,4.13,50.35,50.49,4.85,12.15,1.35,233.0,Poor
Ahmedabad,2015-03-10,106.71,,5.39,25.59,30.51,,5.39,38.85,60.17,5.58,14.17,1.74,297.0,Poor
Ahmedabad,2015-03-11,118.49,,4.11,28.94,31.83,,4.11,54.2,53.61,7.9,21.32,2.78,330.0,Very Poor
Ahmedabad,2015-03-12,106.01,,4.28,27.31,30.54,,4.28,70.29,40.91,9.45,15.54,1.71,252.0,Poor
Ahmedabad,2015-03-13,97.34,,3.67,21.58,24.62,,3.67,64.39,45.69,5.61,15.02,2.25,244.0,Poor
Ahmedabad,2015-03-14,83.92,,6.42,25.03,30.8,,6.42,67.53,34.94,8.24,21.47,3.09,234.0,Poor
Ahmedabad,2015-03-15,49.51,,3.1,14.16,16.15,,3.1,48.33,37.95,4.34,11.34,1.09,219.0,Poor
Ahmedabad,2015-03-16,30.76,,2.72,14.14,16.98,,2.72,43.62,54.78,3.58,9.38,0.84,118.0,Moderate
Ahmedabad,2015-03-17,50.29,,5.34,29.84,33.28,,5.34,59.23,45.44,5.45,15.12,1.65,231.0,Poor
Ahmedabad,2015-03-18,57.69,,25.36,29.48,54.79,,25.36,58.33,52.87,9.55,32.11,4.53,286.0,Poor
Ahmedabad,2015-03-19,105.06,,46.24,37.05,82.23,,46.24,53.62,45.65,20.89,75.36,12.7,883.0,Severe
Ahmedabad,2015-03-20,94.1,,22.14,36.53,57.49,,22.14,61.31,46.77,17.5,52.01,7.9,720.0,Severe
Ahmedabad,2015-03-21,111.89,,22.25,43.29,64.53,,22.25,66.44,50.57,18.03,56.86,8.86,570.0,Severe
Ahmedabad,2015-03-22,108.59,,25.38,39.34,63.01,,25.38,75.8,46.68,15.78,48.41,7.07,589.0,Severe
Ahmedabad,2015-03-23,130.76,,45.61,41.03,85.76,,45.61,65.77,41.58,24.12,85.31,12.56,818.0,Severe
Ahmedabad,2015-03-24,143.55,,27.3,31.15,57.16,,27.3,50.98,35.38,18.61,72.78,10.15,737.0,Severe
Ahmedabad,2015-03-25,165.07,,23.83,34.48,57.71,,23.83,64.32,43.79,29.14,64.01,8.51,585.0,Severe
Ahmedabad,2015-03-26,166.85,,17.93,43.3,60.07,,17.93,79.71,53.44,24.09,67.38,9.76,616.0,Severe
Ahmedabad,2015-03-27,147.38,,6.4,35.82,40.22,,6.4,46.89,17.94,14.23,41.88,5.7,437.0,Severe
Ahmedabad,2015-03-28,158.25,,5.86,27.89,32.65,,5.86,142.36,38.54,13.67,21.24,2.83,321.0,Very Poor
Ahmedabad,2015-03-29,237.76,,4.99,21.8,25.37,,4.99,96.28,39.77,8.68,14.95,1.28,372.0,Very Poor
Ahmedabad,2015-03-30,133.37,,3.88,17.99,21.02,,3.88,57.34,39.66,5.76,11.74,1.04,339.0,Very Poor
Ahmedabad,2015-03-31,133.3,,6.52,20.0,26.18,,6.52,51.58,59.03,9.94,21.13,2.31,339.0,Very Poor
Ahmedabad,2015-04-01,96.04,,3.8,20.07,23.46,,3.8,62.42,46.61,7.54,13.44,1.65,324.0,Very Poor
Ahmedabad,2015-04-02,77.69,,5.24,18.87,23.06,,5.24,100.48,27.14,9.49,11.77,1.6,222.0,Poor
Ahmedabad,2015-04-03,53.07,,4.17,13.82,17.45,,4.17,40.36,21.76,4.47,6.94,0.42,169.0,Moderate
Ahmedabad,2015-04-04,63.11,,5.63,15.5,18.49,,5.63,38.21,4.72,5.2,8.17,0.73,220.0,Poor
Ahmedabad,2015-04-05,156.76,,3.92,16.7,20.97,,3.92,26.32,37.11,3.88,10.78,0.97,,
Ahmedabad,2015-04-06,120.96,,4.23,20.86,25.02,,4.23,35.54,35.66,6.05,15.85,1.68,303.0,Very Poor
Ahmedabad,2015-04-07,138.63,,5.65,25.47,30.67,,5.65,87.43,29.77,11.25,24.67,3.12,314.0,Very Poor
Ahmedabad,2015-04-08,144.36,,15.82,30.69,46.1,,15.82,66.39,27.34,17.22,49.56,7.71,378.0,Very Poor
Ahmedabad,2015-04-09,85.03,,3.3,26.7,27.41,,3.3,59.16,35.89,7.58,29.19,4.08,415.0,Severe
Ahmedabad,2015-04-10,134.6,,5.9,26.27,28.7,,5.9,34.53,7.0,0.0,0.0,0.0,,
Ahmedabad,2015-04-11,61.06,,3.52,14.03,17.59,,3.52,8.08,19.54,0.0,0.0,0.01,126.0,Moderate
Ahmedabad,2015-04-12,39.42,,5.28,19.56,24.66,,5.28,17.66,31.3,0.0,0.0,0.0,175.0,Moderate
Ahmedabad,2015-04-13,111.86,,3.89,22.51,25.17,,3.89,15.84,31.23,0.0,0.0,0.0,226.0,Poor
Ahmedabad,2015-04-14,58.37,,5.74,21.71,27.69,,5.74,25.9,43.92,2.15,10.46,5.4,244.0,Poor
Ahmedabad,2015-04-15,95.37,,18.01,26.23,44.34,,18.01,13.59,41.64,1.21,3.28,20.78,315.0,Very Poor
Ahmedabad,2015-04-16,141.3,,30.8,36.88,66.53,,30.8,41.06,37.66,0.66,0.01,28.13,678.0,Severe
Ahmedabad,2015-04-17,106.68,,19.91,46.38,54.77,,19.91,31.56,48.49,1.67,0.0,15.95,774.0,Severe
Ahmedabad,2015-04-18,109.48,,4.3,20.27,22.86,,4.3,46.6,31.34,0.05,0.0,6.19,285.0,Poor
Ahmedabad,2015-04-19,126.04,,6.99,20.18,26.78,,6.99,79.56,28.71,0.2,0.0,6.4,321.0,Very Poor
Ahmedabad,2015-04-20,71.22,,16.73,21.32,37.58,,16.73,50.09,28.39,1.38,23.54,6.09,358.0,Very Poor
Ahmedabad,2015-04-21,97.87,,6.3,17.96,23.45,,6.3,13.85,34.16,0.21,4.91,2.95,357.0,Very Poor
Ahmedabad,2015-04-22,63.38,,3.44,13.28,15.44,,3.44,24.79,43.62,0.0,0.0,1.23,189.0,Moderate
Ahmedabad,2015-04-23,75.29,,3.35,14.29,17.97,,3.35,76.05,60.71,0.0,0.01,2.27,,
Ahmedabad,2015-04-24,80.9,,5.7,18.62,24.23,,5.7,65.44,22.8,0.05,0.09,3.46,214.0,Poor
Ahmedabad,2015-04-25,103.29,,4.55,19.82,23.69,,4.55,85.42,22.18,0.06,1.17,2.58,253.0,Poor
Ahmedabad,2015-04-26,107.5,,5.29,15.56,19.73,,5.29,74.37,10.12,0.09,0.16,2.91,239.0,Poor
Ahmedabad,2015-04-27,161.14,,3.11,14.77,16.12,,3.11,118.35,59.73,0.0,2.55,0.0,,
Ahmedabad,2015-04-28,102.58,,3.88,12.74,16.82,,3.88,41.94,26.89,0.02,6.4,0.76,,
Ahmedabad,2015-04-29,138.42,,5.05,16.7,21.56,,5.05,77.74,27.18,0.01,0.88,2.01,300.0,Poor
Ahmedabad,2015-04-30,129.04,,5.69,14.86,19.66,,5.69,78.27,18.67,0.0,0.0,1.54,317.0,Very Poor
Ahmedabad,2015-05-01,96.65,,4.67,15.9,20.53,,4.67,39.41,11.83,0.01,0.0,3.11,240.0,Poor
Ahmedabad,2015-05-02,126.77,,15.69,23.93,39.73,,15.69,93.18,36.71,0.22,0.04,10.0,344.0,Very Poor
Ahmedabad,2015-05-03,106.15,,13.12,23.02,35.05,,13.12,65.95,81.6,0.3,0.02,9.69,503.0,Severe
Ahmedabad,2015-05-04,86.31,,2.69,10.5,10.9,,2.69,50.13,90.54,0.47,0.15,12.8,308.0,Very Poor
Ahmedabad,2015-05-05,83.99,,2.73,0.08,2.75,,2.73,34.06,69.57,0.28,0.05,8.97,227.0,Poor
Ahmedabad,2015-05-06,65.11,,3.14,4.58,6.75,,3.14,22.27,32.26,0.17,0.04,5.84,120.0,Moderate
Ahmedabad,2015-05-07,51.03,,6.24,20.47,26.2,,6.24,15.5,31.44,0.0,0.0,1.29,158.0,Moderate
Ahmedabad,2015-05-08,38.73,,8.0,19.28,26.61,,8.0,20.13,25.7,0.0,0.0,2.08,177.0,Moderate
Ahmedabad,2015-05-09,61.12,,9.94,17.82,27.18,,9.94,39.69,25.9,0.0,0.0,3.49,201.0,Poor
Ahmedabad,2015-05-10,58.44,,10.68,17.24,27.38,,10.68,54.69,18.89,0.0,0.0,1.39,211.0,Poor
Ahmedabad,2015-05-11,61.49,,11.44,16.69,27.61,,11.44,42.66,18.2,0.01,0.0,2.59,221.0,Poor
Ahmedabad,2015-05-12,65.39,,12.3,16.08,27.86,,12.3,27.96,22.35,0.0,0.0,2.29,233.0,Poor
Ahmedabad,2015-05-13,100.92,,20.42,18.9,37.83,,20.42,31.9,22.84,4.9,19.26,8.21,481.0,Severe
Ahmedabad,2015-05-14,97.48,,5.31,30.02,33.62,,5.31,36.05,16.26,10.6,34.91,3.85,352.0,Very Poor
Ahmedabad,2015-05-15,129.27,,14.28,28.33,41.92,,14.28,70.13,25.4,16.9,44.19,4.97,327.0,Very Poor
Ahmedabad,2015-05-16,129.58,,21.23,28.79,45.4,,21.23,17.66,34.42,20.53,85.73,11.56,577.0,Severe
Ahmedabad,2015-05-17,100.57,,7.56,18.79,24.33,,7.56,38.76,38.83,4.92,17.94,1.54,411.0,Severe
Ahmedabad,2015-05-18,130.34,,7.14,17.43,23.72,,7.14,52.07,29.05,5.05,14.0,1.3,212.0,Poor
Ahmedabad,2015-05-19,53.24,,8.05,15.86,23.34,,8.05,36.23,21.58,5.23,15.0,1.02,280.0,Poor
Ahmedabad,2015-05-20,42.0,,10.44,18.16,21.8,,10.44,17.0,25.5,0.0,0.0,0.0,162.0,Moderate
Ahmedabad,2015-05-21,50.1,,9.46,14.9,22.5,,9.46,30.67,12.91,0.41,1.89,1.44,,
Ahmedabad,2015-05-22,83.69,,10.89,17.18,27.15,,10.89,41.12,35.61,12.62,20.2,17.84,569.0,Severe
Ahmedabad,2015-05-23,38.88,,2.18,16.28,17.74,,2.18,26.4,12.47,3.0,6.96,6.37,128.0,Moderate
Ahmedabad,2015-05-24,46.89,,2.96,16.17,18.49,,2.96,41.96,10.74,3.41,8.87,3.53,129.0,Moderate
Ahmedabad,2015-05-25,70.96,,4.12,15.47,19.28,,4.12,23.67,16.01,3.72,8.13,4.06,152.0,Moderate
Ahmedabad,2015-05-26,53.66,,4.23,14.43,18.06,,4.23,14.46,45.64,2.39,6.4,3.53,176.0,Moderate
Ahmedabad,2015-05-27,45.49,,4.26,13.73,17.1,,4.26,12.85,71.85,2.5,5.96,3.36,167.0,Moderate
Ahmedabad,2015-05-28,60.86,,5.27,16.61,21.42,,5.27,14.91,41.19,3.03,9.18,6.54,106.0,Moderate
Ahmedabad,2015-05-29,51.93,,13.71,17.87,31.64,,13.71,15.33,12.88,6.32,19.17,10.57,231.0,Poor
Ahmedabad,2015-05-30,77.87,,6.67,17.12,23.0,,6.67,46.82,16.67,4.79,9.78,5.1,327.0,Very Poor
Ahmedabad,2015-05-31,57.59,,5.6,15.47,20.42,,5.6,41.68,25.51,2.64,6.3,3.08,174.0,Moderate
Ahmedabad,2015-06-01,77.22,,7.02,15.47,21.13,,7.02,71.97,9.56,3.74,8.45,1.17,185.0,Moderate
Ahmedabad,2015-06-02,45.29,,7.25,12.74,19.66,,7.25,18.64,6.32,2.73,6.99,0.76,179.0,Moderate
Ahmedabad,2015-06-03,103.78,,6.36,13.9,19.86,,6.36,7.76,15.27,0.82,1.37,0.81,211.0,Poor
Ahmedabad,2015-06-04,25.14,,6.01,18.73,24.74,,6.01,38.05,38.52,0.0,0.0,0.0,192.0,Moderate
Ahmedabad,2015-06-05,87.03,,8.05,17.88,25.53,,8.05,23.84,48.22,0.0,0.0,0.0,310.0,Very Poor
Ahmedabad,2015-06-06,89.6,,6.59,19.84,25.9,,6.59,48.05,44.78,0.0,0.0,0.0,223.0,Poor
Ahmedabad,2015-06-07,80.69,,6.86,16.07,22.25,,6.86,39.85,32.65,0.0,0.0,0.0,192.0,Moderate
Ahmedabad,2015-06-08,44.75,,7.76,16.53,24.29,,7.76,9.89,8.07,0.0,0.0,0.0,191.0,Moderate
Ahmedabad,2015-06-09,38.11,,7.41,11.62,19.03,,7.41,3.13,6.69,2.5,5.93,0.74,184.0,Moderate
Ahmedabad,2015-06-10,45.5,,8.56,15.59,24.15,,8.56,0.76,3.82,5.09,8.52,1.82,220.0,Poor
Ahmedabad,2015-06-11,36.98,,8.21,11.52,19.74,,8.21,0.52,5.17,3.63,8.16,1.33,215.0,Poor
Ahmedabad,2015-06-12,43.58,,8.26,13.33,21.58,,8.26,1.02,7.56,3.59,6.79,1.5,226.0,Poor
Ahmedabad,2015-06-13,45.49,,9.63,14.91,24.53,,9.63,0.81,2.94,3.67,6.62,1.17,251.0,Poor
Ahmedabad,2015-06-14,38.06,,8.67,18.57,27.25,,8.67,1.05,4.63,2.85,5.12,0.74,216.0,Poor
Ahmedabad,2015-06-15,45.41,,9.35,20.55,29.9,,9.35,0.74,4.5,2.83,7.18,0.82,237.0,Poor
Ahmedabad,2015-06-16,37.71,,8.54,16.26,24.8,,8.54,0.87,4.6,2.52,7.61,0.81,198.0,Moderate
Ahmedabad,2015-06-17,32.37,,7.53,14.36,21.89,,7.53,2.17,12.17,1.88,7.92,0.69,195.0,Moderate
Ahmedabad,2015-06-18,34.74,,7.59,13.51,21.11,,7.59,4.11,12.22,1.82,6.19,0.47,187.0,Moderate
Ahmedabad,2015-06-19,32.56,,7.34,13.91,21.25,,7.34,4.04,11.85,2.55,9.3,0.97,181.0,Moderate
Ahmedabad,2015-06-20,29.28,,7.55,11.68,19.23,,7.55,4.01,12.64,1.64,7.0,0.62,179.0,Moderate
Ahmedabad,2015-06-21,20.46,,7.15,10.61,17.76,,7.15,5.62,12.7,1.26,5.17,0.32,188.0,Moderate
Ahmedabad,2015-06-22,26.07,,7.99,11.07,19.06,,7.99,4.1,10.57,1.5,6.9,0.63,190.0,Moderate
Ahmedabad,2015-06-23,21.43,,7.45,11.16,18.62,,7.45,4.99,7.38,1.4,6.69,0.76,185.0,Moderate
Ahmedabad,2015-06-24,11.91,,7.34,10.1,17.44,,7.34,10.86,5.47,1.3,12.23,0.73,189.0,Moderate
Ahmedabad,2015-06-25,57.75,,8.68,9.68,18.36,,8.68,12.28,3.06,1.98,6.51,0.74,196.0,Moderate
Ahmedabad,2015-06-26,66.39,,8.58,12.79,21.36,,8.58,11.09,4.96,1.76,6.18,0.57,201.0,Poor
Ahmedabad,2015-06-27,62.61,,9.15,9.83,18.98,,9.15,12.31,6.44,1.87,5.47,0.37,231.0,Poor
Ahmedabad,2015-06-28,47.5,,8.07,9.53,17.59,,8.07,13.91,7.28,1.34,3.97,0.12,196.0,Moderate
Ahmedabad,2015-06-29,111.8,,9.23,11.51,20.74,,9.23,5.27,5.99,1.84,5.69,0.28,220.0,Poor
Ahmedabad,2015-06-30,30.0,,8.87,13.59,22.64,,8.87,8.09,6.31,1.32,4.59,0.16,244.0,Poor
Ahmedabad,2015-07-01,4.66,,9.01,10.9,20.36,,9.01,7.31,6.38,1.27,3.94,0.13,223.0,Poor
Ahmedabad,2015-07-02,48.72,,9.56,11.94,21.5,,9.56,5.72,6.61,1.77,4.96,0.39,230.0,Poor
Ahmedabad,2015-07-03,49.7,,9.43,9.81,19.23,,9.43,6.78,6.42,2.0,4.79,0.31,243.0,Poor
Ahmedabad,2015-07-04,48.1,,8.03,9.53,17.57,,8.03,9.33,7.6,1.68,4.41,0.18,215.0,Poor
Ahmedabad,2015-07-05,47.43,,8.11,9.45,17.56,,8.11,7.93,7.08,2.1,3.6,0.13,199.0,Moderate
Ahmedabad,2015-07-06,51.74,,8.91,12.38,21.28,,8.91,10.05,5.78,2.15,3.64,0.27,200.0,Moderate
Ahmedabad,2015-07-07,42.68,,9.74,11.08,20.82,,9.74,10.87,4.44,1.62,4.96,0.39,226.0,Poor
Ahmedabad,2015-07-08,38.45,,10.55,7.8,18.35,,10.55,10.28,3.24,2.46,4.79,0.41,241.0,Poor
Ahmedabad,2015-07-09,46.69,,11.48,0.17,11.64,,11.48,10.25,5.76,1.77,4.34,0.15,222.0,Poor
Ahmedabad,2015-07-10,55.27,,11.55,0.12,11.66,,11.55,12.7,6.55,1.69,4.17,0.22,223.0,Poor
Ahmedabad,2015-07-11,149.03,,11.49,0.16,11.65,,11.49,10.07,7.27,1.71,5.72,0.19,248.0,Poor
Ahmedabad,2015-07-12,86.57,,11.47,0.17,11.64,,11.47,11.09,6.53,1.57,3.85,0.09,300.0,Poor
Ahmedabad,2015-07-13,111.77,,11.3,0.24,11.53,,11.3,7.73,4.67,1.72,4.52,0.16,232.0,Poor
Ahmedabad,2015-07-14,151.4,,10.8,0.36,11.16,,10.8,7.8,5.46,0.95,3.54,0.12,330.0,Very Poor
Ahmedabad,2015-07-15,51.35,,8.0,2.69,10.67,,8.0,10.0,5.76,1.54,4.32,0.35,223.0,Poor
Ahmedabad,2015-07-16,65.37,,0.64,8.07,8.57,,0.64,16.31,8.02,1.63,4.34,0.28,105.0,Moderate
Ahmedabad,2015-07-17,56.28,,0.6,8.02,8.51,,0.6,18.93,6.2,1.52,3.74,0.29,101.0,Moderate
Ahmedabad,2015-07-18,48.17,,0.65,8.0,8.55,,0.65,18.99,7.97,1.23,4.74,0.12,93.0,Satisfactory
Ahmedabad,2015-07-19,33.56,,0.72,7.89,8.56,,0.72,11.28,10.18,0.61,3.85,0.08,67.0,Satisfactory
Ahmedabad,2015-07-20,31.3,,0.55,8.1,8.49,,0.55,10.29,7.44,0.52,2.31,0.06,60.0,Satisfactory
Ahmedabad,2015-07-21,48.12,,0.67,7.9,8.43,,0.67,1.28,6.3,5.0,21.75,1.54,,
Ahmedabad,2015-07-22,57.11,,0.55,8.28,8.42,,0.55,14.58,2.6,2.81,14.53,1.87,90.0,Satisfactory
Ahmedabad,2015-07-23,34.72,,0.1,9.73,7.88,,0.1,13.62,4.87,1.44,5.22,0.38,78.0,Satisfactory
Ahmedabad,2015-07-24,29.22,,0.06,9.57,7.77,,0.06,13.58,5.08,1.37,3.65,0.32,48.0,Good
Ahmedabad,2015-07-25,29.79,,0.14,8.64,7.97,,0.14,15.11,5.34,0.36,1.05,0.14,53.0,Satisfactory
Ahmedabad,2015-07-26,59.95,,0.18,8.78,8.16,,0.18,11.52,2.79,0.52,1.23,0.22,91.0,Satisfactory
Ahmedabad,2015-07-27,19.2,,1.52,9.45,9.74,,1.52,11.23,4.61,1.29,3.29,0.15,70.0,Satisfactory
Ahmedabad,2015-07-28,19.52,,5.89,11.26,17.15,,5.89,11.56,4.4,0.58,1.44,0.07,157.0,Moderate
Ahmedabad,2015-07-29,35.16,,5.75,10.89,16.64,,5.75,14.7,3.67,1.61,3.71,0.48,158.0,Moderate
Ahmedabad,2015-07-30,33.03,,7.01,10.58,17.58,,7.01,12.95,3.53,1.65,3.96,0.37,169.0,Moderate
Ahmedabad,2015-07-31,40.95,,6.92,10.47,17.39,,6.92,19.8,3.38,2.05,5.08,0.44,174.0,Moderate
Ahmedabad,2015-08-01,40.29,,6.74,10.52,17.26,,6.74,8.27,3.57,1.85,4.34,0.39,173.0,Moderate
Ahmedabad,2015-08-02,41.16,,6.91,10.51,17.42,,6.91,13.48,3.69,1.8,4.23,0.33,172.0,Moderate
Ahmedabad,2015-08-03,36.12,,7.21,11.56,17.07,,7.21,13.62,6.08,1.67,2.85,0.11,190.0,Moderate
Ahmedabad,2015-08-04,28.51,,6.69,20.52,27.21,,6.69,5.69,7.65,1.36,2.17,0.09,171.0,Moderate
Ahmedabad,2015-08-05,31.59,,6.99,20.42,27.41,,6.99,9.23,7.9,0.72,2.29,0.12,168.0,Moderate
Ahmedabad,2015-08-06,42.56,,7.17,20.4,27.57,,7.17,6.28,9.86,1.36,2.94,0.28,172.0,Moderate
Ahmedabad,2015-08-07,48.12,,7.14,20.3,27.45,,7.14,6.77,12.78,1.22,3.39,0.26,173.0,Moderate
Ahmedabad,2015-08-08,37.09,,7.22,20.21,27.42,,7.22,8.66,7.94,0.86,2.98,0.16,175.0,Moderate
Ahmedabad,2015-08-09,33.4,,7.4,20.09,27.5,,7.4,9.95,8.39,0.8,2.13,0.07,179.0,Moderate
Ahmedabad,2015-08-10,38.64,,7.35,20.21,27.55,,7.35,9.74,6.28,1.31,2.8,0.27,174.0,Moderate
Ahmedabad,2015-08-11,40.49,,7.48,20.23,27.71,,7.48,8.92,21.51,1.17,3.0,0.11,176.0,Moderate
Ahmedabad,2015-08-12,41.37,,7.47,20.2,27.68,,7.47,11.73,19.8,1.82,2.85,0.17,179.0,Moderate
Ahmedabad,2015-08-13,44.56,,7.49,20.06,27.55,,7.49,11.23,22.77,1.38,3.36,0.44,175.0,Moderate
Ahmedabad,2015-08-14,65.68,,7.57,19.94,27.51,,7.57,8.21,30.21,3.62,5.79,1.0,177.0,Moderate
Ahmedabad,2015-08-15,33.34,,7.3,20.27,27.57,,7.3,6.41,32.95,0.0,0.0,0.02,175.0,Moderate
Ahmedabad,2015-08-16,39.17,,7.35,20.24,27.58,,7.35,9.17,26.64,0.79,0.76,0.14,174.0,Moderate
Ahmedabad,2015-08-17,34.0,,7.41,20.1,27.51,,7.41,9.64,17.17,1.21,1.8,0.15,179.0,Moderate
Ahmedabad,2015-08-18,36.38,,7.31,20.14,27.45,,7.31,10.65,13.35,2.0,4.33,0.35,177.0,Moderate
Ahmedabad,2015-08-19,38.35,,7.41,20.16,27.57,,7.41,9.33,18.59,1.63,3.74,0.35,180.0,Moderate
Ahmedabad,2015-08-20,38.5,,12.38,19.67,30.02,,12.38,10.37,16.33,1.56,2.97,0.42,274.0,Poor
Ahmedabad,2015-08-21,39.61,,17.31,14.84,32.15,,17.31,10.76,5.38,1.67,3.17,0.24,310.0,Very Poor
Ahmedabad,2015-08-22,61.79,,17.24,14.82,32.06,,17.24,12.39,8.06,0.91,1.81,0.2,303.0,Very Poor
Ahmedabad,2015-08-23,43.22,,17.17,14.82,31.99,,17.17,11.68,37.87,1.29,3.06,0.14,302.0,Very Poor
Ahmedabad,2015-08-24,33.41,,17.12,14.86,31.98,,17.12,12.96,86.83,1.08,2.1,0.05,302.0,Very Poor
Ahmedabad,2015-08-25,36.9,,17.08,14.85,31.93,,17.08,4.73,54.01,0.91,1.25,0.16,302.0,Very Poor
Ahmedabad,2015-08-26,36.36,,17.11,14.79,31.9,,17.11,8.86,77.3,0.0,0.0,0.06,302.0,Very Poor
Ahmedabad,2015-08-27,32.64,,17.01,14.84,31.85,,17.01,7.05,62.31,0.0,0.0,0.01,302.0,Very Poor
Ahmedabad,2015-08-28,38.23,,17.07,14.89,31.96,,17.07,10.9,55.94,0.0,0.0,0.01,302.0,Very Poor
Ahmedabad,2015-08-29,39.86,,16.98,14.83,31.81,,16.98,10.02,96.83,0.0,0.01,0.02,301.0,Very Poor
Ahmedabad,2015-08-30,72.74,,17.04,14.84,31.88,,17.04,4.23,99.03,0.0,0.0,0.0,302.0,Very Poor
Ahmedabad,2015-08-31,43.2,,17.05,14.86,31.91,,17.05,5.96,59.99,0.0,0.0,0.11,302.0,Very Poor
Ahmedabad,2015-09-01,63.2,,17.03,14.82,31.85,,17.03,3.69,7.57,0.0,0.0,0.0,302.0,Very Poor
Ahmedabad,2015-09-02,64.73,,17.01,14.82,31.83,,17.01,6.45,12.13,0.0,0.0,0.0,302.0,Very Poor
Ahmedabad,2015-09-03,65.28,,17.04,14.85,31.89,,17.04,6.13,18.2,0.0,0.0,0.0,301.0,Very Poor
Ahmedabad,2015-09-04,67.86,,16.97,14.87,31.84,,16.97,8.87,16.53,0.0,0.0,0.0,302.0,Very Poor
Ahmedabad,2015-09-05,52.4,,16.97,14.81,31.78,,16.97,9.89,22.55,0.0,0.0,0.0,301.0,Very Poor
Ahmedabad,2015-09-06,33.33,,16.95,14.89,31.84,,16.95,6.88,33.58,0.0,0.0,0.0,302.0,Very Poor
Ahmedabad,2015-09-07,29.52,,16.94,14.88,31.82,,16.94,8.56,40.65,0.0,0.0,0.02,301.0,Very Poor
Ahmedabad,2015-09-08,15.53,,17.0,14.85,31.85,,17.0,15.13,34.18,0.0,0.0,0.0,301.0,Very Poor
Ahmedabad,2015-09-09,57.51,,16.31,50.9,67.22,,16.31,8.73,15.39,0.0,10.52,4.88,,
Ahmedabad,2015-09-10,50.24,,9.46,12.31,21.77,,9.46,11.63,13.61,0.0,3.42,0.29,226.0,Poor
Ahmedabad,2015-09-11,61.77,,8.68,15.43,24.1,,8.68,8.1,18.69,0.0,4.83,0.38,276.0,Poor
Ahmedabad,2015-09-12,46.93,,7.14,11.47,18.61,,7.14,7.92,19.03,0.0,3.08,0.12,209.0,Poor
Ahmedabad,2015-09-13,43.01,,6.82,9.96,16.78,,6.82,11.58,20.59,0.0,2.5,0.13,179.0,Moderate
Ahmedabad,2015-09-14,42.06,,8.43,11.35,19.78,,8.43,11.63,28.09,0.0,3.19,0.2,197.0,Moderate
Ahmedabad,2015-09-15,44.94,,7.14,10.94,18.07,,7.14,5.85,59.38,0.0,2.21,0.24,229.0,Poor
Ahmedabad,2015-09-16,29.58,,6.61,9.94,16.55,,6.61,8.82,42.9,0.0,1.87,0.13,170.0,Moderate
Ahmedabad,2015-09-17,32.15,,6.5,9.7,16.2,,6.5,9.2,39.02,0.0,2.73,0.19,164.0,Moderate
Ahmedabad,2015-09-18,36.33,,7.68,12.88,20.56,,7.68,8.28,43.35,0.0,4.29,0.36,195.0,Moderate
Ahmedabad,2015-09-19,24.46,,8.45,10.99,19.44,,8.45,12.59,44.55,0.0,2.52,0.17,220.0,Poor
Ahmedabad,2015-09-20,,,,,,,,,,,,,,
Ahmedabad,2015-09-21,27.08,,9.95,12.25,22.19,,9.95,9.51,12.46,0.0,4.77,0.32,,
Ahmedabad,2015-09-22,59.29,,9.21,9.68,18.89,,9.21,5.98,7.69,0.0,3.24,0.19,217.0,Poor
Ahmedabad,2015-09-23,65.32,,10.61,9.62,20.23,,10.61,3.69,4.74,0.0,3.63,0.24,254.0,Poor
Ahmedabad,2015-09-24,47.39,,9.26,10.48,19.74,,9.26,7.72,7.71,0.0,3.41,0.21,241.0,Poor
Ahmedabad,2015-09-25,43.88,,8.69,19.75,28.44,,8.69,4.83,11.53,0.0,3.24,0.16,244.0,Poor
Ahmedabad,2015-09-26,28.35,,9.05,13.62,22.68,,9.05,7.47,15.95,0.0,3.26,0.21,243.0,Poor
Ahmedabad,2015-09-27,3.59,,11.26,14.17,25.44,,11.26,9.6,20.38,0.0,4.02,0.46,244.0,Poor
Ahmedabad,2015-09-28,3.04,,16.31,21.5,37.81,,16.31,13.73,30.05,0.02,9.33,0.81,327.0,Very Poor
Ahmedabad,2015-09-29,19.14,,10.33,30.6,40.93,,10.33,10.96,29.36,0.0,8.36,1.0,390.0,Very Poor
Ahmedabad,2015-09-30,69.12,,8.85,32.41,41.26,,8.85,15.63,28.45,0.0,7.16,0.73,231.0,Poor
Ahmedabad,2015-10-01,76.41,,17.96,34.7,52.67,,17.96,15.44,31.49,0.0,7.51,1.15,396.0,Very Poor
Ahmedabad,2015-10-02,102.49,,33.31,37.85,71.17,,33.31,27.32,24.85,19.81,51.29,15.05,731.0,Severe
Ahmedabad,2015-10-03,127.94,,11.14,28.38,39.52,,11.14,25.59,15.17,8.14,29.23,3.24,466.0,Severe
Ahmedabad,2015-10-04,87.18,,7.83,21.51,29.34,,7.83,6.98,23.17,5.59,17.26,2.28,230.0,Poor
Ahmedabad,2015-10-05,99.73,,20.16,30.23,50.39,,20.16,32.74,20.91,8.58,27.22,4.15,309.0,Very Poor
Ahmedabad,2015-10-06,84.15,,15.83,32.1,47.93,,15.83,19.37,23.12,8.34,23.83,4.0,519.0,Severe
Ahmedabad,2015-10-07,92.12,,18.21,32.5,50.71,,18.21,31.75,29.97,6.26,26.4,4.3,397.0,Very Poor
Ahmedabad,2015-10-08,94.02,,27.14,36.97,64.11,,27.14,24.88,23.51,10.85,41.2,6.14,517.0,Severe
Ahmedabad,2015-10-09,150.27,,15.9,34.86,50.77,,15.9,26.35,31.96,9.13,37.83,5.06,653.0,Severe
Ahmedabad,2015-10-10,118.91,,5.42,29.22,34.64,,5.42,79.47,24.89,6.23,12.93,1.74,355.0,Very Poor
Ahmedabad,2015-10-11,91.41,,5.19,23.45,28.63,,5.19,25.44,6.25,0.69,1.25,0.05,227.0,Poor
Ahmedabad,2015-10-12,95.9,,10.38,33.63,44.01,,10.38,30.06,27.34,3.24,11.06,1.76,316.0,Very Poor
Ahmedabad,2015-10-13,137.87,,20.2,32.98,53.18,,20.2,21.89,17.41,12.76,39.39,12.08,536.0,Severe
Ahmedabad,2015-10-14,90.71,,18.12,25.73,43.85,,18.12,17.89,26.02,7.32,43.71,6.04,370.0,Very Poor
Ahmedabad,2015-10-15,108.68,,17.03,32.87,49.9,,17.03,22.59,19.56,12.47,51.84,7.46,551.0,Severe
Ahmedabad,2015-10-16,98.79,,17.72,31.2,48.92,,17.72,26.09,30.19,8.22,41.58,5.48,393.0,Very Poor
Ahmedabad,2015-10-17,145.75,,20.61,34.71,55.33,,20.61,24.66,95.94,20.08,51.51,7.31,671.0,Severe
Ahmedabad,2015-10-18,179.43,,52.33,39.42,91.75,,52.33,39.15,112.01,31.75,102.65,14.97,969.0,Severe
Ahmedabad,2015-10-19,170.52,,15.49,35.22,48.6,,15.49,34.03,53.98,10.76,31.62,4.83,471.0,Severe
Ahmedabad,2015-10-20,203.4,,23.03,36.63,59.66,,23.03,94.3,5.36,0.0,0.0,0.0,529.0,Severe
Ahmedabad,2015-10-21,92.71,,12.92,30.65,43.57,,12.92,42.08,72.86,13.33,17.97,5.17,,
Ahmedabad,2015-10-22,64.66,,4.79,23.83,28.61,,4.79,34.4,24.76,6.24,12.04,2.24,213.0,Poor
Ahmedabad,2015-10-23,78.14,,10.58,28.93,39.51,,10.58,44.91,35.56,4.72,8.87,2.28,297.0,Poor
Ahmedabad,2015-10-24,100.17,,32.27,34.16,66.43,,32.27,27.73,23.95,7.62,12.85,5.15,605.0,Severe
Ahmedabad,2015-10-25,147.35,,34.64,39.1,73.74,,34.64,46.09,26.43,5.8,5.08,10.16,691.0,Severe
Ahmedabad,2015-10-26,206.89,,145.32,55.67,201.0,,145.32,20.47,38.0,1.69,3.45,36.0,971.0,Severe
Ahmedabad,2015-10-27,114.84,,38.09,40.31,78.39,,38.09,22.94,30.19,26.0,72.61,10.84,,
Ahmedabad,2015-10-28,89.64,,5.42,25.75,31.18,,5.42,44.92,43.04,6.48,17.42,2.14,270.0,Poor
Ahmedabad,2015-10-29,51.72,,1.89,21.15,23.04,,1.89,37.31,66.58,3.96,11.1,0.75,188.0,Moderate
Ahmedabad,2015-10-30,54.59,,2.31,18.33,20.64,,2.31,19.08,42.43,3.47,10.25,1.12,114.0,Moderate
Ahmedabad,2015-10-31,46.5,,1.22,12.1,13.32,,1.22,13.73,61.56,1.9,4.5,0.22,143.0,Moderate
Ahmedabad,2015-11-01,,,,,,,,,,,,,,
Ahmedabad,2015-11-02,122.54,,75.42,44.2,119.62,,75.42,13.78,60.66,73.38,105.07,17.55,,
Ahmedabad,2015-11-03,147.18,,33.06,36.87,69.93,,33.06,21.24,131.12,25.83,60.82,9.26,557.0,Severe
Ahmedabad,2015-11-04,214.67,,57.37,42.21,99.57,,57.37,22.18,,41.22,93.71,13.41,,
Ahmedabad,2015-11-05,207.13,,28.41,35.31,60.37,,28.41,50.33,,28.86,55.93,8.74,536.0,Severe
Ahmedabad,2015-11-06,191.01,,39.61,50.11,89.72,,39.61,40.78,27.9,17.39,60.02,11.13,354.0,Very Poor
Ahmedabad,2015-11-07,192.35,,9.39,29.04,38.43,,9.39,29.18,33.21,22.88,52.49,10.86,381.0,Very Poor
Ahmedabad,2015-11-08,127.64,,6.74,31.91,38.64,,6.74,26.94,47.33,9.55,20.72,4.32,355.0,Very Poor
Ahmedabad,2015-11-09,,,,,,,,,,,,,,
Ahmedabad,2015-11-10,,,,,,,,,,,,,,
Ahmedabad,2015-11-11,,,,,,,,,,,,,,
Ahmedabad,2015-11-12,,,,,,,,,,,,,,
Ahmedabad,2015-11-13,,,,,,,,,,,,,,
Ahmedabad,2015-11-14,,,,,,,,,,,,,,
Ahmedabad,2015-11-15,,,,,,,,,,,,,,
Ahmedabad,2015-11-16,,,,,,,,,,,,,,
Ahmedabad,2015-11-17,,,,,,,,,,,,,,
Ahmedabad,2015-11-18,,,,,,,,,,,,,,
Ahmedabad,2015-11-19,,,,,,,,,,,,,,
Ahmedabad,2015-11-20,,,,,,,,,,,,,,
Ahmedabad,2015-11-21,,,,,,,,,,,,,,
Ahmedabad,2015-11-22,,,,,,,,,,,,,,
Ahmedabad,2015-11-23,,,,,,,,,,,,,,
Ahmedabad,2015-11-24,,,,,,,,,,,,,,
Ahmedabad,2015-11-25,,,,,,,,,,,,,,
Ahmedabad,2015-11-26,,,,,,,,,,,,,,
Ahmedabad,2015-11-27,,,,,,,,,,,,,,
Ahmedabad,2015-11-28,,,,,,,,,,,,,,
Ahmedabad,2015-11-29,,,,,,,,,,,,,,
Ahmedabad,2015-11-30,,,,,,,,,,,,,,
Ahmedabad,2015-12-01,,,,,,,,,,,,,,
Ahmedabad,2015-12-02,,,,,,,,,,,,,,
Ahmedabad,2015-12-03,,,,,,,,,,,,,,
Ahmedabad,2015-12-04,,,,,,,,,,,,,,
Ahmedabad,2015-12-05,,,,,,,,,,,,,,
Ahmedabad,2015-12-06,,,,,,,,,,,,,,
Ahmedabad,2015-12-07,,,,,,,,,,,,,,
Ahmedabad,2015-12-08,,,,,,,,,,,,,,
Ahmedabad,2015-12-09,,,,,,,,,,,,,,
Ahmedabad,2015-12-10,,,,,,,,,,,,,,
Ahmedabad,2015-12-11,,,,,,,,,,,,,,
Ahmedabad,2015-12-12,,,,,,,,,,,,,,
Ahmedabad,2015-12-13,,,,,,,,,,,,,,
Ahmedabad,2015-12-14,,,,,,,,,,,,,,
Ahmedabad,2015-12-15,,,,,,,,,,,,,,
Ahmedabad,2015-12-16,,,,,,,,,,,,,,
Ahmedabad,2015-12-17,,,,,,,,,,,,,,
Ahmedabad,2015-12-18,,,,,,,,,,,,,,
Ahmedabad,2015-12-19,,,,,,,,,,,,,,
Ahmedabad,2015-12-20,,,,,,,,,,,,,,
Ahmedabad,2015-12-21,,,,,,,,,,,,,,
Ahmedabad,2015-12-22,,,,,,,,,,,,,,
Ahmedabad,2015-12-23,,,,,,,,,,,,,,
Ahmedabad,2015-12-24,,,,,,,,,,,,,,
Ahmedabad,2015-12-25,,,,,,,,,,,,,,
Ahmedabad,2015-12-26,,,,,,,,,,,,,,
Ahmedabad,2015-12-27,,,,,,,,,,,,,,
Ahmedabad,2015-12-28,,,,,,,,,,,,,,
Ahmedabad,2015-12-29,,,,,,,,,,,,,,
Ahmedabad,2015-12-30,,,,,,,,,,,,,,
Ahmedabad,2015-12-31,,,,,,,,,,,,,,
Ahmedabad,2016-01-01,,,,,,,,,,,,,,
Ahmedabad,2016-01-02,,,,,,,,,,,,,,
Ahmedabad,2016-01-03,,,,,,,,,,,,,,
Ahmedabad,2016-01-04,,,,,,,,,,,,,,
Ahmedabad,2016-01-05,,,,,,,,,,,,,,
Ahmedabad,2016-01-06,,,,,,,,,,,,,,
Ahmedabad,2016-01-07,,,,,,,,,,,,,,
Ahmedabad,2016-01-08,,,,,,,,,,,,,,
Ahmedabad,2016-01-09,,,,,,,,,,,,,,
Ahmedabad,2016-01-10,,,,,,,,,,,,,,
Ahmedabad,2016-01-11,,,,,,,,,,,,,,
Ahmedabad,2016-01-12,,,,,,,,,,,,,,
Ahmedabad,2016-01-13,,,,,,,,,,,,,,
Ahmedabad,2016-01-14,,,,,,,,,,,,,,
Ahmedabad,2016-01-15,,,,,,,,,,,,,,
Ahmedabad,2016-01-16,,,,,,,,,,,,,,
Ahmedabad,2016-01-17,,,,,,,,,,,,,,
Ahmedabad,2016-01-18,,,,,,,,,,,,,,
Ahmedabad,2016-01-19,,,,,,,,,,,,,,
Ahmedabad,2016-01-20,,,,,,,,,,,,,,
Ahmedabad,2016-01-21,,,,,,,,,,,,,,
Ahmedabad,2016-01-22,,,,,,,,,,,,,,
Ahmedabad,2016-01-23,,,,,,,,,,,,,,
Ahmedabad,2016-01-24,,,,,,,,,,,,,,
Ahmedabad,2016-01-25,,,,,,,,,,,,,,
Ahmedabad,2016-01-26,,,,,,,,,,,,,,
Ahmedabad,2016-01-27,,,,,,,,,,,,,,
Ahmedabad,2016-01-28,,,,,,,,,,,,,,
Ahmedabad,2016-01-29,,,,,,,,,,,,,,
Ahmedabad,2016-01-30,,,,,,,,,,,,,,
Ahmedabad,2016-01-31,,,,,,,,,,,,,,
Ahmedabad,2016-02-01,,,,,,,,,,,,,,
Ahmedabad,2016-02-02,,,,,,,,,,,,,,
Ahmedabad,2016-02-03,,,,,,,,,,,,,,
Ahmedabad,2016-02-04,,,,,,,,,,,,,,
Ahmedabad,2016-02-05,,,,,,,,,,,,,,
Ahmedabad,2016-02-06,,,,,,,,,,,,,,
Ahmedabad,2016-02-07,,,,,,,,,,,,,,
Ahmedabad,2016-02-08,,,,,,,,,,,,,,
Ahmedabad,2016-02-09,,,,,,,,,,,,,,
Ahmedabad,2016-02-10,,,,,,,,,,,,,,
Ahmedabad,2016-02-11,,,,,,,,,,,,,,
Ahmedabad,2016-02-12,,,,,,,,,,,,,,
Ahmedabad,2016-02-13,,,,,,,,,,,,,,
Ahmedabad,2016-02-14,,,,,,,,,,,,,,
Ahmedabad,2016-02-15,,,,,,,,,,,,,,
Ahmedabad,2016-02-16,,,,,,,,,,,,,,
Ahmedabad,2016-02-17,,,,,,,,,,,,,,
Ahmedabad,2016-02-18,,,,,,,,,,,,,,
Ahmedabad,2016-02-19,,,,,,,,,,,,,,
Ahmedabad,2016-02-20,,,,,,,,,,,,,,
Ahmedabad,2016-02-21,,,,,,,,,,,,,,
Ahmedabad,2016-02-22,,,,,,,,,,,,,,
Ahmedabad,2016-02-23,,,,,,,,,,,,,,
Ahmedabad,2016-02-24,,,,,,,,,,,,,,
Ahmedabad,2016-02-25,,,,,,,,,,,,,,
Ahmedabad,2016-02-26,,,,,,,,,,,,,,
Ahmedabad,2016-02-27,,,,,,,,,,,,,,
Ahmedabad,2016-02-28,,,,,,,,,,,,,,
Ahmedabad,2016-02-29,,,,,,,,,,,,,,
Ahmedabad,2016-03-01,,,,,,,,,,,,,,
Ahmedabad,2016-03-02,,,,,,,,,,,,,,
Ahmedabad,2016-03-03,,,,,,,,,,,,,,
Ahmedabad,2016-03-04,,,,,,,,,,,,,,
Ahmedabad,2016-03-05,,,,,,,,,,,,,,
Ahmedabad,2016-03-06,,,,,,,,,,,,,,
Ahmedabad,2016-03-07,,,,,,,,,,,,,,
Ahmedabad,2016-03-08,,,,,,,,,,,,,,
Ahmedabad,2016-03-09,,,,,,,,,,,,,,
Ahmedabad,2016-03-10,,,,,,,,,,,,,,
Ahmedabad,2016-03-11,,,,,,,,,,,,,,
Ahmedabad,2016-03-12,,,,,,,,,,,,,,
Ahmedabad,2016-03-13,,,,,,,,,,,,,,
Ahmedabad,2016-03-14,,,,,,,,,,,,,,
Ahmedabad,2016-03-15,,,,,,,,,,,,,,
Ahmedabad,2016-03-16,,,,,,,,,,,,,,
Ahmedabad,2016-03-17,,,,,,,,,,,,,,
Ahmedabad,2016-03-18,,,,,,,,,,,,,,
Ahmedabad,2016-03-19,,,,,,,,,,,,,,
Ahmedabad,2016-03-20,,,,,,,,,,,,,,
Ahmedabad,2016-03-21,,,,,,,,,,,,,,
Ahmedabad,2016-03-22,,,,,,,,,,,,,,
Ahmedabad,2016-03-23,,,,,,,,,,,,,,
Ahmedabad,2016-03-24,,,,,,,,,,,,,,
Ahmedabad,2016-03-25,,,,,,,,,,,,,,
Ahmedabad,2016-03-26,,,,,,,,,,,,,,
Ahmedabad,2016-03-27,,,,,,,,,,,,,,
Ahmedabad,2016-03-28,,,,,,,,,,,,,,
Ahmedabad,2016-03-29,,,,,,,,,,,,,,
Ahmedabad,2016-03-30,,,,,,,,,,,,,,
Ahmedabad,2016-03-31,,,,,,,,,,,,,,
Ahmedabad,2016-04-01,,,,,,,,,,,,,,
Ahmedabad,2016-04-02,,,,,,,,,,,,,,
Ahmedabad,2016-04-03,,,,,,,,,,,,,,
Ahmedabad,2016-04-04,,,,,,,,,,,,,,
Ahmedabad,2016-04-05,,,,,,,,,,,,,,
Ahmedabad,2016-04-06,,,,,,,,,,,,,,
Ahmedabad,2016-04-07,,,,,,,,,,,,,,
Ahmedabad,2016-04-08,,,,,,,,,,,,,,
Ahmedabad,2016-04-09,,,,,,,,,,,,,,
Ahmedabad,2016-04-10,,,,,,,,,,,,,,
Ahmedabad,2016-04-11,,,,,,,,,,,,,,
Ahmedabad,2016-04-12,,,,,,,,,,,,,,
Ahmedabad,2016-04-13,,,,,,,,,,,,,,
Ahmedabad,2016-04-14,,,,,,,,,,,,,,
Ahmedabad,2016-04-15,,,,,,,,,,,,,,
Ahmedabad,2016-04-16,,,,,,,,,,,,,,
Ahmedabad,2016-04-17,,,,,,,,,,,,,,
Ahmedabad,2016-04-18,,,,,,,,,,,,,,
Ahmedabad,2016-04-19,,,,,,,,,,,,,,
Ahmedabad,2016-04-20,,,,,,,,,,,,,,
Ahmedabad,2016-04-21,,,,,,,,,,,,,,
Ahmedabad,2016-04-22,,,,,,,,,,,,,,
Ahmedabad,2016-04-23,,,,,,,,,,,,,,
Ahmedabad,2016-04-24,,,,,,,,,,,,,,
Ahmedabad,2016-04-25,,,,,,,,,,,,,,
Ahmedabad,2016-04-26,,,,,,,,,,,,,,
Ahmedabad,2016-04-27,,,,,,,,,,,,,,
Ahmedabad,2016-04-28,,,,,,,,,,,,,,
Ahmedabad,2016-04-29,,,,,,,,,,,,,,
Ahmedabad,2016-04-30,,,,,,,,,,,,,,
Ahmedabad,2016-05-01,,,,,,,,,,,,,,
Ahmedabad,2016-05-02,,,,,,,,,,,,,,
Ahmedabad,2016-05-03,,,,,,,,,,,,,,
Ahmedabad,2016-05-04,,,,,,,,,,,,,,
Ahmedabad,2016-05-05,,,,,,,,,,,,,,
Ahmedabad,2016-05-06,,,,,,,,,,,,,,
Ahmedabad,2016-05-07,,,,,,,,,,,,,,
Ahmedabad,2016-05-08,,,,,,,,,,,,,,
Ahmedabad,2016-05-09,,,,,,,,,,,,,,
Ahmedabad,2016-05-10,,,,,,,,,,,,,,
Ahmedabad,2016-05-11,,,,,,,,,,,,,,
Ahmedabad,2016-05-12,,,,,,,,,,,,,,
Ahmedabad,2016-05-13,,,,,,,,,,,,,,
Ahmedabad,2016-05-14,,,,,,,,,,,,,,
Ahmedabad,2016-05-15,,,,,,,,,,,,,,
Ahmedabad,2016-05-16,,,,,,,,,,,,,,
Ahmedabad,2016-05-17,,,,,,,,,,,,,,
Ahmedabad,2016-05-18,,,,,,,,,,,,,,
Ahmedabad,2016-05-19,,,,,,,,,,,,,,
Ahmedabad,2016-05-20,,,,,,,,,,,,,,
Ahmedabad,2016-05-21,,,,,,,,,,,,,,
Ahmedabad,2016-05-22,,,,,,,,,,,,,,
Ahmedabad,2016-05-23,,,,,,,,,,,,,,
Ahmedabad,2016-05-24,,,,,,,,,,,,,,
Ahmedabad,2016-05-25,,,,,,,,,,,,,,
Ahmedabad,2016-05-26,,,,,,,,,,,,,,
Ahmedabad,2016-05-27,,,,,,,,,,,,,,
Ahmedabad,2016-05-28,,,,,,,,,,,,,,
Ahmedabad,2016-05-29,,,,,,,,,,,,,,
Ahmedabad,2016-05-30,,,,,,,,,,,,,,
Ahmedabad,2016-05-31,,,,,,,,,,,,,,
Ahmedabad,2016-06-01,,,,,,,,,,,,,,
Ahmedabad,2016-06-02,,,,,,,,,,,,,,
Ahmedabad,2016-06-03,,,,,,,,,,,,,,
Ahmedabad,2016-06-04,,,,,,,,,,,,,,
Ahmedabad,2016-06-05,,,,,,,,,,,,,,
Ahmedabad,2016-06-06,,,,,,,,,,,,,,
Ahmedabad,2016-06-07,,,,,,,,,,,,,,
Ahmedabad,2016-06-08,,,,,,,,,,,,,,
Ahmedabad,2016-06-09,,,,,,,,,,,,,,
Ahmedabad,2016-06-10,,,,,,,,,,,,,,
Ahmedabad,2016-06-11,,,,,,,,,,,,,,
Ahmedabad,2016-06-12,,,,,,,,,,,,,,
Ahmedabad,2016-06-13,,,,,,,,,,,,,,
Ahmedabad,2016-06-14,,,,,,,,,,,,,,
Ahmedabad,2016-06-15,,,,,,,,,,,,,,
Ahmedabad,2016-06-16,,,,,,,,,,,,,,
Ahmedabad,2016-06-17,,,,,,,,,,,,,,
Ahmedabad,2016-06-18,,,,,,,,,,,,,,
Ahmedabad,2016-06-19,,,,,,,,,,,,,,
Ahmedabad,2016-06-20,,,,,,,,,,,,,,
Ahmedabad,2016-06-21,,,,,,,,,,,,,,
Ahmedabad,2016-06-22,,,,,,,,,,,,,,
Ahmedabad,2016-06-23,,,,,,,,,,,,,,
Ahmedabad,2016-06-24,,,,,,,,,,,,,,
Ahmedabad,2016-06-25,,,,,,,,,,,,,,
Ahmedabad,2016-06-26,,,,,,,,,,,,,,
Ahmedabad,2016-06-27,33.02,,11.69,28.91,40.6,,11.69,1.38,36.04,0.0,0.0,0.0,,
Ahmedabad,2016-06-28,27.29,,9.81,28.12,37.93,,9.81,1.61,39.26,0.0,0.0,0.0,272.0,Poor
Ahmedabad,2016-06-29,41.43,,10.45,31.82,42.09,,10.45,1.7,28.05,0.0,0.0,0.0,253.0,Poor
Ahmedabad,2016-06-30,30.16,,10.41,15.99,26.4,,10.41,1.6,23.76,0.0,0.0,0.0,256.0,Poor
Ahmedabad,2016-07-01,29.42,,9.39,10.11,19.5,,9.39,1.57,16.42,0.0,0.0,0.0,257.0,Poor
Ahmedabad,2016-07-02,20.87,,9.04,7.49,16.54,,9.04,1.6,14.27,0.0,0.0,0.0,213.0,Poor
Ahmedabad,2016-07-03,35.08,,8.36,6.52,14.88,,8.36,1.63,19.44,0.0,0.0,0.0,218.0,Poor
Ahmedabad,2016-07-04,40.23,,8.68,2.79,11.47,,8.68,1.69,15.16,0.0,0.0,0.0,214.0,Poor
Ahmedabad,2016-07-05,54.25,,8.11,2.78,10.89,,8.11,1.42,18.46,0.0,0.0,0.0,207.0,Poor
Ahmedabad,2016-07-06,49.04,,7.38,1.65,9.03,,7.38,1.44,15.33,0.0,0.0,0.0,169.0,Moderate
Ahmedabad,2016-07-07,35.87,,7.5,1.67,9.13,,7.5,1.53,17.0,0.0,0.0,0.0,,
Ahmedabad,2016-07-08,46.3,,7.3,1.8,9.1,,7.3,1.8,24.0,0.0,0.0,0.0,,
Ahmedabad,2016-07-09,39.15,,7.05,1.9,8.95,,7.05,1.4,15.0,0.0,0.0,0.0,,
Ahmedabad,2016-07-10,45.3,,6.7,2.5,9.3,,6.7,0.9,27.0,0.0,0.0,0.0,,
Ahmedabad,2016-07-11,43.61,,7.7,3.93,11.62,,7.7,1.32,21.64,0.0,0.0,0.0,,
Ahmedabad,2016-07-12,,,,,,,,,,,,,,
Ahmedabad,2016-07-13,34.89,,24.46,11.73,27.15,,24.46,14.6,82.14,0.0,0.0,0.0,,
Ahmedabad,2016-07-14,38.13,,46.51,48.06,43.98,,46.51,23.13,,0.0,0.0,0.0,1842.0,Severe
Ahmedabad,2016-07-15,36.47,,0.98,37.13,22.38,,0.98,19.01,,0.0,0.0,0.0,72.0,Satisfactory
Ahmedabad,2016-07-16,40.9,,4.09,36.77,24.99,,4.09,17.01,,0.0,0.0,0.0,91.0,Satisfactory
Ahmedabad,2016-07-17,34.19,,6.02,34.38,20.93,,6.02,14.17,,0.0,0.0,0.0,124.0,Moderate
Ahmedabad,2016-07-18,32.92,,4.92,36.8,25.92,,4.92,14.66,,0.0,0.0,0.0,145.0,Moderate
Ahmedabad,2016-07-19,41.39,,100.77,54.7,48.42,,100.77,15.75,,0.0,0.0,0.13,499.0,Severe
Ahmedabad,2016-07-20,31.71,,1.67,22.75,18.5,,1.67,15.47,,0.0,0.0,0.0,557.0,Severe
Ahmedabad,2016-07-21,33.48,,1.94,30.88,27.87,,1.94,14.26,,0.0,0.0,0.0,114.0,Moderate
Ahmedabad,2016-07-22,30.8,,2.57,25.15,24.2,,2.57,17.02,,0.0,0.0,0.0,148.0,Moderate
Ahmedabad,2016-07-23,30.47,,1.64,38.78,36.5,,1.64,15.8,,0.0,0.01,0.0,99.0,Satisfactory
Ahmedabad,2016-07-24,34.64,,6.67,39.23,38.7,,6.67,15.07,,0.0,0.0,0.0,117.0,Moderate
Ahmedabad,2016-07-25,43.71,,8.85,39.95,40.31,,8.85,15.37,,0.0,0.0,0.0,275.0,Poor
Ahmedabad,2016-07-26,46.52,,3.87,33.24,33.53,,3.87,15.0,6.9,0.0,0.0,0.0,183.0,Moderate
Ahmedabad,2016-07-27,36.54,,18.76,20.32,33.01,,18.76,16.78,11.46,6.37,11.68,8.7,336.0,Very Poor
Ahmedabad,2016-07-28,36.87,,26.51,23.28,47.75,,26.51,13.74,4.91,4.83,12.77,6.74,468.0,Severe
Ahmedabad,2016-07-29,46.19,,86.72,29.66,116.39,,86.72,14.31,4.77,5.5,26.78,0.99,776.0,Severe
Ahmedabad,2016-07-30,48.44,,84.21,30.66,114.87,,84.21,15.67,4.26,1.62,7.1,0.23,805.0,Severe
Ahmedabad,2016-07-31,40.18,,72.58,28.27,100.85,,72.58,14.63,4.33,0.0,0.3,0.0,705.0,Severe
Ahmedabad,2016-08-01,33.5,,79.53,30.42,109.95,,79.53,14.95,4.81,0.0,0.0,0.0,740.0,Severe
Ahmedabad,2016-08-02,29.36,,83.72,29.75,113.47,,83.72,15.31,3.68,0.0,0.0,0.0,751.0,Severe
Ahmedabad,2016-08-03,44.59,,89.85,29.34,119.19,,89.85,14.18,4.91,0.13,0.0,0.0,798.0,Severe
Ahmedabad,2016-08-04,50.65,,10.63,13.0,19.88,,10.63,13.06,6.21,33.6,19.27,0.09,494.0,Severe
Ahmedabad,2016-08-05,33.93,,5.06,13.41,16.13,,5.06,19.54,6.16,3.24,0.04,0.0,234.0,Poor
Ahmedabad,2016-08-06,,,,,,,,,,,,,,
Ahmedabad,2016-08-07,43.9,,2.77,28.09,22.68,,2.77,15.37,0.61,0.56,0.11,0.07,,
Ahmedabad,2016-08-08,93.34,,9.72,27.88,34.75,,9.72,13.18,1.4,0.1,0.0,0.0,327.0,Very Poor
Ahmedabad,2016-08-09,38.06,,6.96,22.63,29.58,,6.96,14.75,3.47,2.67,6.25,1.44,257.0,Poor
Ahmedabad,2016-08-10,20.19,,10.41,18.13,28.54,,10.41,15.01,4.9,8.43,13.81,2.64,300.0,Poor
Ahmedabad,2016-08-11,10.45,,12.59,17.81,30.41,,12.59,14.26,5.87,5.66,18.88,3.59,309.0,Very Poor
Ahmedabad,2016-08-12,29.87,,13.53,14.69,28.22,,13.53,14.56,9.6,8.99,19.6,7.22,316.0,Very Poor
Ahmedabad,2016-08-13,60.18,,8.64,13.25,21.89,,8.64,15.3,13.19,3.04,10.46,2.29,296.0,Poor
Ahmedabad,2016-08-14,85.1,,8.14,12.91,21.04,,8.14,14.51,12.45,2.64,9.08,1.5,240.0,Poor
Ahmedabad,2016-08-15,55.55,,8.38,13.45,21.83,,8.38,16.6,11.84,3.91,8.47,1.27,220.0,Poor
Ahmedabad,2016-08-16,170.22,,15.47,17.88,33.33,,15.47,14.21,10.05,3.98,8.81,1.57,460.0,Severe
Ahmedabad,2016-08-17,35.05,,7.66,16.07,23.73,,7.66,16.13,9.81,3.92,7.92,1.36,341.0,Very Poor
Ahmedabad,2016-08-18,37.68,,6.39,9.49,15.88,,6.39,16.15,13.7,2.5,6.9,0.92,216.0,Poor
Ahmedabad,2016-08-19,32.78,,6.08,12.1,20.94,,6.08,12.29,13.13,2.6,10.38,2.52,174.0,Moderate
Ahmedabad,2016-08-20,53.5,,12.0,14.19,26.57,,12.0,16.32,5.48,7.94,13.77,2.91,252.0,Poor
Ahmedabad,2016-08-21,48.24,,10.91,15.52,26.43,,10.91,16.16,5.98,6.48,11.94,2.44,283.0,Poor
Ahmedabad,2016-08-22,63.27,,8.82,13.23,25.6,,8.82,24.81,8.68,4.04,11.75,1.63,282.0,Poor
Ahmedabad,2016-08-23,40.43,,7.42,10.29,23.27,,7.42,12.24,5.0,2.99,8.49,1.36,189.0,Moderate
Ahmedabad,2016-08-24,31.15,,8.91,9.94,18.86,,8.91,21.48,12.97,3.07,7.01,1.11,204.0,Poor
Ahmedabad,2016-08-25,33.76,,9.15,12.22,21.37,,9.15,17.68,8.36,2.68,8.58,1.24,207.0,Poor
Ahmedabad,2016-08-26,35.95,,10.05,9.75,19.8,,10.05,16.66,8.61,2.59,9.85,1.74,218.0,Poor
Ahmedabad,2016-08-27,58.07,,10.51,8.67,19.18,,10.51,21.2,19.87,3.49,11.59,3.3,243.0,Poor
Ahmedabad,2016-08-28,46.04,,9.72,8.75,18.46,,9.72,17.27,10.35,2.09,6.33,1.19,219.0,Poor
Ahmedabad,2016-08-29,52.27,,10.79,9.23,20.02,,10.79,19.62,9.14,4.67,8.96,1.89,247.0,Poor
Ahmedabad,2016-08-30,46.68,,10.08,9.3,19.73,,10.08,17.77,15.97,2.98,7.55,1.4,235.0,Poor
Ahmedabad,2016-08-31,44.59,,10.47,7.39,17.86,,10.47,17.62,11.2,2.88,6.65,1.0,234.0,Poor
Ahmedabad,2016-09-01,30.81,,9.36,7.86,17.22,,9.36,17.58,15.72,1.96,4.87,0.97,217.0,Poor
Ahmedabad,2016-09-02,47.67,,9.63,8.39,18.02,,9.63,16.95,18.89,2.41,6.07,1.07,222.0,Poor
Ahmedabad,2016-09-03,35.69,,9.38,8.14,18.2,,9.38,16.72,14.63,1.77,5.62,0.78,241.0,Poor
Ahmedabad,2016-09-04,36.44,,9.59,7.07,16.66,,9.59,17.76,14.99,1.53,5.32,0.59,225.0,Poor
Ahmedabad,2016-09-05,33.83,,10.14,7.82,18.27,,10.14,17.93,13.9,1.49,4.8,0.66,241.0,Poor
Ahmedabad,2016-09-06,34.23,,10.17,7.14,17.3,,10.17,18.76,13.79,1.35,3.9,0.58,237.0,Poor
Ahmedabad,2016-09-07,52.15,,10.7,7.15,17.85,,10.7,16.32,14.67,2.75,8.02,0.91,251.0,Poor
Ahmedabad,2016-09-08,35.99,,9.91,8.65,18.56,,9.91,19.29,18.16,1.77,4.13,2.96,220.0,Poor
Ahmedabad,2016-09-09,37.93,,9.75,9.2,18.95,,9.75,19.07,15.42,2.23,4.58,1.11,221.0,Poor
Ahmedabad,2016-09-10,31.94,,9.5,7.84,17.34,,9.5,16.87,14.27,1.12,3.59,0.65,226.0,Poor
Ahmedabad,2016-09-11,18.04,,7.3,7.02,17.19,,7.3,15.49,19.0,0.61,2.32,0.36,208.0,Poor
Ahmedabad,2016-09-12,27.9,,9.52,9.55,21.06,,9.52,14.48,21.74,1.28,5.49,1.3,190.0,Moderate
Ahmedabad,2016-09-13,36.51,,10.07,10.68,21.06,,10.07,18.22,22.56,1.53,6.64,1.82,250.0,Poor
Ahmedabad,2016-09-14,55.71,,11.17,12.86,24.03,,11.17,17.75,21.14,2.55,10.55,3.43,280.0,Poor
Ahmedabad,2016-09-15,57.01,,13.68,11.99,25.67,,13.68,18.36,20.81,3.0,15.01,4.97,306.0,Very Poor
Ahmedabad,2016-09-16,53.94,,10.01,12.54,22.55,,10.01,18.85,24.79,2.72,9.57,2.13,249.0,Poor
Ahmedabad,2016-09-17,49.34,,9.75,8.67,18.43,,9.75,15.82,26.39,2.02,6.6,0.97,213.0,Poor
Ahmedabad,2016-09-18,,,,,,,,,,,,,135.0,Moderate
Ahmedabad,2016-09-19,,,,,,,,,,,,,,
Ahmedabad,2016-09-20,,,,,,,,,,,,,,
Ahmedabad,2016-09-21,42.22,,10.17,9.74,19.91,,10.17,14.36,14.84,2.32,7.96,1.89,,
Ahmedabad,2016-09-22,39.43,,12.67,10.1,22.77,,12.67,16.95,11.63,4.34,9.99,2.34,268.0,Poor
Ahmedabad,2016-09-23,42.33,,11.31,9.31,20.62,,11.31,19.61,15.38,3.78,8.85,1.94,267.0,Poor
Ahmedabad,2016-09-24,26.75,,9.8,6.77,16.57,,9.8,19.37,17.5,1.94,4.72,0.71,216.0,Poor
Ahmedabad,2016-09-25,34.16,,9.66,5.46,15.12,,9.66,18.59,17.44,0.63,3.06,0.47,212.0,Poor
Ahmedabad,2016-09-26,30.07,,9.82,5.73,15.55,,9.82,18.28,17.65,1.65,3.38,0.6,214.0,Poor
Ahmedabad,2016-09-27,25.54,,9.5,5.56,15.63,,9.5,15.28,16.47,1.1,2.55,0.48,222.0,Poor
Ahmedabad,2016-09-28,38.47,,10.63,5.7,16.34,,10.63,17.44,17.34,1.28,3.62,0.78,216.0,Poor
Ahmedabad,2016-09-29,42.55,,10.36,6.59,16.95,,10.36,17.85,20.24,1.28,2.99,0.24,236.0,Poor
Ahmedabad,2016-09-30,38.1,,10.2,7.04,17.24,,10.2,18.46,16.83,1.6,3.68,0.3,225.0,Poor
Ahmedabad,2016-10-01,27.22,,12.02,6.34,18.36,,12.02,17.38,12.94,1.25,5.51,0.06,231.0,Poor
Ahmedabad,2016-10-02,41.81,,10.75,9.77,20.52,,10.75,18.03,22.44,1.4,4.97,0.05,298.0,Poor
Ahmedabad,2016-10-03,75.03,,11.23,9.47,20.7,,11.23,17.61,41.28,1.76,6.56,0.02,267.0,Poor
Ahmedabad,2016-10-04,,,,,,,,,,,,,236.0,Poor
Ahmedabad,2016-10-05,30.48,,16.49,7.43,23.91,,16.49,18.79,6.38,3.93,11.1,0.0,,
Ahmedabad,2016-10-06,75.06,,14.78,6.35,21.13,,14.78,19.31,6.0,4.41,7.7,0.0,301.0,Very Poor
Ahmedabad,2016-10-07,85.36,,14.48,7.59,22.5,,14.48,7.63,20.62,3.14,11.29,0.0,311.0,Very Poor
Ahmedabad,2016-10-08,124.97,,13.2,9.72,22.91,,13.2,6.74,26.4,2.99,11.31,0.01,313.0,Very Poor
Ahmedabad,2016-10-09,86.63,,11.74,6.39,18.13,,11.74,9.97,20.38,0.36,0.76,0.0,267.0,Poor
Ahmedabad,2016-10-10,70.34,,11.25,7.1,18.35,,11.25,12.49,20.13,0.0,0.0,0.0,232.0,Poor
Ahmedabad,2016-10-11,50.49,,10.91,5.04,15.95,,10.91,13.29,22.39,0.0,0.0,0.0,229.0,Poor
Ahmedabad,2016-10-12,42.25,,11.07,6.55,17.62,,11.07,9.61,24.3,0.0,0.0,0.0,227.0,Poor
Ahmedabad,2016-10-13,48.23,,11.09,9.01,19.25,,11.09,18.51,18.52,0.01,0.02,0.0,236.0,Poor
Ahmedabad,2016-10-14,138.94,,10.27,16.9,27.16,,10.27,66.98,37.01,0.0,0.0,0.0,326.0,Very Poor
Ahmedabad,2016-10-15,155.68,,16.66,19.69,36.35,,16.66,61.24,33.7,0.0,0.0,0.0,395.0,Very Poor
Ahmedabad,2016-10-16,120.35,,20.67,16.95,37.63,,20.67,49.8,29.53,0.0,0.0,0.0,507.0,Severe
Ahmedabad,2016-10-17,140.81,,18.56,19.3,37.86,,18.56,15.83,31.21,0.0,0.0,0.0,423.0,Severe
Ahmedabad,2016-10-18,87.09,,10.15,13.98,24.12,,10.15,18.17,29.43,3.79,7.38,2.49,315.0,Very Poor
Ahmedabad,2016-10-19,83.57,,7.8,10.61,18.41,,7.8,19.72,30.68,3.77,15.49,5.59,213.0,Poor
Ahmedabad,2016-10-20,75.41,,12.23,11.07,23.3,,12.23,26.31,37.64,4.07,14.97,9.04,263.0,Poor
Ahmedabad,2016-10-21,106.86,,9.38,10.22,19.6,,9.38,30.72,36.65,3.81,11.32,5.67,355.0,Very Poor
Ahmedabad,2016-10-22,96.53,,9.03,10.8,19.83,,9.03,26.45,33.14,4.92,11.85,5.33,362.0,Very Poor
Ahmedabad,2016-10-23,76.96,,6.95,9.04,16.0,,6.95,28.44,41.7,2.06,7.8,3.18,236.0,Poor
Ahmedabad,2016-10-24,73.05,,7.04,8.37,15.4,,7.04,40.0,40.57,2.35,4.96,2.44,192.0,Moderate
Ahmedabad,2016-10-25,72.52,,7.31,9.14,16.45,,7.31,28.08,32.65,1.76,5.73,3.64,230.0,Poor
Ahmedabad,2016-10-26,109.22,,11.05,13.21,24.26,,11.05,60.04,33.06,3.87,10.35,5.17,278.0,Poor
Ahmedabad,2016-10-27,122.63,,18.84,16.36,35.2,,18.84,24.52,31.59,4.44,18.43,10.12,390.0,Very Poor
Ahmedabad,2016-10-28,214.36,,19.66,18.38,38.03,,19.66,46.6,33.34,6.05,20.53,11.69,509.0,Severe
Ahmedabad,2016-10-29,381.69,,29.49,25.41,54.9,,29.49,49.33,15.74,13.1,28.16,14.59,472.0,Severe
Ahmedabad,2016-10-30,182.59,,26.06,18.2,44.25,,26.06,23.81,41.0,8.18,19.9,10.1,457.0,Severe
Ahmedabad,2016-10-31,271.85,,16.39,15.28,31.68,,16.39,33.31,41.24,3.52,8.61,5.31,721.0,Severe
Ahmedabad,2016-11-01,230.76,,12.95,13.35,26.31,,12.95,19.34,50.18,2.21,5.96,3.59,420.0,Severe
Ahmedabad,2016-11-02,203.3,,11.74,14.79,26.54,,11.74,16.14,47.43,2.23,6.43,4.65,417.0,Severe
Ahmedabad,2016-11-03,152.03,,10.97,12.7,23.67,,10.97,16.78,56.43,1.56,5.4,4.23,390.0,Very Poor
Ahmedabad,2016-11-04,176.02,,7.51,12.78,20.66,,7.51,66.19,35.0,0.79,2.16,1.69,361.0,Very Poor
Ahmedabad,2016-11-05,,,,,,,,,,0.0,0.0,0.0,,
Ahmedabad,2016-11-06,,,,,,,,,,0.0,0.0,0.0,,
Ahmedabad,2016-11-07,,,,,,,,,,0.0,0.0,0.0,,
Ahmedabad,2016-11-08,,,,,,,,,,0.0,0.0,0.0,,
Ahmedabad,2016-11-09,,,,,,,,,,0.0,0.0,0.0,,
Ahmedabad,2016-11-10,,,,,,,,,,0.0,0.0,0.0,,
Ahmedabad,2016-11-11,,,,,,,,,,0.0,0.0,0.0,,
Ahmedabad,2016-11-12,,,,,,,,,,0.0,0.0,0.0,,
Ahmedabad,2016-11-13,,,,,,,,,,0.0,0.0,0.0,,
Ahmedabad,2016-11-14,,,,,,,,,,0.0,0.0,0.0,,
Ahmedabad,2016-11-15,,,,,,,,,,0.0,0.0,0.0,,
Ahmedabad,2016-11-16,,,,,,,,,,0.0,0.0,0.0,,
Ahmedabad,2016-11-17,,,,,,,,,,0.0,0.0,0.0,,
Ahmedabad,2016-11-18,,,,,,,,,,0.0,0.0,0.0,,
Ahmedabad,2016-11-19,,,,,,,,,,0.0,0.0,0.0,,
Ahmedabad,2016-11-20,,,,,,,,,,0.0,0.0,0.0,,
Ahmedabad,2016-11-21,,,,,,,,,,0.0,0.0,0.0,,
Ahmedabad,2016-11-22,,,,,,,,,,0.0,0.0,0.0,,
Ahmedabad,2016-11-23,,,,,,,,,,0.0,0.0,0.0,,
Ahmedabad,2016-11-24,,,,,,,,,,0.0,0.0,0.0,,
Ahmedabad,2016-11-25,,,,,,,,,,0.0,0.0,0.0,,
Ahmedabad,2016-11-26,,,,,,,,,,0.0,0.0,0.0,,
Ahmedabad,2016-11-27,,,,,,,,,,0.0,0.0,0.0,,
Ahmedabad,2016-11-28,,,,,,,,,,0.0,0.0,0.0,,
Ahmedabad,2016-11-29,,,,,,,,,,0.0,0.0,0.0,,
Ahmedabad,2016-11-30,,,,,,,,,,0.0,0.0,0.0,,
Ahmedabad,2016-12-01,,,,,,,,,,0.0,0.0,0.0,,
Ahmedabad,2016-12-02,,,,,,,,,,0.0,0.0,0.0,,
Ahmedabad,2016-12-03,,,,,,,,,,0.0,0.0,0.0,,
Ahmedabad,2016-12-04,,,,,,,,,,0.0,0.0,0.0,,
Ahmedabad,2016-12-05,,,,,,,,,,0.0,0.0,0.0,,
Ahmedabad,2016-12-06,,,,,,,,,,0.0,0.0,0.0,,
Ahmedabad,2016-12-07,,,,,,,,,,0.0,0.0,0.0,,
Ahmedabad,2016-12-08,,,,,,,,,,0.0,0.0,0.0,,
Ahmedabad,2016-12-09,,,,,,,,,,0.0,0.0,0.0,,
Ahmedabad,2016-12-10,,,,,,,,,,0.0,0.0,0.0,,
Ahmedabad,2016-12-11,,,,,,,,,,0.0,0.0,0.0,,
Ahmedabad,2016-12-12,,,,,,,,,,0.0,0.0,0.0,,
Ahmedabad,2016-12-13,,,,,,,,,,0.0,0.0,0.0,,
Ahmedabad,2016-12-14,,,,,,,,,,,,,,
Ahmedabad,2016-12-15,,,,,,,,,,0.0,0.0,0.0,,
Ahmedabad,2016-12-16,,,,,,,,,,0.0,0.0,0.0,,
Ahmedabad,2016-12-17,,,,,,,,,,0.0,0.0,0.0,,
Ahmedabad,2016-12-18,,,,,,,,,,0.0,0.0,0.0,,
Ahmedabad,2016-12-19,,,,,,,,,,0.0,0.0,0.0,,
Ahmedabad,2016-12-20,,,,,,,,,,0.0,0.0,0.0,,
Ahmedabad,2016-12-21,,,,,,,,,,0.0,0.0,0.0,,
Ahmedabad,2016-12-22,,,,,,,,,,0.0,0.0,0.0,,
Ahmedabad,2016-12-23,,,,,,,,,,0.0,0.0,0.0,,
Ahmedabad,2016-12-24,,,,,,,,,,0.0,0.0,0.0,,
Ahmedabad,2016-12-25,,,,,,,,,,0.0,0.0,0.0,,
Ahmedabad,2016-12-26,,,,,,,,,,0.0,0.0,0.0,,
Ahmedabad,2016-12-27,,,,,,,,,,0.0,0.0,0.0,,
Ahmedabad,2016-12-28,,,,,,,,,,0.0,0.0,0.0,,
Ahmedabad,2016-12-29,,,,,,,,,,0.0,0.0,0.0,,
Ahmedabad,2016-12-30,,,,,,,,,,0.0,0.0,0.0,,
Ahmedabad,2016-12-31,,,,,,,,,,0.0,0.0,0.0,,
Bengaluru,2015-01-01,,,3.26,17.33,10.88,20.36,0.33,3.54,10.73,0.56,4.64,,,
Bengaluru,2015-01-02,,,6.05,19.73,14.14,23.74,1.35,3.97,22.77,0.65,5.31,,,
Bengaluru,2015-01-03,,,11.91,19.88,20.72,4.32,17.4,13.61,12.03,0.53,19.25,,,
Bengaluru,2015-01-04,,,7.45,21.61,16.88,0.87,5.05,6.52,17.7,0.55,7.47,,,
Bengaluru,2015-01-05,,,9.52,22.17,21.76,31.38,1.83,4.71,12.72,0.4,4.36,,,
Bengaluru,2015-01-06,,,6.6,23.2,16.24,26.35,0.52,4.42,13.82,22.68,4.11,,,
Bengaluru,2015-01-07,,,22.6,28.66,30.84,22.73,1.46,5.13,16.98,34.66,8.65,,,
Bengaluru,2015-01-08,,,7.5,31.1,21.16,38.67,2.3,7.07,17.35,31.0,8.6,,,
Bengaluru,2015-01-09,,,6.75,25.98,15.03,23.48,0.54,12.84,16.27,30.51,8.44,,,
Bengaluru,2015-01-10,,,3.38,29.23,16.76,34.17,1.69,3.08,25.01,36.42,13.41,,,
Bengaluru,2015-01-11,,,3.97,29.84,17.49,29.74,2.59,8.2,16.07,44.91,27.67,,,
Bengaluru,2015-01-12,,,10.85,28.4,21.85,41.39,0.61,7.16,16.41,38.04,41.87,,,
Bengaluru,2015-01-13,,,10.65,30.56,22.9,35.34,0.63,6.51,10.34,39.44,14.6,,,
Bengaluru,2015-01-14,,,9.09,25.94,19.43,39.82,1.83,8.66,16.47,27.38,8.7,,,
Bengaluru,2015-01-15,,,6.79,20.64,15.92,21.43,3.29,6.24,19.35,25.84,15.67,,,
Bengaluru,2015-01-16,,,10.74,18.51,22.36,10.27,16.41,19.28,16.02,25.14,36.72,,,
Bengaluru,2015-01-17,,,8.17,17.37,21.64,11.05,15.98,24.91,14.33,24.29,21.54,,,
Bengaluru,2015-01-18,,,6.16,17.2,18.79,14.23,9.04,22.18,22.48,23.23,20.05,,,
Bengaluru,2015-01-19,,,7.83,16.74,19.44,13.47,8.09,27.99,23.34,21.14,14.85,,,
Bengaluru,2015-01-20,,,10.44,7.24,22.66,7.29,4.05,92.66,103.68,36.25,9.93,,,
Bengaluru,2015-01-21,,,7.02,5.45,18.26,5.07,18.3,82.07,,,,,,
Bengaluru,2015-01-22,,,17.15,13.57,29.6,3.65,3.32,57.51,41.95,23.36,39.25,,,
Bengaluru,2015-01-23,,,3.8,12.82,12.0,10.06,5.04,27.33,17.78,22.15,14.52,,,
Bengaluru,2015-01-24,,,4.77,16.27,9.73,14.88,2.42,6.47,14.72,19.86,8.48,,,
Bengaluru,2015-01-25,,,3.19,16.32,8.72,15.42,3.39,3.32,16.27,19.21,7.37,,,
Bengaluru,2015-01-26,,,2.27,13.85,8.43,16.63,5.39,2.95,21.35,18.29,9.1,,,
Bengaluru,2015-01-27,,,10.92,16.71,15.67,18.57,1.71,3.09,27.37,17.69,5.15,,,
Bengaluru,2015-01-28,,,6.31,14.85,11.58,16.15,4.87,6.53,17.05,21.78,9.43,,,
Bengaluru,2015-01-29,,,86.9,10.45,49.95,16.4,2.26,3.03,18.78,17.3,5.42,,,
Bengaluru,2015-01-30,,,62.22,4.93,51.53,13.32,1.06,24.31,19.51,14.55,3.54,,,
Bengaluru,2015-01-31,,,36.24,11.11,30.07,7.77,0.46,29.18,23.21,17.23,2.92,,,
Bengaluru,2015-02-01,,,2.99,22.14,13.01,7.48,0.36,7.36,20.75,12.01,2.2,,,
Bengaluru,2015-02-02,,,5.83,19.19,13.06,11.33,0.46,6.14,19.75,14.08,3.76,,,
Bengaluru,2015-02-03,,,4.56,18.47,12.44,11.78,0.59,5.02,20.64,16.08,3.41,,,
Bengaluru,2015-02-04,,,5.92,22.46,15.19,11.88,1.08,4.46,18.62,14.9,3.43,,,
Bengaluru,2015-02-05,,,12.17,26.36,20.48,11.11,0.59,7.65,16.06,6.53,16.08,,,
Bengaluru,2015-02-06,,,5.04,25.98,16.42,11.71,0.5,3.12,13.76,19.99,13.55,,,
Bengaluru,2015-02-07,,,10.59,22.46,18.41,12.88,1.45,5.51,20.96,17.83,3.94,,,
Bengaluru,2015-02-08,,,7.18,26.06,16.75,8.84,0.45,7.25,22.81,18.69,4.67,,,
Bengaluru,2015-02-09,,,3.78,22.48,13.7,13.61,0.64,3.37,31.01,0.9,11.86,,,
Bengaluru,2015-02-10,,,4.97,20.18,13.54,13.04,0.77,1.04,39.86,,1.68,,,
Bengaluru,2015-02-11,,,10.52,26.52,20.81,12.44,0.57,1.64,32.19,0.6,2.44,,,
Bengaluru,2015-02-12,,,10.1,21.47,18.0,26.22,0.96,12.98,44.15,0.6,2.86,,,
Bengaluru,2015-02-13,,,16.74,21.85,23.38,19.31,1.32,7.56,37.79,0.49,2.97,,,
Bengaluru,2015-02-14,,,11.29,26.05,21.19,17.14,0.9,5.18,31.76,0.51,3.45,,,
Bengaluru,2015-02-15,,,4.71,23.68,15.19,11.14,0.76,4.82,45.16,0.44,1.74,,,
Bengaluru,2015-02-16,,,10.65,24.41,19.88,10.67,2.35,3.84,49.3,,16.04,,,
Bengaluru,2015-02-17,,,15.95,24.68,24.11,4.66,0.83,13.39,44.34,46.44,29.45,,,
Bengaluru,2015-02-18,,,17.48,23.38,23.51,6.34,3.23,17.62,28.85,40.42,42.4,,,
Bengaluru,2015-02-19,,,14.46,27.71,24.33,19.81,2.18,11.15,31.69,69.69,36.1,,,
Bengaluru,2015-02-20,,,10.0,22.83,18.26,31.1,6.95,12.52,33.43,69.54,30.4,,,
Bengaluru,2015-02-21,,,4.77,21.34,14.07,12.5,8.98,14.25,39.2,,8.98,,,
Bengaluru,2015-02-22,,,8.27,24.09,17.26,13.56,6.28,13.11,54.18,,6.28,,,
Bengaluru,2015-02-23,,,7.39,24.14,16.93,15.44,13.56,11.93,53.97,,13.56,,,
Bengaluru,2015-02-24,,,13.49,28.8,24.25,17.21,4.78,5.76,40.55,,6.43,,,
Bengaluru,2015-02-25,,,13.88,29.78,24.83,21.85,1.49,6.5,51.91,,1.53,,,
Bengaluru,2015-02-26,,,9.7,31.32,22.64,17.22,1.24,7.13,65.41,,1.3,,,
Bengaluru,2015-02-27,,,6.52,26.9,18.07,20.09,1.14,4.0,66.49,,1.09,,,
Bengaluru,2015-02-28,,,2.94,19.57,11.15,17.43,1.38,2.82,62.61,,1.38,,,
Bengaluru,2015-03-01,,,2.52,10.39,10.91,15.23,0.48,6.93,51.37,,0.48,,,
Bengaluru,2015-03-02,,,4.23,18.06,14.59,33.23,3.56,6.72,58.97,,4.06,,,
Bengaluru,2015-03-03,,,7.81,19.56,17.16,30.4,14.67,8.6,43.5,,14.77,,,
Bengaluru,2015-03-04,,,4.75,17.36,12.54,12.44,3.39,5.99,61.8,,3.41,,,
Bengaluru,2015-03-05,,,11.53,19.94,18.57,6.9,29.33,8.79,45.01,,29.33,,,
Bengaluru,2015-03-06,,,5.94,15.04,12.71,6.3,23.53,16.03,31.55,282.83,43.33,,,
Bengaluru,2015-03-07,,,7.08,15.68,14.94,6.46,25.7,12.69,36.67,296.55,55.15,,,
Bengaluru,2015-03-08,,,5.24,11.59,9.48,11.83,16.01,11.89,45.87,298.28,22.96,,,
Bengaluru,2015-03-09,,,6.85,20.06,18.5,23.32,25.5,11.47,36.7,307.42,38.84,,,
Bengaluru,2015-03-10,,,4.95,26.12,17.58,21.54,1.08,3.17,41.81,,0.0,,,
Bengaluru,2015-03-11,,,8.59,33.01,23.66,30.29,1.33,2.86,35.98,,1.17,,,
Bengaluru,2015-03-12,,,5.47,25.29,17.47,23.55,1.9,1.67,37.65,,2.8,,,
Bengaluru,2015-03-13,,,8.1,20.97,17.24,13.57,13.01,7.84,43.46,,18.0,,,
Bengaluru,2015-03-14,,,12.44,20.58,19.72,1.12,18.28,19.64,49.53,,20.62,,,
Bengaluru,2015-03-15,,,9.08,15.12,15.97,3.79,29.93,16.57,48.26,155.68,32.63,,,
Bengaluru,2015-03-16,,,12.37,18.67,20.45,4.81,25.25,30.13,47.74,,30.81,,,
Bengaluru,2015-03-17,,,13.81,31.84,27.25,21.65,17.79,11.89,49.86,,28.52,,,
Bengaluru,2015-03-18,,,35.23,34.01,40.01,20.82,6.17,3.76,49.27,156.71,39.67,,,
Bengaluru,2015-03-19,,,17.05,33.58,29.48,29.11,15.98,47.19,56.32,119.55,30.98,,,
Bengaluru,2015-03-20,30.65,,3.36,28.48,18.68,27.2,4.55,2.76,43.25,36.0,171.22,,,
Bengaluru,2015-03-21,48.59,,3.47,27.0,18.04,28.02,3.89,1.94,52.96,21.33,196.72,,91.0,Satisfactory
Bengaluru,2015-03-22,47.38,,2.84,22.39,15.33,23.19,11.29,2.05,71.85,14.97,138.2,,120.0,Moderate
Bengaluru,2015-03-23,65.65,,3.1,26.35,17.45,27.76,9.95,6.3,72.84,9.88,100.77,,154.0,Moderate
Bengaluru,2015-03-24,60.47,,5.39,29.87,20.88,35.1,1.46,6.07,64.12,5.9,61.48,,119.0,Moderate
Bengaluru,2015-03-25,62.56,,3.16,23.57,16.39,27.13,10.05,4.98,82.34,4.53,39.99,,232.0,Poor
Bengaluru,2015-03-26,60.73,,4.16,32.07,21.03,34.71,1.44,1.67,67.21,1.36,13.28,,132.0,Moderate
Bengaluru,2015-03-27,42.1,,4.01,25.55,17.37,30.96,2.85,2.46,51.93,0.14,3.71,,123.0,Moderate
Bengaluru,2015-03-28,40.0,,2.93,17.99,11.36,28.74,8.07,2.5,44.65,0.14,8.39,,152.0,Moderate
Bengaluru,2015-03-29,32.16,,2.38,12.9,8.3,21.5,8.53,2.08,56.31,0.15,8.53,,143.0,Moderate
Bengaluru,2015-03-30,30.78,,2.68,16.23,14.63,26.96,1.46,2.63,49.52,0.14,2.07,,80.0,Satisfactory
Bengaluru,2015-03-31,38.99,,2.6,10.97,12.7,27.52,1.79,2.79,47.67,0.14,2.39,,90.0,Satisfactory
Bengaluru,2015-04-01,36.42,,2.68,8.83,9.13,31.37,9.6,3.17,48.25,0.14,8.16,,151.0,Moderate
Bengaluru,2015-04-02,38.15,,4.24,10.29,9.99,43.09,4.06,7.65,53.26,0.14,5.29,,123.0,Moderate
Bengaluru,2015-04-03,35.11,,2.63,5.99,6.82,26.04,5.34,2.32,57.75,0.14,7.4,,178.0,Moderate
Bengaluru,2015-04-04,36.68,,3.63,12.89,10.88,40.71,1.47,3.29,76.36,0.13,1.61,,101.0,Moderate
Bengaluru,2015-04-05,36.92,,2.2,9.0,7.6,26.22,9.58,4.07,65.62,0.14,12.02,,160.0,Moderate
Bengaluru,2015-04-06,31.78,,2.48,8.14,8.06,22.34,0.55,7.22,54.31,0.18,0.28,,71.0,Satisfactory
Bengaluru,2015-04-07,37.25,,2.86,7.14,11.25,17.78,2.3,5.88,60.42,0.2,2.3,,76.0,Satisfactory
Bengaluru,2015-04-08,29.8,,2.59,9.04,7.52,24.2,6.84,1.84,49.55,0.12,20.68,,153.0,Moderate
Bengaluru,2015-04-09,25.06,,3.21,8.72,7.2,29.83,5.82,2.6,42.63,0.13,5.92,,80.0,Satisfactory
Bengaluru,2015-04-10,24.4,,6.87,7.46,8.7,23.17,5.19,2.03,44.47,8.64,8.48,,129.0,Moderate
Bengaluru,2015-04-11,32.08,,6.6,7.09,8.82,30.95,1.7,3.22,53.91,0.29,1.75,,107.0,Moderate
Bengaluru,2015-04-12,19.72,,1.81,4.97,5.51,34.85,2.65,5.16,44.53,0.17,2.65,,122.0,Moderate
Bengaluru,2015-04-13,17.03,,2.17,8.53,9.95,34.3,2.23,2.75,39.03,,2.62,,85.0,Satisfactory
Bengaluru,2015-04-14,19.73,,2.26,6.1,6.13,27.48,1.4,4.66,57.7,0.18,1.71,,62.0,Satisfactory
Bengaluru,2015-04-15,22.52,,6.71,4.86,14.02,15.15,5.45,4.9,77.05,0.21,5.37,,177.0,Moderate
Bengaluru,2015-04-16,21.36,,2.86,7.98,12.69,16.61,0.97,29.11,96.88,0.16,0.54,,152.0,Moderate
Bengaluru,2015-04-17,24.35,,3.06,6.64,7.42,38.54,12.93,2.58,97.2,,12.95,,210.0,Poor
Bengaluru,2015-04-18,18.33,,2.4,5.98,6.47,21.02,3.84,3.99,101.63,,4.51,,170.0,Moderate
Bengaluru,2015-04-19,17.66,,1.85,6.58,5.89,21.93,0.48,2.49,81.34,,0.48,,135.0,Moderate
Bengaluru,2015-04-20,27.46,,2.53,7.91,7.1,24.78,4.58,5.53,37.22,,5.17,,118.0,Moderate
Bengaluru,2015-04-21,27.94,,3.8,6.45,9.94,17.34,6.14,4.43,34.74,0.23,6.14,,127.0,Moderate
Bengaluru,2015-04-22,23.81,,4.01,6.21,13.57,5.42,,26.42,32.79,0.22,,,47.0,Good
Bengaluru,2015-04-23,23.11,,4.16,6.84,14.07,18.77,3.65,12.35,15.88,,12.16,,44.0,Good
Bengaluru,2015-04-24,15.12,,4.35,14.96,12.52,35.77,1.13,5.12,109.66,,1.27,,67.0,Satisfactory
Bengaluru,2015-04-25,19.59,,4.35,8.42,12.28,17.93,3.1,26.92,157.2,,2.17,,44.0,Good
Bengaluru,2015-04-26,69.85,,8.6,14.35,19.55,15.8,1.22,15.91,123.32,,0.77,,82.0,Satisfactory
Bengaluru,2015-04-27,24.62,,3.77,7.74,11.71,13.92,1.26,18.89,65.38,,1.36,,156.0,Moderate
Bengaluru,2015-04-28,32.92,,7.12,12.95,18.7,11.62,2.31,14.79,57.59,43.78,3.7,,96.0,Satisfactory
Bengaluru,2015-04-29,44.53,,7.24,17.71,22.68,11.4,1.34,8.34,27.11,47.26,15.45,,72.0,Satisfactory
Bengaluru,2015-04-30,26.68,,3.79,16.69,12.64,10.15,,11.54,51.81,39.43,13.75,,117.0,Moderate
Bengaluru,2015-05-01,39.06,,3.45,14.31,12.05,6.09,1.59,4.96,26.93,35.9,11.32,,67.0,Satisfactory
Bengaluru,2015-05-02,50.83,,5.74,14.24,14.93,21.03,4.44,2.99,16.83,34.57,9.36,,217.0,Poor
Bengaluru,2015-05-03,62.58,,5.03,15.2,10.05,14.62,1.32,7.47,17.81,37.56,11.01,,64.0,Satisfactory
Bengaluru,2015-05-04,45.26,,5.21,25.81,15.91,18.09,4.17,6.79,21.39,39.17,12.63,,162.0,Moderate
Bengaluru,2015-05-05,40.37,,9.03,20.7,13.3,5.94,0.0,8.6,36.56,37.07,9.99,,75.0,Satisfactory
Bengaluru,2015-05-06,43.21,,8.24,17.15,10.79,10.23,28.28,11.77,80.02,33.74,11.02,,141.0,Moderate
Bengaluru,2015-05-07,41.53,,5.74,20.41,14.16,15.4,0.5,4.67,31.73,22.24,6.38,,70.0,Satisfactory
Bengaluru,2015-05-08,27.85,,5.82,17.29,11.04,14.93,4.82,7.18,88.24,9.51,2.65,,142.0,Moderate
Bengaluru,2015-05-09,36.83,,4.6,24.35,13.81,17.12,23.56,6.64,39.61,6.11,3.89,,140.0,Moderate
Bengaluru,2015-05-10,40.81,,6.5,29.77,14.91,14.21,2.57,3.46,32.11,5.2,1.96,,71.0,Satisfactory
Bengaluru,2015-05-11,36.11,,6.97,29.38,17.29,15.84,0.3,11.84,14.0,4.94,1.55,,66.0,Satisfactory
Bengaluru,2015-05-12,28.76,,8.95,29.1,18.34,15.13,,2.96,15.17,4.67,1.66,,56.0,Satisfactory
Bengaluru,2015-05-13,40.74,,8.61,32.27,20.96,14.66,0.0,2.77,7.96,4.9,1.37,,45.0,Good
Bengaluru,2015-05-14,23.77,,6.77,33.12,20.16,14.28,1.19,2.83,12.14,4.88,1.84,,61.0,Satisfactory
Bengaluru,2015-05-15,17.34,,5.26,22.13,14.1,18.55,2.06,3.08,12.14,5.66,2.25,,70.0,Satisfactory
Bengaluru,2015-05-16,30.45,,5.23,32.24,18.53,24.08,1.19,3.9,8.48,4.66,1.45,,59.0,Satisfactory
Bengaluru,2015-05-17,15.8,,5.08,22.62,11.25,14.2,12.23,5.8,21.44,4.22,2.05,,125.0,Moderate
Bengaluru,2015-05-18,20.12,,6.65,22.49,13.5,13.27,12.77,5.83,32.76,4.24,1.84,,106.0,Moderate
Bengaluru,2015-05-19,25.27,,10.97,31.22,20.24,17.26,1.14,3.92,37.13,4.19,1.16,,84.0,Satisfactory
Bengaluru,2015-05-20,26.7,,4.76,32.48,16.97,15.5,1.26,4.24,36.42,4.1,1.1,,57.0,Satisfactory
Bengaluru,2015-05-21,27.84,,6.01,17.97,9.15,13.64,1.21,4.38,25.96,4.18,1.19,,56.0,Satisfactory
Bengaluru,2015-05-22,29.52,,5.09,17.88,8.93,12.62,10.68,4.89,28.02,4.64,2.01,,140.0,Moderate
Bengaluru,2015-05-23,27.97,,6.23,23.45,13.42,11.58,17.21,12.38,22.59,5.16,3.92,,156.0,Moderate
Bengaluru,2015-05-24,28.17,,4.91,17.13,10.15,5.01,9.13,3.98,23.52,4.39,1.3,,156.0,Moderate
Bengaluru,2015-05-25,27.71,,4.01,18.69,10.4,3.25,4.19,4.81,21.85,4.57,1.28,,111.0,Moderate
Bengaluru,2015-05-26,28.01,,2.74,12.85,9.33,0.28,4.21,3.92,23.36,4.69,1.44,,158.0,Moderate
Bengaluru,2015-05-27,31.7,,2.97,11.83,9.27,2.77,4.79,4.02,27.83,3.77,1.05,,93.0,Satisfactory
Bengaluru,2015-05-28,48.08,,12.38,41.16,23.43,4.91,1.22,0.96,42.06,3.54,0.86,,97.0,Satisfactory
Bengaluru,2015-05-29,30.77,,6.31,22.5,13.99,4.88,1.4,0.92,31.65,5.05,1.34,,94.0,Satisfactory
Bengaluru,2015-05-30,26.15,,0.95,14.82,10.67,5.61,4.52,7.13,54.35,4.81,3.22,,147.0,Moderate
Bengaluru,2015-05-31,40.71,,0.75,6.62,5.01,2.89,2.84,4.24,22.32,5.42,3.15,,100.0,Satisfactory
Bengaluru,2015-06-01,23.69,,1.65,14.12,7.77,2.34,1.7,6.9,68.17,4.86,1.7,,101.0,Moderate
Bengaluru,2015-06-02,23.95,,0.46,9.28,3.25,2.31,1.77,7.93,54.65,4.08,1.68,,84.0,Satisfactory
Bengaluru,2015-06-03,21.51,,1.59,19.98,9.87,2.21,1.52,4.44,46.8,4.11,1.39,,84.0,Satisfactory
Bengaluru,2015-06-04,25.56,,1.14,6.39,7.52,1.93,1.4,4.47,29.64,3.16,1.3,,74.0,Satisfactory
Bengaluru,2015-06-05,22.41,,2.59,14.61,19.41,18.87,5.65,5.85,27.39,2.89,0.84,,130.0,Moderate
Bengaluru,2015-06-06,16.02,,4.7,30.73,36.51,30.36,1.78,11.64,20.75,,1.72,,74.0,Satisfactory
Bengaluru,2015-06-07,12.69,,4.38,25.18,27.39,28.0,4.45,4.22,19.63,2.71,1.93,,74.0,Satisfactory
Bengaluru,2015-06-08,13.29,,4.82,22.65,13.65,23.12,3.93,17.45,17.13,2.49,3.93,,162.0,Moderate
Bengaluru,2015-06-09,12.11,,6.72,20.8,13.22,25.86,1.4,15.06,20.96,3.13,1.2,,55.0,Satisfactory
Bengaluru,2015-06-10,13.66,,3.61,22.16,11.83,21.15,1.96,6.09,24.49,3.13,1.94,,72.0,Satisfactory
Bengaluru,2015-06-11,14.56,,3.34,17.32,8.95,20.88,1.54,11.59,15.75,4.79,1.46,,66.0,Satisfactory
Bengaluru,2015-06-12,14.76,,3.2,13.35,7.08,5.29,1.89,10.35,20.52,4.35,1.56,,81.0,Satisfactory
Bengaluru,2015-06-13,12.29,,2.53,10.75,4.86,7.02,3.21,15.0,19.08,5.46,1.76,,94.0,Satisfactory
Bengaluru,2015-06-14,11.72,,1.76,9.61,4.7,7.86,2.36,1.96,20.38,4.56,1.79,,128.0,Moderate
Bengaluru,2015-06-15,15.7,,6.3,13.12,10.43,8.92,1.56,5.04,34.42,2.43,1.53,,86.0,Satisfactory
Bengaluru,2015-06-16,22.94,,2.88,10.09,5.6,9.22,3.74,1.58,13.24,1.66,1.72,,136.0,Moderate
Bengaluru,2015-06-17,19.54,,2.19,11.09,5.01,7.0,2.0,4.12,13.5,2.96,2.08,,67.0,Satisfactory
Bengaluru,2015-06-18,22.68,,2.8,18.7,9.83,8.31,1.3,1.35,16.42,5.04,1.3,,45.0,Good
Bengaluru,2015-06-19,21.86,,3.91,19.0,11.85,8.08,1.54,4.34,11.12,5.67,1.52,,70.0,Satisfactory
Bengaluru,2015-06-20,18.74,,3.9,14.48,9.69,7.31,2.89,1.95,8.62,4.36,1.31,,93.0,Satisfactory
Bengaluru,2015-06-21,18.81,,3.01,15.95,8.19,6.89,3.84,2.02,10.31,0.15,3.28,,166.0,Moderate
Bengaluru,2015-06-22,15.11,,2.78,16.04,11.71,27.31,4.29,5.53,10.68,,5.56,,183.0,Moderate
Bengaluru,2015-06-23,17.47,,1.74,7.27,4.01,10.32,2.08,7.51,10.97,0.12,1.56,,107.0,Moderate
Bengaluru,2015-06-24,15.92,,0.89,5.61,1.82,8.75,5.48,5.41,21.62,,13.45,,140.0,Moderate
Bengaluru,2015-06-25,13.58,,2.0,5.38,3.37,7.95,2.83,5.49,11.83,0.13,1.74,,107.0,Moderate
Bengaluru,2015-06-26,14.52,,1.14,6.1,3.71,7.5,1.75,4.41,13.27,0.1,1.34,,70.0,Satisfactory
Bengaluru,2015-06-27,27.25,,0.86,5.23,2.93,6.4,15.98,10.62,15.2,0.18,14.54,,165.0,Moderate
Bengaluru,2015-06-28,20.99,,0.72,4.38,1.91,6.3,2.03,2.53,15.42,0.24,2.47,,160.0,Moderate
Bengaluru,2015-06-29,22.26,,1.23,7.02,3.74,7.68,5.28,7.62,10.29,0.13,2.23,,209.0,Poor
Bengaluru,2015-06-30,23.51,,2.75,8.39,5.43,8.47,5.01,5.94,6.61,0.16,4.4,,166.0,Moderate
Bengaluru,2015-07-01,19.76,,1.24,6.34,3.24,6.34,6.96,6.28,6.45,0.11,4.98,,187.0,Moderate
Bengaluru,2015-07-02,20.24,,2.26,11.59,6.83,6.42,2.58,5.12,11.01,0.12,1.38,,162.0,Moderate
Bengaluru,2015-07-03,17.28,,1.07,5.11,2.7,5.96,7.52,3.69,8.37,,1.35,,185.0,Moderate
Bengaluru,2015-07-04,21.52,,1.0,5.99,2.9,5.76,15.9,2.76,9.72,,16.86,,141.0,Moderate
Bengaluru,2015-07-05,19.43,,1.13,7.66,4.66,4.74,20.81,2.29,7.89,0.16,8.67,,225.0,Poor
Bengaluru,2015-07-06,19.27,,2.21,8.79,6.36,26.67,26.99,2.54,8.96,0.13,24.39,,309.0,Very Poor
Bengaluru,2015-07-07,23.27,,1.73,7.83,7.62,10.45,2.86,3.36,9.3,0.14,1.36,,136.0,Moderate
Bengaluru,2015-07-08,18.63,,2.96,8.71,6.88,34.37,7.24,6.25,7.27,1.09,6.16,,139.0,Moderate
Bengaluru,2015-07-09,14.52,,5.93,10.04,8.43,19.3,3.42,3.89,7.56,0.18,1.47,,161.0,Moderate
Bengaluru,2015-07-10,12.84,,7.5,10.1,9.4,21.54,15.1,3.25,5.4,16.71,3.02,,160.0,Moderate
Bengaluru,2015-07-11,19.08,,6.5,10.66,9.34,20.9,2.42,2.39,5.06,22.69,2.88,,127.0,Moderate
Bengaluru,2015-07-12,23.45,,5.88,9.83,8.64,10.15,2.11,1.86,9.66,20.87,2.47,,71.0,Satisfactory
Bengaluru,2015-07-13,25.62,,5.21,12.22,9.75,10.8,27.06,2.84,10.42,21.59,7.32,,246.0,Poor
Bengaluru,2015-07-14,27.03,,4.42,11.7,9.3,10.17,10.62,2.78,7.82,24.35,6.14,,250.0,Poor
Bengaluru,2015-07-15,24.09,,5.64,17.43,12.1,6.08,9.91,4.49,5.49,23.09,3.81,,176.0,Moderate
Bengaluru,2015-07-16,23.17,,4.97,15.73,11.27,10.88,3.56,2.98,8.06,22.44,3.01,,176.0,Moderate
Bengaluru,2015-07-17,26.84,,6.18,10.76,9.67,9.89,1.62,3.46,8.48,,1.13,,55.0,Satisfactory
Bengaluru,2015-07-18,19.24,,3.78,8.46,7.12,11.23,18.69,3.98,10.27,,,,156.0,Moderate
Bengaluru,2015-07-19,14.46,,3.76,7.65,6.72,10.88,12.18,1.66,9.43,,1.16,,195.0,Moderate
Bengaluru,2015-07-20,14.3,,5.1,10.26,8.78,10.46,9.82,2.39,8.67,,1.06,,197.0,Moderate
Bengaluru,2015-07-21,19.29,,4.45,11.45,8.94,10.76,9.35,1.72,3.62,,1.25,,223.0,Poor
Bengaluru,2015-07-22,21.39,,4.14,9.91,8.06,9.67,16.7,2.39,3.54,,,,182.0,Moderate
Bengaluru,2015-07-23,45.86,,5.98,11.26,9.75,10.06,9.44,3.29,5.13,19.93,2.04,,245.0,Poor
Bengaluru,2015-07-24,18.38,,3.82,9.48,7.7,9.15,16.46,10.54,6.49,18.55,3.04,,268.0,Poor
Bengaluru,2015-07-25,24.44,,4.63,10.0,8.6,10.06,2.89,15.96,9.61,16.78,2.54,,51.0,Satisfactory
Bengaluru,2015-07-26,25.14,,3.59,11.03,7.88,8.39,2.42,2.54,8.9,16.64,1.96,,49.0,Good
Bengaluru,2015-07-27,13.85,,5.69,8.83,8.32,8.42,14.36,3.82,8.78,15.28,4.57,,157.0,Moderate
Bengaluru,2015-07-28,16.63,,3.66,10.76,8.08,9.14,12.51,5.27,7.16,17.73,4.06,,128.0,Moderate
Bengaluru,2015-07-29,19.04,,3.67,12.67,9.08,29.6,1.5,4.9,5.82,18.71,2.1,,66.0,Satisfactory
Bengaluru,2015-07-30,24.43,,4.59,11.52,7.93,11.73,1.86,3.15,5.42,19.79,1.96,,105.0,Moderate
Bengaluru,2015-07-31,19.16,,5.08,10.27,7.61,11.91,1.09,3.35,3.53,21.09,2.58,,49.0,Good
Bengaluru,2015-08-01,18.18,,4.06,20.21,11.77,10.3,9.97,2.43,3.38,16.15,3.28,,97.0,Satisfactory
Bengaluru,2015-08-02,15.52,,3.48,9.54,6.15,9.26,37.73,1.86,4.83,13.6,7.99,,257.0,Poor
Bengaluru,2015-08-03,18.67,,5.9,11.41,8.58,10.08,25.13,2.13,5.74,13.67,4.26,,139.0,Moderate
Bengaluru,2015-08-04,15.85,,5.74,10.66,8.17,10.75,9.92,2.6,5.24,14.1,1.8,,95.0,Satisfactory
Bengaluru,2015-08-05,18.26,,4.56,11.85,8.03,10.66,48.07,2.4,3.0,16.28,2.08,,106.0,Moderate
Bengaluru,2015-08-06,17.94,,6.02,18.38,13.03,33.49,3.15,5.94,7.21,16.44,1.98,,89.0,Satisfactory
Bengaluru,2015-08-07,21.86,,3.06,10.02,6.18,26.16,1.16,3.79,3.29,15.14,1.82,,44.0,Good
Bengaluru,2015-08-08,46.86,,2.62,8.46,5.62,23.31,20.25,3.78,3.98,15.6,1.79,,97.0,Satisfactory
Bengaluru,2015-08-09,54.42,,1.56,7.32,5.27,18.3,8.78,2.1,4.73,25.0,235.48,,187.0,Moderate
Bengaluru,2015-08-10,21.02,,3.65,8.21,6.26,23.95,1.82,5.16,6.23,34.14,162.98,,83.0,Satisfactory
Bengaluru,2015-08-11,21.1,,2.56,7.98,5.34,24.12,29.0,2.96,9.86,27.76,411.52,,129.0,Moderate
Bengaluru,2015-08-12,16.64,,3.45,7.44,5.58,22.52,29.16,7.22,6.76,9.26,209.77,,128.0,Moderate
Bengaluru,2015-08-13,14.99,,4.81,6.61,6.6,22.0,34.69,2.51,6.11,5.02,112.27,,217.0,Poor
Bengaluru,2015-08-14,20.21,,4.54,14.73,12.48,23.64,35.05,6.15,5.86,3.15,71.16,,277.0,Poor
Bengaluru,2015-08-15,18.04,,1.93,13.63,9.32,18.87,16.67,2.49,10.04,1.89,42.61,,176.0,Moderate
Bengaluru,2015-08-16,20.8,,5.06,17.39,10.93,23.05,9.03,1.32,7.48,1.51,26.63,,206.0,Poor
Bengaluru,2015-08-17,15.35,,6.56,19.5,13.98,50.58,14.55,2.98,5.93,2.18,21.55,,238.0,Poor
Bengaluru,2015-08-18,27.31,,4.58,19.73,12.9,38.79,21.83,2.85,3.75,2.18,23.34,,229.0,Poor
Bengaluru,2015-08-19,32.13,,9.89,17.92,15.33,39.19,9.91,7.14,4.3,,24.53,,236.0,Poor
Bengaluru,2015-08-20,23.26,,7.05,34.35,21.46,30.68,1.31,3.73,3.41,5.55,4.72,,92.0,Satisfactory
Bengaluru,2015-08-21,17.9,,3.31,17.51,11.02,33.06,11.68,6.56,3.44,,43.3,,100.0,Satisfactory
Bengaluru,2015-08-22,10.99,,2.95,15.97,9.93,24.16,1.14,1.07,3.35,,1.13,,97.0,Satisfactory
Bengaluru,2015-08-23,12.9,,2.79,11.64,7.72,23.28,26.54,0.91,3.86,,26.54,,59.0,Satisfactory
Bengaluru,2015-08-24,22.29,,4.0,15.11,10.24,27.77,1.16,1.0,4.72,,1.13,,96.0,Satisfactory
Bengaluru,2015-08-25,20.06,,5.0,16.49,13.5,17.67,4.29,4.38,6.26,,1.21,,123.0,Moderate
Bengaluru,2015-08-26,17.38,,4.23,12.18,12.33,15.18,1.43,1.1,7.65,,,,77.0,Satisfactory
Bengaluru,2015-08-27,14.67,,6.76,20.81,14.62,35.39,2.4,1.13,4.84,,,,57.0,Satisfactory
Bengaluru,2015-08-28,18.96,,3.22,21.16,12.18,26.37,1.96,1.42,4.19,,,,63.0,Satisfactory
Bengaluru,2015-08-29,20.56,,4.26,13.86,9.92,33.75,9.97,2.56,12.64,,40.2,,174.0,Moderate
Bengaluru,2015-08-30,17.27,,1.37,5.53,3.77,26.46,2.76,0.73,12.65,,1.13,,121.0,Moderate
Bengaluru,2015-08-31,23.42,,2.6,6.47,5.25,33.9,5.77,1.24,17.22,,,,92.0,Satisfactory
Bengaluru,2015-09-01,24.9,,2.58,7.25,5.57,33.29,5.26,1.67,13.62,,1.79,,81.0,Satisfactory
Bengaluru,2015-09-02,23.54,,1.75,9.49,6.09,26.12,1.19,2.18,11.57,,1.19,,43.0,Good
Bengaluru,2015-09-03,24.49,,2.5,12.59,8.41,31.79,1.42,2.49,14.5,,1.12,,52.0,Satisfactory
Bengaluru,2015-09-04,26.16,,3.72,15.89,10.97,37.51,1.76,2.12,10.98,,1.2,,72.0,Satisfactory
Bengaluru,2015-09-05,27.38,,6.79,17.6,14.32,54.9,1.47,2.63,38.49,,1.53,,73.0,Satisfactory
Bengaluru,2015-09-06,18.38,,2.41,11.7,7.72,26.75,22.81,1.35,,,22.81,,208.0,Poor
Bengaluru,2015-09-07,16.34,,4.12,12.0,9.25,32.04,9.83,3.08,21.21,,48.65,,179.0,Moderate
Bengaluru,2015-09-08,22.47,,6.9,10.95,10.3,37.31,1.78,5.6,12.62,,1.35,,93.0,Satisfactory
Bengaluru,2015-09-09,29.6,,6.75,11.14,10.91,36.19,13.22,7.0,5.34,,1.04,,60.0,Satisfactory
Bengaluru,2015-09-10,15.21,,6.53,12.29,11.26,36.3,1.2,3.26,5.01,,1.2,,65.0,Satisfactory
Bengaluru,2015-09-11,18.09,,5.32,13.42,10.92,34.24,3.19,2.85,5.48,,1.07,,60.0,Satisfactory
Bengaluru,2015-09-12,16.68,,4.77,13.1,10.22,30.49,22.32,2.42,17.12,,18.37,,167.0,Moderate
Bengaluru,2015-09-13,12.24,,2.59,11.85,7.95,21.98,19.24,2.08,13.22,,21.82,,141.0,Moderate
Bengaluru,2015-09-14,14.99,,5.5,12.44,10.43,31.7,18.85,2.19,12.68,,24.96,,175.0,Moderate
Bengaluru,2015-09-15,11.75,,3.39,11.66,8.49,23.78,1.06,2.54,5.72,,,,41.0,Good
Bengaluru,2015-09-16,11.47,,3.26,12.06,8.6,24.19,18.66,2.26,14.33,,18.66,,81.0,Satisfactory
Bengaluru,2015-09-17,10.93,,2.64,9.78,6.94,19.64,1.7,1.92,10.45,,2.95,,52.0,Satisfactory
Bengaluru,2015-09-18,13.18,,2.99,8.71,7.78,23.94,1.01,2.34,21.33,,1.01,,31.0,Good
Bengaluru,2015-09-19,13.47,,3.25,8.98,8.24,24.56,8.24,2.85,10.94,,6.63,,144.0,Moderate
Bengaluru,2015-09-20,7.32,,3.3,9.42,8.69,20.84,1.27,1.74,11.51,,1.27,,64.0,Satisfactory
Bengaluru,2015-09-21,16.51,,3.86,15.32,12.75,36.84,2.15,3.01,15.34,,2.21,,51.0,Satisfactory
Bengaluru,2015-09-22,28.38,,6.09,22.83,18.49,35.72,2.21,2.97,20.63,,2.3,,82.0,Satisfactory
Bengaluru,2015-09-23,27.74,,3.53,27.93,19.01,37.81,2.13,2.32,21.96,,2.21,,85.0,Satisfactory
Bengaluru,2015-09-24,29.1,,3.31,22.47,15.65,34.28,2.39,2.37,16.37,,2.26,,89.0,Satisfactory
Bengaluru,2015-09-25,17.48,,3.62,21.03,13.71,30.44,3.05,2.47,49.22,,2.27,,139.0,Moderate
Bengaluru,2015-09-26,14.95,,1.98,17.22,10.16,22.01,2.68,1.46,9.51,,2.22,,157.0,Moderate
Bengaluru,2015-09-27,27.29,,10.46,20.53,18.34,45.07,2.26,1.7,12.01,,2.06,,155.0,Moderate
Bengaluru,2015-09-28,19.98,,21.66,30.35,31.94,76.12,2.0,1.69,18.48,,2.31,,94.0,Satisfactory
Bengaluru,2015-09-29,31.36,,5.95,33.02,21.34,41.39,2.09,1.72,20.18,,2.23,,100.0,Satisfactory
Bengaluru,2015-09-30,35.5,,6.74,31.34,21.07,29.39,2.71,1.3,14.05,,2.05,,117.0,Moderate
Bengaluru,2015-10-01,26.25,,4.82,30.71,19.52,30.38,1.95,1.45,12.61,,2.04,,136.0,Moderate
Bengaluru,2015-10-02,22.3,,3.85,26.84,17.13,26.74,1.82,4.18,,,1.82,,96.0,Satisfactory
Bengaluru,2015-10-03,13.97,,2.64,19.24,11.96,19.73,1.67,1.6,18.98,,1.68,,101.0,Moderate
Bengaluru,2015-10-04,9.63,,3.75,16.51,11.21,23.54,2.21,1.37,12.67,,1.63,,128.0,Moderate
Bengaluru,2015-10-05,28.7,,6.17,23.13,16.54,31.01,1.96,2.64,10.81,,2.18,,92.0,Satisfactory
Bengaluru,2015-10-06,35.04,,6.66,19.67,15.11,24.52,1.7,4.52,15.74,,1.7,,98.0,Satisfactory
Bengaluru,2015-10-07,15.82,,3.63,19.92,12.95,24.3,1.63,5.29,11.29,,1.62,,102.0,Moderate
Bengaluru,2015-10-08,12.14,,5.05,19.19,13.76,27.54,1.21,8.55,12.96,,1.23,,69.0,Satisfactory
Bengaluru,2015-10-09,14.44,,5.96,20.31,15.2,26.87,1.54,7.68,14.01,,1.52,,54.0,Satisfactory
Bengaluru,2015-10-10,12.01,,6.16,21.36,15.75,27.22,2.66,7.04,10.22,,1.72,,101.0,Moderate
Bengaluru,2015-10-11,10.02,,4.91,19.3,13.76,33.5,3.38,2.26,9.49,,3.87,,110.0,Moderate
Bengaluru,2015-10-12,17.14,,7.37,27.34,19.63,32.02,1.72,2.61,8.84,,1.74,,54.0,Satisfactory
Bengaluru,2015-10-13,25.65,,10.14,38.97,27.72,38.88,1.62,2.54,9.81,,1.67,,77.0,Satisfactory
Bengaluru,2015-10-14,31.78,,11.48,58.6,38.5,39.7,2.5,2.57,11.44,,4.46,,144.0,Moderate
Bengaluru,2015-10-15,46.63,,7.75,71.63,43.26,44.56,1.47,3.74,11.97,,1.52,,90.0,Satisfactory
Bengaluru,2015-10-16,49.23,,13.62,51.64,35.97,42.06,2.12,3.23,11.33,,1.43,,98.0,Satisfactory
Bengaluru,2015-10-17,40.76,,5.27,33.93,21.32,27.48,6.11,2.15,13.38,,31.62,,173.0,Moderate
Bengaluru,2015-10-18,31.18,,6.97,37.25,21.57,35.87,3.03,2.36,8.33,,7.89,,140.0,Moderate
Bengaluru,2015-10-19,42.02,,8.97,27.41,19.27,21.37,1.5,2.71,6.43,,1.33,,76.0,Satisfactory
Bengaluru,2015-10-20,43.32,,4.93,22.4,19.72,5.65,3.91,3.1,13.06,,5.43,,164.0,Moderate
Bengaluru,2015-10-21,42.64,,2.42,21.57,19.75,20.88,1.14,2.14,14.4,,1.12,,88.0,Satisfactory
Bengaluru,2015-10-22,55.94,,1.96,24.25,21.45,33.92,1.31,2.76,33.92,,1.22,,97.0,Satisfactory
Bengaluru,2015-10-23,51.0,,3.37,28.3,26.07,33.78,1.12,2.37,42.29,,1.16,,110.0,Moderate
Bengaluru,2015-10-24,45.13,,1.73,26.15,22.27,34.86,1.06,2.4,41.37,,1.06,,89.0,Satisfactory
Bengaluru,2015-10-25,38.26,,1.74,20.74,17.48,29.89,,2.05,43.11,,,,81.0,Satisfactory
Bengaluru,2015-10-26,47.1,,3.11,26.73,23.93,37.44,1.19,2.27,32.67,,1.19,,74.0,Satisfactory
Bengaluru,2015-10-27,42.92,,3.55,32.0,27.82,51.9,8.22,3.72,32.4,,9.93,,157.0,Moderate
Bengaluru,2015-10-28,36.44,,4.58,24.21,24.3,26.15,1.18,1.53,26.35,,1.19,,95.0,Satisfactory
Bengaluru,2015-10-29,29.17,,6.15,22.68,22.27,44.06,1.15,1.37,15.59,,1.29,,70.0,Satisfactory
Bengaluru,2015-10-30,31.78,,3.59,15.26,14.53,31.65,3.63,1.55,17.27,,1.1,,110.0,Moderate
Bengaluru,2015-10-31,25.77,,1.83,23.3,16.35,49.74,2.63,3.37,14.45,,10.38,,191.0,Moderate
Bengaluru,2015-11-01,29.89,,2.14,15.14,9.02,18.44,1.13,2.62,11.56,11.14,4.74,,49.0,Good
Bengaluru,2015-11-02,28.56,,6.9,18.2,14.16,23.29,1.36,2.51,12.65,1.95,4.46,,54.0,Satisfactory
Bengaluru,2015-11-03,31.05,,8.92,20.58,16.89,34.87,1.34,2.79,11.62,2.14,5.51,,58.0,Satisfactory
Bengaluru,2015-11-04,43.1,,4.09,12.07,8.88,27.02,3.56,2.44,19.13,2.67,5.73,,65.0,Satisfactory
Bengaluru,2015-11-05,30.36,,8.04,17.33,14.75,61.87,1.24,2.74,10.93,3.94,5.71,,70.0,Satisfactory
Bengaluru,2015-11-06,37.22,,3.66,13.89,9.7,32.2,1.21,2.01,8.07,3.02,14.41,,67.0,Satisfactory
Bengaluru,2015-11-07,31.44,70.46,3.03,15.85,10.27,27.73,1.22,1.94,17.98,2.41,17.84,,60.0,Satisfactory
Bengaluru,2015-11-08,31.4,,1.92,15.33,8.96,21.44,,1.77,23.72,1.5,7.21,,56.0,Satisfactory
Bengaluru,2015-11-09,34.92,,0.87,10.21,5.52,18.46,,1.72,32.86,1.28,3.29,,59.0,Satisfactory
Bengaluru,2015-11-10,12.63,43.64,1.46,6.81,4.75,12.63,1.48,2.05,41.66,1.12,2.07,,51.0,Satisfactory
Bengaluru,2015-11-11,48.94,,3.47,8.59,6.93,22.21,1.07,2.62,23.3,3.26,2.23,,49.0,Good
Bengaluru,2015-11-12,63.69,,5.05,8.2,7.38,21.57,1.82,2.27,18.98,1.07,2.66,,146.0,Moderate
Bengaluru,2015-11-13,28.22,153.3,5.8,21.5,21.78,27.79,2.09,2.69,34.32,2.08,4.5,,61.0,Satisfactory
Bengaluru,2015-11-14,42.42,156.84,7.25,29.94,31.78,21.94,1.56,2.23,31.35,1.82,4.65,,130.0,Moderate
Bengaluru,2015-11-15,42.23,59.94,2.83,18.86,16.26,,1.64,2.16,34.8,1.48,3.94,,99.0,Satisfactory
Bengaluru,2015-11-16,16.03,16.77,3.81,18.34,18.74,,1.61,2.31,35.48,0.87,1.26,,91.0,Satisfactory
Bengaluru,2015-11-17,,8.22,4.89,16.2,20.54,,1.6,2.49,,,,,116.0,Moderate
Bengaluru,2015-11-18,19.32,16.42,4.57,15.47,18.77,25.0,1.99,2.75,,,1.15,,126.0,Moderate
Bengaluru,2015-11-19,21.99,39.86,7.08,16.44,19.51,41.96,1.73,2.95,9.98,1.52,2.38,,103.0,Moderate
Bengaluru,2015-11-20,13.89,31.44,6.84,12.14,15.35,23.93,1.72,2.5,4.56,0.74,1.48,,74.0,Satisfactory
Bengaluru,2015-11-21,16.06,24.35,4.57,13.13,16.2,21.28,0.94,3.12,,,1.07,,66.0,Satisfactory
Bengaluru,2015-11-22,16.97,15.69,3.07,10.57,12.6,13.92,0.83,2.6,,,1.06,,61.0,Satisfactory
Bengaluru,2015-11-23,19.66,36.84,6.47,16.37,20.87,24.04,1.35,2.83,4.09,1.18,2.17,,75.0,Satisfactory
Bengaluru,2015-11-24,20.35,33.97,7.76,20.64,24.75,26.98,1.36,2.59,7.77,1.02,1.9,,85.0,Satisfactory
Bengaluru,2015-11-25,34.39,36.29,8.38,28.8,32.28,32.75,2.48,3.76,14.63,1.32,3.17,,141.0,Moderate
Bengaluru,2015-11-26,43.91,43.65,11.74,29.33,32.78,55.4,1.52,3.44,14.8,1.53,3.59,,90.0,Satisfactory
Bengaluru,2015-11-27,44.14,112.78,7.05,26.64,27.06,32.33,2.18,4.3,25.57,1.69,3.36,,126.0,Moderate
Bengaluru,2015-11-28,44.94,114.34,8.47,28.1,29.37,32.75,2.3,4.7,29.1,1.56,2.38,,147.0,Moderate
Bengaluru,2015-11-29,29.35,75.79,5.72,21.21,21.4,19.08,1.55,4.55,29.03,1.01,1.15,,87.0,Satisfactory
Bengaluru,2015-11-30,15.34,53.7,8.46,22.22,24.6,21.4,1.13,4.45,8.84,1.11,2.53,,56.0,Satisfactory
Bengaluru,2015-12-01,14.18,55.71,12.9,25.86,27.06,21.81,1.63,5.14,9.89,0.97,2.15,,88.0,Satisfactory
Bengaluru,2015-12-02,13.36,33.82,8.24,24.04,17.46,22.0,1.7,11.07,8.15,0.73,1.66,,67.0,Satisfactory
Bengaluru,2015-12-03,19.86,72.72,11.73,33.56,26.85,37.08,1.47,8.32,9.51,0.98,2.6,,74.0,Satisfactory
Bengaluru,2015-12-04,28.35,102.15,13.06,32.95,24.78,52.45,2.03,6.08,21.38,1.0,3.46,,105.0,Moderate
Bengaluru,2015-12-05,25.04,89.26,9.79,33.02,22.96,51.77,1.72,5.43,26.44,0.77,1.47,,103.0,Moderate
Bengaluru,2015-12-06,29.12,,2.8,25.17,13.66,41.62,,3.1,43.98,0.71,1.17,,54.0,Satisfactory
Bengaluru,2015-12-07,41.16,85.25,10.04,34.42,23.91,46.07,1.88,5.24,27.26,0.88,1.7,,65.0,Satisfactory
Bengaluru,2015-12-08,46.33,82.86,17.24,44.41,34.36,45.43,1.81,5.81,19.1,1.01,1.92,,102.0,Moderate
Bengaluru,2015-12-09,48.01,78.58,16.65,39.78,31.61,46.15,1.84,4.86,6.32,1.16,1.49,,94.0,Satisfactory
Bengaluru,2015-12-10,35.48,58.04,25.04,35.58,35.53,51.46,1.92,5.27,3.36,0.99,1.46,,86.0,Satisfactory
Bengaluru,2015-12-11,32.95,79.07,23.41,41.05,36.25,26.38,2.07,5.94,2.3,1.43,1.63,,89.0,Satisfactory
Bengaluru,2015-12-12,50.19,73.43,18.73,57.62,31.41,20.93,1.78,5.34,2.33,1.29,1.39,,99.0,Satisfactory
Bengaluru,2015-12-13,34.57,64.09,15.68,42.88,37.39,12.64,1.68,4.79,2.16,0.91,1.07,,92.0,Satisfactory
Bengaluru,2015-12-14,52.06,56.71,13.51,27.66,21.45,11.98,1.33,4.38,1.87,1.29,1.6,,85.0,Satisfactory
Bengaluru,2015-12-15,39.67,100.76,5.93,22.28,13.92,14.1,1.44,2.72,1.83,1.18,1.46,,83.0,Satisfactory
Bengaluru,2015-12-16,50.47,56.41,4.71,37.1,20.85,20.54,1.93,3.65,6.68,1.22,1.47,,92.0,Satisfactory
Bengaluru,2015-12-17,41.04,62.41,10.15,40.72,26.28,22.39,1.55,5.21,17.03,0.97,1.28,,95.0,Satisfactory
Bengaluru,2015-12-18,56.62,85.88,24.29,57.36,45.46,29.2,2.67,6.99,17.28,1.61,1.55,,103.0,Moderate
Bengaluru,2015-12-19,42.57,78.99,20.49,49.4,39.15,21.95,2.08,5.34,17.37,1.43,1.29,,105.0,Moderate
Bengaluru,2015-12-20,60.44,65.74,17.24,43.97,33.82,26.04,1.44,5.29,20.05,1.17,1.19,,97.0,Satisfactory
Bengaluru,2015-12-21,48.4,72.52,18.51,53.53,39.72,30.54,1.18,5.5,21.95,1.33,1.35,,102.0,Moderate
Bengaluru,2015-12-22,49.54,84.48,22.95,65.66,49.45,34.27,1.32,5.61,20.0,1.96,1.69,,104.0,Moderate
Bengaluru,2015-12-23,49.42,74.68,20.35,55.38,42.2,36.34,1.62,5.47,24.06,1.58,1.24,,96.0,Satisfactory
Bengaluru,2015-12-24,61.58,81.49,20.86,56.16,42.26,44.44,1.29,5.38,36.04,1.41,1.22,,114.0,Moderate
Bengaluru,2015-12-25,68.48,81.97,17.96,51.22,37.33,24.77,1.25,5.66,40.78,1.12,2.26,,110.0,Moderate
Bengaluru,2015-12-26,57.15,63.84,15.88,42.79,31.61,18.88,1.2,5.44,41.39,1.12,1.16,,109.0,Moderate
Bengaluru,2015-12-27,76.35,76.37,16.45,42.69,31.61,14.76,1.54,5.71,59.62,1.15,0.94,,115.0,Moderate
Bengaluru,2015-12-28,85.66,83.91,22.68,56.3,42.44,41.98,1.77,6.01,59.5,1.21,1.05,,149.0,Moderate
Bengaluru,2015-12-29,49.06,73.13,20.76,54.12,40.51,24.83,1.58,6.39,31.55,1.43,1.12,,122.0,Moderate
Bengaluru,2015-12-30,48.16,74.0,22.45,59.75,44.59,21.42,0.85,6.94,31.0,1.59,1.44,,91.0,Satisfactory
Bengaluru,2015-12-31,71.06,74.39,20.87,61.97,44.85,26.49,1.49,7.22,36.94,1.53,1.18,,131.0,Moderate
Bengaluru,2016-01-01,56.4,95.08,13.8,51.73,34.31,14.68,0.69,7.44,55.96,0.91,0.78,,101.0,Moderate
Bengaluru,2016-01-02,53.69,93.92,26.49,73.09,54.77,16.05,0.76,8.67,34.06,1.88,1.18,,92.0,Satisfactory
Bengaluru,2016-01-03,62.35,99.34,24.56,77.77,55.6,16.37,0.96,9.1,47.62,2.36,1.14,,108.0,Moderate
Bengaluru,2016-01-04,64.96,104.62,18.56,77.07,50.81,14.18,0.89,8.87,50.62,1.95,1.33,,109.0,Moderate
Bengaluru,2016-01-05,70.15,105.12,23.56,79.43,56.05,16.97,0.85,9.41,36.94,1.92,1.26,,114.0,Moderate
Bengaluru,2016-01-06,68.22,91.74,29.68,68.5,55.38,16.71,0.93,14.23,45.98,1.25,1.11,,121.0,Moderate
Bengaluru,2016-01-07,68.74,74.3,42.37,53.25,58.6,26.13,0.79,23.65,23.19,27.62,16.12,,116.0,Moderate
Bengaluru,2016-01-08,67.9,62.77,46.57,51.09,60.65,22.84,0.66,14.17,8.59,1.01,0.5,,117.0,Moderate
Bengaluru,2016-01-09,79.8,74.11,57.18,64.04,86.73,21.32,0.79,14.65,10.66,2.62,0.55,,143.0,Moderate
Bengaluru,2016-01-10,76.18,63.19,38.5,46.46,52.1,11.01,0.8,15.02,14.39,2.29,0.55,,168.0,Moderate
Bengaluru,2016-01-11,61.48,53.24,23.76,39.43,62.48,10.72,0.78,11.53,19.51,1.67,1.35,,122.0,Moderate
Bengaluru,2016-01-12,73.5,,9.37,39.55,27.55,12.27,1.3,4.65,21.45,1.76,0.74,,122.0,Moderate
Bengaluru,2016-01-13,70.78,160.0,11.43,55.91,37.72,12.06,1.02,10.59,24.48,1.56,0.94,,146.0,Moderate
Bengaluru,2016-01-14,75.01,172.02,16.92,70.58,49.75,19.63,0.84,13.99,22.94,1.56,0.5,,152.0,Moderate
Bengaluru,2016-01-15,42.84,160.87,11.69,50.76,34.73,,0.78,17.8,25.71,1.14,0.28,,119.0,Moderate
Bengaluru,2016-01-16,77.23,235.32,35.73,83.2,94.37,16.11,1.02,15.22,22.72,1.36,0.69,,130.0,Moderate
Bengaluru,2016-01-17,68.98,149.82,86.51,110.24,147.06,10.83,0.78,14.5,17.73,0.97,0.37,,253.0,Poor
Bengaluru,2016-01-18,73.89,133.08,95.19,77.38,110.35,16.09,0.97,18.94,20.92,1.05,0.51,,219.0,Poor
Bengaluru,2016-01-19,75.45,113.92,44.25,72.62,71.08,20.9,0.98,24.0,23.09,0.67,0.54,,146.0,Moderate
Bengaluru,2016-01-20,78.07,122.54,43.53,45.06,55.6,28.94,0.97,24.02,17.64,0.95,0.68,,170.0,Moderate
Bengaluru,2016-01-21,53.45,62.27,44.68,34.63,50.76,43.57,0.93,18.54,20.57,0.62,0.52,,117.0,Moderate
Bengaluru,2016-01-22,63.58,150.78,48.29,41.69,57.18,26.58,1.15,13.94,22.0,0.84,0.42,,113.0,Moderate
Bengaluru,2016-01-23,57.91,133.63,33.73,29.72,40.25,16.27,1.08,11.77,11.02,0.81,0.34,,146.0,Moderate
Bengaluru,2016-01-24,41.36,92.58,24.11,35.97,35.05,14.08,0.99,5.66,15.4,0.76,0.31,,102.0,Moderate
Bengaluru,2016-01-25,51.7,121.42,15.35,51.13,35.03,19.55,1.23,7.78,18.12,0.64,0.84,,98.0,Satisfactory
Bengaluru,2016-01-26,54.34,108.47,7.72,45.69,28.2,17.79,1.04,8.68,26.95,0.63,0.59,,104.0,Moderate
Bengaluru,2016-01-27,54.33,76.37,14.67,41.42,32.76,20.6,1.05,8.73,17.6,0.89,0.7,,91.0,Satisfactory
Bengaluru,2016-01-28,84.84,50.03,20.32,36.42,34.42,53.81,1.16,2.96,17.21,1.38,0.81,,118.0,Moderate
Bengaluru,2016-01-29,87.02,83.23,7.3,36.39,23.82,22.43,1.12,3.02,26.32,1.45,0.76,,175.0,Moderate
Bengaluru,2016-01-30,71.42,130.22,8.62,37.09,25.13,20.22,1.21,4.28,23.31,1.02,0.64,,149.0,Moderate
Bengaluru,2016-01-31,119.16,218.27,15.82,48.59,36.49,33.27,1.32,6.07,23.3,2.02,0.94,,183.0,Moderate
Bengaluru,2016-02-01,84.45,158.01,15.81,55.88,40.35,30.23,1.85,6.34,17.17,1.16,1.26,,184.0,Moderate
Bengaluru,2016-02-02,76.8,159.14,17.4,55.92,41.2,27.39,1.39,5.9,15.86,1.84,0.73,,156.0,Moderate
Bengaluru,2016-02-03,75.57,193.59,13.74,62.78,41.28,23.28,1.9,5.54,25.77,1.72,0.68,,153.0,Moderate
Bengaluru,2016-02-04,74.6,152.36,10.79,49.76,32.57,22.79,1.6,5.13,28.21,1.67,0.75,,141.0,Moderate
Bengaluru,2016-02-05,72.11,121.86,9.3,49.34,31.63,21.72,1.37,4.07,31.13,1.4,0.56,,139.0,Moderate
Bengaluru,2016-02-06,63.42,169.11,5.2,45.84,25.16,19.25,1.81,3.74,32.4,0.8,0.56,,154.0,Moderate
Bengaluru,2016-02-07,82.78,351.51,4.31,84.52,35.82,19.97,3.28,2.76,37.66,0.89,0.66,,199.0,Moderate
Bengaluru,2016-02-08,75.98,154.26,3.23,46.99,21.56,18.87,1.59,3.49,31.18,0.6,0.59,,182.0,Moderate
Bengaluru,2016-02-09,85.33,223.57,6.7,59.41,30.85,20.89,2.19,9.71,35.63,0.88,0.7,,175.0,Moderate
Bengaluru,2016-02-10,84.32,256.75,5.88,46.66,26.54,20.63,2.2,14.25,49.77,1.36,0.54,,191.0,Moderate
Bengaluru,2016-02-11,91.95,190.47,5.85,45.44,25.01,17.12,2.06,23.66,58.94,2.4,0.9,,203.0,Poor
Bengaluru,2016-02-12,83.66,164.48,6.15,49.77,26.13,19.85,1.7,5.25,67.3,1.67,0.76,,154.0,Moderate
Bengaluru,2016-02-13,85.96,146.45,8.34,56.54,33.17,17.34,1.69,4.73,63.27,1.21,0.56,,160.0,Moderate
Bengaluru,2016-02-14,62.08,113.87,20.4,43.41,39.5,15.09,1.46,3.14,57.1,1.47,0.34,,136.0,Moderate
Bengaluru,2016-02-15,56.57,100.3,10.84,35.08,33.68,40.86,1.73,4.27,37.83,1.19,0.41,,107.0,Moderate
Bengaluru,2016-02-16,42.58,108.68,9.51,23.5,19.24,27.19,1.51,3.45,31.32,0.68,0.37,,88.0,Satisfactory
Bengaluru,2016-02-17,49.6,145.32,9.96,24.34,19.72,24.05,1.66,4.46,25.02,0.94,0.34,,105.0,Moderate
Bengaluru,2016-02-18,54.56,138.17,10.56,19.86,17.74,,1.51,4.12,29.33,0.74,0.26,,111.0,Moderate
Bengaluru,2016-02-19,44.26,146.23,10.47,26.16,20.93,25.75,1.51,3.9,42.53,1.22,0.35,,117.0,Moderate
Bengaluru,2016-02-20,53.12,116.89,9.46,30.94,22.89,29.92,1.47,3.2,36.37,0.98,0.46,,113.0,Moderate
Bengaluru,2016-02-21,57.32,107.54,10.18,34.98,25.44,29.87,1.45,2.88,49.63,1.16,0.5,,115.0,Moderate
Bengaluru,2016-02-22,90.07,127.67,7.72,32.23,22.31,29.34,1.57,3.26,38.32,1.01,0.45,,145.0,Moderate
Bengaluru,2016-02-23,134.69,142.12,4.88,32.14,20.48,30.6,1.12,2.99,42.23,1.08,0.47,,177.0,Moderate
Bengaluru,2016-02-24,110.05,100.07,11.92,38.67,25.42,28.79,0.94,4.85,59.43,0.89,0.58,,198.0,Moderate
Bengaluru,2016-02-25,66.98,100.6,9.08,37.3,25.34,27.07,0.73,6.91,64.9,0.89,0.54,,165.0,Moderate
Bengaluru,2016-02-26,51.96,102.39,10.53,28.51,22.43,24.1,0.94,5.29,37.26,0.51,0.48,,124.0,Moderate
Bengaluru,2016-02-27,36.28,98.29,12.77,41.88,27.18,5.47,0.81,3.09,30.33,0.45,0.2,,88.0,Satisfactory
Bengaluru,2016-02-28,35.63,115.9,12.59,47.36,24.09,4.09,0.79,3.52,29.08,0.67,0.27,,88.0,Satisfactory
Bengaluru,2016-02-29,41.64,144.04,11.73,30.64,23.56,3.83,1.01,3.16,39.28,0.74,0.3,,105.0,Moderate
Bengaluru,2016-03-01,39.21,154.64,42.33,42.55,51.48,13.53,0.84,3.5,37.68,0.81,0.28,,118.0,Moderate
Bengaluru,2016-03-02,42.17,134.78,19.36,33.44,29.43,22.47,0.56,2.24,31.99,0.87,0.32,,132.0,Moderate
Bengaluru,2016-03-03,54.91,148.57,6.3,31.09,18.25,22.73,0.58,1.91,49.42,0.87,0.47,,121.0,Moderate
Bengaluru,2016-03-04,54.04,137.04,9.52,38.09,25.03,21.95,0.62,2.45,42.21,1.02,0.49,,136.0,Moderate
Bengaluru,2016-03-05,55.72,132.73,5.47,31.96,18.66,23.49,1.68,2.36,38.54,0.94,0.37,,153.0,Moderate
Bengaluru,2016-03-06,45.98,120.86,3.63,22.73,12.1,23.84,0.77,2.12,49.65,0.62,0.32,,135.0,Moderate
Bengaluru,2016-03-07,43.69,120.32,4.16,24.23,13.82,23.77,0.58,2.05,45.07,0.63,0.35,,111.0,Moderate
Bengaluru,2016-03-08,44.74,122.4,10.23,41.83,24.9,23.93,1.41,2.82,49.67,0.92,0.43,,135.0,Moderate
Bengaluru,2016-03-09,51.06,150.19,10.44,47.14,30.04,33.25,0.97,4.02,38.62,0.94,0.46,,123.0,Moderate
Bengaluru,2016-03-10,53.1,161.1,13.13,43.2,34.09,31.23,1.51,3.14,35.52,0.96,0.55,,146.0,Moderate
Bengaluru,2016-03-11,60.7,173.24,13.82,36.11,33.16,33.7,1.03,3.61,40.0,4.06,1.47,,155.0,Moderate
Bengaluru,2016-03-12,59.53,163.88,7.19,26.64,19.89,26.04,0.86,3.0,58.17,2.83,1.59,,144.0,Moderate
Bengaluru,2016-03-13,64.29,144.67,5.68,21.86,14.6,21.27,0.57,2.75,68.09,1.8,1.2,,149.0,Moderate
Bengaluru,2016-03-14,67.65,148.74,6.95,33.09,20.19,23.37,0.79,2.95,77.42,1.67,1.76,,158.0,Moderate
Bengaluru,2016-03-15,68.48,144.33,15.88,36.46,25.68,24.7,1.28,2.93,47.78,1.68,1.25,,175.0,Moderate
Bengaluru,2016-03-16,76.33,144.2,11.08,39.12,26.5,36.52,1.19,2.85,98.66,3.0,2.51,,139.0,Moderate
Bengaluru,2016-03-17,72.22,151.36,11.89,25.76,18.7,29.15,0.89,3.24,39.82,1.41,1.65,,145.0,Moderate
Bengaluru,2016-03-18,60.58,194.0,7.91,18.32,15.69,26.55,0.96,2.89,35.81,1.49,1.3,,151.0,Moderate
Bengaluru,2016-03-19,98.29,206.35,10.49,32.29,24.48,29.65,1.22,2.53,33.32,2.42,1.62,,158.0,Moderate
Bengaluru,2016-03-20,239.54,189.8,3.12,14.6,9.98,27.35,1.2,1.57,,,1.28,,253.0,Poor
Bengaluru,2016-03-21,121.43,164.52,8.95,59.53,35.01,32.86,0.91,2.47,56.77,1.91,3.13,,264.0,Poor
Bengaluru,2016-03-22,66.36,190.04,9.51,62.46,37.08,32.7,0.98,3.93,43.14,1.74,2.25,,155.0,Moderate
Bengaluru,2016-03-23,29.73,186.28,10.09,46.26,35.81,29.53,0.52,2.38,49.68,1.11,1.05,,137.0,Moderate
Bengaluru,2016-03-24,34.49,180.42,7.52,34.43,22.68,24.5,0.92,3.92,46.87,1.19,1.06,,119.0,Moderate
Bengaluru,2016-03-25,32.59,183.03,4.59,28.33,14.13,22.9,0.9,3.22,55.02,1.85,1.27,,137.0,Moderate
Bengaluru,2016-03-26,56.05,165.97,6.3,29.32,19.1,32.86,2.11,5.56,57.03,2.72,3.04,,149.0,Moderate
Bengaluru,2016-03-27,63.5,175.45,4.97,30.19,18.63,42.56,0.82,5.39,89.88,2.36,2.12,,156.0,Moderate
Bengaluru,2016-03-28,57.92,157.8,6.37,35.15,22.21,50.0,0.86,6.06,48.81,1.95,1.18,,123.0,Moderate
Bengaluru,2016-03-29,48.28,162.1,5.17,23.54,15.33,24.05,0.87,3.42,40.43,1.49,1.17,,118.0,Moderate
Bengaluru,2016-03-30,42.65,142.17,5.45,25.51,16.91,22.67,0.86,4.7,35.06,1.53,1.93,,107.0,Moderate
Bengaluru,2016-03-31,50.78,156.52,5.35,32.46,21.42,23.75,0.82,3.72,44.42,1.85,1.42,,111.0,Moderate
Bengaluru,2016-04-01,49.33,150.05,7.72,35.55,24.09,23.19,0.87,4.51,38.74,2.17,1.61,,106.0,Moderate
Bengaluru,2016-04-02,51.78,159.41,10.62,36.29,25.48,29.64,0.62,2.51,34.73,3.16,2.03,,112.0,Moderate
Bengaluru,2016-04-03,53.54,157.92,8.11,26.49,18.69,19.18,1.0,2.97,34.38,3.58,1.85,,110.0,Moderate
Bengaluru,2016-04-04,54.8,165.25,12.49,39.97,28.58,45.69,0.85,4.65,26.66,4.25,2.3,,114.0,Moderate
Bengaluru,2016-04-05,49.84,215.52,19.66,50.15,45.68,22.62,1.11,4.27,29.98,3.43,2.08,,118.0,Moderate
Bengaluru,2016-04-06,63.16,254.77,7.65,52.29,24.61,28.88,1.18,3.67,43.57,2.12,1.84,,154.0,Moderate
Bengaluru,2016-04-07,46.24,208.97,3.14,17.79,10.68,23.17,1.19,3.17,67.46,3.08,1.81,,179.0,Moderate
Bengaluru,2016-04-08,34.18,318.02,3.97,17.37,11.52,19.5,1.03,2.2,58.76,1.56,0.9,,102.0,Moderate
Bengaluru,2016-04-09,33.01,152.78,27.61,38.54,32.63,18.87,1.13,3.61,53.57,1.42,0.94,,170.0,Moderate
Bengaluru,2016-04-10,31.3,144.68,4.2,19.45,13.01,16.4,1.03,2.75,62.4,1.34,0.99,,112.0,Moderate
Bengaluru,2016-04-11,31.68,159.23,4.37,19.05,12.52,20.63,1.86,2.87,58.82,1.78,1.32,,138.0,Moderate
Bengaluru,2016-04-12,36.98,177.82,3.86,14.71,9.61,17.27,1.25,3.1,74.34,2.44,1.9,,121.0,Moderate
Bengaluru,2016-04-13,36.88,159.45,16.58,30.43,26.02,30.91,0.81,5.44,60.73,1.39,1.14,,118.0,Moderate
Bengaluru,2016-04-14,35.46,224.24,9.73,31.64,23.58,25.67,1.08,3.19,109.97,0.98,1.14,,171.0,Moderate
Bengaluru,2016-04-15,35.31,196.65,6.29,18.99,14.15,26.03,1.07,3.9,76.46,1.74,1.19,,156.0,Moderate
Bengaluru,2016-04-16,34.85,171.26,4.84,10.08,8.09,26.81,1.02,3.06,67.25,1.09,1.14,,140.0,Moderate
Bengaluru,2016-04-17,36.9,145.98,3.37,9.89,7.11,24.31,0.78,2.36,77.75,2.29,1.41,,114.0,Moderate
Bengaluru,2016-04-18,38.81,158.75,5.65,16.09,11.74,25.84,1.37,2.74,49.33,3.09,2.52,,138.0,Moderate
Bengaluru,2016-04-19,34.65,134.47,4.35,12.86,9.5,25.01,1.87,2.71,50.77,2.86,2.91,,137.0,Moderate
Bengaluru,2016-04-20,31.89,160.06,4.69,19.53,10.82,25.6,1.65,3.82,62.54,6.46,4.3,,134.0,Moderate
Bengaluru,2016-04-21,33.61,168.98,5.82,13.97,11.33,22.65,0.64,6.92,65.97,9.52,6.04,,119.0,Moderate
Bengaluru,2016-04-22,34.83,130.54,6.28,10.21,9.96,26.41,0.94,4.09,48.47,9.6,5.93,,98.0,Satisfactory
Bengaluru,2016-04-23,39.01,107.52,9.13,19.84,18.09,27.43,0.98,3.9,49.78,14.91,7.88,,107.0,Moderate
Bengaluru,2016-04-24,39.53,92.73,7.26,19.55,15.68,20.86,2.09,4.16,47.44,16.39,8.95,,150.0,Moderate
Bengaluru,2016-04-25,37.17,103.22,6.77,16.25,13.99,25.49,0.71,3.39,47.77,5.19,4.95,,94.0,Satisfactory
Bengaluru,2016-04-26,39.88,68.46,7.67,21.35,16.08,24.94,0.72,3.74,56.94,11.29,6.26,,85.0,Satisfactory
Bengaluru,2016-04-27,32.59,56.09,5.91,22.96,15.81,19.65,1.53,5.23,43.48,3.72,3.43,,115.0,Moderate
Bengaluru,2016-04-28,47.42,54.05,20.84,22.55,33.44,18.06,0.6,5.65,39.29,7.21,11.94,,74.0,Satisfactory
Bengaluru,2016-04-29,48.78,58.28,5.64,23.05,16.42,17.12,0.67,4.34,47.83,8.11,5.52,,88.0,Satisfactory
Bengaluru,2016-04-30,46.6,59.08,9.97,20.19,21.66,17.48,0.82,4.12,53.75,5.29,3.32,,86.0,Satisfactory
Bengaluru,2016-05-01,35.86,63.4,4.47,23.12,15.99,16.11,0.49,4.17,74.38,5.35,4.4,,87.0,Satisfactory
Bengaluru,2016-05-02,39.87,63.61,8.72,28.17,18.17,19.71,0.62,5.62,68.49,5.57,4.86,,99.0,Satisfactory
Bengaluru,2016-05-03,40.79,63.42,6.61,43.48,25.98,20.1,0.6,4.37,46.14,4.44,7.41,,80.0,Satisfactory
Bengaluru,2016-05-04,57.96,56.57,4.08,32.02,18.21,16.71,0.55,4.58,45.77,3.68,5.24,,102.0,Moderate
Bengaluru,2016-05-05,46.0,58.14,13.5,34.28,24.08,17.66,0.66,7.17,40.96,6.79,6.71,,76.0,Satisfactory
Bengaluru,2016-05-06,23.99,35.12,2.85,19.03,11.43,16.79,1.15,4.1,95.21,1.74,2.88,,59.0,Satisfactory
Bengaluru,2016-05-07,27.21,44.02,26.89,34.02,34.92,17.82,0.69,3.15,53.32,2.45,5.18,,67.0,Satisfactory
Bengaluru,2016-05-08,26.43,42.02,69.97,75.84,64.74,16.68,0.6,2.89,52.09,1.77,4.01,,107.0,Moderate
Bengaluru,2016-05-09,20.46,34.82,6.44,26.1,15.86,16.5,0.6,3.66,58.13,3.77,5.69,,95.0,Satisfactory
Bengaluru,2016-05-10,32.5,230.2,5.74,20.91,14.43,16.75,0.99,4.01,50.62,2.74,6.69,,72.0,Satisfactory
Bengaluru,2016-05-11,57.81,50.58,4.39,12.56,8.77,16.13,0.88,3.11,45.59,2.98,6.78,,91.0,Satisfactory
Bengaluru,2016-05-12,31.19,54.8,7.37,14.44,13.47,19.08,0.67,3.77,54.95,2.79,7.96,,88.0,Satisfactory
Bengaluru,2016-05-13,34.06,45.82,5.54,10.89,8.46,23.06,0.72,4.08,70.86,3.24,5.73,,86.0,Satisfactory
Bengaluru,2016-05-14,33.05,52.87,22.08,31.46,28.58,,0.61,2.78,53.86,3.5,5.65,,78.0,Satisfactory
Bengaluru,2016-05-15,28.39,46.27,4.27,11.86,9.25,,0.46,2.94,41.46,2.06,3.53,,65.0,Satisfactory
Bengaluru,2016-05-16,27.01,39.39,6.67,18.35,15.54,19.96,0.91,4.16,22.93,3.3,3.76,,50.0,Good
Bengaluru,2016-05-17,36.67,42.55,5.28,21.65,15.22,11.28,0.61,3.71,20.18,2.48,4.97,,74.0,Satisfactory
Bengaluru,2016-05-18,27.51,41.15,11.01,23.46,20.58,36.19,0.47,5.04,20.14,2.43,7.06,,47.0,Good
Bengaluru,2016-05-19,28.47,29.97,2.66,5.53,4.62,7.22,0.56,4.42,32.59,1.54,2.92,,46.0,Good
Bengaluru,2016-05-20,22.27,33.48,2.09,10.54,6.35,7.84,0.52,3.81,30.79,1.32,3.34,,48.0,Good
Bengaluru,2016-05-21,42.52,41.96,1.96,8.91,5.78,8.66,0.42,4.46,29.76,1.35,3.81,,35.0,Good
Bengaluru,2016-05-22,152.94,43.16,1.41,9.86,5.87,9.56,1.08,3.36,27.96,1.99,12.03,,83.0,Satisfactory
Bengaluru,2016-05-23,28.65,52.72,1.84,11.01,6.74,9.71,0.78,3.91,32.6,2.03,5.53,,173.0,Moderate
Bengaluru,2016-05-24,25.75,40.98,1.55,6.83,4.57,10.37,0.42,4.91,31.86,1.28,3.75,,50.0,Good
Bengaluru,2016-05-25,,32.45,2.12,8.52,5.85,24.05,0.43,5.53,,,1.29,,37.0,Good
Bengaluru,2016-05-26,,34.84,1.87,8.02,5.43,21.54,0.49,7.0,,,1.23,,33.0,Good
Bengaluru,2016-05-27,,39.88,1.78,7.12,4.86,21.52,0.43,5.81,,,1.14,,38.0,Good
Bengaluru,2016-05-28,,36.26,1.82,7.81,5.28,21.36,0.43,4.2,,,1.15,,38.0,Good
Bengaluru,2016-05-29,,19.21,1.69,7.3,4.9,17.98,0.49,2.55,,,1.19,,27.0,Good
Bengaluru,2016-05-30,35.98,29.59,3.03,14.57,9.75,30.8,0.76,4.5,,,1.93,,26.0,Good
Bengaluru,2016-05-31,27.6,32.09,5.0,25.1,16.73,56.94,0.65,4.83,,,1.64,,47.0,Good
Bengaluru,2016-06-01,17.15,26.07,4.41,31.6,19.55,75.14,0.4,4.74,,,1.58,,49.0,Good
Bengaluru,2016-06-02,17.71,21.58,3.79,18.64,12.31,29.71,0.43,2.68,,,1.14,,43.0,Good
Bengaluru,2016-06-03,,33.69,2.59,10.15,6.67,,0.39,1.9,,,,,29.0,Good
Bengaluru,2016-06-04,,28.67,2.41,10.81,6.86,,0.41,2.15,,,,,30.0,Good
Bengaluru,2016-06-05,,32.38,2.18,9.08,5.85,,0.36,2.18,,,,,33.0,Good
Bengaluru,2016-06-06,,21.86,2.14,8.56,5.56,,0.33,1.82,,,,,26.0,Good
Bengaluru,2016-06-07,,20.31,2.6,11.68,7.43,,0.36,1.69,,,,,23.0,Good
Bengaluru,2016-06-08,,19.38,2.25,9.28,5.99,,0.34,2.24,,,,,20.0,Good
Bengaluru,2016-06-09,,20.5,2.23,9.93,6.3,,0.38,2.14,,,,,,
Bengaluru,2016-06-10,,19.97,2.3,10.05,6.41,,0.37,2.28,,,,,20.0,Good
Bengaluru,2016-06-11,,21.74,2.11,10.14,6.31,,0.35,2.17,,,,,20.0,Good
Bengaluru,2016-06-12,,24.12,2.01,8.84,5.6,,0.34,1.99,,,,,23.0,Good
Bengaluru,2016-06-13,,23.79,2.28,9.8,6.27,,0.34,2.16,,,,,26.0,Good
Bengaluru,2016-06-14,,23.6,2.62,12.82,7.99,,0.41,2.02,,,,,23.0,Good
Bengaluru,2016-06-15,,38.42,2.47,14.43,8.67,,0.4,2.09,,,,,26.0,Good
Bengaluru,2016-06-16,,27.07,2.27,10.93,6.81,,0.34,2.0,,,,,40.0,Good
Bengaluru,2016-06-17,33.9,48.51,5.99,18.94,14.16,38.77,0.97,3.39,14.93,1.75,9.06,,28.0,Good
Bengaluru,2016-06-18,31.98,80.7,7.93,20.46,17.06,34.41,3.8,4.05,9.69,1.59,4.16,,156.0,Moderate
Bengaluru,2016-06-19,26.77,105.43,6.42,15.29,10.44,31.78,4.02,4.64,11.99,1.01,2.51,,195.0,Moderate
Bengaluru,2016-06-20,27.61,72.63,9.28,21.69,16.62,37.12,2.12,4.5,10.92,1.16,1.58,,137.0,Moderate
Bengaluru,2016-06-21,28.24,194.62,6.57,15.81,14.49,36.79,0.47,7.48,,,0.4,,71.0,Satisfactory
Bengaluru,2016-06-22,29.83,23.86,5.48,17.61,12.97,32.55,0.33,1.79,31.87,1.57,2.94,,77.0,Satisfactory
Bengaluru,2016-06-23,19.0,15.46,3.39,16.91,9.84,32.35,1.61,1.9,53.33,1.11,2.73,,143.0,Moderate
Bengaluru,2016-06-24,15.04,23.51,3.91,17.15,9.58,30.59,5.43,1.73,65.62,0.95,1.96,,181.0,Moderate
Bengaluru,2016-06-25,,,,,,,,,,,,,31.0,Good
Bengaluru,2016-06-26,,,,,,,,,,,,,,
Bengaluru,2016-06-27,16.54,48.92,9.12,26.15,19.61,43.21,3.02,2.1,45.27,1.27,2.65,,33.0,Good
Bengaluru,2016-06-28,27.23,34.13,8.54,23.71,21.32,45.56,3.63,1.87,38.45,1.08,2.2,,151.0,Moderate
Bengaluru,2016-06-29,115.98,17.1,8.59,24.19,19.33,44.18,2.48,1.58,39.09,0.97,2.58,,174.0,Moderate
Bengaluru,2016-06-30,13.95,48.92,7.33,20.42,16.49,37.66,3.55,1.86,39.53,0.95,1.91,,154.0,Moderate
Bengaluru,2016-07-01,25.0,35.36,5.42,19.59,17.99,41.94,5.62,1.26,44.86,0.87,1.8,,208.0,Poor
Bengaluru,2016-07-02,31.8,9.93,3.27,15.96,10.19,35.09,6.28,1.1,51.84,0.79,2.05,,192.0,Moderate
Bengaluru,2016-07-03,17.36,30.52,10.96,20.82,16.04,29.15,7.87,1.54,42.29,0.77,2.03,,238.0,Poor
Bengaluru,2016-07-04,19.4,112.27,12.8,23.11,19.0,32.37,4.04,1.86,33.37,1.07,2.26,,160.0,Moderate
Bengaluru,2016-07-05,18.36,57.25,10.01,19.9,17.76,31.94,2.27,2.18,35.67,0.53,0.53,,83.0,Satisfactory
Bengaluru,2016-07-06,17.26,42.66,6.0,13.18,13.25,32.42,0.42,1.77,,,0.31,,56.0,Satisfactory
Bengaluru,2016-07-07,15.02,33.56,3.18,13.05,11.82,35.53,1.28,2.96,,,2.09,,141.0,Moderate
Bengaluru,2016-07-08,,49.66,8.12,18.6,16.82,28.85,0.57,5.22,,,0.32,,43.0,Good
Bengaluru,2016-07-09,,51.22,7.27,15.69,14.37,28.08,0.46,4.04,,,0.31,,65.0,Satisfactory
Bengaluru,2016-07-10,8.98,27.9,3.12,8.98,9.0,25.57,0.38,2.23,,,0.34,,30.0,Good
Bengaluru,2016-07-11,,51.32,3.64,13.36,10.15,24.14,0.53,3.13,,,0.27,,40.0,Good
Bengaluru,2016-07-12,,41.88,3.17,11.15,8.45,17.58,1.51,3.46,,,9.14,,54.0,Satisfactory
Bengaluru,2016-07-13,,40.21,3.27,7.84,5.83,14.47,0.55,1.94,,,,,41.0,Good
Bengaluru,2016-07-14,,52.13,6.23,14.43,11.43,18.34,0.61,2.89,,,,,42.0,Good
Bengaluru,2016-07-15,,39.43,9.54,23.36,17.74,15.33,1.48,2.96,,,38.52,,54.0,Satisfactory
Bengaluru,2016-07-16,,33.87,13.06,33.33,25.12,,0.69,2.8,,,,,61.0,Satisfactory
Bengaluru,2016-07-17,,42.24,10.92,20.74,17.38,12.73,0.74,1.84,,,0.0,,70.0,Satisfactory
Bengaluru,2016-07-18,218.17,30.53,5.39,10.49,8.64,15.8,2.63,3.62,,,15.69,,62.0,Satisfactory
Bengaluru,2016-07-19,55.51,25.62,4.49,10.06,10.14,18.58,5.8,2.87,,,19.31,,308.0,Very Poor
Bengaluru,2016-07-20,25.56,29.45,5.78,12.58,10.7,14.64,0.46,4.45,31.06,2.88,5.47,,,
Bengaluru,2016-07-21,26.7,21.82,30.59,56.7,44.21,11.35,0.48,2.77,,,,,,
Bengaluru,2016-07-22,20.15,77.75,19.25,39.62,31.59,17.94,0.75,2.87,,,,,,
Bengaluru,2016-07-23,,56.61,11.65,20.88,17.82,,0.51,2.31,,,,,82.0,Satisfactory
Bengaluru,2016-07-24,12.42,,6.1,5.22,8.97,8.41,5.23,0.87,,,5.23,,,
Bengaluru,2016-07-25,11.01,112.53,11.53,29.17,20.7,8.36,0.64,2.96,43.27,2.13,5.82,,,
Bengaluru,2016-07-26,32.56,,4.66,4.44,7.48,10.29,1.01,1.39,,,1.01,,,
Bengaluru,2016-07-27,22.79,,6.29,3.0,7.66,15.69,,4.7,,,,,36.0,Good
Bengaluru,2016-07-28,17.0,97.59,10.12,10.29,12.98,15.8,0.91,1.58,,,,,36.0,Good
Bengaluru,2016-07-29,22.19,46.72,11.37,16.14,15.42,10.82,0.53,1.06,,,,,55.0,Satisfactory
Bengaluru,2016-07-30,8.74,62.96,9.58,10.3,11.75,13.48,0.47,1.28,,,,,58.0,Satisfactory
Bengaluru,2016-07-31,18.9,138.45,24.37,30.71,28.43,21.24,0.83,1.86,,,,,37.0,Good
Bengaluru,2016-08-01,17.54,69.17,39.37,30.36,20.54,2.09,0.58,2.44,,,,,72.0,Satisfactory
Bengaluru,2016-08-02,20.06,95.02,6.15,9.27,10.25,0.15,0.69,1.53,,,,,33.0,Good
Bengaluru,2016-08-03,19.91,77.41,8.17,18.42,14.77,0.68,0.63,1.63,,,,,53.0,Satisfactory
Bengaluru,2016-08-04,14.66,51.42,6.68,17.36,13.59,0.33,0.45,1.52,,,,,64.0,Satisfactory
Bengaluru,2016-08-05,,34.42,3.89,12.5,8.79,,0.61,2.85,,,,,,
Bengaluru,2016-08-06,,,,,15.91,,0.0,,,,,,,
Bengaluru,2016-08-07,,,,,10.86,,0.0,,,,0.0,,,
Bengaluru,2016-08-08,,38.47,2.9,12.73,13.83,,0.01,3.96,,,0.0,,,
Bengaluru,2016-08-09,,38.09,2.87,10.08,13.08,,0.05,4.63,,,0.0,,,
Bengaluru,2016-08-10,,,,,10.95,,0.0,,,0.0,0.0,,,
Bengaluru,2016-08-11,31.42,60.6,4.21,14.68,7.77,40.48,1.37,2.3,32.72,0.43,0.93,,,
Bengaluru,2016-08-12,25.09,,5.21,8.97,6.48,40.88,45.96,1.24,16.55,1.44,4.18,,46.0,Good
Bengaluru,2016-08-13,21.94,,5.07,8.83,7.15,40.67,47.93,1.37,18.87,1.29,1.75,,37.0,Good
Bengaluru,2016-08-14,21.57,97.04,5.63,14.87,7.1,40.59,3.59,1.75,19.82,4.29,2.84,,38.0,Good
Bengaluru,2016-08-15,14.38,61.19,4.9,12.56,6.76,40.86,3.34,2.31,21.54,,1.08,,49.0,Good
Bengaluru,2016-08-16,101.09,55.19,5.23,12.41,7.33,40.69,0.56,3.03,20.49,,,,71.0,Satisfactory
Bengaluru,2016-08-17,33.05,83.6,6.58,16.2,5.75,40.91,1.59,2.63,20.28,,,,229.0,Poor
Bengaluru,2016-08-18,39.14,63.13,4.93,15.46,4.7,40.66,0.52,2.72,21.74,,,,68.0,Satisfactory
Bengaluru,2016-08-19,41.43,18.46,5.95,18.34,1.75,40.69,0.47,2.87,26.26,,4.08,,64.0,Satisfactory
Bengaluru,2016-08-20,100.39,13.98,5.88,21.01,1.98,40.31,0.49,3.66,26.14,,,,62.0,Satisfactory
Bengaluru,2016-08-21,56.45,11.73,4.82,17.24,3.35,40.82,0.41,2.72,28.1,,,,66.0,Satisfactory
Bengaluru,2016-08-22,35.4,29.35,4.85,15.82,2.91,40.19,0.22,2.88,22.79,,,,45.0,Good
Bengaluru,2016-08-23,43.43,77.31,4.74,16.31,3.97,40.51,0.38,3.06,25.25,,,,66.0,Satisfactory
Bengaluru,2016-08-24,34.99,73.18,4.35,17.43,2.31,40.31,0.41,3.13,23.74,,,,71.0,Satisfactory
Bengaluru,2016-08-25,15.02,62.79,3.54,18.74,0.59,41.23,0.59,4.94,26.6,,,,75.0,Satisfactory
Bengaluru,2016-08-26,29.31,51.59,4.63,23.2,0.47,40.74,0.39,3.39,25.06,,,,62.0,Satisfactory
Bengaluru,2016-08-27,19.65,66.91,4.85,22.46,2.32,40.27,0.55,3.66,25.17,,4.16,,77.0,Satisfactory
Bengaluru,2016-08-28,6.82,58.75,49.24,42.15,2.75,39.99,0.31,4.72,34.16,,,,48.0,Good
Bengaluru,2016-08-29,27.16,59.6,4.61,20.93,4.15,40.64,0.77,4.62,28.48,1.94,26.35,,47.0,Good
Bengaluru,2016-08-30,27.9,33.7,5.05,20.47,5.14,40.42,0.38,3.08,21.22,,,,57.0,Satisfactory
Bengaluru,2016-08-31,35.17,51.69,3.61,19.08,2.06,40.41,0.42,3.7,20.34,10.7,68.02,,49.0,Good
Bengaluru,2016-09-01,37.57,46.28,4.82,22.32,2.61,40.49,0.48,3.72,21.4,,4.53,,57.0,Satisfactory
Bengaluru,2016-09-02,23.25,72.41,4.13,21.96,0.67,40.36,0.48,4.45,22.36,,,,74.0,Satisfactory
Bengaluru,2016-09-03,31.08,74.7,4.38,19.42,4.38,40.4,0.51,2.9,24.83,,,,68.0,Satisfactory
Bengaluru,2016-09-04,37.35,59.38,3.16,20.08,1.91,40.42,0.38,2.33,22.29,,,,71.0,Satisfactory
Bengaluru,2016-09-05,22.49,51.96,2.72,25.1,1.07,40.48,0.3,2.78,23.62,,,,55.0,Satisfactory
Bengaluru,2016-09-06,37.14,64.32,4.29,32.8,2.76,40.36,0.43,2.93,22.96,,1.3,,59.0,Satisfactory
Bengaluru,2016-09-07,28.89,53.47,3.55,40.9,4.13,40.83,0.53,2.85,24.81,,,,60.0,Satisfactory
Bengaluru,2016-09-08,28.25,65.4,12.9,59.8,2.51,40.73,0.5,2.61,29.82,,,,55.0,Satisfactory
Bengaluru,2016-09-09,,55.92,8.49,40.18,0.0,,0.4,3.09,22.77,0.9,0.57,,68.0,Satisfactory
Bengaluru,2016-09-10,43.95,68.24,4.78,19.99,1.38,104.81,0.57,3.55,28.99,0.95,2.47,,84.0,Satisfactory
Bengaluru,2016-09-11,24.72,57.37,4.12,21.18,0.0,43.84,0.36,3.77,22.02,0.47,0.26,,64.0,Satisfactory
Bengaluru,2016-09-12,,62.86,5.69,16.07,0.0,,0.36,5.42,31.99,0.99,0.36,,60.0,Satisfactory
Bengaluru,2016-09-13,23.04,48.92,5.23,12.98,1.43,43.25,0.41,9.3,44.94,0.77,0.17,,60.0,Satisfactory
Bengaluru,2016-09-14,13.59,45.66,3.62,21.47,2.35,43.42,0.52,2.96,36.66,0.59,0.26,,60.0,Satisfactory
Bengaluru,2016-09-15,11.1,41.09,8.1,29.29,18.5,39.83,0.97,3.76,39.12,0.56,6.38,,74.0,Satisfactory
Bengaluru,2016-09-16,32.23,57.94,10.28,32.53,65.31,13.14,0.89,7.68,22.05,0.34,2.14,,66.0,Satisfactory
Bengaluru,2016-09-17,41.01,79.93,8.32,25.42,5.5,5.14,0.8,4.59,36.26,0.67,0.27,,70.0,Satisfactory
Bengaluru,2016-09-18,30.9,80.19,7.57,33.55,0.0,,0.51,4.13,16.27,0.81,0.35,,78.0,Satisfactory
Bengaluru,2016-09-19,26.31,49.89,4.44,30.0,12.86,24.8,0.25,3.38,19.1,0.82,0.36,,58.0,Satisfactory
Bengaluru,2016-09-20,32.98,44.55,4.23,26.31,12.71,30.77,0.2,4.3,16.09,0.81,0.35,,47.0,Good
Bengaluru,2016-09-21,43.4,33.79,4.89,26.08,8.49,55.78,0.38,5.07,17.18,1.0,0.39,,40.0,Good
Bengaluru,2016-09-22,32.46,52.66,4.99,23.58,11.01,35.92,0.52,4.53,22.04,1.96,4.97,,58.0,Satisfactory
Bengaluru,2016-09-23,26.6,103.69,6.32,21.48,8.74,120.07,0.46,5.37,16.37,5.2,1.46,,76.0,Satisfactory
Bengaluru,2016-09-24,39.41,102.24,7.88,29.0,10.48,84.68,0.52,3.87,10.98,0.5,2.27,,102.0,Moderate
Bengaluru,2016-09-25,10.22,131.33,5.23,33.14,0.0,,0.43,4.44,10.45,0.44,1.5,,84.0,Satisfactory
Bengaluru,2016-09-26,16.88,116.82,4.73,33.42,2.93,49.59,0.71,4.02,13.28,0.66,3.4,,90.0,Satisfactory
Bengaluru,2016-09-27,17.1,105.03,4.98,30.5,0.0,,0.64,4.07,14.12,0.68,2.88,,85.0,Satisfactory
Bengaluru,2016-09-28,46.14,95.12,5.1,26.83,18.81,28.28,1.08,5.66,14.51,0.89,4.03,,83.0,Satisfactory
Bengaluru,2016-09-29,55.24,71.0,5.51,26.2,25.54,36.38,1.13,4.08,15.05,0.66,2.89,,114.0,Moderate
Bengaluru,2016-09-30,75.42,121.03,3.75,17.34,6.51,55.12,0.46,4.5,31.09,0.4,1.68,,150.0,Moderate
Bengaluru,2016-10-01,65.16,100.91,8.31,22.49,4.41,55.14,0.51,4.53,,,,,124.0,Moderate
Bengaluru,2016-10-02,,102.73,14.91,30.02,0.0,,0.61,4.77,,,,,104.0,Moderate
Bengaluru,2016-10-03,,122.73,12.34,29.19,0.0,,0.51,4.42,,,,,114.0,Moderate
Bengaluru,2016-10-04,70.57,112.72,7.54,24.24,6.39,55.41,0.49,4.57,,,,,111.0,Moderate
Bengaluru,2016-10-05,69.14,94.23,10.26,20.54,4.73,56.1,1.45,8.5,,,8.39,,101.0,Moderate
Bengaluru,2016-10-06,54.75,81.36,8.6,20.33,7.29,55.42,0.55,10.84,,,,,89.0,Satisfactory
Bengaluru,2016-10-07,41.7,139.73,11.37,24.67,5.86,55.17,0.73,4.57,,,,,103.0,Moderate
Bengaluru,2016-10-08,27.31,91.1,10.57,25.65,5.49,38.9,0.56,4.59,23.0,0.33,1.18,,91.0,Satisfactory
Bengaluru,2016-10-09,13.51,85.18,7.51,27.68,3.9,15.05,1.11,4.26,15.26,0.33,0.93,,83.0,Satisfactory
Bengaluru,2016-10-10,18.96,72.83,6.87,26.66,4.02,15.09,0.85,4.12,14.68,0.32,0.97,,129.0,Moderate
Bengaluru,2016-10-11,14.61,70.21,6.43,24.16,5.29,15.11,0.73,3.97,15.67,0.36,1.42,,78.0,Satisfactory
Bengaluru,2016-10-12,21.3,74.85,9.64,28.0,4.89,15.12,1.08,4.5,15.17,0.6,2.55,,75.0,Satisfactory
Bengaluru,2016-10-13,25.15,66.38,14.37,31.42,4.02,15.12,1.97,3.65,12.04,0.38,1.37,,141.0,Moderate
Bengaluru,2016-10-14,24.23,,9.0,25.35,6.19,15.13,0.51,4.65,13.14,,1.12,,69.0,Satisfactory
Bengaluru,2016-10-15,35.18,154.1,18.71,39.16,3.44,15.02,0.2,4.22,21.95,,1.05,,58.0,Satisfactory
Bengaluru,2016-10-16,32.41,155.04,20.35,47.09,0.0,,0.0,7.07,23.11,,,,73.0,Satisfactory
Bengaluru,2016-10-17,56.36,182.16,16.27,38.07,6.79,14.45,0.52,6.24,4.68,,1.07,,85.0,Satisfactory
Bengaluru,2016-10-18,53.43,180.64,15.26,33.94,7.55,14.91,0.73,7.21,,,1.16,,183.0,Moderate
Bengaluru,2016-10-19,44.05,191.47,17.12,35.85,0.0,,0.0,6.02,41.74,1.57,4.94,,85.0,Satisfactory
Bengaluru,2016-10-20,62.36,181.92,16.5,38.24,3.31,15.14,0.37,6.46,23.58,2.63,3.25,,75.0,Satisfactory
Bengaluru,2016-10-21,62.74,191.9,16.25,35.42,9.55,19.99,1.12,8.07,23.86,2.87,0.91,,132.0,Moderate
Bengaluru,2016-10-22,97.17,195.61,15.42,33.75,9.13,39.56,0.75,10.52,10.54,3.28,0.54,,176.0,Moderate
Bengaluru,2016-10-23,67.85,184.81,17.7,38.05,8.52,24.4,1.2,7.36,31.08,3.12,1.78,,184.0,Moderate
Bengaluru,2016-10-24,58.78,179.79,17.97,41.96,6.73,23.24,1.18,9.87,22.16,1.38,2.0,,127.0,Moderate
Bengaluru,2016-10-25,80.99,224.1,14.17,36.1,11.88,33.13,1.64,8.46,22.28,1.25,2.84,,163.0,Moderate
Bengaluru,2016-10-26,68.17,116.92,8.27,44.78,18.86,40.67,1.16,4.9,25.13,1.07,1.84,,164.0,Moderate
Bengaluru,2016-10-27,59.61,137.68,8.04,46.57,16.72,37.52,0.83,4.28,29.54,1.01,1.44,,132.0,Moderate
Bengaluru,2016-10-28,62.38,123.91,12.29,46.43,15.06,34.9,0.8,9.04,44.86,0.65,1.39,,116.0,Moderate
Bengaluru,2016-10-29,78.74,130.99,10.07,44.4,13.2,35.3,3.1,4.31,45.04,1.07,1.94,,174.0,Moderate
Bengaluru,2016-10-30,60.79,130.15,9.82,38.53,10.08,41.04,2.97,3.75,23.8,1.77,4.15,,188.0,Moderate
Bengaluru,2016-10-31,36.92,95.71,13.39,34.8,6.17,38.42,0.55,4.92,21.69,0.47,1.31,,88.0,Satisfactory
Bengaluru,2016-11-01,21.2,,3.94,30.89,4.5,37.58,0.28,5.34,16.2,0.47,1.38,,51.0,Satisfactory
Bengaluru,2016-11-02,31.26,142.2,16.42,39.54,3.64,36.28,0.42,3.29,26.39,0.93,2.07,,57.0,Satisfactory
Bengaluru,2016-11-03,34.79,111.6,22.62,41.17,7.45,37.76,1.37,2.49,25.26,0.69,3.73,,82.0,Satisfactory
Bengaluru,2016-11-04,55.92,118.8,12.26,37.52,14.38,36.05,0.85,4.84,30.68,1.81,3.24,,88.0,Satisfactory
Bengaluru,2016-11-05,55.03,117.02,8.25,29.98,0.0,28.78,1.16,4.69,34.67,2.3,3.01,,111.0,Moderate
Bengaluru,2016-11-06,41.23,69.46,2.8,27.4,0.0,27.28,0.7,3.85,37.6,1.9,2.37,,90.0,Satisfactory
Bengaluru,2016-11-07,43.91,100.27,3.56,31.23,0.0,29.92,0.83,2.83,36.94,1.63,2.44,,78.0,Satisfactory
Bengaluru,2016-11-08,52.08,109.02,8.9,32.63,6.48,29.57,0.83,6.29,37.14,1.28,2.0,,94.0,Satisfactory
Bengaluru,2016-11-09,46.94,120.41,7.62,28.38,0.0,28.86,0.62,5.16,46.92,1.16,2.21,,95.0,Satisfactory
Bengaluru,2016-11-10,49.03,130.54,8.22,30.8,0.0,27.67,0.76,6.34,62.56,1.44,2.65,,112.0,Moderate
Bengaluru,2016-11-11,57.78,150.94,10.46,41.03,0.0,29.6,0.73,7.64,71.14,1.39,2.11,,124.0,Moderate
Bengaluru,2016-11-12,52.72,127.44,7.61,37.57,0.0,30.49,0.72,8.28,77.53,1.02,1.64,,122.0,Moderate
Bengaluru,2016-11-13,38.42,121.18,10.83,38.81,0.0,39.82,0.63,4.93,57.77,0.75,1.49,,99.0,Satisfactory
Bengaluru,2016-11-14,29.96,82.83,10.55,36.67,0.0,31.52,0.37,5.26,14.2,0.62,1.54,,44.0,Good
Bengaluru,2016-11-15,27.64,56.85,7.72,25.66,0.0,14.03,0.91,5.02,15.65,0.79,1.91,,38.0,Good
Bengaluru,2016-11-16,35.8,130.25,10.26,25.46,0.0,24.15,1.9,5.08,22.33,0.78,4.12,,102.0,Moderate
Bengaluru,2016-11-17,40.13,133.97,11.92,34.52,0.0,34.63,0.99,2.97,48.83,0.67,1.26,,189.0,Moderate
Bengaluru,2016-11-18,43.6,135.71,8.35,30.86,0.0,24.55,0.57,2.5,56.67,0.8,1.74,,101.0,Moderate
Bengaluru,2016-11-19,48.93,,3.22,26.23,0.0,24.89,0.62,2.78,45.24,1.11,2.47,,86.0,Satisfactory
Bengaluru,2016-11-20,42.21,,4.16,38.1,0.0,,0.46,2.34,49.29,1.09,2.2,,95.0,Satisfactory
Bengaluru,2016-11-21,102.01,182.79,14.76,44.31,0.0,31.02,0.69,3.9,44.48,1.09,1.9,,120.0,Moderate
Bengaluru,2016-11-22,91.6,141.03,9.41,31.76,0.0,39.39,3.0,7.56,16.37,1.97,2.56,,101.0,Moderate
Bengaluru,2016-11-23,47.76,173.09,10.82,39.92,0.0,39.88,2.6,6.66,33.28,3.07,7.77,,335.0,Very Poor
Bengaluru,2016-11-24,86.62,152.15,9.06,32.55,0.0,19.16,1.05,4.88,46.95,6.35,6.71,,140.0,Moderate
Bengaluru,2016-11-25,46.12,158.04,12.75,33.94,0.0,17.7,1.22,4.01,43.76,5.39,2.86,,133.0,Moderate
Bengaluru,2016-11-26,46.87,164.12,14.9,36.46,0.0,17.32,0.89,3.63,38.04,7.38,3.73,,113.0,Moderate
Bengaluru,2016-11-27,53.71,171.52,17.18,37.49,0.0,17.2,0.85,3.52,35.33,8.44,3.73,,117.0,Moderate
Bengaluru,2016-11-28,49.9,176.99,15.78,38.97,0.0,27.25,0.67,6.79,26.27,8.92,5.41,,124.0,Moderate
Bengaluru,2016-11-29,59.3,194.37,11.64,37.55,0.0,27.55,0.81,11.63,31.34,11.69,4.73,,120.0,Moderate
Bengaluru,2016-11-30,49.69,170.26,9.74,31.49,0.0,26.58,1.88,5.34,28.52,8.45,4.38,,160.0,Moderate
Bengaluru,2016-12-01,45.84,137.86,12.77,26.72,0.0,27.97,0.87,4.93,39.83,6.72,3.94,,114.0,Moderate
Bengaluru,2016-12-02,22.14,78.55,10.95,26.06,0.0,30.0,0.72,3.55,20.83,3.61,9.26,,103.0,Moderate
Bengaluru,2016-12-03,18.3,102.86,14.52,30.35,0.0,37.49,0.82,4.06,11.42,2.54,2.86,,67.0,Satisfactory
Bengaluru,2016-12-04,24.44,136.05,10.4,23.2,0.0,28.44,1.66,3.15,8.61,2.4,3.85,,125.0,Moderate
Bengaluru,2016-12-05,23.63,124.78,14.4,30.2,0.0,29.23,2.95,4.43,9.8,2.5,7.48,,209.0,Poor
Bengaluru,2016-12-06,36.97,155.51,14.79,44.45,0.0,27.6,1.7,3.0,15.37,3.56,5.03,,200.0,Moderate
Bengaluru,2016-12-07,40.72,132.73,14.55,44.74,0.0,26.04,0.65,3.63,20.32,4.71,2.45,,101.0,Moderate
Bengaluru,2016-12-08,32.59,128.54,15.8,43.67,0.0,26.6,0.69,5.58,16.42,3.78,2.55,,85.0,Satisfactory
Bengaluru,2016-12-09,44.96,135.0,10.65,40.56,0.0,24.42,1.19,6.68,13.5,3.79,4.98,,163.0,Moderate
Bengaluru,2016-12-10,30.37,124.8,7.35,37.24,0.0,24.0,0.46,3.47,6.73,5.57,5.58,,75.0,Satisfactory
Bengaluru,2016-12-11,24.98,138.06,10.07,42.15,0.0,32.37,1.76,8.15,8.43,4.45,4.65,,132.0,Moderate
Bengaluru,2016-12-12,42.19,131.75,4.07,25.22,0.0,28.36,1.46,6.85,22.58,1.85,1.74,,119.0,Moderate
Bengaluru,2016-12-13,204.25,,1.55,22.25,0.0,37.1,0.97,7.88,18.31,1.23,2.05,,342.0,Very Poor
Bengaluru,2016-12-14,30.72,180.88,8.36,23.41,0.0,25.14,0.54,2.62,22.5,1.8,2.04,,104.0,Moderate
Bengaluru,2016-12-15,28.47,142.64,14.16,37.05,0.0,27.42,1.15,3.72,12.13,1.86,3.39,,93.0,Satisfactory
Bengaluru,2016-12-16,34.57,137.45,14.64,37.38,0.0,36.2,1.39,4.25,7.08,2.58,3.04,,134.0,Moderate
Bengaluru,2016-12-17,36.97,143.58,8.67,38.93,0.0,23.44,1.63,4.35,13.37,2.78,5.85,,103.0,Moderate
Bengaluru,2016-12-18,35.21,130.91,7.48,40.15,0.0,28.81,0.79,4.81,26.23,2.87,5.5,,90.0,Satisfactory
Bengaluru,2016-12-19,37.8,144.73,8.19,40.9,0.0,20.01,0.73,4.27,25.9,2.82,5.5,,97.0,Satisfactory
Bengaluru,2016-12-20,19.09,121.19,6.35,35.67,0.0,18.42,0.71,3.75,18.88,2.96,4.76,,93.0,Satisfactory
Bengaluru,2016-12-21,19.68,99.9,6.17,24.18,0.0,16.41,0.46,4.19,16.53,3.26,4.52,,74.0,Satisfactory
Bengaluru,2016-12-22,39.64,176.96,7.26,30.67,0.0,17.54,0.28,4.74,28.61,4.78,7.43,,75.0,Satisfactory
Bengaluru,2016-12-23,43.67,150.64,15.23,72.51,0.0,17.39,0.74,7.81,37.75,9.07,13.98,,100.0,Satisfactory
Bengaluru,2016-12-24,57.79,141.76,14.19,79.24,0.0,18.3,0.62,7.79,11.26,7.52,5.94,,112.0,Moderate
Bengaluru,2016-12-25,39.11,145.35,5.4,46.39,0.0,17.31,0.71,4.93,52.62,3.93,3.64,,114.0,Moderate
Bengaluru,2016-12-26,34.02,121.66,7.15,49.47,0.0,17.08,0.84,5.17,34.44,3.63,4.39,,104.0,Moderate
Bengaluru,2016-12-27,53.5,111.09,5.22,41.33,0.0,16.9,0.7,7.04,23.74,3.94,3.79,,90.0,Satisfactory
Bengaluru,2016-12-28,38.53,80.87,2.34,20.7,0.0,17.07,0.2,4.32,17.27,3.16,2.63,,84.0,Satisfactory
Bengaluru,2016-12-29,44.9,112.78,7.43,30.07,0.0,16.91,0.46,5.6,,,,,76.0,Satisfactory
Bengaluru,2016-12-30,54.65,134.46,9.58,44.47,0.0,17.46,0.57,5.58,,,,,93.0,Satisfactory
Bengaluru,2016-12-31,40.96,128.38,9.9,47.25,0.0,17.59,0.74,4.92,41.16,2.76,2.06,,106.0,Moderate
Chennai,2015-01-01,,,16.3,15.39,22.68,4.59,1.17,9.2,11.35,0.17,,,,
Chennai,2015-01-02,,,16.49,13.42,23.09,7.83,1.23,8.61,9.16,0.13,,,,
Chennai,2015-01-03,,,9.72,19.56,9.99,4.63,0.77,48.23,13.45,0.03,,,,
Chennai,2015-01-04,,,9.6,16.2,11.71,5.23,1.0,27.96,10.33,,,,,
Chennai,2015-01-05,,,9.16,16.3,12.94,5.5,0.9,16.6,9.36,,,,,
Chennai,2015-01-06,,,30.58,35.6,13.42,5.46,0.91,21.98,12.61,0.57,,,,
Chennai,2015-01-07,,,43.92,46.38,13.32,4.9,1.22,28.13,13.94,0.2,,,,
Chennai,2015-01-08,,,26.74,37.79,10.98,3.71,1.15,21.26,38.29,0.97,3.54,,,
Chennai,2015-01-09,,,39.24,42.65,10.52,5.81,1.31,22.82,27.34,3.1,14.68,,,
Chennai,2015-01-10,,,10.2,19.17,11.15,3.96,0.98,17.36,27.19,0.04,,,,
Chennai,2015-01-11,,,55.04,49.87,14.65,3.77,0.8,21.75,19.04,0.39,,,,
Chennai,2015-01-12,,,23.78,30.31,15.71,4.16,1.07,28.51,18.32,0.1,,,,
Chennai,2015-01-13,,,48.95,64.35,12.73,6.06,0.97,16.44,17.25,0.78,0.96,,,
Chennai,2015-01-14,,,29.88,38.23,15.74,8.79,1.22,20.32,23.68,2.67,,,,
Chennai,2015-01-15,,,18.58,23.87,12.97,4.53,1.01,21.92,14.1,0.24,,,,
Chennai,2015-01-16,,,12.29,18.39,12.51,4.03,1.17,13.18,13.22,0.14,,,,
Chennai,2015-01-17,,,9.57,17.4,12.93,3.77,1.7,10.44,26.34,0.03,,,,
Chennai,2015-01-18,,,24.48,30.7,9.26,3.63,1.12,11.33,29.08,0.09,,,,
Chennai,2015-01-19,,,42.76,41.8,9.43,3.82,2.35,9.72,27.45,0.31,,,,
Chennai,2015-01-20,,,21.82,27.9,11.76,20.14,1.99,8.52,32.32,0.06,,,,
Chennai,2015-01-21,,,43.8,59.26,8.54,3.85,1.79,9.28,18.84,9.48,,,,
Chennai,2015-01-22,,,45.63,46.77,8.85,4.6,1.43,7.64,24.98,12.58,,,,
Chennai,2015-01-23,,,34.64,37.55,10.49,4.01,3.43,10.57,42.33,7.99,,,,
Chennai,2015-01-24,,,12.39,9.89,14.62,4.36,0.84,7.39,37.17,,,,,
Chennai,2015-01-25,,,34.39,10.14,14.56,3.98,0.85,7.16,17.11,,,,,
Chennai,2015-01-26,,,30.07,10.44,14.43,3.53,2.07,7.38,20.18,,,,,
Chennai,2015-01-27,,,8.83,12.63,13.41,4.28,1.16,7.14,27.02,,,,,
Chennai,2015-01-28,,,10.41,16.83,14.9,3.69,2.81,8.06,36.68,,8.98,,,
Chennai,2015-01-29,,,44.65,41.79,13.2,3.95,0.84,8.46,26.29,,2.86,,,
Chennai,2015-01-30,,,21.66,23.84,15.56,5.54,0.82,9.46,21.75,,,,,
Chennai,2015-01-31,,,44.76,46.59,14.26,4.37,0.94,7.88,38.57,,7.18,,,
Chennai,2015-02-01,,,21.43,26.05,12.53,4.2,0.71,7.76,42.61,,11.39,,,
Chennai,2015-02-02,,,10.61,15.82,20.87,3.63,1.59,10.58,38.8,,13.02,,,
Chennai,2015-02-03,,,9.09,14.89,17.92,5.12,0.98,6.83,29.08,,,,,
Chennai,2015-02-04,,,9.22,14.0,16.97,27.6,0.85,4.89,36.62,,11.48,,,
Chennai,2015-02-05,,,15.68,19.17,16.44,76.99,0.95,7.48,29.93,,,,,
Chennai,2015-02-06,,,11.9,16.7,17.47,81.78,0.76,7.36,37.13,,,,,
Chennai,2015-02-07,,,8.78,13.46,16.99,25.85,0.89,6.42,33.12,,0.38,,,
Chennai,2015-02-08,,,8.35,12.98,17.84,46.65,1.16,6.21,33.17,,10.02,,,
Chennai,2015-02-09,,,8.43,13.43,19.17,37.42,1.1,6.27,31.08,,,,,
Chennai,2015-02-10,,,8.99,13.2,16.15,58.69,1.0,6.64,40.77,,,,,
Chennai,2015-02-11,,,11.62,14.8,17.39,50.48,1.0,6.87,40.57,,,,,
Chennai,2015-02-12,,,10.77,14.27,16.47,47.94,0.97,6.79,47.85,,,,,
Chennai,2015-02-13,,,11.4,14.16,14.83,56.36,1.19,7.21,36.94,,,,,
Chennai,2015-02-14,,,9.83,12.97,15.28,56.06,1.43,7.84,31.32,,,,,
Chennai,2015-02-15,,,9.97,13.02,16.57,68.44,0.99,7.58,26.41,,,,,
Chennai,2015-02-16,,,9.55,12.63,15.2,82.48,0.98,7.38,30.87,,,,,
Chennai,2015-02-17,,,11.76,14.43,11.95,116.59,5.18,8.35,33.53,,,,,
Chennai,2015-02-18,,,12.57,15.78,10.13,113.29,9.81,9.15,33.83,,,,,
Chennai,2015-02-19,,,12.62,15.2,10.55,85.61,9.99,9.42,19.3,,,,,
Chennai,2015-02-20,,,12.1,13.43,13.11,98.16,4.52,11.51,30.22,,1.64,,,
Chennai,2015-02-21,,,9.33,11.56,14.85,103.03,0.85,7.04,24.91,,3.31,,,
Chennai,2015-02-22,,,8.72,11.4,12.7,110.13,0.9,6.31,30.54,,8.04,,,
Chennai,2015-02-23,,,13.54,15.81,13.57,105.68,0.9,6.13,25.03,,3.24,,,
Chennai,2015-02-24,,,14.05,14.44,14.09,114.96,0.9,7.34,29.33,,,,,
Chennai,2015-02-25,,,10.83,11.57,16.94,62.31,1.41,8.67,30.18,,,,,
Chennai,2015-02-26,,,7.97,13.22,15.59,,3.42,6.31,29.46,,4.29,,,
Chennai,2015-02-27,,,10.16,11.24,12.99,58.05,0.97,7.77,40.47,,6.49,,,
Chennai,2015-02-28,,,8.73,11.7,11.08,29.87,1.15,6.09,25.91,,,,,
Chennai,2015-03-01,,,8.16,11.38,11.91,14.42,1.15,5.8,52.44,,5.74,,,
Chennai,2015-03-02,,,8.66,10.95,12.26,14.83,10.6,5.29,93.22,17.71,5.74,,,
Chennai,2015-03-03,,,10.02,12.29,11.48,63.64,5.33,8.15,47.22,6.65,6.04,,,
Chennai,2015-03-04,,,9.25,11.37,11.41,58.57,2.82,6.77,41.26,6.86,6.02,,,
Chennai,2015-03-05,,,10.67,14.04,8.45,40.55,9.85,7.59,63.26,5.93,7.34,,,
Chennai,2015-03-06,,,11.44,16.34,8.46,74.0,11.02,10.07,105.13,,,,,
Chennai,2015-03-07,,,11.05,18.61,11.19,10.8,10.12,8.04,85.37,7.61,,,,
Chennai,2015-03-08,,,10.26,18.9,10.12,10.89,9.77,5.5,64.65,10.22,,,,
Chennai,2015-03-09,,,10.03,18.29,12.99,11.03,9.93,5.29,77.43,10.91,2.16,,,
Chennai,2015-03-10,,,10.07,22.44,16.57,11.42,5.45,4.61,34.6,7.82,10.29,,,
Chennai,2015-03-11,,,10.4,21.64,19.98,11.56,1.13,5.03,35.85,2.62,9.78,,,
Chennai,2015-03-12,,,11.46,16.02,14.87,10.86,1.11,5.22,57.14,,,,,
Chennai,2015-03-13,,,11.18,16.2,13.81,13.77,2.8,8.43,52.68,,6.61,,,
Chennai,2015-03-14,,,9.82,16.41,14.35,10.89,1.12,7.79,51.23,,,,,
Chennai,2015-03-15,,,30.73,35.78,13.25,11.15,1.07,5.58,47.28,,10.65,,,
Chennai,2015-03-16,,,17.08,24.87,14.08,11.16,1.09,5.63,52.19,,8.19,,,
Chennai,2015-03-17,,,35.48,48.6,17.67,10.54,1.07,10.75,73.63,,10.29,,,
Chennai,2015-03-18,,,46.92,54.96,14.34,9.96,1.25,10.87,34.43,,10.24,,,
Chennai,2015-03-19,,,14.24,22.4,16.37,9.99,1.02,12.45,48.82,,9.96,,,
Chennai,2015-03-20,,,14.93,22.22,13.62,10.04,1.05,10.7,35.5,,7.79,,,
Chennai,2015-03-21,,,24.83,36.81,15.25,11.76,0.81,13.96,54.8,,,,,
Chennai,2015-03-22,,,14.05,22.96,12.06,9.56,2.24,8.66,49.91,,,,,
Chennai,2015-03-23,173.51,,26.85,30.32,14.48,11.76,1.38,8.86,30.17,,8.72,,,
Chennai,2015-03-24,149.04,,31.23,112.29,12.77,9.68,0.93,14.04,38.67,,8.39,,333.0,Very Poor
Chennai,2015-03-25,205.65,,26.97,98.75,14.71,13.31,1.32,10.16,39.17,,7.5,,,
Chennai,2015-03-26,140.21,,16.83,31.79,25.73,10.91,1.41,11.94,44.52,,8.02,,318.0,Very Poor
Chennai,2015-03-27,266.29,,39.96,50.12,20.48,11.51,1.27,25.45,27.64,,8.35,,408.0,Severe
Chennai,2015-03-28,88.65,,22.83,38.75,20.64,10.97,2.21,11.76,27.68,,,,448.0,Severe
Chennai,2015-03-29,81.34,,31.78,48.15,19.74,10.35,1.34,5.59,27.69,,,,,
Chennai,2015-03-30,144.46,,12.8,25.53,16.36,10.41,1.24,8.05,27.57,,5.87,,,
Chennai,2015-03-31,51.69,,37.45,46.48,16.09,11.41,1.23,6.53,27.62,,6.94,,312.0,Very Poor
Chennai,2015-04-01,103.75,,42.23,36.98,14.4,10.04,1.33,4.65,27.54,,7.37,,289.0,Poor
Chennai,2015-04-02,106.27,,33.67,38.34,14.8,11.53,1.08,6.22,27.65,,4.72,,206.0,Poor
Chennai,2015-04-03,42.82,,23.17,35.32,16.86,10.17,1.21,6.23,27.6,,,,248.0,Poor
Chennai,2015-04-04,187.51,,20.88,26.89,17.5,10.1,1.23,4.74,27.57,,3.73,,,
Chennai,2015-04-05,85.86,,17.2,26.79,17.04,12.33,1.14,3.96,27.58,,4.48,,302.0,Very Poor
Chennai,2015-04-06,83.19,,9.46,16.84,15.85,12.35,3.42,5.63,23.22,0.14,5.12,,193.0,Moderate
Chennai,2015-04-07,48.35,,13.12,18.16,15.86,10.95,7.69,5.73,13.38,0.11,,,151.0,Moderate
Chennai,2015-04-08,73.66,,8.54,17.07,17.64,10.83,1.1,3.76,24.4,,,,137.0,Moderate
Chennai,2015-04-09,66.72,,12.08,16.79,15.37,12.76,5.14,4.31,22.29,8.61,7.39,,208.0,Poor
Chennai,2015-04-10,80.79,,12.98,16.3,17.21,10.7,6.35,5.7,19.22,,,,172.0,Moderate
Chennai,2015-04-11,75.59,,8.57,16.81,18.36,11.54,1.57,5.16,27.01,,,,149.0,Moderate
Chennai,2015-04-12,75.82,,7.44,17.27,15.86,11.58,1.13,3.58,27.57,,,,157.0,Moderate
Chennai,2015-04-13,80.23,,12.33,20.43,13.51,9.86,5.69,5.58,23.1,4.39,,,242.0,Poor
Chennai,2015-04-14,87.48,,7.97,18.6,17.24,10.79,1.02,6.25,27.62,,,,205.0,Poor
Chennai,2015-04-15,72.65,,9.4,18.34,13.71,9.6,3.87,4.7,28.02,,,,245.0,Poor
Chennai,2015-04-16,90.72,,12.93,19.6,13.63,9.91,6.25,1.75,24.24,5.39,,,244.0,Poor
Chennai,2015-04-17,73.28,,10.34,22.18,20.41,9.81,1.02,4.53,27.79,,3.52,,152.0,Moderate
Chennai,2015-04-18,73.33,,10.84,22.69,19.72,10.07,0.98,3.82,27.81,,,,152.0,Moderate
Chennai,2015-04-19,71.17,,18.3,29.45,18.05,10.46,0.92,4.36,27.86,,5.42,,148.0,Moderate
Chennai,2015-04-20,78.58,,59.44,69.16,19.01,10.33,1.06,5.99,27.82,,,,149.0,Moderate
Chennai,2015-04-21,74.55,,24.69,37.66,18.13,9.97,1.13,5.08,27.79,,,,158.0,Moderate
Chennai,2015-04-22,73.8,,10.66,25.18,18.57,10.47,0.92,6.3,27.76,,,,145.0,Moderate
Chennai,2015-04-23,69.28,,27.38,41.89,18.28,13.36,2.44,4.14,27.59,,8.51,,142.0,Moderate
Chennai,2015-04-24,70.45,,27.72,39.33,14.56,12.32,5.53,5.1,27.91,14.22,9.63,,180.0,Moderate
Chennai,2015-04-25,60.15,,32.58,35.63,10.76,11.38,10.28,8.42,,9.09,,,130.0,Moderate
Chennai,2015-04-26,57.57,,35.23,36.72,6.91,10.85,10.92,1.23,,7.86,,,102.0,Moderate
Chennai,2015-04-27,67.8,,21.79,26.61,8.07,15.0,12.02,0.91,,8.55,,,113.0,Moderate
Chennai,2015-04-28,70.85,,45.19,45.19,7.91,13.97,13.1,32.85,,9.43,,,136.0,Moderate
Chennai,2015-04-29,63.16,,41.12,49.3,9.38,14.0,8.02,9.32,,7.45,,,130.0,Moderate
Chennai,2015-04-30,55.47,,42.65,58.18,10.16,18.24,4.31,6.67,,13.33,0.53,,115.0,Moderate
Chennai,2015-05-01,51.62,,16.04,19.39,8.77,16.77,10.29,3.44,,2.91,0.1,,108.0,Moderate
Chennai,2015-05-02,85.26,,28.87,37.2,9.61,20.97,9.7,2.69,,0.15,,,139.0,Moderate
Chennai,2015-05-03,44.26,,24.54,34.41,20.42,16.24,6.09,4.29,11.32,0.62,,,140.0,Moderate
Chennai,2015-05-04,28.97,,14.67,16.92,7.19,16.06,8.1,5.86,11.91,0.57,0.46,,100.0,Satisfactory
Chennai,2015-05-05,35.16,,20.39,22.34,10.33,14.54,5.16,6.65,17.11,2.45,1.24,,107.0,Moderate
Chennai,2015-05-06,44.1,,11.98,16.92,12.74,14.63,7.07,11.24,19.53,3.44,3.87,,124.0,Moderate
Chennai,2015-05-07,57.31,,7.24,20.94,21.64,18.01,1.72,9.54,23.77,2.94,21.72,,130.0,Moderate
Chennai,2015-05-08,54.28,,18.46,24.85,17.05,23.82,9.48,18.14,31.3,0.85,,,201.0,Poor
Chennai,2015-05-09,60.64,,15.09,25.94,17.23,32.5,5.22,16.28,28.72,1.52,1.45,,126.0,Moderate
Chennai,2015-05-10,53.69,,22.35,29.04,37.17,19.91,2.05,9.01,20.45,0.13,,,153.0,Moderate
Chennai,2015-05-11,49.2,,19.46,33.32,31.25,17.07,2.73,21.84,21.28,4.32,22.23,,176.0,Moderate
Chennai,2015-05-12,82.63,,29.3,43.83,43.94,18.78,1.8,17.42,22.25,12.35,5.09,,146.0,Moderate
Chennai,2015-05-13,100.77,,9.42,22.81,21.94,17.5,1.95,10.63,23.81,10.64,6.9,,208.0,Poor
Chennai,2015-05-14,120.24,,15.04,23.93,24.47,27.53,2.47,10.36,24.4,0.01,5.36,,285.0,Poor
Chennai,2015-05-15,70.64,,6.67,20.05,18.36,53.13,1.6,10.03,25.08,,5.47,,178.0,Moderate
Chennai,2015-05-16,91.69,,6.21,19.7,18.4,56.05,2.47,10.54,24.75,,5.01,,209.0,Poor
Chennai,2015-05-17,79.98,,6.78,19.21,18.38,50.22,3.12,9.98,25.84,,3.66,,201.0,Poor
Chennai,2015-05-18,87.7,,6.53,19.56,18.2,58.39,2.46,11.85,26.06,,2.62,,196.0,Moderate
Chennai,2015-05-19,83.47,,38.26,49.11,35.47,55.27,4.75,15.11,26.21,,2.09,,156.0,Moderate
Chennai,2015-05-20,97.96,,5.9,16.44,18.92,52.02,6.45,16.19,24.28,,2.03,,135.0,Moderate
Chennai,2015-05-21,97.74,,6.16,16.72,18.82,53.87,2.56,14.97,39.53,,2.85,,197.0,Moderate
Chennai,2015-05-22,85.55,,5.93,16.47,18.43,51.63,3.13,13.12,40.22,2.88,2.76,,200.0,Moderate
Chennai,2015-05-23,90.87,,7.67,17.24,19.78,55.21,2.23,10.51,40.41,3.21,4.2,,166.0,Moderate
Chennai,2015-05-24,78.25,,6.55,17.43,17.31,54.03,1.91,18.74,26.44,,2.26,,148.0,Moderate
Chennai,2015-05-25,125.51,,9.66,17.14,20.45,58.32,2.7,11.06,40.59,,2.2,,177.0,Moderate
Chennai,2015-05-26,113.78,,6.1,15.58,17.15,52.12,2.91,12.79,40.91,,4.2,,235.0,Poor
Chennai,2015-05-27,119.68,,9.6,16.33,19.94,56.9,4.16,11.4,43.83,5.37,4.15,,277.0,Poor
Chennai,2015-05-28,105.59,,14.0,20.24,23.78,53.36,3.18,11.34,52.84,2.7,3.99,,221.0,Poor
Chennai,2015-05-29,100.5,,19.0,21.32,26.22,58.98,1.45,10.99,44.51,,,,204.0,Poor
Chennai,2015-05-30,102.97,,24.07,25.74,35.87,52.25,2.12,9.7,52.73,,93.65,,206.0,Poor
Chennai,2015-05-31,127.46,,18.69,29.99,27.0,55.9,1.43,11.03,48.19,,27.09,,211.0,Poor
Chennai,2015-06-01,129.49,,4.23,14.97,15.73,53.25,1.56,11.45,46.7,,0.11,,216.0,Poor
Chennai,2015-06-02,100.13,,4.48,14.35,14.84,54.95,2.51,9.62,47.98,,,,220.0,Poor
Chennai,2015-06-03,108.88,,5.25,16.12,17.11,58.26,1.44,10.79,50.59,,,,203.0,Poor
Chennai,2015-06-04,111.48,,4.69,15.66,16.38,57.97,1.51,10.8,42.62,,,,207.0,Poor
Chennai,2015-06-05,73.81,,9.21,16.64,18.28,53.98,1.48,11.32,40.96,0.13,1.71,,200.0,Moderate
Chennai,2015-06-06,60.15,,4.59,15.47,16.48,55.75,1.53,9.55,46.33,,2.53,,125.0,Moderate
Chennai,2015-06-07,61.59,,4.51,15.4,16.38,52.11,2.02,10.2,46.1,0.09,2.1,,150.0,Moderate
Chennai,2015-06-08,64.94,,4.86,15.86,16.71,53.63,1.57,11.71,43.28,73.92,45.7,,119.0,Moderate
Chennai,2015-06-09,61.26,,4.94,15.26,15.78,50.27,1.85,14.35,44.62,1.4,1.39,,121.0,Moderate
Chennai,2015-06-10,58.49,,4.21,15.22,16.17,57.02,2.68,11.19,49.07,,1.39,,144.0,Moderate
Chennai,2015-06-11,58.84,,6.18,15.13,17.09,54.34,1.87,7.89,50.75,,1.56,,117.0,Moderate
Chennai,2015-06-12,60.75,,5.64,15.08,16.42,52.24,1.88,9.5,43.42,,,,121.0,Moderate
Chennai,2015-06-13,58.12,,5.17,15.31,16.68,57.06,1.9,9.94,45.84,,,,118.0,Moderate
Chennai,2015-06-14,58.33,,4.06,15.4,16.56,57.11,1.89,9.48,46.63,,265.98,,117.0,Moderate
Chennai,2015-06-15,59.87,,5.29,14.98,17.13,52.87,2.73,8.94,37.5,,81.3,,165.0,Moderate
Chennai,2015-06-16,49.91,,3.95,13.37,14.54,53.49,1.85,8.31,39.99,70.96,15.55,,118.0,Moderate
Chennai,2015-06-17,53.53,,3.85,12.39,13.86,54.26,1.97,10.04,35.97,391.88,2.34,,120.0,Moderate
Chennai,2015-06-18,45.43,,3.25,11.22,12.39,55.0,1.89,6.89,36.51,5.1,2.68,,114.0,Moderate
Chennai,2015-06-19,54.86,,4.57,14.6,15.3,56.56,2.67,13.31,36.11,0.16,1.74,,155.0,Moderate
Chennai,2015-06-20,56.25,,4.53,15.23,16.57,58.34,2.25,10.29,37.1,,1.27,,158.0,Moderate
Chennai,2015-06-21,57.87,,3.92,15.88,17.05,57.83,1.89,9.93,41.28,11.12,3.65,,118.0,Moderate
Chennai,2015-06-22,72.61,,6.83,17.51,18.04,55.43,2.93,9.47,38.85,0.17,0.12,,152.0,Moderate
Chennai,2015-06-23,68.28,,7.62,16.15,14.61,52.18,2.3,10.42,33.71,1.46,1.35,,181.0,Moderate
Chennai,2015-06-24,58.07,,7.07,16.31,15.81,51.31,2.33,12.21,38.65,3.31,0.41,,167.0,Moderate
Chennai,2015-06-25,67.93,,7.21,19.42,16.81,49.56,2.43,10.78,42.65,0.78,0.22,,158.0,Moderate
Chennai,2015-06-26,69.03,,3.74,17.22,15.38,63.57,2.71,11.35,36.46,0.89,0.15,,147.0,Moderate
Chennai,2015-06-27,76.57,,4.06,15.11,14.84,48.26,2.33,10.04,33.37,0.86,0.12,,149.0,Moderate
Chennai,2015-06-28,77.2,,4.02,17.59,15.56,56.33,2.04,9.68,28.86,0.91,0.13,,157.0,Moderate
Chennai,2015-06-29,76.18,,3.79,17.75,15.68,55.49,2.04,10.84,32.23,0.93,0.13,,157.0,Moderate
Chennai,2015-06-30,77.16,,3.53,17.68,15.59,49.23,2.32,11.67,33.71,0.94,0.13,,172.0,Moderate
Chennai,2015-07-01,83.72,,8.87,20.08,20.23,53.46,2.59,14.01,32.66,0.98,0.18,,201.0,Poor
Chennai,2015-07-02,68.41,,5.59,20.66,18.33,50.73,1.8,13.46,33.28,1.02,0.21,,169.0,Moderate
Chennai,2015-07-03,73.86,,6.06,21.36,17.47,56.63,7.39,13.24,30.81,1.02,0.21,,186.0,Moderate
Chennai,2015-07-04,70.58,,8.99,17.94,14.05,52.85,20.62,15.31,29.69,1.03,0.23,,290.0,Poor
Chennai,2015-07-05,70.61,,4.7,20.14,17.67,54.4,2.19,13.9,30.78,1.02,0.23,,193.0,Moderate
Chennai,2015-07-06,71.19,,5.51,20.02,17.66,50.38,1.84,14.55,28.04,0.96,0.18,,164.0,Moderate
Chennai,2015-07-07,69.56,,4.76,20.37,17.7,52.81,2.22,11.02,30.14,1.02,0.13,,187.0,Moderate
Chennai,2015-07-08,68.72,,4.69,19.66,17.44,58.71,1.99,15.11,28.23,1.01,0.22,,160.0,Moderate
Chennai,2015-07-09,67.95,,12.24,13.66,20.38,46.24,2.76,10.39,40.63,,,,207.0,Poor
Chennai,2015-07-10,59.59,,7.78,14.72,16.86,52.64,1.89,13.92,36.19,0.87,0.18,,169.0,Moderate
Chennai,2015-07-11,62.54,,6.95,19.45,16.78,62.36,8.49,7.05,31.75,,,,208.0,Poor
Chennai,2015-07-12,61.7,,6.01,20.32,15.16,52.0,8.59,6.71,33.56,0.99,6.67,,230.0,Poor
Chennai,2015-07-13,65.54,,5.32,19.39,17.75,47.1,1.89,9.44,36.38,0.29,0.17,,146.0,Moderate
Chennai,2015-07-14,53.35,,9.12,20.42,20.14,50.93,2.54,8.74,35.64,,,,188.0,Moderate
Chennai,2015-07-15,59.2,,7.11,17.26,17.66,46.66,2.26,9.23,32.25,0.1,0.16,,191.0,Moderate
Chennai,2015-07-16,57.02,,8.0,18.65,18.99,47.76,2.39,9.08,30.0,0.1,0.16,,189.0,Moderate
Chennai,2015-07-17,53.75,,5.96,18.59,17.67,48.22,2.13,8.02,32.51,,,,154.0,Moderate
Chennai,2015-07-18,48.36,,5.28,19.18,17.62,45.27,2.63,7.56,30.9,,,,190.0,Moderate
Chennai,2015-07-19,40.7,,6.33,19.23,18.33,59.74,1.47,10.39,28.57,,0.03,,104.0,Moderate
Chennai,2015-07-20,36.72,,5.52,18.96,17.64,46.58,2.31,10.8,30.88,,,,132.0,Moderate
Chennai,2015-07-21,42.94,,5.1,18.58,16.77,46.58,1.58,11.47,31.69,,3.1,,100.0,Satisfactory
Chennai,2015-07-22,47.23,,4.8,18.89,16.87,47.49,1.4,7.34,28.35,0.06,0.84,,126.0,Moderate
Chennai,2015-07-23,81.77,,16.14,26.1,25.0,42.63,2.61,11.97,32.5,0.06,0.06,,141.0,Moderate
Chennai,2015-07-24,83.64,,9.73,18.19,19.02,42.14,1.93,14.1,38.29,,,,210.0,Poor
Chennai,2015-07-25,53.69,,4.82,20.33,17.18,48.95,1.43,11.06,31.79,,,,102.0,Moderate
Chennai,2015-07-26,47.88,,4.45,19.16,16.82,50.64,1.31,14.62,29.31,,0.1,,92.0,Satisfactory
Chennai,2015-07-27,57.59,,6.64,18.92,17.87,44.13,2.16,12.57,24.5,,0.09,,123.0,Moderate
Chennai,2015-07-28,51.55,,5.14,18.75,17.09,45.49,1.56,11.53,31.29,,,,143.0,Moderate
Chennai,2015-07-29,50.58,,4.86,19.44,17.33,35.66,2.43,10.73,30.81,,,,144.0,Moderate
Chennai,2015-07-30,49.89,,5.12,19.47,17.43,39.93,2.28,13.85,29.26,,,,141.0,Moderate
Chennai,2015-07-31,56.67,,6.55,19.64,18.32,41.61,1.79,16.07,30.59,,,,106.0,Moderate
Chennai,2015-08-01,85.39,,24.62,29.71,36.6,42.88,4.08,16.06,29.3,,0.99,,195.0,Moderate
Chennai,2015-08-02,70.17,,6.32,15.44,17.87,44.0,2.12,22.81,18.06,,,,194.0,Moderate
Chennai,2015-08-03,49.45,,6.56,14.52,18.15,39.68,1.56,16.03,16.74,0.01,0.02,,98.0,Satisfactory
Chennai,2015-08-04,64.89,,9.85,15.17,20.9,33.16,1.33,22.46,19.37,6.14,1.93,,120.0,Moderate
Chennai,2015-08-05,59.69,,7.9,16.22,19.77,46.45,1.41,19.41,16.56,30.27,31.58,,112.0,Moderate
Chennai,2015-08-06,49.27,,6.46,14.74,17.93,41.35,2.89,11.0,12.61,10.46,14.45,,189.0,Moderate
Chennai,2015-08-07,56.12,,7.86,14.52,18.89,40.63,1.27,11.79,14.3,6.01,10.17,,100.0,Satisfactory
Chennai,2015-08-08,63.11,,8.68,15.11,19.82,39.26,2.56,12.75,11.84,4.63,8.43,,145.0,Moderate
Chennai,2015-08-09,55.12,,7.62,15.08,19.0,43.36,1.35,12.69,14.38,3.29,4.77,,123.0,Moderate
Chennai,2015-08-10,54.41,,7.37,14.92,18.75,35.22,1.11,12.13,15.58,2.91,1.86,,96.0,Satisfactory
Chennai,2015-08-11,61.65,,8.71,15.12,19.68,36.74,1.02,12.74,16.66,,,,96.0,Satisfactory
Chennai,2015-08-12,53.49,,7.35,14.57,18.54,44.64,1.06,11.88,14.3,6.14,,,106.0,Moderate
Chennai,2015-08-13,58.42,,8.6,14.41,19.25,36.34,1.17,9.36,13.79,6.14,,,102.0,Moderate
Chennai,2015-08-14,57.52,,7.55,15.55,19.18,39.0,1.42,13.1,15.16,,,,121.0,Moderate
Chennai,2015-08-15,51.29,,6.41,14.77,17.4,34.65,1.02,12.76,13.02,,,,96.0,Satisfactory
Chennai,2015-08-16,58.79,,7.48,16.06,19.42,32.92,1.0,15.0,22.01,4.82,,,111.0,Moderate
Chennai,2015-08-17,63.39,,9.21,15.16,20.02,32.13,1.35,11.61,20.54,,,,129.0,Moderate
Chennai,2015-08-18,66.98,,9.85,16.15,20.4,37.0,1.26,14.04,12.83,,,,106.0,Moderate
Chennai,2015-08-19,69.54,,10.26,15.61,20.61,35.64,1.19,12.82,13.74,,,,123.0,Moderate
Chennai,2015-08-20,64.9,,18.87,19.19,28.28,41.66,1.78,13.55,15.53,0.54,,,176.0,Moderate
Chennai,2015-08-21,43.12,,7.05,13.87,17.52,40.55,1.15,13.4,15.55,,,,91.0,Satisfactory
Chennai,2015-08-22,39.93,,7.95,14.15,17.77,44.2,4.88,19.33,12.97,,,,165.0,Moderate
Chennai,2015-08-23,33.26,,8.13,14.71,18.63,52.02,1.12,14.34,10.11,,8.0,,108.0,Moderate
Chennai,2015-08-24,40.27,,8.07,14.15,18.19,40.25,1.95,13.4,12.72,,,,119.0,Moderate
Chennai,2015-08-25,46.96,,7.88,13.55,17.72,33.69,1.48,11.86,13.35,,,,98.0,Satisfactory
Chennai,2015-08-26,39.91,,7.39,13.23,17.04,25.41,1.24,13.06,16.24,,,,100.0,Satisfactory
Chennai,2015-08-27,39.65,,7.25,12.82,16.21,25.89,1.94,12.83,12.59,39.39,3.09,,127.0,Moderate
Chennai,2015-08-28,45.16,,8.5,13.19,16.74,28.32,1.54,14.31,10.77,194.28,8.48,,100.0,Satisfactory
Chennai,2015-08-29,43.58,,8.78,14.18,17.26,26.79,2.19,14.6,11.95,,,,146.0,Moderate
Chennai,2015-08-30,37.62,,8.16,16.1,17.88,24.53,1.54,14.9,18.81,287.49,1.19,,112.0,Moderate
Chennai,2015-08-31,41.0,,8.04,15.66,17.36,23.7,1.43,14.02,20.96,,,,97.0,Satisfactory
Chennai,2015-09-01,32.37,,8.57,16.34,18.15,26.38,1.21,15.72,30.26,,,,88.0,Satisfactory
Chennai,2015-09-02,24.27,,8.54,16.66,18.34,24.6,4.7,16.01,34.15,,,,163.0,Moderate
Chennai,2015-09-03,26.54,,9.27,17.24,19.25,23.58,1.99,18.24,28.04,,,,99.0,Satisfactory
Chennai,2015-09-04,26.96,,9.51,17.1,19.35,23.47,1.92,14.6,28.95,,,,106.0,Moderate
Chennai,2015-09-05,25.83,,9.14,16.9,19.0,27.06,2.01,11.02,29.73,,,,83.0,Satisfactory
Chennai,2015-09-06,26.47,,9.58,17.03,19.38,23.63,1.68,11.13,20.59,,,,82.0,Satisfactory
Chennai,2015-09-07,27.97,,9.8,17.3,19.68,23.09,1.75,12.8,22.13,,,,107.0,Moderate
Chennai,2015-09-08,27.86,,9.65,17.24,19.5,26.37,1.47,9.81,20.26,80.72,,,86.0,Satisfactory
Chennai,2015-09-09,26.89,,9.23,16.89,19.05,26.56,1.61,11.61,24.66,,,,88.0,Satisfactory
Chennai,2015-09-10,28.78,,9.76,17.02,19.51,25.26,2.16,12.2,24.13,,,,148.0,Moderate
Chennai,2015-09-11,31.49,,10.3,15.04,18.98,29.07,1.54,14.18,19.44,,,,79.0,Satisfactory
Chennai,2015-09-12,32.09,,10.28,14.96,18.92,23.77,1.39,12.68,18.16,,,,82.0,Satisfactory
Chennai,2015-09-13,29.23,,9.88,15.72,18.98,24.6,1.32,11.18,23.09,,,,79.0,Satisfactory
Chennai,2015-09-14,30.94,,9.95,15.18,18.66,23.52,1.84,12.36,22.54,10.04,0.06,,128.0,Moderate
Chennai,2015-09-15,29.62,,9.43,14.0,17.61,24.65,1.03,9.85,22.76,11.1,5.24,,77.0,Satisfactory
Chennai,2015-09-16,29.73,,9.38,12.96,17.13,22.52,1.0,11.55,20.48,,10.4,,74.0,Satisfactory
Chennai,2015-09-17,30.34,,10.03,10.69,16.63,23.18,0.96,8.44,22.81,,,,70.0,Satisfactory
Chennai,2015-09-18,31.63,,10.28,10.45,16.76,23.56,2.1,11.12,22.77,,7.61,,116.0,Moderate
Chennai,2015-09-19,35.42,,11.71,10.47,17.88,24.9,0.82,12.1,34.03,,,,77.0,Satisfactory
Chennai,2015-09-20,27.32,,10.97,10.48,17.46,25.08,2.93,10.2,32.15,,,,197.0,Moderate
Chennai,2015-09-21,27.69,,10.7,10.76,17.2,23.36,2.95,10.36,30.29,,,,214.0,Poor
Chennai,2015-09-22,39.77,,9.91,11.93,16.66,24.32,1.72,12.19,26.91,,,,121.0,Moderate
Chennai,2015-09-23,31.65,,10.35,10.81,16.65,25.1,1.31,11.9,19.27,,,,84.0,Satisfactory
Chennai,2015-09-24,39.97,,12.07,10.01,17.23,24.19,1.74,10.22,15.36,0.09,14.91,,131.0,Moderate
Chennai,2015-09-25,41.94,,13.27,10.75,18.43,23.73,2.19,12.38,19.24,0.54,1.44,,153.0,Moderate
Chennai,2015-09-26,65.79,,16.61,9.7,20.27,23.06,1.79,12.36,47.29,3.88,1.2,,171.0,Moderate
Chennai,2015-09-27,86.4,,12.74,10.03,17.36,25.37,1.02,16.69,52.35,1.88,1.24,,165.0,Moderate
Chennai,2015-09-28,61.69,,12.83,10.08,17.57,23.16,1.89,12.7,41.98,,40.72,,176.0,Moderate
Chennai,2015-09-29,44.26,,13.58,10.47,18.3,24.47,4.41,11.8,31.31,,,,224.0,Poor
Chennai,2015-09-30,42.71,,13.38,10.73,18.11,25.7,1.89,14.96,33.91,,,,154.0,Moderate
Chennai,2015-10-01,46.97,,13.64,11.77,19.08,22.48,2.76,11.92,22.96,,,,188.0,Moderate
Chennai,2015-10-02,42.17,,12.45,10.78,17.5,23.43,1.77,12.23,22.74,,,,135.0,Moderate
Chennai,2015-10-03,47.0,,14.53,12.94,18.79,24.93,0.81,12.86,21.73,3.13,,,84.0,Satisfactory
Chennai,2015-10-04,49.45,,15.59,15.21,19.82,23.82,1.14,12.05,31.57,0.04,59.02,,107.0,Moderate
Chennai,2015-10-05,46.7,,17.25,13.7,20.87,29.51,0.65,13.31,32.14,0.04,0.49,,89.0,Satisfactory
Chennai,2015-10-06,33.87,,12.56,10.87,17.82,22.41,2.18,12.95,30.89,0.08,0.63,,136.0,Moderate
Chennai,2015-10-07,33.0,,10.66,11.79,16.77,22.99,1.18,12.52,28.49,10.1,0.42,,94.0,Satisfactory
Chennai,2015-10-08,36.3,,9.39,12.98,16.24,22.45,1.2,10.55,32.23,16.19,,,82.0,Satisfactory
Chennai,2015-10-09,36.51,,9.45,12.68,16.1,23.68,1.37,10.6,25.16,,,,86.0,Satisfactory
Chennai,2015-10-10,37.71,,9.9,12.52,16.23,24.42,1.72,9.32,23.29,4.28,0.28,,107.0,Moderate
Chennai,2015-10-11,35.73,,9.26,12.94,16.04,23.82,2.62,11.37,21.22,,0.05,,165.0,Moderate
Chennai,2015-10-12,36.27,,9.4,13.16,16.27,24.01,1.88,11.1,25.34,3.2,2.01,,150.0,Moderate
Chennai,2015-10-13,122.16,,32.03,21.5,37.11,25.89,2.61,10.78,23.67,3.26,25.37,,203.0,Poor
Chennai,2015-10-14,90.73,,21.94,22.21,22.57,25.37,2.08,10.14,26.13,,0.16,,263.0,Poor
Chennai,2015-10-15,63.96,,22.31,22.35,33.64,25.85,1.75,9.37,23.01,,,,196.0,Moderate
Chennai,2015-10-16,48.79,,14.76,15.46,21.71,27.06,1.61,13.63,24.94,,0.1,,156.0,Moderate
Chennai,2015-10-17,34.96,,12.79,14.19,18.81,23.99,1.75,9.58,31.38,,,,147.0,Moderate
Chennai,2015-10-18,37.55,,13.09,13.58,18.72,29.5,1.05,8.24,20.22,,,,109.0,Moderate
Chennai,2015-10-19,31.54,,11.55,12.4,16.95,25.99,2.02,7.93,18.08,,,,121.0,Moderate
Chennai,2015-10-20,37.74,,15.02,12.9,19.39,29.24,1.14,6.07,17.91,,,,83.0,Satisfactory
Chennai,2015-10-21,41.27,,11.42,14.19,16.82,,7.62,7.1,19.12,,,,241.0,Poor
Chennai,2015-10-22,47.68,,11.51,13.2,16.65,74.89,1.6,9.12,24.82,,,,133.0,Moderate
Chennai,2015-10-23,81.26,,23.27,20.88,27.69,66.35,3.21,7.26,20.24,,,,238.0,Poor
Chennai,2015-10-24,44.79,,13.46,12.53,18.71,65.37,1.64,5.03,28.69,,,,175.0,Moderate
Chennai,2015-10-25,50.98,,11.11,12.27,17.9,73.15,1.28,8.34,56.16,,,,136.0,Moderate
Chennai,2015-10-26,46.79,,10.0,12.05,17.04,71.95,0.98,8.23,57.43,,,,130.0,Moderate
Chennai,2015-10-27,54.0,,10.84,13.79,18.37,73.0,0.88,9.78,59.47,,,,128.0,Moderate
Chennai,2015-10-28,52.65,,11.11,11.71,17.4,77.18,1.1,8.2,60.46,,,,136.0,Moderate
Chennai,2015-10-29,55.75,,16.03,12.9,20.18,67.45,0.91,6.93,47.37,,,,125.0,Moderate
Chennai,2015-10-30,52.29,,10.23,10.92,16.59,58.32,1.04,9.78,44.29,,,,113.0,Moderate
Chennai,2015-10-31,41.39,,10.99,9.93,16.44,67.74,2.56,8.92,42.18,,,,195.0,Moderate
Chennai,2015-11-01,44.08,,10.15,10.76,16.59,64.13,2.6,8.96,50.33,22.34,30.27,,174.0,Moderate
Chennai,2015-11-02,41.44,,9.98,11.73,15.99,56.08,1.34,10.96,61.39,30.77,38.46,,142.0,Moderate
Chennai,2015-11-03,41.96,,11.0,13.78,15.28,65.03,1.34,8.85,44.1,,16.17,,122.0,Moderate
Chennai,2015-11-04,41.8,,10.68,13.77,15.7,60.9,2.03,8.37,39.61,,23.49,,135.0,Moderate
Chennai,2015-11-05,43.18,,12.31,15.87,16.76,67.74,1.81,6.42,27.51,0.01,5.94,,128.0,Moderate
Chennai,2015-11-06,44.74,,16.01,23.81,18.55,53.83,4.34,6.37,32.31,0.01,0.01,,204.0,Poor
Chennai,2015-11-07,53.31,,10.05,18.91,13.82,142.84,1.55,7.08,43.44,,,,132.0,Moderate
Chennai,2015-11-08,38.73,,7.29,16.0,15.58,129.91,1.71,6.04,50.61,,,,154.0,Moderate
Chennai,2015-11-09,23.46,,5.53,13.02,17.17,210.06,1.91,5.22,56.36,,,,119.0,Moderate
Chennai,2015-11-10,76.42,,5.55,13.89,17.79,46.22,1.17,7.75,92.04,,,,117.0,Moderate
Chennai,2015-11-11,53.36,,6.24,15.85,20.5,186.57,1.4,6.6,64.95,,,,183.0,Moderate
Chennai,2015-11-12,44.5,,6.16,15.41,19.8,197.29,1.27,5.01,43.68,,,,100.0,Satisfactory
Chennai,2015-11-13,51.11,,5.48,14.79,18.1,176.1,1.38,3.91,64.42,,,,106.0,Moderate
Chennai,2015-11-14,55.76,,5.68,14.72,18.0,210.23,1.2,2.98,69.77,,,,132.0,Moderate
Chennai,2015-11-15,49.55,,5.76,13.89,17.69,124.02,1.09,3.53,58.57,,,,122.0,Moderate
Chennai,2015-11-16,31.49,,5.43,12.65,16.81,128.37,1.62,5.31,65.97,,,,105.0,Moderate
Chennai,2015-11-17,30.89,,5.26,12.88,16.78,148.89,1.48,3.37,70.3,,,,133.0,Moderate
Chennai,2015-11-18,36.51,,4.87,13.25,16.64,145.71,1.38,4.9,58.16,,,,98.0,Satisfactory
Chennai,2015-11-19,30.69,,5.86,11.68,15.07,64.36,1.52,4.21,32.87,,,,98.0,Satisfactory
Chennai,2015-11-20,28.66,,5.87,9.19,12.74,5.61,1.34,4.45,28.91,,,,89.0,Satisfactory
Chennai,2015-11-21,33.37,,5.39,8.59,11.95,12.4,1.16,4.83,42.39,9.68,60.67,,87.0,Satisfactory
Chennai,2015-11-22,29.11,,5.56,7.91,11.45,135.17,1.81,5.28,48.21,9.67,36.7,,126.0,Moderate
Chennai,2015-11-23,27.08,,5.2,7.74,11.1,142.9,1.24,4.81,50.22,,,,90.0,Satisfactory
Chennai,2015-11-24,25.63,,5.94,8.34,11.94,81.89,1.29,6.64,43.05,,,,93.0,Satisfactory
Chennai,2015-11-25,35.35,,5.19,8.2,11.11,130.64,1.19,4.21,48.89,,,,96.0,Satisfactory
Chennai,2015-11-26,36.82,,4.97,8.01,11.06,68.35,0.99,4.03,65.25,,,,107.0,Moderate
Chennai,2015-11-27,36.96,,5.93,8.11,11.82,131.43,1.2,5.08,53.11,,,,103.0,Moderate
Chennai,2015-11-28,44.41,,6.43,8.91,12.59,141.84,1.3,5.82,57.22,,,,112.0,Moderate
Chennai,2015-11-29,29.55,,5.14,7.53,10.95,142.26,1.22,4.82,61.76,,,,113.0,Moderate
Chennai,2015-11-30,31.97,,5.24,7.9,11.18,172.14,1.23,4.7,56.35,,,,99.0,Satisfactory
Chennai,2015-12-01,28.82,,5.35,7.8,11.26,119.06,1.33,4.67,49.71,,,,103.0,Moderate
Chennai,2015-12-02,32.64,,3.75,7.94,10.39,113.53,1.78,4.2,43.19,,,,161.0,Moderate
Chennai,2015-12-03,52.16,,2.73,5.88,8.18,,1.12,1.97,35.62,,,,85.0,Satisfactory
Chennai,2015-12-04,,,,,,,,,,,,,80.0,Satisfactory
Chennai,2015-12-05,,,,,,,,,,,,,,
Chennai,2015-12-06,,,,,,,,,,,,,,
Chennai,2015-12-07,13.27,,4.7,7.74,9.83,83.48,2.11,11.52,19.08,,,,,
Chennai,2015-12-08,48.08,,5.18,6.79,9.96,139.64,1.23,4.0,32.87,,,,107.0,Moderate
Chennai,2015-12-09,40.81,,5.66,6.05,9.97,180.77,1.54,3.34,34.14,,,,121.0,Moderate
Chennai,2015-12-10,40.96,,6.78,6.76,10.95,302.08,1.28,2.65,36.71,,,,100.0,Satisfactory
Chennai,2015-12-11,46.17,,5.64,5.56,9.2,147.67,1.49,2.63,36.39,,,,108.0,Moderate
Chennai,2015-12-12,78.83,,7.53,7.55,12.74,86.29,1.34,2.85,36.2,,,,97.0,Satisfactory
Chennai,2015-12-13,138.07,,8.98,8.62,14.8,134.62,1.23,4.44,45.23,,,,130.0,Moderate
Chennai,2015-12-14,54.85,,7.33,8.39,13.35,122.67,1.36,3.41,36.62,,,,113.0,Moderate
Chennai,2015-12-15,42.45,,7.31,7.61,12.99,104.23,1.29,3.99,44.62,,,,106.0,Moderate
Chennai,2015-12-16,46.16,,8.41,7.64,13.78,80.86,1.15,5.37,22.53,,,,102.0,Moderate
Chennai,2015-12-17,48.64,,8.53,7.96,14.01,69.02,1.35,4.69,34.27,,,,129.0,Moderate
Chennai,2015-12-18,44.78,,9.18,8.38,15.06,102.37,1.39,3.82,30.28,,,,130.0,Moderate
Chennai,2015-12-19,39.11,,7.88,8.47,15.11,123.26,1.58,3.01,20.24,,,,114.0,Moderate
Chennai,2015-12-20,42.67,,14.57,19.41,33.4,209.8,1.45,3.55,29.24,,,,117.0,Moderate
Chennai,2015-12-21,65.01,,12.46,18.15,29.84,223.87,1.56,1.62,27.77,,,,103.0,Moderate
Chennai,2015-12-22,56.1,,10.67,16.39,27.63,352.89,1.76,1.49,36.75,,,,150.0,Moderate
Chennai,2015-12-23,50.32,,9.63,17.56,27.48,201.85,0.79,1.95,59.97,,,,104.0,Moderate
Chennai,2015-12-24,63.0,,9.27,20.86,28.89,236.87,0.94,1.74,12.16,,,,106.0,Moderate
Chennai,2015-12-25,59.47,,14.43,22.32,35.42,256.27,0.81,2.0,12.69,,,,108.0,Moderate
Chennai,2015-12-26,71.81,,8.24,12.18,19.83,275.78,0.76,2.2,23.4,,,,111.0,Moderate
Chennai,2015-12-27,81.74,,3.79,9.86,12.43,225.01,1.77,2.11,39.39,,,,165.0,Moderate
Chennai,2015-12-28,62.63,,4.71,12.09,15.53,309.04,6.75,2.5,37.11,,,,211.0,Poor
Chennai,2015-12-29,65.1,,7.81,16.1,22.16,196.84,3.66,4.28,13.33,,,,241.0,Poor
Chennai,2015-12-30,57.23,,6.45,15.14,20.1,123.82,0.54,2.0,21.97,,,,114.0,Moderate
Chennai,2015-12-31,52.27,,6.82,16.46,21.42,206.54,0.71,3.5,25.77,,,,100.0,Satisfactory
Chennai,2016-01-01,65.97,,5.86,32.92,32.56,283.67,,0.94,34.57,,,,125.0,Moderate
Chennai,2016-01-02,41.3,,5.17,8.72,10.41,132.94,0.67,15.6,,,,,123.0,Moderate
Chennai,2016-01-03,36.81,,4.61,6.44,8.85,96.9,1.17,2.91,,,,,106.0,Moderate
Chennai,2016-01-04,44.87,,5.06,12.75,15.02,98.22,0.74,3.33,31.84,,,,63.0,Satisfactory
Chennai,2016-01-05,63.67,,7.42,21.07,22.62,160.08,1.17,2.71,18.99,,,,132.0,Moderate
Chennai,2016-01-06,67.49,,7.21,19.92,21.91,181.86,0.72,3.1,24.3,,,,136.0,Moderate
Chennai,2016-01-07,52.94,,6.69,10.48,15.12,285.95,2.34,2.82,17.02,,,,184.0,Moderate
Chennai,2016-01-08,69.88,,8.13,25.36,25.42,296.29,0.89,3.91,19.24,,,,120.0,Moderate
Chennai,2016-01-09,66.89,,7.0,21.05,22.43,173.32,0.88,3.91,14.33,,,,162.0,Moderate
Chennai,2016-01-10,62.27,,7.04,20.35,21.92,187.56,1.04,3.71,17.26,,,,119.0,Moderate
Chennai,2016-01-11,51.56,,6.67,20.34,21.72,121.14,0.77,3.83,23.03,,,,113.0,Moderate
Chennai,2016-01-12,58.27,,7.43,22.24,23.31,295.74,1.09,3.17,20.26,,,,119.0,Moderate
Chennai,2016-01-13,63.13,,8.1,25.19,25.04,227.92,0.96,4.38,19.69,,,,129.0,Moderate
Chennai,2016-01-14,80.23,,7.06,21.76,23.08,177.66,2.73,4.91,30.64,,,,220.0,Poor
Chennai,2016-01-15,39.74,,4.5,13.02,15.63,56.65,0.61,3.44,29.13,,,,139.0,Moderate
Chennai,2016-01-16,49.21,,6.26,12.83,15.21,152.68,1.49,2.46,40.45,,,,130.0,Moderate
Chennai,2016-01-17,55.73,,5.82,10.86,13.78,186.53,0.67,2.95,32.4,,,,121.0,Moderate
Chennai,2016-01-18,58.28,,6.82,12.01,15.13,149.22,0.8,3.52,33.07,,,,114.0,Moderate
Chennai,2016-01-19,56.47,,6.97,12.34,15.39,128.27,0.8,6.44,28.81,,,,115.0,Moderate
Chennai,2016-01-20,60.04,,5.69,11.52,14.17,44.39,2.97,3.42,33.98,,7.28,,200.0,Moderate
Chennai,2016-01-21,55.45,,5.28,11.1,13.7,188.8,2.63,2.84,33.05,16.77,11.32,,167.0,Moderate
Chennai,2016-01-22,65.26,,6.89,11.46,14.64,174.22,0.79,3.97,21.75,11.48,7.08,,172.0,Moderate
Chennai,2016-01-23,53.07,,4.53,11.09,10.24,169.19,0.54,4.1,34.52,10.62,4.18,,117.0,Moderate
Chennai,2016-01-24,51.32,,4.16,8.8,8.12,35.18,2.49,3.51,57.19,14.53,3.31,,198.0,Moderate
Chennai,2016-01-25,46.84,,6.09,12.73,11.58,102.74,2.11,3.65,34.98,4.51,8.9,,153.0,Moderate
Chennai,2016-01-26,46.29,,9.88,18.21,17.18,47.56,0.68,3.26,30.61,6.45,6.47,,142.0,Moderate
Chennai,2016-01-27,42.49,,9.97,18.3,17.33,168.71,1.38,3.39,32.57,5.37,6.72,,144.0,Moderate
Chennai,2016-01-28,47.11,,8.7,13.56,14.2,129.87,1.46,3.52,26.99,5.4,6.36,,145.0,Moderate
Chennai,2016-01-29,50.13,,10.72,13.23,15.55,74.11,1.11,3.45,22.2,5.59,7.17,,149.0,Moderate
Chennai,2016-01-30,53.58,,9.69,15.06,15.66,11.8,6.18,3.35,22.59,6.73,10.01,,186.0,Moderate
Chennai,2016-01-31,76.91,,9.77,12.11,14.27,2.19,1.68,4.1,30.36,6.57,9.37,,216.0,Poor
Chennai,2016-02-01,107.65,,10.73,14.47,16.13,4.15,1.45,4.07,21.67,9.88,10.15,,220.0,Poor
Chennai,2016-02-02,69.9,,11.42,15.9,17.36,1.51,1.65,4.33,26.83,14.04,15.1,,209.0,Poor
Chennai,2016-02-03,112.72,,11.82,15.66,17.54,0.94,1.47,3.51,22.93,16.23,24.5,,251.0,Poor
Chennai,2016-02-04,81.79,,10.07,12.72,14.84,0.97,0.77,6.57,26.09,10.01,12.59,,191.0,Moderate
Chennai,2016-02-05,127.03,,8.46,13.25,13.84,0.92,1.08,5.94,28.65,8.06,10.02,,203.0,Poor
Chennai,2016-02-06,70.57,,8.24,13.74,13.91,1.31,0.64,6.41,20.8,8.71,13.08,,183.0,Moderate
Chennai,2016-02-07,79.55,,9.63,12.07,14.14,,0.67,5.4,20.9,11.12,12.82,,162.0,Moderate
Chennai,2016-02-08,76.36,,6.21,9.92,10.54,,0.58,5.1,22.66,3.56,7.11,,154.0,Moderate
Chennai,2016-02-09,92.83,,9.0,12.68,13.94,52.72,0.83,3.53,24.37,6.46,9.4,,181.0,Moderate
Chennai,2016-02-10,98.75,,8.31,12.5,13.27,0.55,1.09,3.3,25.94,5.43,12.16,,223.0,Poor
Chennai,2016-02-11,82.03,,6.36,14.24,12.57,0.02,1.65,3.09,28.54,6.84,10.56,,193.0,Moderate
Chennai,2016-02-12,85.64,,10.32,16.69,16.7,5.22,1.7,3.44,29.62,6.7,14.15,,157.0,Moderate
Chennai,2016-02-13,76.72,,7.12,12.56,12.24,5.76,1.14,2.53,22.99,5.46,10.82,,173.0,Moderate
Chennai,2016-02-14,57.58,,10.37,11.15,13.49,7.68,1.42,2.77,19.11,2.28,7.17,,133.0,Moderate
Chennai,2016-02-15,65.38,,12.45,11.74,15.35,,1.43,2.56,17.51,5.31,12.24,,109.0,Moderate
Chennai,2016-02-16,80.38,,7.92,12.43,16.3,6.53,1.57,2.38,19.19,3.62,8.96,,160.0,Moderate
Chennai,2016-02-17,68.45,,5.26,8.8,9.1,,1.64,2.32,31.74,1.7,3.01,,145.0,Moderate
Chennai,2016-02-18,73.22,,8.96,13.11,13.38,81.0,1.45,4.02,27.19,1.07,0.81,,134.0,Moderate
Chennai,2016-02-19,79.01,,11.02,15.12,15.84,,1.46,2.77,38.48,1.76,0.96,,170.0,Moderate
Chennai,2016-02-20,83.44,,9.83,13.42,14.13,,1.42,8.68,59.12,2.9,0.84,,179.0,Moderate
Chennai,2016-02-21,62.16,,5.84,10.03,9.5,,1.91,2.38,54.63,13.07,0.53,,156.0,Moderate
Chennai,2016-02-22,41.54,,6.52,10.28,10.12,,1.67,4.9,55.5,2.8,0.45,,130.0,Moderate
Chennai,2016-02-23,67.25,,10.22,15.63,15.5,,1.4,7.42,40.72,1.82,0.93,,106.0,Moderate
Chennai,2016-02-24,44.41,,6.61,13.03,11.54,,1.27,2.95,52.03,2.21,0.55,,96.0,Satisfactory
Chennai,2016-02-25,47.25,,8.1,10.99,11.66,,1.48,3.17,50.4,1.83,1.33,,99.0,Satisfactory
Chennai,2016-02-26,35.75,,5.6,8.13,8.28,,1.43,3.79,28.91,0.89,1.83,,80.0,Satisfactory
Chennai,2016-02-27,51.79,,8.99,11.31,12.48,,1.44,3.02,17.04,0.68,2.0,,88.0,Satisfactory
Chennai,2016-02-28,32.96,,4.06,10.8,8.53,,1.87,2.64,31.71,2.33,1.91,,108.0,Moderate
Chennai,2016-02-29,52.25,,4.99,9.13,8.43,,2.03,2.31,41.56,1.61,1.87,,114.0,Moderate
Chennai,2016-03-01,90.02,,6.81,12.13,11.24,,1.54,4.74,39.73,1.91,1.9,,153.0,Moderate
Chennai,2016-03-02,69.55,,8.44,10.84,10.49,28.01,1.42,13.03,41.66,2.65,2.04,,196.0,Moderate
Chennai,2016-03-03,47.78,,5.37,9.44,9.6,36.94,1.48,2.3,39.99,2.42,2.42,,132.0,Moderate
Chennai,2016-03-04,67.25,,8.91,12.58,14.54,115.34,1.35,2.39,42.39,1.45,3.01,,117.0,Moderate
Chennai,2016-03-05,62.62,,7.22,12.49,13.24,136.56,1.44,4.48,48.38,2.0,2.79,,143.0,Moderate
Chennai,2016-03-06,62.87,,4.59,10.21,10.14,150.27,1.41,4.67,55.16,2.14,2.16,,142.0,Moderate
Chennai,2016-03-07,56.24,,5.71,9.88,10.82,139.37,1.37,4.05,47.29,2.83,1.94,,135.0,Moderate
Chennai,2016-03-08,60.92,,6.31,12.17,11.77,11.81,1.01,3.0,46.66,3.03,2.47,,120.0,Moderate
Chennai,2016-03-09,81.03,,6.25,11.06,11.8,3.51,1.2,4.87,40.93,1.78,2.67,,158.0,Moderate
Chennai,2016-03-10,80.44,,8.53,10.22,12.0,3.56,0.97,2.84,18.31,1.45,2.55,,186.0,Moderate
Chennai,2016-03-11,66.08,,6.95,8.99,11.29,3.59,0.83,2.56,15.38,1.52,3.41,,155.0,Moderate
Chennai,2016-03-12,65.08,,6.79,11.65,12.45,3.24,0.76,2.53,17.59,1.39,5.24,,136.0,Moderate
Chennai,2016-03-13,57.73,,6.71,8.73,10.98,2.84,0.7,2.44,21.32,1.33,3.95,,131.0,Moderate
Chennai,2016-03-14,74.65,,4.94,7.78,9.07,3.02,0.85,2.59,23.41,1.94,3.8,,135.0,Moderate
Chennai,2016-03-15,76.68,,5.84,8.14,10.05,3.72,1.07,6.8,21.72,2.35,4.18,,193.0,Moderate
Chennai,2016-03-16,81.93,,6.02,8.79,10.54,7.44,0.78,3.0,24.71,2.43,4.28,,188.0,Moderate
Chennai,2016-03-17,86.31,,5.03,10.7,10.73,7.92,0.97,3.41,20.46,2.3,4.9,,187.0,Moderate
Chennai,2016-03-18,87.07,,4.82,9.98,9.82,58.78,1.62,2.88,19.61,2.07,4.16,,214.0,Poor
Chennai,2016-03-19,100.61,,4.2,11.24,9.77,176.16,1.23,2.7,18.18,3.21,5.98,,216.0,Poor
Chennai,2016-03-20,98.47,,3.22,8.57,7.73,173.87,1.23,2.22,24.29,3.18,4.63,,221.0,Poor
Chennai,2016-03-21,123.36,,3.79,11.41,9.54,174.31,1.23,2.36,22.18,2.17,4.45,,251.0,Poor
Chennai,2016-03-22,69.38,,3.48,18.52,13.35,181.06,1.02,3.35,28.48,1.91,3.86,,179.0,Moderate
Chennai,2016-03-23,68.25,,2.71,10.38,10.51,187.75,0.93,3.54,20.14,1.11,2.2,,143.0,Moderate
Chennai,2016-03-24,64.05,,7.1,11.13,14.49,214.6,0.82,4.04,20.81,2.98,3.02,,132.0,Moderate
Chennai,2016-03-25,59.46,,5.91,10.97,11.97,174.56,0.79,3.67,21.8,3.03,6.7,,123.0,Moderate
Chennai,2016-03-26,64.1,,4.57,5.2,6.79,165.18,0.69,3.35,23.17,1.52,2.28,,125.0,Moderate
Chennai,2016-03-27,63.03,,5.29,7.26,8.55,166.96,0.65,3.15,33.42,1.62,6.79,,134.0,Moderate
Chennai,2016-03-28,46.09,,5.95,8.79,10.03,148.68,0.84,4.09,30.0,2.26,6.43,,121.0,Moderate
Chennai,2016-03-29,51.43,,6.62,8.2,11.13,152.03,0.97,3.99,19.84,2.31,7.35,,114.0,Moderate
Chennai,2016-03-30,53.32,,5.66,7.83,10.24,149.99,0.79,4.42,19.58,1.58,3.78,,114.0,Moderate
Chennai,2016-03-31,55.51,,5.8,7.36,10.13,127.6,0.67,4.16,22.65,1.72,4.78,,113.0,Moderate
Chennai,2016-04-01,64.92,,6.48,7.16,10.53,160.27,0.84,3.88,19.22,3.52,6.48,,128.0,Moderate
Chennai,2016-04-02,65.84,,5.87,5.4,9.19,189.01,2.02,3.58,19.93,2.26,5.11,,216.0,Poor
Chennai,2016-04-03,63.65,,4.99,5.76,8.7,190.4,0.81,3.97,20.87,2.11,4.89,,132.0,Moderate
Chennai,2016-04-04,67.33,,6.0,7.21,10.45,175.4,0.77,4.08,19.9,4.77,8.12,,137.0,Moderate
Chennai,2016-04-05,68.04,,4.86,9.32,9.83,143.22,1.1,3.9,21.71,3.93,6.91,,140.0,Moderate
Chennai,2016-04-06,70.13,,8.66,10.91,12.32,116.99,1.29,3.68,24.49,2.62,5.37,,151.0,Moderate
Chennai,2016-04-07,64.37,,9.05,14.68,14.44,86.61,1.12,3.39,23.19,2.58,4.48,,144.0,Moderate
Chennai,2016-04-08,56.54,,7.06,6.9,10.05,9.81,0.84,3.1,15.53,3.47,4.99,,128.0,Moderate
Chennai,2016-04-09,54.83,,7.01,7.41,11.35,8.46,0.6,3.23,31.04,2.2,3.72,,117.0,Moderate
Chennai,2016-04-10,61.1,,7.72,7.96,12.38,62.62,0.61,3.18,42.09,2.8,4.14,,132.0,Moderate
Chennai,2016-04-11,61.34,,8.74,11.1,13.79,159.27,0.66,3.33,44.35,2.98,5.56,,141.0,Moderate
Chennai,2016-04-12,56.23,,6.25,17.24,13.8,142.42,0.62,3.2,37.1,2.19,5.62,,125.0,Moderate
Chennai,2016-04-13,59.15,,5.19,18.86,12.63,165.99,0.68,3.54,48.46,2.19,5.48,,130.0,Moderate
Chennai,2016-04-14,55.65,,4.48,12.33,8.91,174.44,0.61,3.21,59.44,1.46,3.42,,129.0,Moderate
Chennai,2016-04-15,54.15,,5.06,12.57,9.45,187.9,0.65,4.31,45.28,1.7,4.08,,122.0,Moderate
Chennai,2016-04-16,56.37,,6.08,12.29,10.23,112.54,0.74,4.84,29.27,1.43,3.75,,122.0,Moderate
Chennai,2016-04-17,54.71,,7.47,12.81,11.79,65.51,0.67,3.12,32.01,1.3,2.89,,123.0,Moderate
Chennai,2016-04-18,55.5,,7.4,13.47,12.65,120.6,0.69,3.26,26.98,1.37,3.79,,113.0,Moderate
Chennai,2016-04-19,56.62,,9.49,15.05,14.61,185.85,0.61,3.15,25.79,1.5,3.78,,127.0,Moderate
Chennai,2016-04-20,60.73,,8.16,16.53,14.37,121.46,0.86,3.2,23.39,1.51,4.35,,134.0,Moderate
Chennai,2016-04-21,51.55,,5.25,13.44,10.36,63.69,1.02,3.63,35.06,1.38,4.93,,123.0,Moderate
Chennai,2016-04-22,51.96,,4.76,13.52,9.92,27.85,0.9,4.71,44.55,2.17,5.62,,129.0,Moderate
Chennai,2016-04-23,60.21,,2.65,11.49,8.29,101.61,0.93,4.13,46.92,1.52,4.76,,133.0,Moderate
Chennai,2016-04-24,65.26,,2.51,11.83,8.55,98.52,0.69,3.66,54.93,1.27,3.28,,134.0,Moderate
Chennai,2016-04-25,61.78,,3.63,13.51,9.69,36.74,0.94,3.46,42.23,1.14,4.36,,130.0,Moderate
Chennai,2016-04-26,57.7,,3.48,11.26,8.01,34.11,0.77,3.47,28.18,1.01,2.47,,122.0,Moderate
Chennai,2016-04-27,56.99,,5.62,15.37,11.31,82.4,0.76,3.41,27.37,1.43,3.39,,120.0,Moderate
Chennai,2016-04-28,51.73,,7.92,18.17,16.19,120.11,1.09,3.49,23.58,1.55,4.92,,120.0,Moderate
Chennai,2016-04-29,48.7,,8.13,17.65,17.98,93.67,0.96,3.49,29.76,1.35,4.5,,124.0,Moderate
Chennai,2016-04-30,65.21,,6.56,17.26,16.62,134.46,2.0,3.96,33.3,1.4,4.38,,169.0,Moderate
Chennai,2016-05-01,89.6,,6.85,16.96,16.62,81.23,0.89,5.03,54.2,1.21,3.41,,212.0,Poor
Chennai,2016-05-02,58.58,,5.79,16.06,15.3,106.31,1.02,5.34,47.31,1.05,4.03,,147.0,Moderate
Chennai,2016-05-03,54.16,,5.41,15.93,14.95,119.72,1.05,5.27,38.81,1.15,5.86,,123.0,Moderate
Chennai,2016-05-04,55.79,,5.49,15.74,14.88,90.86,1.0,5.1,34.5,1.36,8.47,,127.0,Moderate
Chennai,2016-05-05,57.2,,5.86,13.99,13.37,22.36,0.78,4.96,32.6,1.12,4.71,,125.0,Moderate
Chennai,2016-05-06,64.95,,5.01,13.29,12.04,28.97,1.0,4.78,41.1,1.05,3.7,,129.0,Moderate
Chennai,2016-05-07,56.02,,5.04,14.38,11.99,43.25,0.99,4.95,42.11,1.15,3.88,,139.0,Moderate
Chennai,2016-05-08,53.3,,5.44,13.8,12.02,43.0,1.01,4.63,32.45,1.43,3.47,,123.0,Moderate
Chennai,2016-05-09,52.04,,5.54,13.85,11.76,54.22,1.15,4.84,24.26,1.26,3.92,,122.0,Moderate
Chennai,2016-05-10,61.37,,8.06,15.13,14.61,94.34,1.1,4.61,22.41,1.55,4.33,,135.0,Moderate
Chennai,2016-05-11,59.24,,5.93,14.66,11.65,72.7,1.16,4.49,31.62,1.45,5.47,,136.0,Moderate
Chennai,2016-05-12,58.43,,6.11,18.69,13.71,99.46,1.23,4.43,53.25,1.61,4.01,,144.0,Moderate
Chennai,2016-05-13,68.42,,4.02,16.17,14.2,63.43,1.24,4.58,53.29,1.51,4.93,,161.0,Moderate
Chennai,2016-05-14,62.47,,3.8,13.86,13.01,131.28,1.24,4.44,48.37,1.49,4.4,,166.0,Moderate
Chennai,2016-05-15,55.77,,3.28,12.38,11.87,130.56,2.1,4.1,51.8,1.33,2.95,,183.0,Moderate
Chennai,2016-05-16,58.8,,4.28,13.77,13.3,131.56,1.15,3.89,58.35,1.23,1.4,,136.0,Moderate
Chennai,2016-05-17,81.06,,6.14,20.11,17.96,132.82,1.15,4.65,38.9,1.4,6.21,,171.0,Moderate
Chennai,2016-05-18,65.17,,6.95,25.13,20.31,146.54,1.28,4.74,27.97,1.52,9.23,,164.0,Moderate
Chennai,2016-05-19,48.59,,4.81,21.24,14.85,114.48,1.37,3.58,41.45,1.54,7.6,,113.0,Moderate
Chennai,2016-05-20,45.05,,4.3,25.57,17.51,132.0,1.24,4.01,55.65,2.14,9.69,,91.0,Satisfactory
Chennai,2016-05-21,51.6,,3.63,16.03,12.78,119.3,1.15,4.65,52.65,1.8,8.54,,94.0,Satisfactory
Chennai,2016-05-22,51.67,,4.11,16.22,13.25,155.73,0.95,4.58,56.21,1.92,7.65,,95.0,Satisfactory
Chennai,2016-05-23,51.11,,5.81,20.41,16.94,165.16,0.98,5.18,41.93,1.48,7.68,,93.0,Satisfactory
Chennai,2016-05-24,50.24,,4.84,19.87,15.43,152.88,1.09,4.3,51.11,1.86,6.74,,91.0,Satisfactory
Chennai,2016-05-25,45.89,,4.72,18.13,17.56,166.02,1.15,5.11,48.96,2.49,7.19,,102.0,Moderate
Chennai,2016-05-26,48.61,,4.66,18.15,22.48,186.6,2.55,3.78,41.27,2.54,7.07,,112.0,Moderate
Chennai,2016-05-27,51.67,,3.66,18.0,15.56,167.96,1.67,3.71,49.56,2.47,7.95,,117.0,Moderate
Chennai,2016-05-28,50.64,,4.53,17.49,14.35,164.84,1.84,3.96,55.38,2.2,5.61,,115.0,Moderate
Chennai,2016-05-29,44.88,,4.89,15.77,12.93,161.67,1.49,3.89,59.45,2.44,5.67,,124.0,Moderate
Chennai,2016-05-30,43.41,,4.0,10.44,10.55,115.39,1.48,4.09,48.16,2.49,6.76,,97.0,Satisfactory
Chennai,2016-05-31,57.32,,4.53,12.13,14.57,131.62,1.42,3.48,61.61,4.14,8.86,,120.0,Moderate
Chennai,2016-06-01,43.52,,4.42,11.38,12.55,140.69,1.94,4.53,58.74,6.02,12.71,,122.0,Moderate
Chennai,2016-06-02,41.29,,4.73,10.64,10.18,105.37,1.86,4.86,40.93,7.65,19.7,,122.0,Moderate
Chennai,2016-06-03,,,,,,,,,,,,,88.0,Satisfactory
Chennai,2016-06-04,,,,,,,,,,,,,,
Chennai,2016-06-05,,,,,,,,,,,,,,
Chennai,2016-06-06,,,,,,,,,,,,,,
Chennai,2016-06-07,,,,,,,,,,,,,,
Chennai,2016-06-08,,,,,,,,,,,,,,
Chennai,2016-06-09,,,,,,,,,,,,,,
Chennai,2016-06-10,,,,,,,,,,,,,,
Chennai,2016-06-11,,,,,,,,,,,,,,
Chennai,2016-06-12,,,,,,,,,,,,,,
Chennai,2016-06-13,,,,,,,,,,,,,,
Chennai,2016-06-14,43.16,,7.86,17.81,19.29,101.44,2.14,5.18,19.23,4.03,13.2,,,
Chennai,2016-06-15,32.64,,6.53,15.81,18.03,104.67,2.17,4.07,33.41,3.42,9.54,,92.0,Satisfactory
Chennai,2016-06-16,44.73,,5.98,13.57,13.72,56.86,2.64,3.67,36.19,2.25,8.49,,94.0,Satisfactory
Chennai,2016-06-17,41.29,,5.87,13.78,15.08,22.77,2.13,5.04,28.24,3.85,13.88,,102.0,Moderate
Chennai,2016-06-18,45.76,,4.25,11.62,12.34,64.44,1.92,4.48,33.51,2.77,7.45,,100.0,Satisfactory
Chennai,2016-06-19,43.38,,3.55,9.81,11.04,46.66,1.81,4.05,49.08,2.27,6.14,,100.0,Satisfactory
Chennai,2016-06-20,38.93,,3.54,8.44,8.32,47.63,2.08,3.32,47.71,1.43,4.01,,89.0,Satisfactory
Chennai,2016-06-21,42.3,,5.01,15.62,22.91,52.97,1.49,3.08,37.87,2.1,8.79,,89.0,Satisfactory
Chennai,2016-06-22,32.8,,2.98,11.31,12.63,64.51,1.47,4.76,31.72,2.76,15.67,,83.0,Satisfactory
Chennai,2016-06-23,40.78,,7.28,12.82,14.79,66.11,0.92,3.72,22.67,2.62,9.42,,70.0,Satisfactory
Chennai,2016-06-24,50.94,,6.76,10.78,15.77,69.97,0.71,4.1,27.66,3.48,11.29,,71.0,Satisfactory
Chennai,2016-06-25,,,,,,,,,,,,,117.0,Moderate
Chennai,2016-06-26,73.03,,12.32,18.13,13.96,99.27,0.19,1.44,,,,,,
Chennai,2016-06-27,46.17,,9.37,17.56,18.92,59.75,1.0,3.05,32.27,3.62,17.46,,,
Chennai,2016-06-28,60.36,,6.84,13.17,14.93,71.5,0.82,3.5,28.09,5.08,17.47,,86.0,Satisfactory
Chennai,2016-06-29,42.8,,13.55,22.99,24.24,129.39,1.42,2.59,15.69,1.9,27.06,,100.0,Satisfactory
Chennai,2016-06-30,109.5,,10.32,17.81,19.65,3.15,1.08,7.29,9.94,3.42,7.19,,88.0,Satisfactory
Chennai,2016-07-01,45.6,,9.61,15.08,15.17,1.0,1.1,5.13,10.94,3.4,5.36,,161.0,Moderate
Chennai,2016-07-02,47.91,,5.34,10.99,11.44,0.25,1.23,5.13,19.56,2.1,8.94,,81.0,Satisfactory
Chennai,2016-07-03,30.43,,5.25,11.59,13.04,98.99,0.99,5.88,22.09,0.93,6.75,,81.0,Satisfactory
Chennai,2016-07-04,96.65,,8.97,15.97,17.48,125.62,1.22,8.02,14.71,2.06,6.02,,86.0,Satisfactory
Chennai,2016-07-05,196.81,,8.94,16.33,17.43,114.15,1.16,9.24,11.26,17.48,25.05,,271.0,Poor
Chennai,2016-07-06,29.09,,6.61,13.53,15.39,80.3,1.06,3.8,16.99,0.96,4.96,,162.0,Moderate
Chennai,2016-07-07,29.34,,7.61,13.49,14.83,110.92,1.43,3.55,4.46,1.03,6.4,,91.0,Satisfactory
Chennai,2016-07-08,57.26,,7.37,18.17,21.14,119.6,1.37,3.23,10.57,1.35,5.81,,104.0,Moderate
Chennai,2016-07-09,28.3,,8.09,15.79,17.74,70.58,0.93,3.05,11.86,0.94,4.3,,103.0,Moderate
Chennai,2016-07-10,35.38,,6.37,13.72,13.71,105.19,1.03,2.41,16.17,0.98,4.11,,74.0,Satisfactory
Chennai,2016-07-11,22.97,,6.36,14.02,14.67,108.89,2.15,2.17,10.79,0.5,1.82,,129.0,Moderate
Chennai,2016-07-12,23.24,,6.48,15.75,15.93,139.21,0.97,2.34,28.11,0.89,5.14,,58.0,Satisfactory
Chennai,2016-07-13,24.87,,6.12,14.94,16.54,21.15,0.85,3.32,27.45,0.99,5.2,,69.0,Satisfactory
Chennai,2016-07-14,18.67,,7.51,16.61,18.51,48.19,0.98,5.0,15.02,1.97,5.6,,66.0,Satisfactory
Chennai,2016-07-15,26.6,,5.68,14.83,16.51,90.42,0.96,3.53,39.34,1.78,4.67,,70.0,Satisfactory
Chennai,2016-07-16,34.33,,5.24,15.03,17.44,61.58,0.85,3.92,35.13,1.21,3.85,,69.0,Satisfactory
Chennai,2016-07-17,35.16,,4.3,12.35,14.67,112.0,0.83,3.58,36.1,1.13,3.94,,70.0,Satisfactory
Chennai,2016-07-18,31.69,,5.18,12.95,15.08,175.57,0.86,4.06,25.9,1.43,4.58,,71.0,Satisfactory
Chennai,2016-07-19,32.43,,9.66,16.81,17.54,143.2,3.09,5.57,8.82,1.48,5.43,,125.0,Moderate
Chennai,2016-07-20,33.09,,8.36,16.36,18.57,128.0,1.13,4.3,8.77,1.91,7.78,,87.0,Satisfactory
Chennai,2016-07-21,27.02,,17.68,19.78,18.94,62.94,1.63,5.5,7.23,2.72,12.2,,59.0,Satisfactory
Chennai,2016-07-22,21.38,,7.13,15.05,16.48,95.12,1.17,4.81,12.6,2.44,3.76,,,
Chennai,2016-07-23,29.69,,6.9,12.64,12.35,102.51,0.94,4.08,7.8,1.13,4.98,,62.0,Satisfactory
Chennai,2016-07-24,59.34,,3.31,7.48,8.66,135.09,0.96,6.88,36.62,2.55,4.53,,54.0,Satisfactory
Chennai,2016-07-25,30.71,,3.18,6.49,7.85,124.23,1.18,5.23,,,,,103.0,Moderate
Chennai,2016-07-26,23.58,,3.14,7.82,8.45,113.62,1.14,2.47,,,,,73.0,Satisfactory
Chennai,2016-07-27,24.43,,3.23,7.59,8.09,93.67,1.22,2.36,24.2,0.48,0.9,,78.0,Satisfactory
Chennai,2016-07-28,42.82,,4.12,11.82,10.24,126.4,1.31,2.92,38.65,0.53,0.47,,87.0,Satisfactory
Chennai,2016-07-29,28.51,,5.83,13.16,12.17,126.83,1.26,2.19,15.84,0.78,0.24,,81.0,Satisfactory
Chennai,2016-07-30,34.01,,6.85,14.56,13.61,135.67,1.22,2.36,9.82,0.86,0.19,,82.0,Satisfactory
Chennai,2016-07-31,32.41,,6.96,14.19,13.89,126.27,1.12,2.44,1.8,0.6,0.16,,84.0,Satisfactory
Chennai,2016-08-01,32.88,,5.6,17.12,14.41,97.78,1.08,2.34,9.89,1.06,0.16,,75.0,Satisfactory
Chennai,2016-08-02,34.8,,10.13,19.48,20.31,105.63,1.16,5.49,10.5,0.75,0.17,,78.0,Satisfactory
Chennai,2016-08-03,40.39,,9.46,14.77,16.3,101.72,6.35,4.04,11.18,1.5,9.03,,151.0,Moderate
Chennai,2016-08-04,32.44,,9.17,14.82,16.2,73.2,1.22,4.39,8.23,1.13,4.7,,100.0,Satisfactory
Chennai,2016-08-05,30.54,,9.51,15.71,16.18,102.6,2.72,4.48,12.45,1.3,4.92,,131.0,Moderate
Chennai,2016-08-06,32.54,,8.96,16.27,18.97,75.89,1.16,6.76,12.18,1.36,5.04,,68.0,Satisfactory
Chennai,2016-08-07,37.71,,4.58,11.22,12.56,108.71,1.08,4.08,20.14,1.12,3.18,,70.0,Satisfactory
Chennai,2016-08-08,40.69,,5.77,11.54,13.14,133.99,2.15,3.7,16.91,1.07,3.56,,89.0,Satisfactory
Chennai,2016-08-09,40.85,,5.02,14.07,13.07,106.57,2.83,3.41,19.75,1.33,4.1,,174.0,Moderate
Chennai,2016-08-10,35.23,,5.39,13.99,12.19,136.69,3.22,4.43,17.86,1.18,4.01,,178.0,Moderate
Chennai,2016-08-11,33.51,,5.49,14.2,12.84,132.69,3.33,3.39,21.82,1.09,3.52,,155.0,Moderate
Chennai,2016-08-12,29.11,,5.21,13.67,14.32,,0.14,3.71,26.59,1.69,2.7,,55.0,Satisfactory
Chennai,2016-08-13,30.94,,5.01,11.38,13.65,,2.37,4.31,22.72,1.28,4.3,,169.0,Moderate
Chennai,2016-08-14,29.48,,6.39,10.37,12.88,,1.07,3.71,16.29,8.52,7.05,,124.0,Moderate
Chennai,2016-08-15,25.42,,4.57,10.18,12.76,,3.27,4.42,9.59,0.44,1.3,,256.0,Poor
Chennai,2016-08-16,35.09,,8.5,14.66,15.88,,1.28,3.82,13.97,1.14,2.31,,126.0,Moderate
Chennai,2016-08-17,34.2,,10.18,15.89,17.57,,1.05,4.58,16.96,1.0,2.51,,125.0,Moderate
Chennai,2016-08-18,55.88,,6.08,10.79,12.13,,0.79,4.05,32.5,0.91,2.16,,111.0,Moderate
Chennai,2016-08-19,39.96,,5.51,10.7,12.09,,0.26,3.83,38.19,0.75,2.0,,129.0,Moderate
Chennai,2016-08-20,36.33,,2.81,7.08,10.04,,0.02,5.09,44.87,0.64,0.74,,83.0,Satisfactory
Chennai,2016-08-21,26.4,,2.09,6.75,10.66,,1.21,6.07,58.95,1.92,0.46,,199.0,Moderate
Chennai,2016-08-22,40.36,,3.88,8.62,11.43,,0.05,4.49,44.53,0.84,2.03,,74.0,Satisfactory
Chennai,2016-08-23,40.21,,4.64,10.09,12.58,,0.76,4.38,49.73,1.03,3.35,,139.0,Moderate
Chennai,2016-08-24,37.07,,5.09,10.49,12.71,,1.52,4.46,46.6,1.06,3.11,,167.0,Moderate
Chennai,2016-08-25,26.7,,6.36,11.22,12.31,,1.21,5.12,20.89,0.73,2.43,,142.0,Moderate
Chennai,2016-08-26,38.63,,7.76,13.13,14.95,,1.02,4.93,17.15,1.4,5.2,,90.0,Satisfactory
Chennai,2016-08-27,32.14,,7.65,12.66,15.43,,0.95,5.16,10.76,1.31,4.27,,188.0,Moderate
Chennai,2016-08-28,33.02,,6.36,10.42,12.78,,1.08,5.04,18.76,0.86,2.24,,126.0,Moderate
Chennai,2016-08-29,38.11,,6.4,10.74,13.32,,3.65,5.04,17.52,1.05,3.17,,172.0,Moderate
Chennai,2016-08-30,37.79,,6.85,12.86,17.74,,2.84,5.18,18.33,0.93,2.88,,244.0,Poor
Chennai,2016-08-31,28.6,,7.66,15.15,18.18,,1.44,4.53,15.76,0.93,3.84,,189.0,Moderate
Chennai,2016-09-01,30.82,,6.59,11.49,16.13,,2.64,4.37,27.96,0.7,2.33,,160.0,Moderate
Chennai,2016-09-02,42.16,,5.93,13.37,17.33,,2.34,4.76,24.39,1.0,3.04,,215.0,Poor
Chennai,2016-09-03,36.8,,9.64,12.5,16.49,,1.61,4.8,17.04,0.99,4.12,,126.0,Moderate
Chennai,2016-09-04,31.97,,9.5,19.62,19.31,,2.08,4.62,22.33,0.84,3.07,,227.0,Poor
Chennai,2016-09-05,23.6,,8.04,13.82,13.38,,0.98,6.12,11.94,0.17,0.77,,172.0,Moderate
Chennai,2016-09-06,38.5,,5.16,14.8,15.38,,2.94,5.45,23.45,0.56,1.09,,266.0,Poor
Chennai,2016-09-07,36.26,,8.34,18.66,19.73,,3.17,4.13,22.59,0.79,1.35,,257.0,Poor
Chennai,2016-09-08,42.37,,4.37,15.42,16.21,,1.03,4.94,36.09,0.76,2.04,,141.0,Moderate
Chennai,2016-09-09,38.87,,4.67,15.96,17.14,,3.01,3.97,48.12,1.13,2.29,,228.0,Poor
Chennai,2016-09-10,43.96,,5.06,17.99,17.08,,0.61,3.64,26.37,1.72,4.24,,171.0,Moderate
Chennai,2016-09-11,36.26,,4.52,20.14,14.8,,0.22,3.62,18.27,0.61,1.57,,73.0,Satisfactory
Chennai,2016-09-12,41.33,,8.64,21.63,18.25,,0.79,3.7,8.2,2.63,5.11,,120.0,Moderate
Chennai,2016-09-13,44.76,,8.78,23.06,19.29,,0.16,4.01,13.01,0.76,3.38,,77.0,Satisfactory
Chennai,2016-09-14,33.01,,5.14,27.52,20.0,,1.13,3.82,16.61,0.83,4.84,,92.0,Satisfactory
Chennai,2016-09-15,26.79,,4.36,22.55,17.28,,9.15,2.38,15.46,2.88,4.56,,228.0,Poor
Chennai,2016-09-16,24.54,,2.96,19.16,14.28,,2.59,2.0,18.47,1.02,3.22,,224.0,Poor
Chennai,2016-09-17,34.16,,4.38,20.6,16.09,,5.56,1.85,10.14,1.4,4.35,,260.0,Poor
Chennai,2016-09-18,26.59,,2.81,17.15,12.52,,8.2,1.56,14.31,0.82,2.79,,240.0,Poor
Chennai,2016-09-19,23.76,,2.95,16.71,11.49,,8.68,1.49,18.08,0.61,2.45,,372.0,Very Poor
Chennai,2016-09-20,22.2,,11.67,34.72,25.65,,11.03,1.4,7.23,1.51,6.78,,437.0,Severe
Chennai,2016-09-21,16.18,,9.32,36.8,24.9,,6.02,1.31,7.9,1.84,6.04,,449.0,Severe
Chennai,2016-09-22,12.79,,6.26,26.79,17.74,,8.05,1.36,15.27,1.21,4.3,,434.0,Severe
Chennai,2016-09-23,18.98,,8.64,24.09,18.04,,0.03,1.82,16.67,0.79,2.47,,118.0,Moderate
Chennai,2016-09-24,18.35,,14.17,18.64,19.07,,0.09,4.42,38.43,0.69,0.91,,30.0,Good
Chennai,2016-09-25,24.87,,13.67,18.02,18.4,,0.05,7.21,36.73,0.79,0.89,,54.0,Satisfactory
Chennai,2016-09-26,33.32,,13.8,17.58,18.15,,0.07,2.51,39.31,0.48,0.75,,94.0,Satisfactory
Chennai,2016-09-27,31.93,,14.65,19.07,19.56,,0.04,2.09,46.34,0.68,0.61,,66.0,Satisfactory
Chennai,2016-09-28,45.71,,13.52,17.82,18.16,,0.04,2.27,50.13,0.39,0.79,,70.0,Satisfactory
Chennai,2016-09-29,40.61,,13.79,18.28,18.61,,0.11,2.78,35.26,0.72,1.18,,77.0,Satisfactory
Chennai,2016-09-30,38.14,,13.75,17.9,18.39,,0.17,2.9,33.94,0.66,0.97,,70.0,Satisfactory
Chennai,2016-10-01,35.96,,13.61,17.62,18.16,,0.03,2.27,52.92,0.53,0.55,,94.0,Satisfactory
Chennai,2016-10-02,,,,,,,0.0,,,,0.0,,136.0,Moderate
Chennai,2016-10-03,33.05,,13.51,17.63,18.08,,0.1,2.5,15.11,1.21,0.21,,,
Chennai,2016-10-04,34.06,,11.91,20.15,17.38,,0.08,2.74,23.06,0.58,0.46,,73.0,Satisfactory
Chennai,2016-10-05,29.14,,6.59,28.6,15.13,,0.1,1.93,35.81,0.53,0.77,,78.0,Satisfactory
Chennai,2016-10-06,60.14,,6.54,28.53,15.06,,0.11,2.87,43.57,0.83,0.87,,85.0,Satisfactory
Chennai,2016-10-07,51.01,,6.6,28.5,15.07,,0.19,2.57,32.88,0.73,1.94,,118.0,Moderate
Chennai,2016-10-08,36.09,,6.64,28.48,15.11,,0.05,2.35,46.76,0.43,0.3,,73.0,Satisfactory
Chennai,2016-10-09,38.46,,6.58,28.53,15.09,,0.0,2.47,39.59,0.42,0.16,,66.0,Satisfactory
Chennai,2016-10-10,44.91,,6.56,28.53,15.08,,0.03,1.98,31.28,0.41,0.03,,79.0,Satisfactory
Chennai,2016-10-11,32.16,,6.6,28.53,15.1,,0.02,2.64,28.41,0.44,0.13,,66.0,Satisfactory
Chennai,2016-10-12,45.11,,6.6,28.54,15.11,,0.02,2.55,49.57,0.49,0.21,,75.0,Satisfactory
Chennai,2016-10-13,81.45,,6.62,28.53,15.11,,0.06,2.1,49.08,0.5,0.31,,131.0,Moderate
Chennai,2016-10-14,60.89,,6.57,28.46,15.05,,0.06,16.0,63.32,0.63,0.26,,180.0,Moderate
Chennai,2016-10-15,62.96,,6.62,28.47,15.09,,0.01,3.07,55.5,0.6,0.41,,124.0,Moderate
Chennai,2016-10-16,60.19,,6.61,28.48,15.09,,0.03,2.14,58.43,0.55,0.25,,125.0,Moderate
Chennai,2016-10-17,66.69,,6.69,28.46,15.14,,0.45,2.29,61.2,0.49,0.38,,197.0,Moderate
Chennai,2016-10-18,78.52,,6.67,28.42,15.1,,0.13,4.36,69.64,0.67,0.86,,167.0,Moderate
Chennai,2016-10-19,63.07,,6.62,28.5,15.1,,0.08,26.16,72.0,0.74,1.69,,187.0,Moderate
Chennai,2016-10-20,80.58,,6.64,28.56,15.15,,0.03,4.66,8.36,0.48,0.48,,130.0,Moderate
Chennai,2016-10-21,73.75,,6.56,28.44,15.04,,0.26,13.26,79.47,0.17,0.67,,170.0,Moderate
Chennai,2016-10-22,80.18,,6.62,28.49,15.1,,0.21,11.65,65.42,3.88,4.57,,183.0,Moderate
Chennai,2016-10-23,87.04,,6.61,28.5,15.1,,0.15,13.75,63.2,1.99,4.42,,208.0,Poor
Chennai,2016-10-24,81.0,,6.61,28.49,15.09,,0.21,19.65,61.0,1.88,4.2,,200.0,Moderate
Chennai,2016-10-25,85.73,,6.65,28.51,15.13,,0.34,19.95,52.22,2.4,9.24,,187.0,Moderate
Chennai,2016-10-26,92.64,,6.37,26.51,14.45,,0.27,20.69,49.15,3.21,9.9,,202.0,Poor
Chennai,2016-10-27,98.0,,6.84,13.5,11.11,,0.1,5.46,62.24,1.65,6.03,,215.0,Poor
Chennai,2016-10-28,132.38,,4.37,17.75,14.14,,1.44,14.2,50.72,1.58,4.23,,370.0,Very Poor
Chennai,2016-10-29,114.08,,6.03,12.53,14.22,,0.2,7.4,52.28,0.83,0.36,,298.0,Poor
Chennai,2016-10-30,67.86,,3.7,12.52,11.24,,0.11,4.77,25.71,0.5,0.77,,168.0,Moderate
Chennai,2016-10-31,49.57,,6.02,15.05,14.15,,0.02,4.68,10.23,0.2,0.57,,130.0,Moderate
Chennai,2016-11-01,52.28,,3.84,16.64,11.9,,0.12,7.14,10.94,0.37,0.85,,87.0,Satisfactory
Chennai,2016-11-02,47.86,,5.25,16.53,13.89,,0.12,3.04,4.38,0.7,0.6,,80.0,Satisfactory
Chennai,2016-11-03,35.54,,4.93,24.26,19.27,,0.15,2.59,7.28,0.74,0.68,,75.0,Satisfactory
Chennai,2016-11-04,57.22,,3.76,15.53,10.05,,0.13,3.73,20.63,0.57,1.33,,87.0,Satisfactory
Chennai,2016-11-05,66.29,,3.89,14.44,8.29,,0.14,4.27,44.96,1.84,1.46,,110.0,Moderate
Chennai,2016-11-06,80.11,,5.59,15.08,10.03,,0.14,4.24,51.61,0.35,1.93,,177.0,Moderate
Chennai,2016-11-07,71.86,,5.05,14.88,9.54,,0.06,2.29,32.83,0.42,1.0,,133.0,Moderate
Chennai,2016-11-08,80.49,,5.35,15.49,10.07,,0.02,5.78,42.53,0.52,0.84,,166.0,Moderate
Chennai,2016-11-09,83.26,,4.7,17.31,10.45,,0.02,7.74,53.12,0.18,0.48,,160.0,Moderate
Chennai,2016-11-10,71.16,,4.79,15.26,9.51,,0.0,6.87,60.63,0.51,0.56,,165.0,Moderate
Chennai,2016-11-11,76.21,,3.91,13.7,8.11,,0.02,3.43,56.87,0.31,0.46,,148.0,Moderate
Chennai,2016-11-12,82.67,,4.28,15.23,9.11,,0.0,9.39,41.55,0.24,0.15,,164.0,Moderate
Chennai,2016-11-13,42.54,,3.48,13.79,6.35,,0.02,1.67,27.37,0.34,0.03,,117.0,Moderate
Chennai,2016-11-14,29.08,,5.95,22.4,14.55,,0.0,1.48,5.6,0.27,0.21,,57.0,Satisfactory
Chennai,2016-11-15,34.55,,6.4,23.17,15.26,,0.0,1.5,5.94,0.15,0.32,,49.0,Good
Chennai,2016-11-16,55.67,,4.61,26.7,15.66,,0.0,2.26,33.85,0.24,0.37,,81.0,Satisfactory
Chennai,2016-11-17,66.57,,4.09,26.41,15.13,,0.0,1.87,72.89,0.09,0.11,,113.0,Moderate
Chennai,2016-11-18,62.58,,4.05,29.62,16.66,,0.0,5.8,54.3,0.18,0.12,,109.0,Moderate
Chennai,2016-11-19,71.55,,4.15,30.81,17.31,,0.0,5.66,56.87,0.22,0.23,,135.0,Moderate
Chennai,2016-11-20,58.21,,5.05,30.99,18.07,,0.02,6.52,43.66,0.28,0.37,,113.0,Moderate
Chennai,2016-11-21,63.87,,4.2,29.83,16.87,,0.02,4.95,38.81,0.31,0.09,,110.0,Moderate
Chennai,2016-11-22,83.29,,3.97,30.5,17.03,,0.0,3.0,46.65,0.1,0.1,,132.0,Moderate
Chennai,2016-11-23,88.08,,4.79,31.32,18.05,,0.07,6.04,56.6,0.21,0.34,,200.0,Moderate
Chennai,2016-11-24,91.49,,6.16,34.32,20.87,,0.41,10.34,44.08,0.17,1.11,,199.0,Moderate
Chennai,2016-11-25,93.71,,4.4,32.16,18.27,,0.08,8.1,59.17,0.26,0.28,,224.0,Poor
Chennai,2016-11-26,82.55,,6.37,33.89,20.48,,0.19,3.95,40.86,0.26,0.41,,195.0,Moderate
Chennai,2016-11-27,101.77,,6.83,33.63,20.69,,0.16,4.6,51.78,0.31,0.67,,216.0,Poor
Chennai,2016-11-28,92.41,,7.76,33.46,21.3,,0.08,3.64,38.11,0.42,0.38,,216.0,Poor
Chennai,2016-11-29,91.15,,5.66,31.0,18.54,,0.02,4.13,29.57,0.26,0.21,,210.0,Poor
Chennai,2016-11-30,94.8,,6.22,30.87,18.9,,0.02,3.05,43.63,0.21,0.1,,200.0,Moderate
Chennai,2016-12-01,74.73,,4.26,27.91,15.98,,0.04,2.65,41.61,0.22,0.16,,188.0,Moderate
Chennai,2016-12-02,43.52,,4.68,25.73,15.24,,0.03,2.36,25.3,0.14,0.22,,97.0,Satisfactory
Chennai,2016-12-03,27.93,,8.83,29.57,20.21,,0.23,2.29,10.34,0.18,0.58,,69.0,Satisfactory
Chennai,2016-12-04,45.98,,9.6,27.02,19.54,,0.06,2.42,4.59,0.21,0.95,,81.0,Satisfactory
Chennai,2016-12-05,45.48,,5.4,26.49,16.14,,0.12,2.37,31.59,0.2,0.2,,68.0,Satisfactory
Chennai,2016-12-06,54.12,,2.28,22.87,12.02,,0.07,3.32,49.83,0.21,0.03,,101.0,Moderate
Chennai,2016-12-07,48.91,,3.77,27.47,15.39,,0.02,2.86,19.72,0.19,0.02,,78.0,Satisfactory
Chennai,2016-12-08,59.74,,6.39,32.39,19.76,,0.12,2.74,23.28,0.3,0.08,,94.0,Satisfactory
Chennai,2016-12-09,80.55,,8.38,36.42,23.21,,0.13,3.49,34.87,0.3,0.26,,134.0,Moderate
Chennai,2016-12-10,84.69,,4.67,33.14,18.84,,0.12,9.78,59.52,0.16,0.04,,182.0,Moderate
Chennai,2016-12-11,77.14,,3.5,22.48,13.33,,0.03,7.25,62.12,0.07,0.04,,175.0,Moderate
Chennai,2016-12-12,51.17,,2.46,5.5,4.92,,0.07,2.49,46.57,0.08,0.0,,107.0,Moderate
Chennai,2016-12-13,,,,,,,,,,,,,86.0,Satisfactory
Chennai,2016-12-14,,,,,,,,,,,,,,
Chennai,2016-12-15,,,,,,,,,,,,,,
Chennai,2016-12-16,,,,,,,,,,,,,,
Chennai,2016-12-17,,,,,,,,,,,,,,
Chennai,2016-12-18,,,,,,,,,,,,,,
Chennai,2016-12-19,,,,,,,,,,,,,,
Chennai,2016-12-20,,,,,,,0.0,,,0.0,0.0,,,
Chennai,2016-12-21,,,,,,,,,,,,,,
Chennai,2016-12-22,,,,,,,,,,,,,,
Chennai,2016-12-23,,,,,,,0.0,,,0.0,0.0,,,
Chennai,2016-12-24,,,,,,,0.0,,,0.0,0.0,,,
Chennai,2016-12-25,,,,,,,0.0,,,0.0,0.0,,,
Chennai,2016-12-26,,,,,,,0.0,,,,,,,
Chennai,2016-12-27,,,,,,,0.0,,,0.0,0.0,,,
Chennai,2016-12-28,,,,,,,0.0,,,0.0,0.0,,,
Chennai,2016-12-29,,,,,,,0.0,,,0.0,0.0,,,
Chennai,2016-12-30,63.65,,6.17,23.85,16.74,,0.07,4.06,39.59,0.19,0.09,,,
Chennai,2016-12-31,84.04,,9.22,23.72,18.96,,0.25,9.19,21.42,0.21,0.08,,174.0,Moderate
Delhi,2015-01-01,313.22,607.98,69.16,36.39,110.59,33.85,15.2,9.25,41.68,14.36,24.86,9.84,472.0,Severe
Delhi,2015-01-02,186.18,269.55,62.09,32.87,88.14,31.83,9.54,6.65,29.97,10.55,20.09,4.29,454.0,Severe
Delhi,2015-01-03,87.18,131.9,25.73,30.31,47.95,69.55,10.61,2.65,19.71,3.91,10.23,1.99,143.0,Moderate
Delhi,2015-01-04,151.84,241.84,25.01,36.91,48.62,130.36,11.54,4.63,25.36,4.26,9.71,3.34,319.0,Very Poor
Delhi,2015-01-05,146.6,219.13,14.01,34.92,38.25,122.88,9.2,3.33,23.2,2.8,6.21,2.96,325.0,Very Poor
Delhi,2015-01-06,149.58,252.1,17.21,37.84,42.46,134.97,9.44,3.66,26.83,3.63,7.35,3.47,318.0,Very Poor
Delhi,2015-01-07,217.87,376.51,26.99,40.15,52.41,134.82,9.78,5.82,28.96,4.93,9.42,5.21,353.0,Very Poor
Delhi,2015-01-08,229.9,360.95,23.34,43.16,51.21,138.13,11.01,3.31,30.51,5.8,11.4,4.83,383.0,Very Poor
Delhi,2015-01-09,201.66,397.43,19.18,38.56,45.6,140.6,11.09,3.48,32.94,5.25,11.12,5.26,375.0,Very Poor
Delhi,2015-01-10,221.02,361.74,24.79,46.39,55.19,134.06,9.7,5.91,34.12,4.87,9.44,4.76,376.0,Very Poor
Delhi,2015-01-11,205.41,393.2,28.46,47.29,57.88,131.1,10.98,5.54,50.37,5.93,10.59,5.36,379.0,Very Poor
Delhi,2015-01-12,212.41,345.63,24.77,44.71,54.66,148.51,9.3,5.17,40.08,6.2,10.68,4.59,375.0,Very Poor
Delhi,2015-01-13,197.61,301.04,34.28,45.88,62.95,145.48,11.52,5.95,39.54,5.18,9.5,4.17,366.0,Very Poor
Delhi,2015-01-14,164.39,227.38,20.78,41.17,48.09,166.7,10.32,4.85,42.05,4.57,10.72,3.06,353.0,Very Poor
Delhi,2015-01-15,166.19,283.93,47.91,56.7,79.73,124.64,10.81,6.94,43.25,6.98,20.55,3.08,340.0,Very Poor
Delhi,2015-01-16,174.98,309.99,42.33,49.41,70.6,136.4,11.46,4.69,34.7,7.75,15.83,3.75,356.0,Very Poor
Delhi,2015-01-17,196.46,356.2,42.18,53.04,80.18,125.49,8.87,5.13,25.77,9.92,17.59,3.36,360.0,Very Poor
Delhi,2015-01-18,201.51,359.75,45.51,53.77,75.83,120.45,8.99,5.43,23.22,9.0,20.95,4.03,370.0,Very Poor
Delhi,2015-01-19,183.35,305.13,27.32,39.88,55.67,148.49,9.02,4.21,25.34,5.57,12.93,3.62,362.0,Very Poor
Delhi,2015-01-20,165.63,257.04,16.47,34.23,37.68,146.31,8.03,4.11,22.69,3.42,6.76,3.28,340.0,Very Poor
Delhi,2015-01-21,159.54,235.27,12.27,22.56,33.02,63.23,9.01,7.05,18.56,4.1,8.26,2.72,338.0,Very Poor
Delhi,2015-01-22,143.68,183.89,14.75,21.82,34.88,39.65,10.58,8.64,6.94,4.15,9.54,2.78,332.0,Very Poor
Delhi,2015-01-23,128.73,136.07,11.99,17.35,29.46,39.98,8.74,6.77,10.91,2.51,7.64,2.49,254.0,Poor
Delhi,2015-01-24,164.98,200.02,10.38,15.77,25.49,38.77,9.39,8.89,9.35,2.6,5.5,2.94,324.0,Very Poor
Delhi,2015-01-25,148.59,203.81,11.82,20.83,28.29,45.62,11.44,5.96,16.65,3.37,6.98,2.94,333.0,Very Poor
Delhi,2015-01-26,129.34,137.86,12.46,25.66,29.48,60.96,10.19,6.78,18.18,3.0,5.87,2.51,292.0,Poor
Delhi,2015-01-27,154.2,217.2,14.41,30.39,34.63,40.96,10.36,6.42,17.11,3.31,6.31,3.07,318.0,Very Poor
Delhi,2015-01-28,134.6,156.9,18.96,28.6,35.57,49.71,10.21,5.21,15.23,3.27,6.86,2.63,295.0,Poor
Delhi,2015-01-29,173.13,277.0,23.14,38.34,48.89,62.03,11.74,5.53,16.29,4.02,9.84,3.42,327.0,Very Poor
Delhi,2015-01-30,178.04,272.61,19.8,38.43,44.45,69.78,11.58,6.43,14.91,3.65,6.61,3.35,345.0,Very Poor
Delhi,2015-01-31,158.59,207.06,30.67,41.36,57.77,67.66,8.7,5.03,17.51,4.36,8.98,2.54,334.0,Very Poor
Delhi,2015-02-01,211.59,371.05,57.56,58.17,93.17,96.69,13.08,9.9,23.28,6.65,15.45,3.36,358.0,Very Poor
Delhi,2015-02-02,163.64,219.84,13.7,37.25,39.34,84.49,10.59,5.31,28.38,2.53,4.69,2.58,349.0,Very Poor
Delhi,2015-02-03,157.71,194.09,12.28,31.05,34.1,66.38,8.21,5.64,28.56,2.13,4.24,1.12,334.0,Very Poor
Delhi,2015-02-04,137.26,147.08,15.21,29.69,36.06,53.28,9.11,5.06,15.07,3.04,6.31,2.79,313.0,Very Poor
Delhi,2015-02-05,131.76,127.42,23.15,36.51,47.4,51.24,8.18,4.85,21.7,4.92,10.17,3.33,262.0,Poor
Delhi,2015-02-06,151.6,330.99,46.66,67.0,84.76,63.45,5.51,9.13,33.92,9.46,19.7,9.77,303.0,Very Poor
Delhi,2015-02-07,160.75,210.52,37.54,57.69,71.68,58.15,10.28,6.91,43.44,5.5,14.95,6.68,329.0,Very Poor
Delhi,2015-02-08,145.34,215.69,30.54,50.39,61.78,66.72,5.39,8.66,30.43,2.42,6.5,0.57,323.0,Very Poor
Delhi,2015-02-09,134.67,109.86,19.95,39.18,44.48,74.29,5.11,9.7,20.62,2.59,3.17,1.24,266.0,Poor
Delhi,2015-02-10,153.07,218.23,23.41,42.2,48.01,79.54,10.88,5.81,19.02,5.58,7.1,7.93,319.0,Very Poor
Delhi,2015-02-11,116.91,316.14,33.79,53.63,64.04,95.13,12.64,7.54,27.17,5.96,5.59,10.72,334.0,Very Poor
Delhi,2015-02-12,177.98,394.97,30.48,42.73,58.19,69.47,13.75,9.2,25.58,3.5,7.38,10.65,342.0,Very Poor
Delhi,2015-02-13,167.01,328.43,32.23,44.61,55.13,83.96,11.26,7.77,27.62,3.53,7.69,11.45,341.0,Very Poor
Delhi,2015-02-14,193.96,412.46,81.47,53.81,107.76,137.27,11.73,9.36,34.22,9.01,17.88,14.17,377.0,Very Poor
Delhi,2015-02-15,184.06,497.37,44.16,58.15,75.98,61.89,13.78,9.13,40.91,4.79,8.98,12.44,391.0,Very Poor
Delhi,2015-02-16,152.62,310.74,24.32,44.22,49.67,74.74,11.55,6.79,34.36,2.84,5.37,3.49,358.0,Very Poor
Delhi,2015-02-17,161.27,195.78,23.71,25.4,42.76,75.66,10.3,5.6,41.62,3.04,5.62,3.78,327.0,Very Poor
Delhi,2015-02-18,188.2,253.53,69.2,60.29,104.31,79.83,16.23,8.65,36.54,8.34,16.27,4.38,365.0,Very Poor
Delhi,2015-02-19,159.97,193.78,24.53,40.51,47.8,81.44,13.11,5.08,31.88,3.11,6.12,3.49,352.0,Very Poor
Delhi,2015-02-20,144.12,162.2,18.1,34.71,40.32,81.04,11.45,5.93,31.61,2.35,6.76,4.07,317.0,Very Poor
Delhi,2015-02-21,155.38,191.03,35.51,45.11,57.91,69.59,14.21,12.24,30.11,4.69,16.48,9.41,320.0,Very Poor
Delhi,2015-02-22,124.1,107.61,15.38,31.83,32.15,70.25,9.73,5.68,27.19,0.88,3.13,1.44,279.0,Poor
Delhi,2015-02-23,141.39,157.01,21.95,38.23,42.71,36.38,9.29,9.43,36.86,2.02,11.23,10.87,281.0,Poor
Delhi,2015-02-24,170.16,238.33,36.04,48.4,60.78,34.14,14.17,9.28,37.39,4.28,22.47,17.65,354.0,Very Poor
Delhi,2015-02-25,148.19,169.57,14.79,29.28,34.14,34.91,14.13,5.94,31.57,2.06,6.92,1.75,340.0,Very Poor
Delhi,2015-02-26,140.78,171.64,11.34,20.95,26.65,23.22,13.61,6.98,28.72,1.81,6.96,3.64,323.0,Very Poor
Delhi,2015-02-27,130.42,163.67,13.85,24.75,31.46,22.36,12.78,12.12,34.08,2.14,8.56,4.34,315.0,Very Poor
Delhi,2015-02-28,105.86,169.28,9.21,20.65,25.3,16.49,11.8,12.48,41.38,1.97,7.83,1.25,310.0,Very Poor
Delhi,2015-03-01,71.83,98.89,8.49,21.42,19.55,12.44,11.62,10.99,22.51,1.38,4.63,2.6,324.0,Very Poor
Delhi,2015-03-02,53.71,60.15,11.02,13.43,20.48,19.11,10.19,3.21,22.08,0.91,3.45,0.69,226.0,Poor
Delhi,2015-03-03,83.49,112.1,16.23,23.75,30.88,16.04,11.72,5.07,20.83,2.13,8.11,2.41,266.0,Poor
Delhi,2015-03-04,91.07,139.15,13.71,24.28,28.73,17.44,10.64,4.68,25.83,1.6,8.05,6.62,200.0,Moderate
Delhi,2015-03-05,106.57,196.19,25.97,31.12,45.48,28.86,9.36,5.97,32.88,3.27,15.12,10.65,275.0,Poor
Delhi,2015-03-06,101.75,163.14,20.56,26.59,34.17,32.04,10.55,5.96,33.67,2.45,9.31,7.14,322.0,Very Poor
Delhi,2015-03-07,77.57,90.54,12.07,19.15,24.66,16.83,9.48,5.18,23.09,1.68,6.31,1.25,216.0,Poor
Delhi,2015-03-08,63.24,80.2,13.52,20.35,27.44,16.12,8.19,3.98,20.71,1.69,6.09,1.35,108.0,Moderate
Delhi,2015-03-09,76.62,117.38,10.49,18.21,22.84,15.2,9.02,4.2,22.85,1.12,4.32,1.97,197.0,Moderate
Delhi,2015-03-10,86.7,150.92,11.44,18.82,25.78,18.88,7.98,3.84,25.87,1.51,5.62,4.8,238.0,Poor
Delhi,2015-03-11,104.29,176.2,14.94,25.63,32.66,29.48,10.76,6.3,29.62,2.32,7.74,1.91,274.0,Poor
Delhi,2015-03-12,115.93,203.75,18.48,32.29,37.84,30.72,11.3,7.03,35.05,2.9,12.42,15.16,315.0,Very Poor
Delhi,2015-03-13,108.66,173.89,15.61,30.75,37.02,23.31,10.23,10.65,34.05,3.41,14.88,9.81,307.0,Very Poor
Delhi,2015-03-14,67.94,105.29,14.3,29.78,32.1,29.21,9.18,10.14,23.39,2.42,9.14,0.8,208.0,Poor
Delhi,2015-03-15,38.89,46.68,9.49,17.76,21.45,30.59,8.23,4.25,22.0,1.03,4.45,1.38,165.0,Moderate
Delhi,2015-03-16,45.39,74.14,10.2,17.14,22.27,33.16,7.87,8.8,25.55,1.05,4.83,0.74,188.0,Moderate
Delhi,2015-03-17,55.55,104.33,12.18,20.96,25.28,39.8,10.45,7.19,23.11,1.55,6.39,4.07,217.0,Poor
Delhi,2015-03-18,50.59,95.56,9.32,16.6,21.74,39.16,7.83,3.6,27.5,1.11,4.42,3.67,191.0,Moderate
Delhi,2015-03-19,69.51,136.67,14.05,23.77,30.29,36.77,7.89,4.97,27.07,3.23,8.67,7.55,240.0,Poor
Delhi,2015-03-20,96.62,168.0,19.15,29.04,37.12,35.07,9.59,6.66,29.01,5.67,17.61,22.01,229.0,Poor
Delhi,2015-03-21,96.28,172.91,20.18,29.21,37.78,32.01,8.82,7.31,25.97,7.79,16.65,17.47,248.0,Poor
Delhi,2015-03-22,72.2,122.12,9.39,20.27,23.15,32.52,8.5,4.4,25.48,2.67,6.07,5.96,204.0,Poor
Delhi,2015-03-23,78.47,131.42,12.57,23.04,28.5,32.13,8.6,4.07,27.1,5.45,13.55,10.98,271.0,Poor
Delhi,2015-03-24,91.87,179.36,21.3,30.01,40.31,31.79,10.1,7.35,34.78,9.72,16.21,15.64,290.0,Poor
Delhi,2015-03-25,107.26,201.08,21.52,33.82,42.98,27.92,11.69,11.82,45.78,4.93,11.03,9.98,340.0,Very Poor
Delhi,2015-03-26,109.78,217.9,24.1,33.02,44.26,28.0,12.67,9.3,40.0,6.64,10.31,2.53,358.0,Very Poor
Delhi,2015-03-27,62.27,117.81,12.01,24.76,27.71,27.34,9.29,10.91,31.08,4.14,4.26,2.0,287.0,Poor
Delhi,2015-03-28,102.22,212.96,22.14,29.41,40.44,32.82,10.47,17.16,40.23,3.87,9.33,2.54,323.0,Very Poor
Delhi,2015-03-29,104.36,202.01,23.55,33.86,43.2,37.35,14.42,16.92,32.84,3.96,9.87,2.51,360.0,Very Poor
Delhi,2015-03-30,44.19,57.0,7.11,17.6,19.91,28.77,9.58,7.75,26.81,1.45,3.4,1.53,268.0,Poor
Delhi,2015-03-31,55.66,78.64,10.22,20.13,26.74,30.62,9.56,9.34,34.15,2.01,4.89,1.8,283.0,Poor
Delhi,2015-04-01,112.86,167.6,24.6,32.71,45.12,36.05,10.15,19.48,38.45,4.04,9.07,2.42,309.0,Very Poor
Delhi,2015-04-02,78.51,112.78,9.82,20.54,27.51,31.04,6.72,14.37,35.54,2.17,4.2,2.32,249.0,Poor
Delhi,2015-04-03,66.52,76.05,11.21,18.47,27.79,35.48,8.24,10.62,24.85,2.32,5.02,3.05,245.0,Poor
Delhi,2015-04-04,62.56,86.11,10.66,24.96,30.36,28.46,5.52,12.94,27.98,2.39,6.04,2.45,229.0,Poor
Delhi,2015-04-05,78.61,145.1,13.0,27.75,39.45,32.3,7.97,16.72,40.79,3.3,8.08,2.19,234.0,Poor
Delhi,2015-04-06,119.7,195.47,34.3,32.83,59.96,44.66,11.01,16.63,30.32,5.7,14.32,2.64,343.0,Very Poor
Delhi,2015-04-07,66.09,95.81,7.57,24.47,30.04,29.78,7.29,8.34,43.23,1.89,4.65,1.89,262.0,Poor
Delhi,2015-04-08,95.34,120.2,11.64,34.72,37.7,24.84,9.28,17.99,61.68,2.72,7.17,2.06,308.0,Very Poor
Delhi,2015-04-09,63.57,148.17,11.33,35.15,41.13,30.04,6.57,10.48,35.18,2.45,6.82,2.1,293.0,Poor
Delhi,2015-04-10,96.56,203.67,17.46,52.77,62.06,30.32,4.63,15.8,59.88,3.47,9.68,2.29,290.0,Poor
Delhi,2015-04-11,131.39,234.65,22.86,59.52,72.68,34.01,5.84,21.5,73.72,4.56,14.16,2.57,375.0,Very Poor
Delhi,2015-04-12,75.35,91.73,9.63,45.3,40.75,28.79,7.73,13.08,49.21,1.98,6.71,1.85,293.0,Poor
Delhi,2015-04-13,86.49,116.62,14.18,50.3,56.07,38.86,3.67,14.99,62.52,2.5,8.84,2.06,247.0,Poor
Delhi,2015-04-14,77.07,132.68,13.41,42.65,50.06,36.68,6.85,14.04,55.44,2.13,7.25,2.0,232.0,Poor
Delhi,2015-04-15,98.79,161.43,18.39,47.41,45.1,34.8,11.65,13.75,31.14,2.4,7.07,2.16,316.0,Very Poor
Delhi,2015-04-16,81.81,164.56,18.2,44.06,58.92,37.84,5.94,21.44,59.29,2.64,10.67,2.37,295.0,Poor
Delhi,2015-04-17,65.78,180.67,18.75,40.09,55.98,30.04,7.38,14.34,54.47,3.23,10.23,3.16,246.0,Poor
Delhi,2015-04-18,119.82,268.65,26.27,51.11,66.92,28.99,8.21,17.21,65.72,4.32,13.89,4.52,378.0,Very Poor
Delhi,2015-04-19,125.53,308.82,32.69,64.73,87.58,34.39,8.84,18.02,65.08,4.88,17.48,4.88,406.0,Severe
Delhi,2015-04-20,121.51,336.63,18.14,60.41,68.41,33.63,6.75,20.98,87.04,3.08,10.2,4.6,392.0,Very Poor
Delhi,2015-04-21,114.5,327.81,23.52,50.7,63.45,30.3,6.84,19.38,74.49,4.22,13.04,4.27,391.0,Very Poor
Delhi,2015-04-22,101.83,279.41,26.26,55.27,72.67,24.36,7.36,19.29,69.41,4.74,14.52,3.72,368.0,Very Poor
Delhi,2015-04-23,118.57,273.68,33.93,76.46,96.19,29.32,6.58,21.81,76.14,5.0,18.21,4.45,365.0,Very Poor
Delhi,2015-04-24,143.22,313.53,42.58,88.61,108.55,36.5,6.42,26.89,89.42,5.63,22.15,4.61,383.0,Very Poor
Delhi,2015-04-25,106.76,318.88,22.5,58.87,71.34,37.0,6.75,17.56,93.54,3.15,12.73,3.99,367.0,Very Poor
Delhi,2015-04-26,65.36,160.3,13.17,31.23,38.68,32.83,8.44,12.67,77.43,1.9,6.65,2.72,334.0,Very Poor
Delhi,2015-04-27,67.08,174.5,13.18,35.54,44.09,32.27,4.76,11.92,70.74,1.86,6.09,2.97,258.0,Poor
Delhi,2015-04-28,81.37,141.25,11.98,34.88,43.91,29.46,4.67,13.97,70.42,1.66,6.08,2.79,234.0,Poor
Delhi,2015-04-29,63.76,131.56,12.09,42.98,51.34,29.93,7.16,13.98,61.86,1.94,7.31,2.68,257.0,Poor
Delhi,2015-04-30,60.56,171.42,12.0,43.9,48.72,29.08,7.33,12.85,60.18,2.03,6.47,2.71,259.0,Poor
Delhi,2015-05-01,76.1,192.81,13.14,42.99,52.01,26.55,7.63,13.1,53.16,2.02,9.5,2.21,279.0,Poor
Delhi,2015-05-02,72.66,206.1,25.56,62.09,76.22,26.99,9.46,16.16,43.06,3.47,15.83,,312.0,Very Poor
Delhi,2015-05-03,121.94,334.02,52.12,83.3,100.84,35.46,11.95,19.43,41.71,6.62,32.11,,372.0,Very Poor
Delhi,2015-05-04,108.98,326.71,52.0,85.5,112.64,31.33,8.08,17.53,37.7,6.19,26.87,,387.0,Very Poor
Delhi,2015-05-05,145.99,366.85,75.13,107.85,150.76,35.82,6.65,26.0,50.27,7.43,35.57,,408.0,Severe
Delhi,2015-05-06,171.33,346.98,53.42,87.88,122.67,39.27,7.1,25.26,92.66,5.92,28.97,,398.0,Very Poor
Delhi,2015-05-07,117.76,343.12,19.74,63.18,73.07,35.52,9.64,24.63,75.6,3.99,12.65,,403.0,Severe
Delhi,2015-05-08,90.66,305.38,25.55,56.54,73.9,30.52,6.65,20.79,74.84,3.96,8.6,,361.0,Very Poor
Delhi,2015-05-09,106.4,285.38,43.33,63.57,96.25,34.25,9.35,18.15,76.38,4.09,11.93,,378.0,Very Poor
Delhi,2015-05-10,101.21,283.47,20.83,57.51,65.08,31.32,10.6,16.92,67.97,3.3,10.36,,381.0,Very Poor
Delhi,2015-05-11,97.57,336.82,11.91,42.7,48.43,36.11,8.79,15.11,87.93,2.21,5.94,,388.0,Very Poor
Delhi,2015-05-12,96.34,293.26,11.54,43.04,48.09,52.21,6.27,10.84,83.43,1.74,5.4,,346.0,Very Poor
Delhi,2015-05-13,83.42,174.52,10.5,48.61,45.79,56.95,8.14,9.08,55.62,2.29,7.15,,328.0,Very Poor
Delhi,2015-05-14,78.06,196.08,16.38,42.22,53.26,47.74,7.24,10.42,57.1,2.49,7.56,,291.0,Poor
Delhi,2015-05-15,97.87,240.34,27.46,63.55,81.14,44.08,10.81,15.02,77.87,3.2,11.05,,396.0,Very Poor
Delhi,2015-05-16,77.52,186.28,24.05,75.5,91.36,41.94,6.17,15.03,73.24,2.16,5.81,,297.0,Poor
Delhi,2015-05-17,97.16,188.39,15.83,57.63,65.15,43.23,8.4,20.15,70.29,1.68,4.74,,345.0,Very Poor
Delhi,2015-05-18,66.85,172.35,9.2,47.64,55.88,40.95,7.46,15.04,79.02,1.69,3.99,,296.0,Poor
Delhi,2015-05-19,89.85,240.31,16.42,75.47,70.51,40.32,8.04,14.58,79.55,1.82,5.59,,319.0,Very Poor
Delhi,2015-05-20,67.41,176.25,21.7,52.69,60.6,42.24,6.11,20.3,57.17,2.01,4.94,,282.0,Poor
Delhi,2015-05-21,75.54,335.13,27.16,53.03,63.55,56.95,8.25,14.85,42.61,2.16,5.19,,352.0,Very Poor
Delhi,2015-05-22,67.91,235.99,34.97,56.84,77.1,45.91,8.32,14.77,64.34,1.8,3.94,,338.0,Very Poor
Delhi,2015-05-23,69.02,313.73,38.94,52.79,75.32,36.5,7.06,10.73,66.63,1.52,3.62,,321.0,Very Poor
Delhi,2015-05-24,79.1,251.52,32.09,56.29,69.04,37.22,8.56,18.96,60.08,7.08,7.12,,295.0,Poor
Delhi,2015-05-25,117.27,340.66,51.72,60.65,102.66,40.26,7.66,11.78,95.72,1.69,5.27,,344.0,Very Poor
Delhi,2015-05-26,96.09,311.08,24.98,51.77,70.51,33.51,5.25,9.9,79.4,1.59,3.57,,337.0,Very Poor
Delhi,2015-05-27,84.71,231.35,42.01,70.43,91.54,29.05,8.54,17.48,80.71,2.44,5.37,,355.0,Very Poor
Delhi,2015-05-28,182.76,436.17,54.87,72.67,100.54,35.74,6.89,14.33,83.33,2.5,6.62,,371.0,Very Poor
Delhi,2015-05-29,106.61,275.6,37.21,64.94,87.55,41.74,8.48,12.9,76.1,1.94,5.71,,414.0,Severe
Delhi,2015-05-30,92.68,239.12,47.05,65.26,103.71,40.66,7.59,17.68,69.95,2.59,7.66,,366.0,Very Poor
Delhi,2015-05-31,73.62,236.8,19.04,41.86,52.3,36.27,7.12,13.08,87.47,1.66,3.31,,346.0,Very Poor
Delhi,2015-06-01,49.42,175.39,15.74,48.55,61.72,35.12,5.03,9.96,72.89,1.26,3.71,,289.0,Poor
Delhi,2015-06-02,52.51,117.86,18.64,54.29,68.84,46.09,6.67,6.73,56.2,1.51,3.98,,297.0,Poor
Delhi,2015-06-03,65.28,137.7,24.46,65.25,91.72,54.47,4.98,6.31,41.92,1.8,5.8,,268.0,Poor
Delhi,2015-06-04,85.45,170.55,15.02,62.38,71.04,57.58,3.83,5.53,63.0,3.19,8.0,,259.0,Poor
Delhi,2015-06-05,83.02,241.67,16.05,62.63,52.93,75.0,11.36,4.12,52.03,2.6,7.32,,327.0,Very Poor
Delhi,2015-06-06,44.54,119.29,11.64,46.37,46.37,71.88,11.94,7.37,37.09,2.38,6.02,,384.0,Very Poor
Delhi,2015-06-07,85.03,186.2,25.76,77.07,91.29,46.57,3.51,9.53,88.63,2.43,6.95,,299.0,Poor
Delhi,2015-06-08,137.7,269.3,52.45,109.34,109.95,50.63,1.56,10.44,86.2,2.82,9.42,,282.0,Poor
Delhi,2015-06-09,136.05,393.7,45.61,76.88,83.43,46.56,1.38,8.84,58.0,2.75,6.91,,442.0,Severe
Delhi,2015-06-10,63.77,166.31,12.93,31.27,34.21,43.33,2.58,5.91,56.84,1.83,3.83,,309.0,Very Poor
Delhi,2015-06-11,115.57,259.73,4.41,32.99,26.63,35.31,1.24,6.02,138.5,1.52,3.79,,270.0,Poor
Delhi,2015-06-12,83.29,180.06,14.51,36.36,37.13,40.11,1.19,5.52,68.6,1.86,4.5,,239.0,Poor
Delhi,2015-06-13,73.7,158.24,24.38,52.9,64.56,41.36,1.36,5.34,53.02,1.71,5.25,,214.0,Poor
Delhi,2015-06-14,74.56,121.44,15.9,68.76,71.74,56.02,1.35,5.33,60.88,1.63,6.44,,166.0,Moderate
Delhi,2015-06-15,106.11,206.42,17.76,72.79,73.34,60.68,1.62,6.3,86.86,2.8,8.15,,234.0,Poor
Delhi,2015-06-16,132.21,282.05,45.43,81.57,109.14,59.1,1.73,6.16,82.42,4.07,13.65,,331.0,Very Poor
Delhi,2015-06-17,123.56,271.79,32.84,70.96,82.45,55.88,1.57,6.95,74.01,3.18,8.21,,327.0,Very Poor
Delhi,2015-06-18,132.21,268.84,34.59,94.25,108.25,59.55,1.82,9.31,87.24,3.87,10.16,,313.0,Very Poor
Delhi,2015-06-19,110.65,216.46,10.75,65.21,61.04,55.65,1.38,7.8,76.58,2.17,5.76,,284.0,Poor
Delhi,2015-06-20,80.31,160.22,5.92,52.7,45.57,48.06,1.29,10.22,69.37,1.17,4.34,,239.0,Poor
Delhi,2015-06-21,59.73,82.7,7.05,50.78,40.03,66.21,1.59,6.11,52.78,1.08,4.73,,149.0,Moderate
Delhi,2015-06-22,85.4,139.2,10.93,58.88,56.1,50.28,1.34,6.18,59.49,1.66,7.01,,172.0,Moderate
Delhi,2015-06-23,101.99,152.18,18.2,61.18,67.45,51.94,1.41,7.9,77.04,2.42,7.98,,226.0,Poor
Delhi,2015-06-24,126.07,214.45,14.98,60.31,86.44,62.47,1.37,8.09,83.13,2.45,7.86,,261.0,Poor
Delhi,2015-06-25,37.59,62.38,17.17,44.72,104.26,50.86,1.25,7.67,46.7,1.69,5.27,,188.0,Moderate
Delhi,2015-06-26,76.0,182.48,32.6,46.88,101.06,45.56,1.04,6.84,60.99,2.08,6.36,,192.0,Moderate
Delhi,2015-06-27,69.46,195.2,19.12,38.55,69.98,42.36,1.01,7.28,53.19,1.39,3.4,,207.0,Poor
Delhi,2015-06-28,79.84,214.78,20.29,47.19,92.99,41.99,1.13,7.53,58.34,1.4,3.86,,219.0,Poor
Delhi,2015-06-29,48.5,96.78,5.47,38.37,81.25,43.97,1.07,7.74,52.21,0.89,3.04,,193.0,Moderate
Delhi,2015-06-30,53.79,109.92,8.54,46.06,108.22,41.11,1.05,9.15,58.33,1.16,4.92,,170.0,Moderate
Delhi,2015-07-01,57.99,135.43,8.88,49.64,103.97,40.5,1.06,8.88,61.42,1.62,6.78,,185.0,Moderate
Delhi,2015-07-02,67.12,175.9,12.29,52.45,110.32,39.09,1.12,6.86,61.7,1.61,5.71,,220.0,Poor
Delhi,2015-07-03,65.25,219.31,19.11,37.09,64.79,37.32,0.99,8.91,59.66,1.29,3.34,,225.0,Poor
Delhi,2015-07-04,88.75,212.16,20.9,35.54,45.93,61.61,0.98,7.24,56.61,0.85,1.81,,250.0,Poor
Delhi,2015-07-05,135.92,435.2,19.63,36.89,49.31,64.99,1.17,6.42,58.36,1.04,2.73,,282.0,Poor
Delhi,2015-07-06,60.27,143.86,15.17,44.07,109.71,38.68,1.1,7.91,58.07,1.08,3.78,,298.0,Poor
Delhi,2015-07-07,52.2,78.64,12.97,51.7,109.52,42.09,1.34,7.82,53.72,1.79,6.76,,175.0,Moderate
Delhi,2015-07-08,67.92,127.38,11.17,52.69,131.9,42.84,1.17,7.94,53.94,2.24,8.08,,217.0,Poor
Delhi,2015-07-09,65.95,128.93,25.82,53.39,152.12,48.61,1.4,7.86,42.58,2.8,9.57,,234.0,Poor
Delhi,2015-07-10,47.68,95.1,26.94,46.71,173.98,53.64,1.26,8.97,35.79,2.24,9.43,,188.0,Moderate
Delhi,2015-07-11,29.08,41.31,31.49,51.39,254.8,42.6,7.23,8.61,54.03,2.04,8.46,,253.0,Poor
Delhi,2015-07-12,32.29,34.16,12.34,32.77,117.79,48.01,1.27,7.15,40.41,2.18,6.13,,198.0,Moderate
Delhi,2015-07-13,36.68,54.36,12.21,37.71,105.59,41.83,1.3,8.11,37.7,1.96,6.02,,148.0,Moderate
Delhi,2015-07-14,44.48,112.83,13.94,43.46,94.25,49.32,1.3,8.04,46.71,1.88,6.34,,141.0,Moderate
Delhi,2015-07-15,63.79,243.97,30.37,38.05,89.67,44.18,1.07,9.62,52.2,1.41,4.49,,218.0,Poor
Delhi,2015-07-16,77.2,244.69,22.06,36.72,102.35,31.83,1.02,10.29,72.44,1.11,4.61,,268.0,Poor
Delhi,2015-07-17,77.99,148.95,13.99,42.07,128.36,40.17,1.88,12.46,61.43,1.95,7.66,,232.0,Poor
Delhi,2015-07-18,71.11,148.87,24.83,48.79,149.07,42.26,1.84,10.77,56.32,3.78,14.23,,204.0,Poor
Delhi,2015-07-19,67.39,144.11,23.65,52.87,155.27,42.68,1.28,10.4,59.05,2.6,10.15,,220.0,Poor
Delhi,2015-07-20,49.58,83.22,16.89,62.37,196.68,41.37,1.24,10.17,61.55,1.82,7.33,,223.0,Poor
Delhi,2015-07-21,40.97,78.76,12.25,46.3,151.32,38.36,1.14,12.19,46.98,2.04,8.56,,218.0,Poor
Delhi,2015-07-22,38.97,85.89,19.43,41.41,132.19,36.49,2.73,20.43,44.49,5.82,16.67,,165.0,Moderate
Delhi,2015-07-23,34.02,81.25,11.59,39.98,116.55,33.95,2.42,16.71,49.72,7.2,7.77,,155.0,Moderate
Delhi,2015-07-24,46.13,94.49,9.1,43.99,146.4,37.38,0.98,16.01,47.11,1.25,5.68,,154.0,Moderate
Delhi,2015-07-25,46.01,97.0,10.2,42.86,141.1,37.05,1.0,15.58,45.9,1.45,5.43,,184.0,Moderate
Delhi,2015-07-26,29.81,86.01,8.06,30.66,106.81,33.05,0.81,15.09,40.73,0.87,4.39,,150.0,Moderate
Delhi,2015-07-27,22.82,53.28,10.02,33.21,113.43,30.92,0.83,12.69,36.65,0.82,2.92,,125.0,Moderate
Delhi,2015-07-28,24.69,51.98,10.03,40.25,127.68,28.99,0.74,7.61,38.49,0.87,2.57,,160.0,Moderate
Delhi,2015-07-29,29.04,56.7,12.18,35.69,126.64,28.56,0.66,9.68,35.89,0.94,3.14,,142.0,Moderate
Delhi,2015-07-30,25.76,47.91,13.51,32.96,105.81,29.31,1.2,9.49,26.26,0.89,3.24,,181.0,Moderate
Delhi,2015-07-31,37.85,122.18,27.39,35.9,119.1,25.17,1.6,9.7,36.57,1.33,4.92,,196.0,Moderate
Delhi,2015-08-01,41.32,126.33,29.5,35.14,139.85,23.1,1.08,10.8,41.27,1.41,5.16,,181.0,Moderate
Delhi,2015-08-02,47.81,123.24,40.08,37.96,165.43,24.2,0.82,10.27,46.38,1.61,6.87,,213.0,Poor
Delhi,2015-08-03,56.02,154.28,28.95,40.17,129.29,30.76,0.78,8.75,45.97,1.65,6.16,,175.0,Moderate
Delhi,2015-08-04,54.46,136.88,19.25,46.74,142.99,31.77,1.21,9.72,56.88,1.66,5.74,,184.0,Moderate
Delhi,2015-08-05,59.13,117.08,25.28,52.78,164.51,37.94,1.67,10.41,54.66,2.33,9.61,,228.0,Poor
Delhi,2015-08-06,65.47,126.56,24.45,52.51,205.02,37.79,1.17,10.73,60.57,2.23,10.66,,214.0,Poor
Delhi,2015-08-07,64.58,154.92,19.7,48.24,202.11,39.64,1.75,10.22,68.17,2.06,8.98,,254.0,Poor
Delhi,2015-08-08,70.05,149.92,21.3,50.51,200.34,43.18,2.26,7.68,62.76,2.31,10.19,,258.0,Poor
Delhi,2015-08-09,55.51,105.17,31.18,39.47,167.5,36.5,1.24,5.83,45.4,2.22,9.54,,244.0,Poor
Delhi,2015-08-10,82.27,140.54,50.39,45.46,225.79,35.68,1.43,6.9,61.52,2.5,9.99,,209.0,Poor
Delhi,2015-08-11,77.04,137.74,31.89,49.43,215.75,41.69,2.11,6.23,62.67,2.94,10.85,,283.0,Poor
Delhi,2015-08-12,52.45,87.66,17.96,45.71,138.01,39.85,1.3,6.69,55.37,2.07,6.55,,223.0,Poor
Delhi,2015-08-13,61.66,116.55,47.8,52.76,189.02,39.16,1.16,9.82,80.63,3.11,9.53,,205.0,Poor
Delhi,2015-08-14,65.67,159.75,25.2,50.96,194.75,38.58,1.52,10.82,69.27,2.58,8.99,,252.0,Poor
Delhi,2015-08-15,51.4,91.81,15.68,44.4,157.69,33.42,0.94,10.53,44.93,1.68,5.46,,198.0,Moderate
Delhi,2015-08-16,55.71,93.33,37.6,48.39,187.78,33.29,1.06,10.46,44.79,1.96,6.53,,197.0,Moderate
Delhi,2015-08-17,61.84,134.2,28.12,44.41,148.85,29.73,1.09,11.22,45.05,2.09,7.08,,184.0,Moderate
Delhi,2015-08-18,60.65,126.2,18.21,56.15,133.24,32.71,1.02,12.39,48.86,2.08,6.64,,197.0,Moderate
Delhi,2015-08-19,34.42,124.17,28.15,36.47,119.94,25.85,0.87,9.63,38.86,0.83,4.46,,140.0,Moderate
Delhi,2015-08-20,40.83,210.86,32.66,32.0,72.35,20.57,0.78,11.59,42.13,0.7,2.82,,232.0,Poor
Delhi,2015-08-21,50.97,214.05,42.48,35.87,84.88,21.67,1.12,12.09,57.47,0.83,5.43,,271.0,Poor
Delhi,2015-08-22,46.74,149.06,26.74,40.28,61.52,28.2,0.9,9.56,52.48,2.13,6.5,,207.0,Poor
Delhi,2015-08-23,44.67,138.12,21.72,33.76,52.07,33.25,0.78,9.53,33.94,2.26,7.64,,127.0,Moderate
Delhi,2015-08-24,37.39,108.4,31.1,44.61,68.41,38.16,0.97,10.67,38.73,1.78,6.41,,123.0,Moderate
Delhi,2015-08-25,52.06,222.39,21.93,39.88,56.22,36.07,0.93,9.12,44.9,1.73,5.34,,175.0,Moderate
Delhi,2015-08-26,57.52,236.94,24.24,37.85,55.54,31.88,1.08,9.36,40.43,1.76,5.93,,245.0,Poor
Delhi,2015-08-27,61.47,237.68,32.28,40.41,74.7,25.74,1.35,10.59,56.61,2.37,7.75,,248.0,Poor
Delhi,2015-08-28,77.76,206.22,12.44,50.74,57.41,32.56,1.64,11.92,64.07,3.01,10.12,,247.0,Poor
Delhi,2015-08-29,68.53,260.48,35.03,49.3,91.78,31.16,1.09,11.11,65.56,2.85,8.82,,292.0,Poor
Delhi,2015-08-30,57.85,230.76,28.21,39.84,71.42,28.16,1.11,10.39,62.61,2.28,6.71,,266.0,Poor
Delhi,2015-08-31,51.67,220.14,24.52,32.53,57.84,23.0,0.96,12.77,60.73,1.94,6.0,,288.0,Poor
Delhi,2015-09-01,73.78,230.34,17.83,27.42,45.7,18.96,1.28,10.45,61.33,2.15,5.67,3.27,210.0,Poor
Delhi,2015-09-02,97.63,318.24,31.64,29.16,66.15,18.6,1.14,10.79,72.47,2.86,6.94,4.09,298.0,Poor
Delhi,2015-09-03,99.5,278.36,33.04,35.31,67.05,17.86,1.17,9.82,72.94,3.85,10.55,4.02,315.0,Very Poor
Delhi,2015-09-04,97.31,284.54,50.0,41.7,90.18,23.02,1.36,14.94,71.5,4.88,18.75,3.97,368.0,Very Poor
Delhi,2015-09-05,76.43,201.89,24.24,29.5,52.24,26.99,1.38,16.93,56.59,2.89,6.72,3.55,266.0,Poor
Delhi,2015-09-06,61.69,168.63,17.36,27.81,41.56,23.17,1.19,16.71,49.32,2.17,5.08,3.21,174.0,Moderate
Delhi,2015-09-07,55.19,179.42,27.91,35.49,61.81,23.76,1.04,12.97,52.24,3.09,7.72,6.26,199.0,Moderate
Delhi,2015-09-08,63.79,219.51,25.93,38.36,60.12,27.35,1.07,10.92,61.95,3.4,9.09,3.45,217.0,Poor
Delhi,2015-09-09,58.48,195.05,20.38,36.2,55.36,22.77,1.02,11.57,68.21,2.97,7.63,3.1,238.0,Poor
Delhi,2015-09-10,60.29,184.78,20.95,42.1,59.79,24.07,1.06,11.53,68.49,3.28,8.72,3.02,230.0,Poor
Delhi,2015-09-11,67.35,181.99,16.4,46.81,56.83,34.81,1.13,10.98,68.81,3.26,9.36,2.59,218.0,Poor
Delhi,2015-09-12,87.55,178.57,20.95,54.45,67.44,46.05,1.22,10.51,69.36,3.63,11.88,2.7,226.0,Poor
Delhi,2015-09-13,84.57,171.76,16.76,45.36,54.12,51.19,1.21,9.91,64.05,2.86,9.08,2.47,202.0,Poor
Delhi,2015-09-14,111.58,236.34,22.48,60.71,75.63,43.99,1.51,10.43,79.29,4.26,12.72,3.01,274.0,Poor
Delhi,2015-09-15,108.78,217.16,14.94,56.31,63.58,46.66,1.37,10.4,75.63,3.91,19.34,2.86,289.0,Poor
Delhi,2015-09-16,91.18,190.99,8.55,46.44,42.94,49.72,1.15,9.27,69.61,2.78,9.65,2.61,235.0,Poor
Delhi,2015-09-17,104.85,250.21,23.06,60.96,73.86,48.13,1.4,11.68,85.86,4.48,13.25,3.17,285.0,Poor
Delhi,2015-09-18,56.19,129.11,14.26,43.3,48.2,40.48,1.22,10.85,48.8,3.03,9.92,2.43,209.0,Poor
Delhi,2015-09-19,67.62,125.24,19.82,49.83,58.37,47.21,1.14,9.75,51.78,3.31,12.59,2.14,132.0,Moderate
Delhi,2015-09-20,64.38,141.89,20.17,62.73,62.49,39.93,1.1,9.27,58.49,3.04,11.4,2.47,179.0,Moderate
Delhi,2015-09-21,45.65,109.7,14.64,62.69,56.18,27.96,1.16,13.55,48.02,2.71,7.95,3.01,136.0,Moderate
Delhi,2015-09-22,35.75,70.38,12.73,38.78,41.5,23.06,0.95,11.57,39.83,2.38,6.62,3.07,104.0,Moderate
Delhi,2015-09-23,34.89,101.42,16.55,31.17,43.75,18.66,0.98,12.34,37.26,2.44,6.8,3.42,95.0,Satisfactory
Delhi,2015-09-24,63.06,187.9,40.7,39.16,72.85,18.24,1.21,13.26,48.78,3.38,8.95,3.33,175.0,Moderate
Delhi,2015-09-25,82.39,222.71,53.19,45.09,89.84,22.95,1.5,11.8,53.1,4.32,12.51,3.83,290.0,Poor
Delhi,2015-09-26,88.08,254.8,66.49,45.96,103.63,29.98,1.63,11.17,54.87,5.04,15.68,4.04,282.0,Poor
Delhi,2015-09-27,89.75,252.06,53.0,44.13,92.67,30.43,1.49,9.76,68.69,5.09,14.81,3.59,298.0,Poor
Delhi,2015-09-28,69.57,190.18,24.23,43.41,63.74,26.35,1.25,10.38,53.82,3.63,10.87,3.38,240.0,Poor
Delhi,2015-09-29,68.34,172.35,22.57,48.19,64.14,25.2,1.16,10.68,54.68,3.93,10.32,3.2,188.0,Moderate
Delhi,2015-09-30,61.08,155.26,17.52,42.91,53.3,21.93,1.1,9.59,52.91,3.64,8.94,3.28,187.0,Moderate
Delhi,2015-10-01,85.7,205.18,33.0,54.68,74.28,22.52,1.49,11.42,60.57,4.79,12.88,3.43,230.0,Poor
Delhi,2015-10-02,97.62,220.56,33.74,52.53,73.05,26.24,1.58,9.77,64.01,5.39,12.8,3.85,286.0,Poor
Delhi,2015-10-03,103.58,293.23,31.0,54.93,75.48,24.31,1.72,11.41,47.52,5.83,15.27,3.42,266.0,Poor
Delhi,2015-10-04,145.97,335.82,62.2,62.84,99.01,34.91,2.26,15.08,44.92,8.8,31.87,3.87,369.0,Very Poor
Delhi,2015-10-05,180.52,347.95,80.34,75.42,116.95,36.94,3.15,17.32,45.8,10.88,44.0,3.92,375.0,Very Poor
Delhi,2015-10-06,151.57,355.56,71.68,65.07,105.02,41.76,2.19,11.35,42.22,8.42,25.57,3.79,411.0,Severe
Delhi,2015-10-07,144.04,305.35,25.78,57.05,78.07,37.01,1.73,11.15,49.32,4.97,12.91,3.37,383.0,Very Poor
Delhi,2015-10-08,148.44,291.66,35.13,58.32,80.91,29.59,1.96,12.13,66.62,5.52,14.13,3.36,388.0,Very Poor
Delhi,2015-10-09,130.22,284.27,56.83,65.15,105.26,27.47,2.5,15.27,63.16,6.66,23.59,3.36,351.0,Very Poor
Delhi,2015-10-10,147.71,287.93,100.27,61.29,117.2,29.69,2.48,13.94,58.24,8.33,33.78,3.64,320.0,Very Poor
Delhi,2015-10-11,111.34,246.3,87.94,51.83,116.75,30.83,2.02,12.01,62.02,6.34,27.16,3.05,296.0,Poor
Delhi,2015-10-12,100.7,232.58,74.45,52.92,120.68,33.46,1.98,14.75,65.55,6.67,23.22,2.46,312.0,Very Poor
Delhi,2015-10-13,97.67,189.31,25.13,48.92,64.57,35.14,1.89,11.84,73.28,4.2,16.19,2.24,260.0,Poor
Delhi,2015-10-14,75.81,155.25,14.33,43.47,53.25,28.75,1.61,10.89,67.89,3.12,11.08,1.99,204.0,Poor
Delhi,2015-10-15,95.24,199.77,42.32,60.8,100.2,31.11,2.13,10.84,77.91,5.4,20.03,2.1,218.0,Poor
Delhi,2015-10-16,148.29,301.61,60.16,68.24,105.17,33.05,2.07,11.98,84.74,7.38,24.65,,356.0,Very Poor
Delhi,2015-10-17,90.66,137.89,38.65,20.29,55.07,6.78,1.62,7.56,44.21,3.83,12.78,1.68,388.0,Very Poor
Delhi,2015-10-18,156.71,263.15,27.5,41.09,62.19,21.49,1.63,10.14,71.1,4.64,12.33,1.93,298.0,Poor
Delhi,2015-10-19,170.28,312.88,56.52,61.67,97.82,33.27,2.08,16.24,92.96,7.19,24.25,1.95,392.0,Very Poor
Delhi,2015-10-20,198.1,336.47,91.29,74.62,155.1,36.75,2.17,16.73,101.74,9.5,38.8,1.96,428.0,Severe
Delhi,2015-10-21,158.04,265.39,23.76,46.9,69.79,37.48,2.98,15.64,79.5,4.73,11.36,2.02,384.0,Very Poor
Delhi,2015-10-22,116.98,213.49,24.37,32.96,54.18,22.53,2.6,13.27,48.74,3.61,7.79,2.02,292.0,Poor
Delhi,2015-10-23,143.73,289.01,54.93,67.38,104.71,30.27,2.05,21.35,69.55,7.29,17.19,2.0,343.0,Very Poor
Delhi,2015-10-24,169.22,341.7,90.18,71.38,122.15,34.26,3.07,18.2,47.92,10.19,29.74,1.94,383.0,Very Poor
Delhi,2015-10-25,147.65,281.8,33.05,56.46,81.78,28.26,1.78,13.81,65.83,6.17,28.38,1.88,374.0,Very Poor
Delhi,2015-10-26,101.61,214.37,23.78,47.8,61.15,23.85,1.58,20.57,85.73,4.59,13.39,1.82,263.0,Poor
Delhi,2015-10-27,113.2,260.46,30.2,49.25,75.03,26.14,1.74,21.2,63.88,6.18,16.14,2.02,334.0,Very Poor
Delhi,2015-10-28,112.89,254.24,32.12,43.78,74.53,22.81,2.07,18.61,71.98,4.85,15.43,2.03,333.0,Very Poor
Delhi,2015-10-29,95.72,183.08,25.74,57.74,77.86,25.55,1.89,24.29,73.26,4.13,11.41,1.97,262.0,Poor
Delhi,2015-10-30,108.4,156.58,24.98,42.63,55.71,28.72,2.29,18.92,60.56,2.75,7.03,1.96,236.0,Poor
Delhi,2015-10-31,245.97,274.06,36.55,35.11,58.72,35.77,1.74,17.66,42.32,1.95,4.3,1.94,340.0,Very Poor
Delhi,2015-11-01,277.53,379.38,60.39,60.17,94.74,51.64,2.41,28.58,84.99,5.45,13.75,3.5,415.0,Severe
Delhi,2015-11-02,232.4,361.0,67.14,68.4,115.98,42.75,2.05,31.66,136.67,8.28,20.6,23.3,420.0,Severe
Delhi,2015-11-03,244.78,385.66,51.06,82.74,112.71,45.66,2.09,29.19,99.91,6.91,17.35,2.55,407.0,Severe
Delhi,2015-11-04,293.49,401.49,105.88,87.47,137.62,56.81,2.54,31.58,114.43,7.99,28.6,1.75,454.0,Severe
Delhi,2015-11-05,161.78,234.94,44.61,63.78,97.34,45.99,1.76,21.21,75.71,4.34,18.32,1.63,388.0,Very Poor
Delhi,2015-11-06,153.33,260.04,35.14,58.13,86.38,46.52,2.56,20.9,69.95,4.37,13.52,1.34,276.0,Poor
Delhi,2015-11-07,353.86,496.61,42.74,86.59,117.97,67.43,2.76,19.96,107.69,7.34,16.38,1.46,483.0,Severe
Delhi,2015-11-08,217.55,356.92,32.59,75.98,98.5,49.64,2.84,31.77,103.4,4.83,9.61,1.35,451.0,Severe
Delhi,2015-11-09,201.44,364.2,88.69,79.2,134.41,55.64,2.01,40.75,108.12,7.16,21.36,1.19,378.0,Very Poor
Delhi,2015-11-10,249.95,452.96,88.06,84.89,150.79,69.34,2.64,33.72,115.45,8.75,21.95,2.86,439.0,Severe
Delhi,2015-11-11,219.68,408.52,24.64,55.72,71.78,48.34,1.5,25.96,89.58,3.82,8.83,0.0,431.0,Severe
Delhi,2015-11-12,258.48,398.16,30.46,54.69,81.68,47.57,1.84,28.58,75.26,3.64,6.94,0.0,421.0,Severe
Delhi,2015-11-13,291.66,469.38,27.58,61.66,84.27,50.58,1.75,21.15,101.14,4.46,10.11,0.0,454.0,Severe
Delhi,2015-11-14,221.68,377.4,19.84,60.05,69.37,48.04,1.72,21.27,90.08,3.98,10.55,0.0,450.0,Severe
Delhi,2015-11-15,214.24,342.13,49.66,83.62,95.98,49.4,2.1,22.68,101.15,5.57,17.11,0.0,367.0,Very Poor
Delhi,2015-11-16,184.02,323.56,81.18,85.03,129.22,60.07,2.26,21.27,94.79,5.86,20.12,0.0,383.0,Very Poor
Delhi,2015-11-17,136.22,280.47,44.56,57.11,77.4,41.89,2.1,17.53,71.44,2.86,8.42,0.0,347.0,Very Poor
Delhi,2015-11-18,188.09,367.46,74.07,74.39,118.88,45.24,2.3,21.78,86.88,5.15,15.24,1.01,369.0,Very Poor
Delhi,2015-11-19,238.69,397.16,106.26,96.62,150.98,55.18,2.87,25.59,101.68,7.31,22.27,3.09,392.0,Very Poor
Delhi,2015-11-20,271.42,470.08,139.98,101.44,164.44,64.78,3.28,26.81,124.74,9.41,35.26,3.45,455.0,Severe
Delhi,2015-11-21,293.73,467.32,102.06,97.76,144.12,63.08,2.96,23.06,114.3,9.99,30.62,2.42,450.0,Severe
Delhi,2015-11-22,247.27,450.96,101.94,92.32,146.25,63.4,2.73,20.77,116.29,7.9,23.75,2.05,478.0,Severe
Delhi,2015-11-23,266.95,419.98,123.99,105.29,164.08,74.83,3.49,24.92,132.26,9.04,29.47,3.81,431.0,Severe
Delhi,2015-11-24,241.61,424.09,115.23,88.74,165.41,67.9,2.6,19.65,113.35,9.14,27.7,4.27,440.0,Severe
Delhi,2015-11-25,149.14,312.85,33.11,54.63,83.28,35.62,1.98,15.97,81.11,3.31,9.24,0.95,376.0,Very Poor
Delhi,2015-11-26,182.5,317.46,91.98,69.29,144.14,40.68,1.84,21.35,93.71,4.48,12.18,1.03,347.0,Very Poor
Delhi,2015-11-27,193.58,343.26,60.96,71.35,121.32,57.48,1.71,19.49,90.46,4.05,12.37,0.02,343.0,Very Poor
Delhi,2015-11-28,172.89,294.29,32.3,47.21,73.76,60.1,1.43,17.09,70.51,2.54,6.88,0.0,362.0,Very Poor
Delhi,2015-11-29,190.46,342.59,64.72,51.84,99.82,59.13,1.88,20.73,67.97,3.2,10.58,0.01,319.0,Very Poor
Delhi,2015-11-30,282.76,419.33,116.54,78.48,159.5,73.94,2.51,24.51,131.34,6.23,20.23,0.0,425.0,Severe
Delhi,2015-12-01,183.28,371.83,56.71,83.03,118.88,57.35,1.77,16.48,93.52,4.34,12.02,0.01,400.0,Very Poor
Delhi,2015-12-02,170.74,399.64,61.75,95.99,132.93,52.71,1.87,19.04,88.0,4.38,13.3,,386.0,Very Poor
Delhi,2015-12-03,190.14,412.29,43.24,92.91,109.61,52.48,1.74,19.24,86.19,5.0,12.33,,385.0,Very Poor
Delhi,2015-12-04,186.64,352.14,64.77,79.52,113.72,43.76,2.28,20.76,88.93,4.47,12.74,,392.0,Very Poor
Delhi,2015-12-05,282.01,433.03,154.15,121.11,196.54,68.78,3.4,31.36,129.79,8.33,27.44,,428.0,Severe
Delhi,2015-12-06,218.22,439.01,129.37,113.45,178.2,75.74,3.24,34.05,122.22,6.89,23.51,,394.0,Very Poor
Delhi,2015-12-07,249.8,421.49,73.33,103.77,136.43,81.3,3.07,22.34,103.29,4.31,11.83,,440.0,Severe
Delhi,2015-12-08,283.59,478.19,147.22,140.09,204.44,90.35,3.33,23.41,139.79,6.01,20.92,,437.0,Severe
Delhi,2015-12-09,250.69,411.48,82.24,93.99,134.24,61.29,2.74,21.72,131.99,4.96,18.16,,431.0,Severe
Delhi,2015-12-10,211.95,386.66,51.4,78.05,114.36,50.46,2.46,22.11,123.11,3.55,9.96,,383.0,Very Poor
Delhi,2015-12-11,198.38,410.6,57.61,64.21,116.75,57.97,2.1,18.41,119.41,3.74,9.49,,377.0,Very Poor
Delhi,2015-12-12,184.12,385.05,47.72,55.01,94.66,49.91,1.91,16.09,122.43,3.91,8.27,,379.0,Very Poor
Delhi,2015-12-13,135.42,338.3,71.54,63.9,118.56,37.83,2.01,18.89,101.58,3.98,9.07,,333.0,Very Poor
Delhi,2015-12-14,118.6,380.24,56.5,59.09,102.21,38.84,2.7,13.66,79.22,3.4,8.61,,314.0,Very Poor
Delhi,2015-12-15,88.3,,43.65,40.52,63.37,34.31,1.86,14.88,25.23,2.31,8.74,,174.0,Moderate
Delhi,2015-12-16,111.45,,75.23,34.44,90.72,52.2,1.75,14.56,38.16,3.23,12.95,,244.0,Poor
Delhi,2015-12-17,152.24,,54.06,23.07,71.32,59.43,1.89,19.41,29.89,3.07,11.7,,308.0,Very Poor
Delhi,2015-12-18,136.75,,49.33,25.24,62.42,65.5,1.52,19.87,20.82,2.76,10.34,,320.0,Very Poor
Delhi,2015-12-19,114.35,,47.8,26.84,56.46,74.04,1.94,13.17,33.06,2.59,9.92,,270.0,Poor
Delhi,2015-12-20,181.67,,100.08,111.18,139.46,126.19,21.22,18.97,20.58,5.34,20.47,,320.0,Very Poor
Delhi,2015-12-21,135.78,,62.51,78.99,89.78,100.15,29.46,15.59,20.57,3.02,11.55,,313.0,Very Poor
Delhi,2015-12-22,204.72,391.9,136.41,136.15,180.15,163.07,11.45,23.64,57.16,6.91,24.84,,326.0,Very Poor
Delhi,2015-12-23,321.52,589.93,110.63,102.69,165.11,108.68,2.94,22.66,111.69,9.0,27.03,,459.0,Severe
Delhi,2015-12-24,129.08,486.66,20.45,55.01,53.4,65.53,30.44,13.43,32.42,3.46,6.92,,314.0,Very Poor
Delhi,2015-12-25,132.56,294.13,37.27,71.91,91.68,62.62,9.61,17.57,75.29,3.54,7.58,,304.0,Very Poor
Delhi,2015-12-26,158.69,331.93,52.6,88.96,109.95,69.77,10.3,21.02,88.64,3.76,7.95,,310.0,Very Poor
Delhi,2015-12-27,187.01,375.13,34.43,90.57,99.66,72.76,11.3,21.41,98.88,3.82,7.0,,370.0,Very Poor
Delhi,2015-12-28,148.77,332.68,23.26,75.69,71.74,69.14,9.27,20.34,85.96,3.02,5.12,,328.0,Very Poor
Delhi,2015-12-29,159.67,325.05,33.33,73.11,82.43,60.62,2.32,21.23,82.69,3.4,6.16,,331.0,Very Poor
Delhi,2015-12-30,233.97,391.19,68.54,87.4,133.08,72.74,1.94,22.31,94.75,5.31,12.28,,412.0,Severe
Delhi,2015-12-31,240.97,389.18,85.66,72.93,131.21,72.69,2.38,24.08,87.26,5.58,16.21,0.0,433.0,Severe
Delhi,2016-01-01,295.71,476.09,86.62,94.04,131.36,79.87,2.42,23.57,108.14,5.81,16.3,0.0,463.0,Severe
Delhi,2016-01-02,239.21,395.29,69.42,81.22,126.63,65.11,2.15,23.33,90.45,5.79,17.65,,465.0,Severe
Delhi,2016-01-03,270.1,484.82,54.41,76.67,101.63,66.4,2.39,19.94,97.03,5.33,10.78,,426.0,Severe
Delhi,2016-01-04,339.8,586.2,124.31,133.95,164.05,73.73,2.97,27.9,91.2,7.12,19.01,,496.0,Severe
Delhi,2016-01-05,318.1,535.3,106.93,118.81,159.99,78.22,2.85,30.24,131.4,6.45,21.32,,528.0,Severe
Delhi,2016-01-06,305.51,524.01,99.0,103.78,150.4,83.7,3.37,25.78,135.04,7.07,22.16,,538.0,Severe
Delhi,2016-01-07,391.54,587.23,167.73,96.36,213.61,105.21,3.39,26.47,186.07,9.07,32.59,,535.0,Severe
Delhi,2016-01-08,339.87,540.86,109.0,67.85,170.76,98.29,2.34,14.19,150.8,6.61,18.62,,603.0,Severe
Delhi,2016-01-09,158.43,324.64,47.9,60.63,103.82,60.24,2.38,17.94,100.54,3.43,6.7,,408.0,Severe
Delhi,2016-01-10,183.24,345.68,85.1,68.86,119.51,62.87,2.14,24.96,130.02,3.98,9.27,,368.0,Very Poor
Delhi,2016-01-11,227.13,411.6,130.64,76.4,179.86,68.11,2.88,23.98,140.72,6.19,19.28,,404.0,Severe
Delhi,2016-01-12,195.21,381.19,98.0,78.61,141.55,64.5,2.06,24.06,131.63,4.26,15.4,,444.0,Severe
Delhi,2016-01-13,248.59,399.59,25.76,73.18,95.74,68.5,1.62,16.73,95.93,3.34,7.27,,356.0,Very Poor
Delhi,2016-01-14,196.87,339.06,22.82,55.91,76.14,59.65,1.35,11.82,97.98,2.51,5.49,,397.0,Very Poor
Delhi,2016-01-15,178.8,259.53,24.84,45.85,67.9,47.42,1.39,10.86,81.66,2.41,5.16,,371.0,Very Poor
Delhi,2016-01-16,138.86,220.21,16.26,41.92,56.84,35.05,1.55,11.25,67.4,2.31,4.48,,311.0,Very Poor
Delhi,2016-01-17,179.48,268.5,24.14,58.56,75.29,35.01,1.45,15.89,78.01,2.21,4.79,,321.0,Very Poor
Delhi,2016-01-18,269.05,451.43,75.17,78.22,129.46,45.72,2.4,15.42,107.94,3.78,8.46,,424.0,Severe
Delhi,2016-01-19,278.2,430.74,25.48,61.04,81.75,43.49,3.82,12.59,104.61,3.44,7.68,,435.0,Severe
Delhi,2016-01-20,272.1,415.38,25.73,56.67,73.35,40.44,1.84,14.75,100.12,3.93,7.77,,455.0,Severe
Delhi,2016-01-21,196.83,318.08,29.85,52.83,74.47,37.76,1.68,11.99,91.52,3.95,8.5,,398.0,Very Poor
Delhi,2016-01-22,290.66,418.92,58.36,73.9,118.66,48.9,1.94,17.13,136.52,6.63,15.31,,399.0,Very Poor
Delhi,2016-01-23,294.3,480.0,58.3,78.21,130.91,67.05,2.13,16.81,147.56,11.67,31.39,,469.0,Severe
Delhi,2016-01-24,303.5,446.28,18.81,64.55,84.23,56.64,2.6,14.74,132.54,13.06,20.63,,488.0,Severe
Delhi,2016-01-25,217.05,362.08,27.18,66.89,84.08,44.74,1.32,16.09,103.53,8.15,15.77,,401.0,Severe
Delhi,2016-01-26,308.75,462.91,33.24,80.14,104.98,58.38,1.7,17.97,139.27,9.11,15.21,,446.0,Severe
Delhi,2016-01-27,255.94,424.11,68.34,87.93,136.31,63.16,2.03,17.09,142.54,9.97,27.76,,456.0,Severe
Delhi,2016-01-28,283.03,463.03,96.44,90.45,154.28,68.84,2.09,23.63,151.6,13.06,33.02,,451.0,Severe
Delhi,2016-01-29,311.08,498.38,140.59,117.07,139.36,74.39,2.54,29.99,175.04,17.15,48.03,,501.0,Severe
Delhi,2016-01-30,285.83,450.72,114.59,111.19,202.98,78.01,2.54,27.94,157.74,11.99,36.72,,505.0,Severe
Delhi,2016-01-31,242.05,291.16,22.08,46.17,61.75,53.86,1.77,12.4,75.74,3.93,9.75,,437.0,Severe
Delhi,2016-02-01,121.4,193.5,20.04,60.12,73.48,37.51,1.08,16.33,90.99,2.9,6.96,,305.0,Very Poor
Delhi,2016-02-02,135.31,242.87,26.56,63.6,86.07,32.1,1.14,19.08,94.8,3.55,7.54,,292.0,Poor
Delhi,2016-02-03,136.87,273.78,18.78,61.81,80.6,30.46,1.11,24.23,95.15,4.51,8.58,,306.0,Very Poor
Delhi,2016-02-04,130.76,269.21,63.15,67.45,115.18,31.31,1.47,23.7,85.13,9.22,17.93,,300.0,Poor
Delhi,2016-02-05,206.72,383.25,103.55,86.15,180.54,38.98,1.82,30.2,121.22,13.75,29.14,,371.0,Very Poor
Delhi,2016-02-06,224.94,348.14,139.49,85.86,143.3,41.58,2.6,26.22,149.67,11.57,36.79,,408.0,Severe
Delhi,2016-02-07,170.45,249.91,24.15,72.61,90.15,46.76,1.28,20.74,95.23,5.29,12.12,,343.0,Very Poor
Delhi,2016-02-08,119.57,186.86,46.36,57.0,102.85,45.57,1.26,19.21,74.61,7.03,15.39,,301.0,Very Poor
Delhi,2016-02-09,181.76,261.7,53.77,65.45,101.07,44.85,1.46,19.53,106.92,8.52,19.03,,322.0,Very Poor
Delhi,2016-02-10,216.55,341.38,99.27,81.98,159.3,48.24,2.02,21.61,129.76,10.15,25.69,,368.0,Very Poor
Delhi,2016-02-11,150.0,270.49,61.14,70.99,101.48,41.33,1.88,21.25,93.1,7.25,31.62,,349.0,Very Poor
Delhi,2016-02-12,146.03,296.27,41.52,79.43,102.77,35.09,1.56,26.86,117.2,6.5,12.45,,334.0,Very Poor
Delhi,2016-02-13,110.89,228.81,15.7,56.05,60.22,33.55,2.14,20.94,101.47,3.19,6.06,,333.0,Very Poor
Delhi,2016-02-14,103.57,177.49,21.11,61.73,71.42,35.13,1.11,29.71,89.22,4.57,8.6,,257.0,Poor
Delhi,2016-02-15,115.7,219.52,26.8,66.8,88.44,35.02,1.88,27.44,93.47,6.81,11.64,,265.0,Poor
Delhi,2016-02-16,123.22,216.09,27.2,65.75,91.8,32.58,1.25,29.19,95.46,6.11,10.5,,297.0,Poor
Delhi,2016-02-17,135.38,236.15,30.25,80.76,107.45,35.79,1.36,37.35,89.38,8.2,17.99,,289.0,Poor
Delhi,2016-02-18,148.75,217.16,41.39,76.11,115.01,54.55,1.41,26.28,90.48,9.41,24.42,,310.0,Very Poor
Delhi,2016-02-19,207.1,307.38,54.8,66.45,119.87,67.61,1.76,32.25,108.89,10.6,22.71,,366.0,Very Poor
Delhi,2016-02-20,150.89,225.66,72.64,47.72,109.23,79.34,1.48,20.15,84.64,8.31,29.83,,345.0,Very Poor
Delhi,2016-02-21,76.12,137.44,9.77,30.51,38.62,47.95,1.0,10.43,73.2,3.07,6.16,,228.0,Poor
Delhi,2016-02-22,88.73,137.44,12.59,41.47,48.81,30.92,1.02,20.79,75.96,3.48,4.69,,213.0,Poor
Delhi,2016-02-23,86.17,194.61,32.16,56.77,58.22,28.75,1.41,21.27,95.32,2.19,4.9,,208.0,Poor
Delhi,2016-02-24,177.64,309.47,93.53,117.04,150.74,35.85,2.07,50.44,200.41,4.5,14.62,,319.0,Very Poor
Delhi,2016-02-25,131.69,232.45,53.41,81.93,121.16,36.07,1.6,21.19,97.56,5.66,15.91,,315.0,Very Poor
Delhi,2016-02-26,129.66,236.27,50.39,76.82,101.86,27.19,1.63,21.44,115.84,2.56,8.82,,293.0,Poor
Delhi,2016-02-27,144.98,245.96,63.25,86.59,102.02,36.93,1.78,24.43,117.3,3.51,10.6,,342.0,Very Poor
Delhi,2016-02-28,163.92,263.73,84.62,76.43,114.7,41.99,1.98,21.63,130.99,3.71,11.29,,338.0,Very Poor
Delhi,2016-02-29,170.12,255.34,85.99,76.4,134.66,49.77,1.99,17.63,137.57,5.5,17.45,,344.0,Very Poor
Delhi,2016-03-01,213.62,299.88,113.63,102.02,151.93,51.11,2.43,25.49,138.3,10.49,34.16,,370.0,Very Poor
Delhi,2016-03-02,175.63,244.58,123.21,102.23,181.1,41.75,1.94,25.53,157.07,6.27,24.07,,365.0,Very Poor
Delhi,2016-03-03,165.22,264.31,116.23,100.71,182.37,48.37,2.61,33.45,113.89,10.66,37.95,,348.0,Very Poor
Delhi,2016-03-04,115.55,201.71,28.05,60.47,79.02,39.42,1.36,16.6,103.88,3.87,10.79,,312.0,Very Poor
Delhi,2016-03-05,53.0,129.37,9.63,48.15,48.15,31.6,0.73,19.05,84.88,1.82,4.78,,214.0,Poor
Delhi,2016-03-06,47.43,60.61,17.03,55.78,61.54,44.64,0.86,15.1,81.26,2.32,5.23,,165.0,Moderate
Delhi,2016-03-07,98.61,167.78,33.11,54.69,84.84,54.88,1.28,20.44,82.97,6.69,12.43,,218.0,Poor
Delhi,2016-03-08,84.42,134.81,19.94,43.9,61.04,40.96,1.07,26.24,61.83,4.16,8.24,,230.0,Poor
Delhi,2016-03-09,109.16,164.84,35.5,49.75,76.08,35.16,1.16,31.56,66.4,4.96,10.61,,248.0,Poor
Delhi,2016-03-10,129.9,240.67,54.54,60.19,100.31,37.73,1.57,26.69,92.04,7.33,15.62,,276.0,Poor
Delhi,2016-03-11,85.76,204.96,38.38,30.44,48.08,28.85,1.69,9.58,36.99,3.31,11.5,,213.0,Poor
Delhi,2016-03-12,60.17,,8.84,15.89,19.14,,2.0,8.04,31.91,1.52,4.28,,127.0,Moderate
Delhi,2016-03-13,58.95,,4.1,10.63,15.13,,1.43,7.25,66.25,1.03,2.48,,112.0,Moderate
Delhi,2016-03-14,51.82,79.14,23.42,38.11,46.02,23.58,1.22,18.53,55.08,1.75,6.96,,111.0,Moderate
Delhi,2016-03-15,81.32,162.38,71.57,34.54,75.09,26.0,1.74,20.36,77.88,3.24,11.97,,193.0,Moderate
Delhi,2016-03-16,67.63,152.46,21.36,36.61,53.44,29.89,1.14,17.04,48.58,3.62,7.91,,123.0,Moderate
Delhi,2016-03-17,70.86,137.98,22.03,65.89,78.38,31.57,1.12,21.48,73.05,4.97,11.2,,194.0,Moderate
Delhi,2016-03-18,72.47,133.3,24.06,64.64,69.35,30.43,1.24,27.7,70.45,1.92,5.0,,186.0,Moderate
Delhi,2016-03-19,103.73,194.95,67.6,77.89,131.48,38.99,2.2,30.74,56.49,3.3,10.69,,242.0,Poor
Delhi,2016-03-20,95.52,167.64,55.13,57.84,99.81,52.94,1.56,20.52,97.74,4.21,13.34,,267.0,Poor
Delhi,2016-03-21,58.4,129.21,12.64,36.37,45.3,33.75,1.14,15.98,65.16,3.13,6.75,,207.0,Poor
Delhi,2016-03-22,47.43,139.62,5.98,31.12,32.05,21.64,0.96,13.54,70.69,2.41,4.66,,176.0,Moderate
Delhi,2016-03-23,80.01,148.1,34.57,50.45,67.93,27.0,1.29,22.15,84.89,3.3,6.61,,189.0,Moderate
Delhi,2016-03-24,156.01,228.19,85.62,88.44,138.71,39.36,2.18,24.44,169.36,4.06,10.5,,341.0,Very Poor
Delhi,2016-03-25,137.99,217.03,47.16,85.91,112.34,44.01,2.1,32.84,142.38,4.46,10.03,,325.0,Very Poor
Delhi,2016-03-26,72.44,122.24,12.75,42.51,48.36,37.72,1.1,23.86,66.2,2.52,6.11,,259.0,Poor
Delhi,2016-03-27,61.75,54.0,6.56,37.18,36.21,28.36,0.74,18.09,66.87,1.6,3.56,,178.0,Moderate
Delhi,2016-03-28,81.46,110.31,21.37,53.01,67.76,27.83,1.04,25.75,77.27,3.49,7.83,,219.0,Poor
Delhi,2016-03-29,89.75,156.89,18.61,48.72,62.06,29.91,1.28,42.34,67.87,4.29,8.11,,206.0,Poor
Delhi,2016-03-30,88.68,163.7,28.13,46.74,64.38,27.39,1.35,36.91,47.01,4.1,8.45,,221.0,Poor
Delhi,2016-03-31,127.86,218.3,93.5,61.21,117.28,34.59,2.2,19.64,62.15,3.73,11.76,,298.0,Poor
Delhi,2016-04-01,130.7,,5.58,15.89,20.05,,1.39,12.78,29.69,2.3,5.74,,316.0,Very Poor
Delhi,2016-04-02,118.44,,16.79,18.29,30.66,,1.88,16.35,29.38,4.26,9.87,,294.0,Poor
Delhi,2016-04-03,148.22,217.84,63.75,44.98,91.09,62.22,1.68,27.44,69.66,6.9,17.57,,314.0,Very Poor
Delhi,2016-04-04,132.86,377.61,54.82,31.55,70.95,59.55,1.51,20.54,63.44,8.27,15.68,,334.0,Very Poor
Delhi,2016-04-05,97.83,174.11,7.16,20.15,26.39,24.26,1.38,18.86,28.8,3.23,6.9,,261.0,Poor
Delhi,2016-04-06,91.82,202.91,24.61,52.54,64.76,32.31,1.4,31.06,37.04,4.94,17.96,,208.0,Poor
Delhi,2016-04-07,129.61,329.68,54.59,58.6,98.07,48.67,1.22,35.57,32.33,8.56,23.17,,289.0,Poor
Delhi,2016-04-08,89.78,193.14,24.3,53.55,75.27,31.01,1.52,48.86,34.75,7.42,18.35,,216.0,Poor
Delhi,2016-04-09,166.76,272.67,65.1,63.03,122.4,35.12,1.51,46.97,47.93,12.58,21.16,,314.0,Very Poor
Delhi,2016-04-10,107.81,154.18,35.14,47.95,82.5,33.72,1.77,35.24,31.6,6.63,12.59,,262.0,Poor
Delhi,2016-04-11,81.12,246.86,13.25,36.5,47.89,31.62,0.72,22.66,61.02,4.87,8.42,,257.0,Poor
Delhi,2016-04-12,74.03,201.81,13.94,35.44,48.38,23.32,0.71,17.85,58.47,3.54,6.19,,235.0,Poor
Delhi,2016-04-13,74.9,247.61,25.64,46.29,70.06,22.7,1.11,25.16,58.74,3.5,6.9,,239.0,Poor
Delhi,2016-04-14,94.81,220.48,39.07,58.81,78.15,22.82,1.32,26.21,75.75,4.53,9.5,,239.0,Poor
Delhi,2016-04-15,137.48,285.18,88.96,76.2,133.09,34.25,1.98,37.57,85.91,7.75,19.19,,302.0,Very Poor
Delhi,2016-04-16,124.13,,36.76,37.49,54.07,17.79,1.88,14.84,35.97,3.55,10.0,,296.0,Poor
Delhi,2016-04-17,102.86,283.02,30.63,42.35,61.61,21.22,1.04,13.34,66.77,2.91,7.11,,247.0,Poor
Delhi,2016-04-18,102.9,219.17,33.28,49.32,78.86,28.33,0.98,22.15,81.29,4.76,9.28,,265.0,Poor
Delhi,2016-04-19,129.06,311.93,35.74,63.21,99.16,28.32,1.52,35.73,98.35,6.73,17.39,,301.0,Very Poor
Delhi,2016-04-20,124.8,283.05,22.33,48.65,66.43,25.14,1.09,29.16,97.22,5.51,9.32,,322.0,Very Poor
Delhi,2016-04-21,92.74,265.56,13.43,42.87,50.67,20.52,0.88,19.87,103.07,2.82,5.38,,291.0,Poor
Delhi,2016-04-22,113.75,208.42,9.87,44.8,46.72,20.0,0.93,25.63,110.09,1.91,4.27,,292.0,Poor
Delhi,2016-04-23,89.52,171.92,18.15,50.78,56.56,20.6,1.51,25.65,87.26,1.88,4.73,,258.0,Poor
Delhi,2016-04-24,123.59,219.3,57.65,69.92,102.52,22.0,1.7,40.96,87.66,3.33,9.01,,282.0,Poor
Delhi,2016-04-25,104.5,213.36,31.14,70.04,91.82,23.14,1.47,39.91,87.38,3.17,10.97,,271.0,Poor
Delhi,2016-04-26,139.37,306.08,71.92,97.93,118.98,29.38,2.08,38.53,86.82,5.89,17.43,,314.0,Very Poor
Delhi,2016-04-27,162.54,379.7,154.33,108.53,168.05,39.52,2.7,33.53,87.74,9.46,31.19,,377.0,Very Poor
Delhi,2016-04-28,161.23,354.17,72.12,80.4,126.06,37.83,2.08,35.7,117.59,6.68,18.75,,390.0,Very Poor
Delhi,2016-04-29,181.49,383.05,62.82,88.26,117.82,32.04,2.14,38.0,56.3,5.69,13.15,,392.0,Very Poor
Delhi,2016-04-30,142.64,,30.09,51.53,56.14,16.95,1.82,13.83,59.71,3.38,9.22,,342.0,Very Poor
Delhi,2016-05-01,124.21,,52.27,52.3,74.64,17.35,1.9,10.98,74.25,4.16,11.72,,297.0,Poor
Delhi,2016-05-02,119.47,,21.08,41.26,43.36,13.81,1.49,10.0,70.42,2.77,7.29,,275.0,Poor
Delhi,2016-05-03,125.36,284.55,10.0,59.73,52.11,31.89,1.49,21.42,101.53,3.23,8.74,,281.0,Poor
Delhi,2016-05-04,103.08,297.94,18.52,61.77,72.09,49.53,1.44,26.13,91.18,4.3,12.28,,309.0,Very Poor
Delhi,2016-05-05,65.02,173.86,11.94,46.27,53.02,44.78,1.14,18.35,79.9,2.75,11.56,,262.0,Poor
Delhi,2016-05-06,54.34,136.92,21.0,55.07,71.12,35.93,1.12,20.23,65.26,4.02,12.46,,194.0,Moderate
Delhi,2016-05-07,77.89,193.14,15.3,66.68,70.75,39.63,0.98,20.15,75.61,4.69,10.97,,229.0,Poor
Delhi,2016-05-08,90.19,208.75,7.73,64.2,59.4,45.99,1.1,25.25,81.61,4.6,10.54,,246.0,Poor
Delhi,2016-05-09,77.34,168.66,3.71,48.67,43.92,51.11,1.04,18.97,79.06,3.04,6.31,,225.0,Poor
Delhi,2016-05-10,73.55,174.94,5.87,57.52,54.56,43.66,1.05,22.26,68.57,3.71,14.27,,221.0,Poor
Delhi,2016-05-11,66.49,112.6,6.74,52.3,50.94,53.04,0.98,16.32,61.02,2.99,12.34,,185.0,Moderate
Delhi,2016-05-12,100.09,207.98,14.69,64.25,67.9,66.64,1.34,17.95,76.43,4.2,14.3,,218.0,Poor
Delhi,2016-05-13,99.88,250.51,37.0,60.29,80.62,56.26,1.1,16.54,95.52,5.83,18.17,,310.0,Very Poor
Delhi,2016-05-14,105.51,292.64,46.21,67.71,78.61,52.87,1.44,20.49,86.22,6.12,19.79,,307.0,Very Poor
Delhi,2016-05-15,128.85,379.8,50.68,57.06,64.22,46.77,1.83,18.7,56.63,6.57,17.73,,325.0,Very Poor
Delhi,2016-05-16,94.89,247.95,37.68,58.46,85.72,31.0,1.12,21.19,62.4,4.32,10.12,,316.0,Very Poor
Delhi,2016-05-17,92.95,249.27,32.62,62.4,98.0,29.12,1.19,27.34,89.66,4.72,9.81,,302.0,Very Poor
Delhi,2016-05-18,117.64,266.72,52.8,80.57,118.39,26.39,1.76,31.96,105.42,5.44,13.84,,318.0,Very Poor
Delhi,2016-05-19,94.22,219.01,11.17,67.73,74.26,43.64,1.86,27.98,85.76,3.74,9.37,,300.0,Poor
Delhi,2016-05-20,70.86,186.97,7.21,52.02,55.3,57.83,1.07,12.82,77.8,2.58,8.41,,246.0,Poor
Delhi,2016-05-21,78.02,233.72,4.48,48.23,45.61,55.28,0.96,13.08,107.9,1.88,4.19,,255.0,Poor
Delhi,2016-05-22,66.3,149.31,4.99,53.42,50.1,46.09,0.99,15.3,101.65,1.16,2.82,,218.0,Poor
Delhi,2016-05-23,87.31,163.9,5.25,45.86,47.55,40.22,0.79,16.69,93.48,0.87,2.5,,252.0,Poor
Delhi,2016-05-24,57.35,103.26,12.6,43.57,53.77,36.69,0.89,13.46,75.38,0.99,3.18,,190.0,Moderate
Delhi,2016-05-25,105.02,240.52,14.64,50.77,61.13,48.53,1.48,13.98,126.55,1.86,5.87,,256.0,Poor
Delhi,2016-05-26,111.22,293.73,22.75,48.12,58.91,42.29,1.06,11.79,160.06,1.57,5.7,,311.0,Very Poor
Delhi,2016-05-27,180.71,379.29,25.71,50.38,65.02,43.19,1.29,13.73,169.35,2.65,8.03,,381.0,Very Poor
Delhi,2016-05-28,109.82,314.0,8.63,34.37,35.37,29.71,0.96,15.48,120.76,1.62,8.72,,409.0,Severe
Delhi,2016-05-29,42.67,169.36,3.57,35.71,22.06,30.46,0.87,10.6,101.26,0.66,1.44,,269.0,Poor
Delhi,2016-05-30,56.87,101.24,21.03,50.18,64.65,39.34,1.39,11.3,73.43,2.4,9.91,,187.0,Moderate
Delhi,2016-05-31,101.54,214.14,31.68,49.41,78.79,47.17,1.29,9.15,83.4,4.76,18.77,,225.0,Poor
Delhi,2016-06-01,76.56,251.87,17.71,44.55,57.7,37.91,1.04,13.11,86.34,4.57,10.9,,283.0,Poor
Delhi,2016-06-02,81.4,298.5,26.72,49.88,73.71,37.86,1.3,13.87,94.77,4.72,10.98,,316.0,Very Poor
Delhi,2016-06-03,138.97,296.64,53.59,74.99,108.21,44.94,1.7,21.41,129.18,8.08,24.79,,361.0,Very Poor
Delhi,2016-06-04,137.81,274.63,26.48,75.26,92.33,47.59,1.48,15.4,115.31,5.88,20.24,,330.0,Very Poor
Delhi,2016-06-05,77.72,166.28,4.05,36.69,33.03,51.64,0.99,11.7,78.8,2.31,10.45,,256.0,Poor
Delhi,2016-06-06,84.61,208.17,8.11,45.47,45.71,35.52,1.48,14.68,100.24,2.73,12.57,,237.0,Poor
Delhi,2016-06-07,66.72,152.18,8.77,45.5,52.2,33.33,1.77,15.9,82.33,3.28,16.6,,246.0,Poor
Delhi,2016-06-08,64.08,143.88,7.96,57.31,61.05,32.67,1.45,19.95,79.75,4.35,16.88,,202.0,Poor
Delhi,2016-06-09,64.95,187.69,15.09,49.67,63.99,35.28,1.75,15.09,84.94,4.18,13.88,,209.0,Poor
Delhi,2016-06-10,75.75,239.74,20.49,51.75,71.2,30.18,3.84,18.14,92.8,4.58,15.79,,262.0,Poor
Delhi,2016-06-11,69.25,225.52,15.79,38.84,53.11,37.83,3.61,9.83,68.93,4.66,13.22,,280.0,Poor
Delhi,2016-06-12,70.71,272.34,19.62,40.04,59.25,33.33,2.59,9.78,70.91,3.45,10.63,,279.0,Poor
Delhi,2016-06-13,96.72,332.91,20.53,34.52,56.84,34.24,3.24,10.14,98.09,4.68,8.25,,357.0,Very Poor
Delhi,2016-06-14,59.02,197.51,27.2,38.55,68.18,38.65,3.44,8.29,57.42,6.15,9.97,,266.0,Poor
Delhi,2016-06-15,102.42,330.36,18.12,37.74,55.24,42.47,1.59,11.23,65.24,4.53,17.16,,330.0,Very Poor
Delhi,2016-06-16,62.37,109.42,7.69,30.44,32.88,34.5,2.49,9.89,56.97,2.66,9.95,,248.0,Poor
Delhi,2016-06-17,67.76,120.06,16.21,41.27,52.49,32.53,1.87,10.43,59.25,2.66,10.79,,172.0,Moderate
Delhi,2016-06-18,79.17,142.57,7.3,33.98,35.75,33.32,1.94,8.64,68.32,2.64,9.0,,234.0,Poor
Delhi,2016-06-19,101.31,101.54,7.47,32.55,34.9,34.93,2.64,9.51,56.24,2.99,6.88,,201.0,Poor
Delhi,2016-06-20,83.1,84.18,11.99,40.24,47.72,34.93,2.11,11.24,52.76,3.21,9.95,,206.0,Poor
Delhi,2016-06-21,72.33,54.85,6.49,32.04,32.95,35.69,2.49,10.54,43.4,2.81,6.77,,159.0,Moderate
Delhi,2016-06-22,75.14,99.89,9.12,31.89,37.74,31.53,3.73,7.88,51.74,3.39,9.43,,187.0,Moderate
Delhi,2016-06-23,91.63,98.88,10.88,37.7,44.63,28.31,2.11,8.34,55.92,3.55,10.1,,228.0,Poor
Delhi,2016-06-24,100.02,331.1,15.97,45.29,60.69,33.1,2.02,9.03,101.3,3.84,12.19,,284.0,Poor
Delhi,2016-06-25,67.12,175.26,4.67,50.91,51.52,43.4,1.09,10.87,79.26,2.77,10.31,,310.0,Very Poor
Delhi,2016-06-26,48.0,86.63,4.54,40.57,42.04,39.05,0.85,8.71,58.37,2.99,9.68,,158.0,Moderate
Delhi,2016-06-27,76.76,112.46,5.66,37.28,37.28,39.39,1.71,7.63,51.76,2.29,9.34,,154.0,Moderate
Delhi,2016-06-28,80.89,96.05,12.43,40.07,49.02,35.05,3.0,9.77,55.61,2.91,14.57,,187.0,Moderate
Delhi,2016-06-29,60.67,68.43,7.96,37.01,39.52,33.03,2.08,10.22,44.44,2.51,9.39,,180.0,Moderate
Delhi,2016-06-30,69.65,103.25,9.49,34.17,39.9,31.42,2.39,9.43,51.31,2.96,9.9,,190.0,Moderate
Delhi,2016-07-01,58.21,113.1,12.65,29.28,40.04,42.08,2.23,7.97,37.35,3.0,8.64,,164.0,Moderate
Delhi,2016-07-02,57.24,96.62,15.31,33.9,48.12,36.91,2.93,7.81,40.49,3.18,12.52,,148.0,Moderate
Delhi,2016-07-03,67.6,95.26,10.6,36.79,41.59,35.43,2.78,8.77,48.9,2.96,13.77,,154.0,Moderate
Delhi,2016-07-04,57.1,75.83,14.67,37.93,50.05,35.38,1.72,8.88,52.3,2.79,9.43,,160.0,Moderate
Delhi,2016-07-05,68.71,162.2,21.67,47.24,67.91,42.46,2.22,8.51,55.57,3.29,11.92,,165.0,Moderate
Delhi,2016-07-06,77.71,143.29,11.31,34.78,43.72,52.72,2.64,7.6,57.81,3.05,8.64,,210.0,Poor
Delhi,2016-07-07,54.5,80.82,6.51,27.69,29.77,37.18,2.18,8.73,42.67,2.53,6.88,,158.0,Moderate
Delhi,2016-07-08,54.96,98.86,14.06,42.07,51.85,40.9,1.58,8.38,45.55,3.06,10.18,,172.0,Moderate
Delhi,2016-07-09,52.95,87.81,13.01,30.77,41.97,40.31,1.96,7.73,45.1,2.59,9.41,,151.0,Moderate
Delhi,2016-07-10,59.13,86.18,12.96,35.91,46.19,37.92,1.72,7.94,43.24,2.95,10.42,,143.0,Moderate
Delhi,2016-07-11,60.92,74.51,13.86,33.57,45.91,38.15,1.08,7.74,42.22,3.58,8.87,,156.0,Moderate
Delhi,2016-07-12,39.32,57.16,24.89,32.55,58.24,33.66,2.36,9.06,43.95,3.21,18.14,,108.0,Moderate
Delhi,2016-07-13,71.53,79.1,29.55,31.96,57.77,43.92,1.82,8.23,50.01,3.75,17.84,,163.0,Moderate
Delhi,2016-07-14,73.51,56.29,31.24,29.7,54.28,61.03,5.0,7.39,47.3,3.87,13.39,,247.0,Poor
Delhi,2016-07-15,52.88,88.23,24.44,29.17,46.93,38.79,4.65,6.58,36.35,2.84,8.34,,123.0,Moderate
Delhi,2016-07-16,50.99,44.48,14.85,22.38,37.7,40.89,1.21,7.18,33.31,3.47,5.86,,106.0,Moderate
Delhi,2016-07-17,75.93,38.59,14.17,15.75,29.63,33.83,2.48,7.0,28.11,3.43,5.89,,202.0,Poor
Delhi,2016-07-18,44.08,77.07,24.72,32.85,54.62,51.53,1.47,7.31,36.73,4.26,10.89,,120.0,Moderate
Delhi,2016-07-19,42.14,166.27,20.73,31.4,48.11,55.76,1.31,6.78,44.7,4.26,9.89,,135.0,Moderate
Delhi,2016-07-20,56.86,203.09,24.36,34.96,60.14,31.06,1.16,9.36,61.07,2.37,7.57,,245.0,Poor
Delhi,2016-07-21,45.64,240.86,32.54,37.8,79.06,32.92,0.87,7.27,56.3,2.34,6.11,,280.0,Poor
Delhi,2016-07-22,48.36,157.41,20.2,37.42,58.72,37.84,1.14,8.63,64.4,1.91,11.74,,269.0,Poor
Delhi,2016-07-23,42.09,80.14,8.85,23.88,28.63,35.77,0.84,7.23,51.32,1.96,5.07,,163.0,Moderate
Delhi,2016-07-24,59.4,124.47,15.95,56.56,69.2,38.44,1.45,8.91,65.42,2.97,9.41,,,
Delhi,2016-07-25,76.29,163.57,19.52,58.4,73.04,45.77,1.32,7.93,62.62,3.39,12.4,,195.0,Moderate
Delhi,2016-07-26,54.5,95.08,11.64,40.48,50.72,48.6,1.08,8.2,52.3,2.91,10.16,,163.0,Moderate
Delhi,2016-07-27,40.55,58.09,25.41,40.86,65.28,42.48,1.36,10.82,56.73,4.88,14.13,,108.0,Moderate
Delhi,2016-07-28,46.44,68.69,27.67,42.81,68.89,40.28,1.34,9.95,72.25,4.81,18.68,,134.0,Moderate
Delhi,2016-07-29,56.16,76.89,38.7,44.18,82.68,41.18,1.76,9.87,70.34,5.25,20.12,,155.0,Moderate
Delhi,2016-07-30,42.7,50.0,29.68,36.78,68.62,36.4,1.55,8.69,49.28,4.77,16.89,,116.0,Moderate
Delhi,2016-07-31,48.03,70.62,23.7,32.5,54.99,37.62,1.29,8.01,85.11,4.25,15.17,,136.0,Moderate
Delhi,2016-08-01,43.47,53.42,17.15,29.86,48.93,35.28,1.29,10.33,68.03,3.55,14.22,,150.0,Moderate
Delhi,2016-08-02,43.55,55.33,24.58,34.87,56.3,34.99,2.69,8.23,91.54,2.99,19.32,,121.0,Moderate
Delhi,2016-08-03,50.86,67.92,23.29,36.14,56.77,32.14,1.35,6.96,92.81,2.01,28.25,,149.0,Moderate
Delhi,2016-08-04,49.04,87.48,17.77,35.93,53.75,32.45,0.92,9.03,86.42,2.26,20.91,,178.0,Moderate
Delhi,2016-08-05,39.3,78.77,11.79,33.68,42.56,32.81,1.2,9.36,63.17,2.26,12.08,,120.0,Moderate
Delhi,2016-08-06,43.86,76.69,23.12,38.29,60.55,32.22,2.13,9.81,68.19,2.28,19.87,,140.0,Moderate
Delhi,2016-08-07,42.84,75.19,15.7,31.42,42.34,28.89,2.48,10.02,67.17,2.02,14.34,,142.0,Moderate
Delhi,2016-08-08,44.04,82.26,16.52,34.27,48.51,29.3,1.37,8.48,73.28,1.93,11.98,,141.0,Moderate
Delhi,2016-08-09,41.29,64.76,16.97,29.05,43.48,27.23,2.93,8.02,59.76,1.78,10.33,,125.0,Moderate
Delhi,2016-08-10,39.28,54.92,15.91,30.76,43.16,29.55,1.6,9.75,53.53,1.92,11.58,,127.0,Moderate
Delhi,2016-08-11,30.66,32.79,18.9,29.78,46.0,24.79,2.22,8.37,54.64,1.55,8.33,,119.0,Moderate
Delhi,2016-08-12,42.15,84.46,31.69,34.9,66.83,23.83,1.39,8.73,70.12,2.22,11.94,,111.0,Moderate
Delhi,2016-08-13,56.45,92.71,30.9,43.49,73.1,31.35,1.53,7.77,68.22,2.92,11.82,,132.0,Moderate
Delhi,2016-08-14,40.81,80.14,38.03,42.53,81.71,32.09,1.28,12.53,81.39,2.39,12.1,,149.0,Moderate
Delhi,2016-08-15,39.51,185.99,30.79,32.96,65.3,27.89,2.15,8.87,91.79,1.43,4.52,,166.0,Moderate
Delhi,2016-08-16,49.04,245.72,25.06,28.74,53.79,26.6,3.78,7.97,83.64,0.9,3.17,,274.0,Poor
Delhi,2016-08-17,62.19,247.59,24.1,36.46,58.74,25.64,0.95,11.16,85.32,2.15,8.31,,295.0,Poor
Delhi,2016-08-18,55.55,132.65,22.7,51.48,65.74,30.91,1.23,9.22,72.82,2.48,11.8,,219.0,Poor
Delhi,2016-08-19,59.03,153.16,22.45,43.97,62.04,28.14,1.15,8.84,69.54,2.83,15.47,,169.0,Moderate
Delhi,2016-08-20,48.57,90.68,10.1,35.84,41.77,26.51,1.59,8.56,59.67,1.48,12.22,,174.0,Moderate
Delhi,2016-08-21,28.01,65.58,5.42,27.58,29.64,23.44,3.11,9.02,42.88,1.1,4.52,,111.0,Moderate
Delhi,2016-08-22,28.6,78.83,8.46,31.31,33.5,23.44,2.59,7.97,43.07,1.45,6.72,,93.0,Satisfactory
Delhi,2016-08-23,38.99,85.48,7.8,39.47,40.84,26.3,1.25,8.06,50.23,3.22,11.41,,107.0,Moderate
Delhi,2016-08-24,43.35,73.22,11.04,32.04,37.18,22.95,1.17,10.86,48.2,3.11,12.66,,127.0,Moderate
Delhi,2016-08-25,45.88,118.92,28.83,35.41,56.77,30.36,0.99,8.23,32.24,8.35,14.36,,93.0,Satisfactory
Delhi,2016-08-26,54.13,125.44,44.27,35.61,79.24,39.87,1.0,9.57,41.9,7.06,23.65,,142.0,Moderate
Delhi,2016-08-27,56.56,,7.36,20.84,20.11,,0.36,7.91,26.55,7.29,16.03,,93.0,Satisfactory
Delhi,2016-08-28,57.09,170.2,12.69,28.7,38.71,31.55,1.67,7.04,27.7,4.97,13.2,,224.0,Poor
Delhi,2016-08-29,54.73,189.12,19.0,37.48,52.4,29.89,1.1,8.92,40.47,5.01,17.09,,169.0,Moderate
Delhi,2016-08-30,48.93,89.57,17.92,42.73,53.37,29.36,1.12,9.22,41.9,4.12,18.54,,110.0,Moderate
Delhi,2016-08-31,37.1,60.16,21.97,41.82,59.5,28.42,2.07,8.72,41.57,2.64,16.6,,100.0,Satisfactory
Delhi,2016-09-01,28.06,47.47,32.06,51.78,87.95,23.08,1.22,9.47,54.7,2.55,13.23,,109.0,Moderate
Delhi,2016-09-02,44.31,111.18,35.83,41.71,84.99,26.32,0.98,9.37,64.8,2.63,10.27,,154.0,Moderate
Delhi,2016-09-03,46.77,208.01,30.88,40.85,76.16,23.2,0.91,10.09,68.7,2.73,10.03,,216.0,Poor
Delhi,2016-09-04,57.64,269.42,32.6,31.96,68.02,22.02,0.91,9.05,56.8,2.03,6.07,,262.0,Poor
Delhi,2016-09-05,45.37,246.81,35.47,33.42,72.7,19.68,1.17,9.87,57.01,1.42,4.49,,260.0,Poor
Delhi,2016-09-06,50.42,282.23,31.2,34.74,69.03,19.05,2.99,10.61,61.24,1.91,5.54,,329.0,Very Poor
Delhi,2016-09-07,50.73,233.83,30.1,39.21,70.35,18.99,2.16,14.63,75.45,2.19,7.1,,291.0,Poor
Delhi,2016-09-08,71.72,260.6,31.37,39.69,70.75,20.58,1.41,12.02,63.76,2.31,8.63,,300.0,Poor
Delhi,2016-09-09,87.99,277.61,34.45,43.67,76.55,21.51,2.39,10.34,49.75,2.63,9.22,,335.0,Very Poor
Delhi,2016-09-10,45.7,190.45,29.83,38.14,63.72,21.07,0.75,10.81,55.82,2.4,9.22,,240.0,Poor
Delhi,2016-09-11,45.89,164.1,32.14,40.58,67.7,20.4,2.36,10.92,52.36,2.08,6.37,,177.0,Moderate
Delhi,2016-09-12,49.7,178.47,32.77,39.41,68.85,21.52,2.12,9.59,54.62,1.92,7.5,,178.0,Moderate
Delhi,2016-09-13,57.08,184.5,31.66,43.84,75.96,25.79,1.62,10.93,63.46,2.47,13.54,,193.0,Moderate
Delhi,2016-09-14,47.36,109.64,20.69,45.6,62.62,23.03,1.25,11.21,64.32,2.19,9.77,,150.0,Moderate
Delhi,2016-09-15,79.99,198.81,21.15,54.73,69.82,28.2,1.26,11.6,77.97,3.1,10.98,,215.0,Poor
Delhi,2016-09-16,67.11,185.86,17.87,57.22,67.78,27.03,0.95,12.39,70.09,2.71,8.79,,233.0,Poor
Delhi,2016-09-17,81.9,207.91,28.14,56.8,83.1,29.48,0.99,12.78,75.84,2.55,8.73,,220.0,Poor
Delhi,2016-09-18,86.16,185.57,17.63,56.82,67.1,29.26,1.28,10.89,74.51,2.35,8.81,,266.0,Poor
Delhi,2016-09-19,75.02,143.48,24.51,67.37,74.28,34.17,1.08,14.63,88.62,1.9,5.99,,192.0,Moderate
Delhi,2016-09-20,94.23,141.3,38.6,86.2,94.51,28.66,1.3,16.12,134.72,1.26,5.13,,264.0,Poor
Delhi,2016-09-21,89.62,131.06,30.07,70.0,59.15,29.75,0.89,17.12,144.45,0.78,4.81,,284.0,Poor
Delhi,2016-09-22,32.73,67.29,10.98,44.35,46.71,27.78,0.8,13.44,72.31,0.78,8.97,,150.0,Moderate
Delhi,2016-09-23,55.64,125.31,13.63,57.24,64.51,29.48,1.18,13.77,78.31,1.21,8.94,,134.0,Moderate
Delhi,2016-09-24,56.46,112.36,19.78,53.66,65.52,30.1,1.03,14.63,67.97,1.34,8.78,,197.0,Moderate
Delhi,2016-09-25,56.64,137.48,29.6,55.69,81.12,27.69,1.24,15.5,73.87,1.23,7.19,,175.0,Moderate
Delhi,2016-09-26,89.09,194.71,44.43,68.3,105.76,32.26,1.35,15.11,89.95,1.8,11.46,,236.0,Poor
Delhi,2016-09-27,52.49,109.5,10.51,41.03,46.9,29.98,0.71,13.68,62.19,0.88,5.71,,185.0,Moderate
Delhi,2016-09-28,105.43,260.01,17.52,100.66,58.72,40.17,0.49,11.94,113.81,0.81,6.44,,103.0,Moderate
Delhi,2016-09-29,101.84,189.62,11.5,63.0,51.96,37.22,0.97,15.28,96.64,1.15,5.75,,289.0,Poor
Delhi,2016-09-30,84.33,179.81,20.59,65.05,61.77,32.18,1.01,15.0,87.95,1.03,5.39,,224.0,Poor
Delhi,2016-10-01,117.28,232.03,40.76,73.71,90.15,40.08,1.4,24.55,109.06,1.82,11.99,,312.0,Very Poor
Delhi,2016-10-02,81.87,199.61,30.59,59.82,70.18,35.58,1.13,16.28,75.58,1.46,7.63,,234.0,Poor
Delhi,2016-10-03,103.12,210.04,26.23,66.31,68.95,43.92,1.09,12.96,97.36,1.34,6.11,,282.0,Poor
Delhi,2016-10-04,159.8,272.34,33.0,78.18,84.42,50.14,1.3,13.68,123.99,2.18,8.16,,351.0,Very Poor
Delhi,2016-10-05,81.71,150.37,57.77,77.96,108.73,46.47,1.26,14.4,85.94,3.03,12.57,,232.0,Poor
Delhi,2016-10-06,117.86,229.25,42.23,87.85,98.02,54.59,1.3,15.09,109.08,2.95,10.35,,280.0,Poor
Delhi,2016-10-07,114.06,274.97,61.5,74.99,105.6,47.26,1.28,14.63,97.13,1.9,6.14,,311.0,Very Poor
Delhi,2016-10-08,132.11,317.62,81.06,76.99,126.03,42.99,1.54,14.9,98.7,2.16,6.68,,408.0,Severe
Delhi,2016-10-09,144.47,317.13,85.77,92.64,134.38,43.55,1.42,17.2,128.17,2.35,12.39,,416.0,Severe
Delhi,2016-10-10,125.8,290.85,79.04,88.86,126.5,39.72,1.24,17.3,112.52,2.65,11.52,,387.0,Very Poor
Delhi,2016-10-11,134.84,327.75,62.55,83.87,120.1,36.52,1.6,16.52,104.67,2.09,5.34,,408.0,Severe
Delhi,2016-10-12,114.3,309.88,70.71,83.3,123.85,31.55,1.05,20.1,93.47,2.28,5.67,,405.0,Severe
Delhi,2016-10-13,86.93,295.1,102.46,81.11,113.0,27.85,0.84,19.17,78.81,2.26,7.16,,371.0,Very Poor
Delhi,2016-10-14,94.83,303.27,90.53,87.15,111.96,29.54,1.31,20.72,87.84,1.9,7.31,,375.0,Very Poor
Delhi,2016-10-15,144.98,368.81,80.18,108.83,104.39,34.74,1.26,22.1,120.33,2.27,8.31,,400.0,Very Poor
Delhi,2016-10-16,132.01,316.53,79.81,89.01,109.33,34.88,1.32,24.72,99.74,1.64,7.21,,430.0,Severe
Delhi,2016-10-17,149.35,346.31,105.43,94.29,129.43,37.11,2.19,27.27,112.83,2.22,11.14,,425.0,Severe
Delhi,2016-10-18,161.49,352.64,80.88,95.27,118.3,39.9,1.6,22.25,101.0,2.12,9.35,,438.0,Severe
Delhi,2016-10-19,140.57,339.79,105.08,91.52,85.54,39.26,1.48,24.66,73.0,1.63,6.63,,428.0,Severe
Delhi,2016-10-20,135.9,361.08,169.53,90.28,98.14,44.98,1.83,24.72,107.03,2.09,7.52,,425.0,Severe
Delhi,2016-10-21,161.11,477.65,166.64,88.27,107.99,46.41,2.14,26.66,32.06,4.5,10.99,,496.0,Severe
Delhi,2016-10-22,140.92,442.68,140.89,84.96,115.83,47.03,1.44,20.7,53.5,3.61,9.22,,472.0,Severe
Delhi,2016-10-23,182.14,372.09,54.87,90.22,85.75,44.08,1.11,19.38,122.74,1.79,5.2,,470.0,Severe
Delhi,2016-10-24,164.51,367.17,68.9,88.17,99.44,37.79,1.42,21.68,109.22,1.62,5.17,,454.0,Severe
Delhi,2016-10-25,115.76,290.42,125.4,82.7,107.03,38.89,1.63,23.46,83.78,2.72,10.24,,396.0,Very Poor
Delhi,2016-10-26,209.27,413.49,144.66,111.23,121.37,48.82,1.88,25.0,85.57,4.98,14.6,,413.0,Severe
Delhi,2016-10-27,296.27,535.53,127.68,120.07,126.63,58.75,1.94,23.95,82.06,8.97,24.05,,558.0,Severe
Delhi,2016-10-28,318.57,503.0,137.36,119.42,134.89,64.34,1.91,27.89,107.12,10.61,27.31,,570.0,Severe
Delhi,2016-10-29,350.39,516.59,208.23,162.5,167.24,79.24,2.65,54.38,139.22,13.02,60.08,,554.0,Severe
Delhi,2016-10-30,355.77,528.41,162.93,112.59,142.64,89.56,2.28,40.23,257.73,10.29,35.64,,522.0,Severe
Delhi,2016-10-31,434.92,521.21,181.22,113.21,174.25,95.27,2.36,71.56,153.52,9.61,21.68,,520.0,Severe
Delhi,2016-11-01,394.59,537.51,144.25,120.66,159.5,91.77,2.09,33.34,193.31,9.95,24.21,,550.0,Severe
Delhi,2016-11-02,537.96,693.21,121.1,149.12,157.33,111.69,2.8,26.66,160.01,11.45,30.13,,593.0,Severe
Delhi,2016-11-03,482.4,483.99,127.32,148.92,116.45,104.84,2.78,29.4,108.33,11.64,34.69,,625.0,Severe
Delhi,2016-11-04,342.45,475.1,158.66,131.92,69.68,88.02,2.23,25.93,177.07,9.52,33.1,,480.0,Severe
Delhi,2016-11-05,588.39,763.58,135.71,113.31,90.09,89.1,2.2,22.21,39.05,7.31,16.61,,603.0,Severe
Delhi,2016-11-06,685.36,708.8,155.53,128.15,97.62,96.22,3.23,22.61,39.21,9.98,27.66,,676.0,Severe
Delhi,2016-11-07,488.57,527.64,159.5,123.36,94.03,72.81,2.21,23.88,33.33,8.95,23.12,,716.0,Severe
Delhi,2016-11-08,338.38,471.47,75.56,92.18,54.81,55.65,1.32,21.36,35.0,6.2,11.18,,542.0,Severe
Delhi,2016-11-09,307.08,415.79,111.51,103.26,67.31,58.89,1.38,21.52,33.89,6.99,13.52,,455.0,Severe
Delhi,2016-11-10,291.71,464.27,124.82,133.98,63.54,73.93,1.61,29.45,42.27,5.66,16.26,,471.0,Severe
Delhi,2016-11-11,295.88,491.38,139.59,147.03,56.6,88.96,1.62,35.04,50.03,6.49,22.29,,514.0,Severe
Delhi,2016-11-12,277.67,437.21,145.02,127.18,54.53,81.99,1.49,34.7,43.22,5.22,18.04,,491.0,Severe
Delhi,2016-11-13,228.16,388.97,158.78,113.74,54.67,67.76,1.24,51.78,66.96,5.0,14.05,,469.0,Severe
Delhi,2016-11-14,194.2,266.97,177.98,119.58,63.27,49.95,0.91,22.7,63.1,3.09,8.37,,404.0,Severe
Delhi,2016-11-15,236.09,399.5,152.13,116.66,80.86,59.24,1.49,21.98,37.37,6.53,16.84,,379.0,Very Poor
Delhi,2016-11-16,291.98,391.88,131.41,109.65,79.95,53.33,1.34,23.97,35.58,6.64,16.56,,428.0,Severe
Delhi,2016-11-17,351.47,412.95,69.58,96.23,60.3,41.1,0.73,21.65,37.74,5.08,11.4,,504.0,Severe
Delhi,2016-11-18,237.21,409.98,92.48,102.95,55.83,43.06,0.87,23.11,37.26,5.05,11.2,,512.0,Severe
Delhi,2016-11-19,285.71,412.35,112.39,114.11,63.07,55.83,1.16,30.47,48.81,6.3,22.82,,494.0,Severe
Delhi,2016-11-20,323.74,350.18,120.28,117.17,39.98,80.15,1.52,27.23,53.69,6.63,27.78,,438.0,Severe
Delhi,2016-11-21,340.61,439.26,165.78,128.85,62.48,81.94,1.6,26.25,50.47,7.12,21.98,,474.0,Severe
Delhi,2016-11-22,281.76,399.82,127.69,111.52,58.08,63.32,1.55,25.26,32.17,5.53,14.85,,471.0,Severe
Delhi,2016-11-23,174.56,443.12,103.4,98.73,58.08,48.28,1.24,30.13,38.25,5.12,10.79,,432.0,Severe
Delhi,2016-11-24,216.1,478.72,133.15,109.5,84.1,55.54,1.21,22.29,35.12,5.57,12.74,,397.0,Very Poor
Delhi,2016-11-25,136.21,399.13,32.87,68.9,39.01,28.84,0.41,20.99,40.07,3.18,6.51,,375.0,Very Poor
Delhi,2016-11-26,113.3,325.47,37.55,70.01,43.19,25.22,0.46,23.22,39.94,3.24,6.72,,330.0,Very Poor
Delhi,2016-11-27,128.7,336.16,35.91,71.29,40.84,26.73,0.65,22.68,38.99,3.16,5.83,,347.0,Very Poor
Delhi,2016-11-28,127.5,312.58,90.6,82.99,46.87,28.3,0.91,29.33,36.12,4.29,9.66,,274.0,Poor
Delhi,2016-11-29,236.58,489.62,158.47,133.28,88.78,64.54,1.75,27.59,40.89,7.42,21.69,,360.0,Very Poor
Delhi,2016-11-30,246.25,437.91,80.12,95.64,54.63,84.51,1.16,20.23,44.16,5.82,15.23,,441.0,Severe
Delhi,2016-12-01,263.61,473.72,100.79,83.15,59.64,79.35,1.25,19.08,49.44,7.06,22.44,,418.0,Severe
Delhi,2016-12-02,263.25,422.11,143.08,101.67,79.26,77.5,1.05,20.38,34.89,8.15,18.27,,474.0,Severe
Delhi,2016-12-03,196.6,432.38,102.23,97.75,54.62,51.11,1.41,23.49,34.86,7.23,16.4,,419.0,Severe
Delhi,2016-12-04,223.3,426.63,135.19,109.4,54.22,68.69,1.93,22.96,33.98,7.43,18.49,,379.0,Very Poor
Delhi,2016-12-05,204.6,417.29,91.66,78.79,39.67,27.41,1.55,23.92,31.6,5.88,12.62,,389.0,Very Poor
Delhi,2016-12-06,293.91,497.31,110.07,96.68,69.09,56.8,1.86,23.11,38.89,9.28,23.99,,402.0,Severe
Delhi,2016-12-07,283.61,414.27,64.52,81.86,59.67,49.99,1.34,23.69,53.91,8.84,20.43,,472.0,Severe
Delhi,2016-12-08,238.21,374.88,70.46,72.44,52.25,36.31,1.53,22.2,36.02,7.67,15.66,,422.0,Severe
Delhi,2016-12-09,295.62,502.98,106.85,71.44,62.21,40.93,1.66,23.47,38.31,7.92,19.77,,443.0,Severe
Delhi,2016-12-10,189.09,249.35,30.67,58.86,29.83,34.4,0.84,20.83,41.6,5.22,9.15,,413.0,Severe
Delhi,2016-12-11,199.12,294.81,46.99,50.79,27.33,29.59,1.25,22.65,37.83,6.73,14.23,,351.0,Very Poor
Delhi,2016-12-12,210.28,365.65,138.78,76.9,56.19,50.66,2.39,23.52,30.87,8.52,20.42,,418.0,Severe
Delhi,2016-12-13,209.91,438.88,143.91,76.81,60.13,40.75,1.32,21.71,32.12,8.55,20.95,,413.0,Severe
Delhi,2016-12-14,154.55,336.29,81.54,66.38,45.44,39.57,0.92,18.5,33.54,7.35,15.83,,379.0,Very Poor
Delhi,2016-12-15,167.64,345.07,67.1,61.53,30.43,32.77,1.06,20.65,34.65,6.85,11.87,,359.0,Very Poor
Delhi,2016-12-16,200.78,443.63,137.47,85.26,53.52,42.38,1.45,23.5,33.68,7.66,17.03,,390.0,Very Poor
Delhi,2016-12-17,229.35,450.31,110.1,88.54,45.05,52.64,1.16,21.22,33.35,7.31,15.69,,437.0,Severe
Delhi,2016-12-18,232.33,433.94,110.14,86.92,62.67,61.3,1.17,21.99,34.3,5.98,12.53,,411.0,Severe
Delhi,2016-12-19,236.24,445.54,87.1,88.02,65.09,61.04,0.92,21.32,31.86,5.95,10.48,,443.0,Severe
Delhi,2016-12-20,161.92,324.2,34.1,68.35,45.61,45.61,0.61,22.9,34.48,3.64,5.67,,377.0,Very Poor
Delhi,2016-12-21,131.95,291.75,51.31,66.67,44.05,40.01,0.81,22.63,33.78,4.0,6.24,,317.0,Very Poor
Delhi,2016-12-22,187.3,399.43,99.49,82.03,51.92,50.67,1.14,24.9,37.52,5.12,9.98,,349.0,Very Poor
Delhi,2016-12-23,364.15,616.99,149.58,122.88,67.02,90.37,1.92,22.09,45.0,7.55,18.78,,470.0,Severe
Delhi,2016-12-24,411.8,605.65,93.94,114.03,41.37,99.22,1.65,19.54,41.56,7.38,22.05,,576.0,Severe
Delhi,2016-12-25,232.41,346.57,30.11,59.88,36.84,61.98,0.7,19.37,38.99,4.04,7.14,,412.0,Severe
Delhi,2016-12-26,154.26,307.64,61.69,65.49,56.57,51.87,0.66,22.82,36.31,4.36,7.7,,338.0,Very Poor
Delhi,2016-12-27,213.2,395.37,114.55,93.45,56.14,47.88,0.94,24.51,36.9,6.13,11.06,,319.0,Very Poor
Delhi,2016-12-28,273.82,515.41,192.34,129.41,67.59,60.4,1.61,26.1,40.19,7.04,16.43,,455.0,Severe
Delhi,2016-12-29,339.96,535.68,103.69,108.76,33.56,88.44,1.3,21.6,55.09,7.29,18.01,,524.0,Severe
Delhi,2016-12-30,231.1,368.9,30.99,62.46,33.89,54.58,0.96,23.47,43.97,6.93,12.43,,381.0,Very Poor
Delhi,2016-12-31,211.16,353.61,40.62,56.66,44.59,52.53,1.14,23.82,42.84,8.03,17.16,,338.0,Very Poor
Gurugram,2015-11-27,,,5.28,8.37,9.57,,2.88,15.92,5.96,,,,,
Gurugram,2015-11-28,,,4.71,8.0,9.74,,0.47,5.78,8.13,,,,,
Gurugram,2015-11-29,,,3.1,8.04,8.69,,1.67,5.26,16.52,,,,,
Gurugram,2015-11-30,,,3.9,8.21,9.54,,1.45,7.51,6.29,,,,,
Gurugram,2015-12-01,,,3.36,8.13,8.86,,1.45,3.72,10.5,,,,,
Gurugram,2015-12-02,,,7.59,10.25,11.2,,2.08,6.99,10.1,,,,,
Gurugram,2015-12-03,,,13.11,14.27,14.32,,0.66,2.69,8.75,,,,,
Gurugram,2015-12-04,,,14.32,12.84,13.94,,3.91,14.63,16.09,,,,,
Gurugram,2015-12-05,,,12.82,15.38,14.28,,2.09,9.1,19.52,,,,,
Gurugram,2015-12-06,,,,,,,,,,,,,,
Gurugram,2015-12-07,,,13.35,14.02,14.55,,1.63,3.75,25.7,,,,,
Gurugram,2015-12-08,,,13.57,14.27,15.36,,1.72,5.47,25.28,,,,,
Gurugram,2015-12-09,,,11.96,13.8,14.81,,1.38,4.25,14.06,,,,,
Gurugram,2015-12-10,,,12.63,12.82,14.9,,1.47,2.03,1.97,,,,,
Gurugram,2015-12-11,,,12.92,15.34,14.71,,1.42,12.16,15.02,,,,,
Gurugram,2015-12-12,,,14.65,14.3,14.68,,0.42,4.67,2.86,,,,,
Gurugram,2015-12-13,,,,,,,,,,,,,,
Gurugram,2015-12-14,,,12.69,15.39,14.21,,0.68,8.0,30.92,,,,,
Gurugram,2015-12-15,,,15.48,13.39,15.09,,0.2,4.22,21.46,,,,,
Gurugram,2015-12-16,,,14.27,14.84,15.07,,1.39,5.73,15.37,,,,,
Gurugram,2015-12-17,,,,,,,,,,,,,,
Gurugram,2015-12-18,,,,,,,,,,,,,,
Gurugram,2015-12-19,,,,,,,,,,,,,,
Gurugram,2015-12-20,,,,,,,,,,,,,,
Gurugram,2015-12-21,,,15.58,17.88,15.35,,1.96,12.38,20.65,,,,,
Gurugram,2015-12-22,,,15.8,17.05,15.57,,2.44,10.24,1.24,,,,,
Gurugram,2015-12-23,,,16.01,16.16,15.54,,1.74,18.91,14.1,,,,,
Gurugram,2015-12-24,,,14.41,13.23,14.99,,1.69,2.89,1.55,,,,,
Gurugram,2015-12-25,,,13.82,13.0,14.46,,1.51,4.79,14.64,,,,,
Gurugram,2015-12-26,,,12.02,14.5,14.42,,1.59,5.04,13.92,,,,,
Gurugram,2015-12-27,,,10.57,14.55,13.84,,1.42,5.06,14.77,,,,,
Gurugram,2015-12-28,,,9.57,13.7,12.97,,1.44,5.94,16.97,,,,,
Gurugram,2015-12-29,,,10.46,14.44,14.26,,1.39,5.63,19.21,,,,,
Gurugram,2015-12-30,,,9.88,13.16,12.53,,1.0,14.24,21.88,,,,,
Gurugram,2015-12-31,,,12.63,13.98,14.61,,1.43,5.41,28.88,,,,,
Gurugram,2016-01-01,,,12.11,15.1,14.49,,0.43,25.52,27.4,,,,,
Gurugram,2016-01-02,,,10.68,14.8,13.37,,1.22,46.7,1.25,,,,,
Gurugram,2016-01-03,,,,,,,,,,,,,,
Gurugram,2016-01-04,,,12.39,16.17,13.13,,1.32,4.76,25.02,,,,,
Gurugram,2016-01-05,,,,,,,,,,,,,,
Gurugram,2016-01-06,,,,,,,,,,,,,,
Gurugram,2016-01-07,,,16.64,10.41,14.05,,1.14,11.81,9.84,,,,,
Gurugram,2016-01-08,,,17.47,10.07,14.86,,0.82,11.32,1.6,,,,,
Gurugram,2016-01-09,,,17.79,8.73,14.56,,,6.06,1.54,,,,,
Gurugram,2016-01-10,,,,,,,,,,,,,,
Gurugram,2016-01-11,,,16.55,8.36,13.92,,1.98,7.83,16.98,,,,,
Gurugram,2016-01-12,,,15.19,8.94,14.2,,1.18,5.99,8.56,,,,,
Gurugram,2016-01-13,,,,,,,,,,,,,,
Gurugram,2016-01-14,,,16.48,8.06,13.46,,0.2,10.26,8.32,,,,,
Gurugram,2016-01-15,,,13.83,10.26,12.5,,1.0,7.19,11.67,,,,,
Gurugram,2016-01-16,,,19.59,10.41,16.37,,0.87,4.68,12.4,,,,,
Gurugram,2016-01-17,,,17.31,10.1,15.53,,1.49,5.73,11.22,,,,,
Gurugram,2016-01-18,,,15.72,8.72,15.71,,1.41,8.3,3.52,,,,,
Gurugram,2016-01-19,,,,,,,,,,,,,,
Gurugram,2016-01-20,,,,,,,,,,,,,,
Gurugram,2016-01-21,,,15.14,9.08,14.9,,0.97,7.19,11.48,,,,,
Gurugram,2016-01-22,120.47,,15.21,10.99,14.31,,1.41,12.48,3.95,,,,,
Gurugram,2016-01-23,87.51,,15.75,8.25,14.43,,0.45,8.05,13.38,,,,202.0,Poor
Gurugram,2016-01-24,106.22,,15.09,7.39,13.78,,1.52,9.24,1.23,,,,209.0,Poor
Gurugram,2016-01-25,82.48,,15.09,10.99,14.78,,1.16,15.42,16.45,,,,,
Gurugram,2016-01-26,124.33,,17.55,9.69,15.5,,0.96,9.14,4.05,,,,257.0,Poor
Gurugram,2016-01-27,,,,,,,,,,,,,,
Gurugram,2016-01-28,,,,,,,,,,,,,,
Gurugram,2016-01-29,,,,,,,,,,,,,,
Gurugram,2016-01-30,,,,,,,,,,,,,,
Gurugram,2016-01-31,,,,,,,,,,,,,,
Gurugram,2016-02-01,,,,,,,,,,,,,,
Gurugram,2016-02-02,36.12,,20.52,15.4,15.13,,0.5,16.15,25.7,,,,,
Gurugram,2016-02-03,58.63,,18.54,14.94,15.12,,,4.96,27.26,,,,90.0,Satisfactory
Gurugram,2016-02-04,52.91,,17.02,9.59,14.43,,1.49,7.79,23.45,,,,95.0,Satisfactory
Gurugram,2016-02-05,103.23,,9.2,16.9,10.3,,1.5,8.75,16.66,,,,164.0,Moderate
Gurugram,2016-02-06,,,9.74,9.91,9.7,,1.54,11.14,0.57,,,,,
Gurugram,2016-02-07,,,,,,,,,,,,,,
Gurugram,2016-02-08,,,,19.2,12.64,,1.02,19.44,13.55,,,,,
Gurugram,2016-02-09,,,,,,,1.4,6.02,3.57,,,,,
Gurugram,2016-02-10,,,,14.07,9.56,,0.45,14.77,24.32,,,,,
Gurugram,2016-02-11,,,11.17,18.68,11.69,,0.18,6.97,15.12,,,,,
Gurugram,2016-02-12,,,9.17,15.92,11.05,,1.57,11.11,18.56,,,,,
Gurugram,2016-02-13,,,7.83,17.03,10.5,,1.4,7.86,1.67,,,,,
Gurugram,2016-02-14,,,,,,,,,,,,,,
Gurugram,2016-02-15,,,,,,,,,,,,,,
Gurugram,2016-02-16,70.74,,15.42,10.24,12.25,,1.55,,66.42,,,,,
Gurugram,2016-02-17,,,,,,,,,,,,,,
Gurugram,2016-02-18,188.98,,18.71,18.31,15.78,,1.28,13.56,,,,,,
Gurugram,2016-02-19,199.01,,13.65,16.59,12.93,,0.28,6.66,0.55,,,,357.0,Very Poor
Gurugram,2016-02-20,,,,,,,,,,,,,,
Gurugram,2016-02-21,,,,,,,,,,,,,,
Gurugram,2016-02-22,,,,,,,,,,,,,,
Gurugram,2016-02-23,88.27,,12.21,18.77,13.12,,1.13,7.07,22.54,,,,,
Gurugram,2016-02-24,175.8,,11.5,19.53,12.39,,0.48,12.93,20.69,,,,336.0,Very Poor
Gurugram,2016-02-25,137.28,,10.66,9.48,9.46,,1.38,11.45,25.59,,,,322.0,Very Poor
Gurugram,2016-02-26,143.83,,8.9,11.22,7.91,,1.44,13.17,28.19,,,,312.0,Very Poor
Gurugram,2016-02-27,180.83,,11.15,14.95,11.32,,1.37,15.57,18.82,,,,343.0,Very Poor
Gurugram,2016-02-28,201.17,,8.79,10.32,8.06,,1.45,12.01,24.09,,,,359.0,Very Poor
Gurugram,2016-02-29,182.54,,8.82,10.73,7.98,,1.49,6.89,18.51,,,,346.0,Very Poor
Gurugram,2016-03-01,211.21,,7.79,10.53,8.1,,1.43,12.72,24.8,,,,364.0,Very Poor
Gurugram,2016-03-02,247.27,,5.55,10.94,7.67,,1.48,11.04,29.09,,,,379.0,Very Poor
Gurugram,2016-03-03,348.88,,4.16,8.97,7.56,,1.4,14.26,25.18,,,,460.0,Severe
Gurugram,2016-03-04,,,10.29,8.47,7.93,,1.28,9.53,32.19,,,,445.0,Severe
Gurugram,2016-03-05,,,,,,,,,,,,,,
Gurugram,2016-03-06,,,,,,,,,,,,,,
Gurugram,2016-03-07,78.56,,51.15,78.83,47.62,,0.27,10.04,30.93,,,,,
Gurugram,2016-03-08,97.88,,13.69,34.12,17.26,,,9.58,28.46,,,,244.0,Poor
Gurugram,2016-03-09,539.41,,20.24,40.8,36.5,,1.36,7.28,21.86,,,,442.0,Severe
Gurugram,2016-03-10,914.94,,44.34,63.94,42.71,,1.45,0.64,0.8,,,,676.0,Severe
Gurugram,2016-03-11,,,,,,,,,,,,,,
Gurugram,2016-03-12,,,,,,,,,,,,,,
Gurugram,2016-03-13,,,,,,,,,,,,,,
Gurugram,2016-03-14,,,,,,,,,,,,,,
Gurugram,2016-03-15,,,,,,,,,,,,,,
Gurugram,2016-03-16,58.9,,4.1,,12.51,,0.87,10.62,43.65,,,,,
Gurugram,2016-03-17,894.75,,4.46,48.76,17.45,,1.43,13.43,37.98,,,,,
Gurugram,2016-03-18,581.05,,7.02,46.75,17.93,,1.22,17.42,30.51,,,,,
Gurugram,2016-03-19,,,,,,,,,,,,,,
Gurugram,2016-03-20,,,,,,,,,,,,,,
Gurugram,2016-03-21,,,,,,,,,,,,,,
Gurugram,2016-03-22,,,,,,,,,,,,,,
Gurugram,2016-03-23,,,,,,,,,,,,,,
Gurugram,2016-03-24,,,,,,,,,,,,,,
Gurugram,2016-03-25,62.4,,4.65,45.91,16.74,,0.79,,46.85,,,,,
Gurugram,2016-03-26,40.5,,,35.09,14.5,,1.37,11.97,17.07,,,,,
Gurugram,2016-03-27,79.43,,5.56,31.01,13.22,,1.12,11.31,30.98,,,,180.0,Moderate
Gurugram,2016-03-28,197.75,,12.54,33.61,17.27,,1.46,16.38,26.13,,,,341.0,Very Poor
Gurugram,2016-03-29,124.42,,5.71,33.18,11.24,,1.4,19.4,43.79,,,,208.0,Poor
Gurugram,2016-03-30,264.74,,13.22,50.59,22.91,,1.57,33.97,27.58,,,,367.0,Very Poor
Gurugram,2016-03-31,186.4,,48.3,110.34,45.41,,2.03,23.38,24.63,,,,401.0,Severe
Gurugram,2016-04-01,66.52,,4.66,36.51,14.63,,1.13,20.44,29.48,,,,325.0,Very Poor
Gurugram,2016-04-02,,,13.67,47.5,22.34,,1.48,29.93,26.68,,,,,
Gurugram,2016-04-03,,,42.76,90.73,40.58,,2.3,30.97,31.53,,,,,
Gurugram,2016-04-04,76.29,,21.73,43.72,25.75,,1.37,21.97,17.55,,,,,
Gurugram,2016-04-05,70.05,,3.94,28.73,12.28,,1.05,12.95,34.73,,,,,
Gurugram,2016-04-06,,,6.3,41.72,16.81,,1.18,18.04,33.38,,,,,
Gurugram,2016-04-07,,,12.94,39.56,19.79,,1.16,19.65,31.06,,,,,
Gurugram,2016-04-08,115.6,,11.28,46.36,20.65,,1.39,15.05,33.45,,,,,
Gurugram,2016-04-09,99.83,,37.58,83.45,39.6,,2.05,24.69,36.16,,,,266.0,Poor
Gurugram,2016-04-10,83.23,,6.07,37.45,15.64,,1.23,25.1,39.34,,,,190.0,Moderate
Gurugram,2016-04-11,84.45,,5.48,30.12,13.37,,0.95,18.06,34.36,,,,186.0,Moderate
Gurugram,2016-04-12,70.79,,4.68,21.94,12.36,,0.91,15.18,41.77,,,,144.0,Moderate
Gurugram,2016-04-13,82.6,,5.34,31.5,13.51,,1.16,18.19,34.96,,,,156.0,Moderate
Gurugram,2016-04-14,84.9,,11.83,37.63,18.82,,1.43,11.16,32.53,,,,202.0,Poor
Gurugram,2016-04-15,109.9,,39.56,53.4,37.84,,1.81,14.57,27.98,,,,228.0,Poor
Gurugram,2016-04-16,107.76,,18.76,47.93,25.07,,1.63,12.52,17.46,,,,276.0,Poor
Gurugram,2016-04-17,81.36,,4.76,28.96,12.65,,1.11,5.38,17.69,,,,192.0,Moderate
Gurugram,2016-04-18,77.24,,9.55,43.2,19.01,,1.23,9.91,25.27,,,,144.0,Moderate
Gurugram,2016-04-19,115.4,,10.02,49.47,20.62,,1.65,15.79,25.94,,,,244.0,Poor
Gurugram,2016-04-20,163.99,,6.51,37.2,15.68,,1.01,7.7,29.75,,,,300.0,Poor
Gurugram,2016-04-21,128.32,,3.95,27.77,12.0,,1.08,12.25,36.55,,,,325.0,Very Poor
Gurugram,2016-04-22,123.29,,3.0,10.04,7.01,,1.0,6.8,42.31,,,,305.0,Very Poor
Gurugram,2016-04-23,92.07,,8.24,16.11,11.31,,1.46,10.24,34.89,,,,250.0,Poor
Gurugram,2016-04-24,128.13,,7.14,27.63,9.85,,1.98,20.12,49.05,,,,278.0,Poor
Gurugram,2016-04-25,114.51,,9.67,53.05,19.74,,1.77,14.31,49.87,,,,287.0,Poor
Gurugram,2016-04-26,63.16,,2.77,16.76,8.61,,1.01,11.01,122.38,,,,278.0,Poor
Gurugram,2016-04-27,170.74,,37.9,87.78,56.32,,3.24,33.66,35.28,,,,,
Gurugram,2016-04-28,136.31,,3.4,10.97,7.59,,2.62,7.91,40.92,,,,,
Gurugram,2016-04-29,173.82,,2.98,13.69,7.81,,2.73,17.15,43.28,,,,345.0,Very Poor
Gurugram,2016-04-30,171.35,,,,,,2.85,15.34,48.91,,,,332.0,Very Poor
Gurugram,2016-05-01,164.46,,,,,,2.12,26.59,52.44,,,,346.0,Very Poor
Gurugram,2016-05-02,146.44,,2.04,6.67,4.12,,0.97,9.61,42.73,,,,327.0,Very Poor
Gurugram,2016-05-03,164.68,,2.07,18.17,5.92,,1.23,14.15,26.96,,,,346.0,Very Poor
Gurugram,2016-05-04,129.44,,1.37,13.27,4.99,,1.28,7.62,23.27,,,,299.0,Poor
Gurugram,2016-05-05,100.09,,1.39,23.57,8.53,,1.15,3.79,27.1,,,,280.0,Poor
Gurugram,2016-05-06,82.65,,1.03,20.96,9.65,,1.28,3.79,23.97,,,,197.0,Moderate
Gurugram,2016-05-07,104.17,,1.91,7.55,7.34,,1.23,4.43,38.24,,,,224.0,Poor
Gurugram,2016-05-08,100.13,,1.92,4.84,6.92,,1.32,5.03,52.92,,,,252.0,Poor
Gurugram,2016-05-09,77.1,,1.81,11.53,9.2,,1.15,1.84,51.85,,,,183.0,Moderate
Gurugram,2016-05-10,63.89,,5.02,9.04,13.03,,1.25,2.91,45.35,,,,155.0,Moderate
Gurugram,2016-05-11,53.98,,5.43,9.56,12.2,,1.11,2.77,53.47,,,,90.0,Satisfactory
Gurugram,2016-05-12,75.08,,2.87,6.07,8.95,,1.34,2.88,42.03,,,,112.0,Moderate
Gurugram,2016-05-13,103.68,,2.93,5.93,8.94,,1.27,6.24,19.62,,,,187.0,Moderate
Gurugram,2016-05-14,98.72,,3.53,7.04,9.39,,1.69,4.65,43.46,,,,259.0,Poor
Gurugram,2016-05-15,90.87,,2.98,5.83,8.94,,1.53,13.02,41.3,,,,236.0,Poor
Gurugram,2016-05-16,91.92,,4.06,9.54,9.47,,1.55,9.26,29.92,,,,182.0,Moderate
Gurugram,2016-05-17,67.44,,0.92,6.6,8.94,,1.23,9.65,38.39,,,,166.0,Moderate
Gurugram,2016-05-18,99.74,,0.94,5.86,8.94,,2.17,24.4,40.39,,,,207.0,Poor
Gurugram,2016-05-19,83.2,,0.95,5.87,8.94,,1.59,11.12,46.26,,,,193.0,Moderate
Gurugram,2016-05-20,75.28,,0.97,5.9,8.96,,1.31,2.37,35.49,,,,151.0,Moderate
Gurugram,2016-05-21,66.97,,0.97,5.84,8.95,,1.11,1.9,39.5,,,,139.0,Moderate
Gurugram,2016-05-22,78.33,,1.09,6.5,9.1,,0.94,1.96,39.93,,,,124.0,Moderate
Gurugram,2016-05-23,100.13,,0.98,5.97,8.98,,0.91,2.53,23.85,,,,212.0,Poor
Gurugram,2016-05-24,40.55,,0.93,5.97,8.95,,1.13,2.19,22.98,,,,148.0,Moderate
Gurugram,2016-05-25,82.76,,1.37,5.89,7.56,,0.74,2.75,19.06,,,,116.0,Moderate
Gurugram,2016-05-26,113.01,,1.93,5.86,4.93,,0.33,3.05,18.11,,,,203.0,Poor
Gurugram,2016-05-27,231.94,,1.94,5.92,4.95,,0.36,3.39,28.48,,,,345.0,Very Poor
Gurugram,2016-05-28,111.43,,1.94,5.81,4.93,,0.35,4.47,17.47,,,,358.0,Very Poor
Gurugram,2016-05-29,3.46,,1.96,5.87,4.95,,0.54,2.82,44.76,,,,107.0,Moderate
Gurugram,2016-05-30,3.7,,1.91,5.93,4.94,,0.39,2.07,16.88,,,,62.0,Satisfactory
Gurugram,2016-05-31,27.61,,1.93,5.85,4.93,,0.44,2.1,18.53,,,,48.0,Good
Gurugram,2016-06-01,58.12,,1.93,5.89,4.95,,0.41,2.66,21.18,,,,79.0,Satisfactory
Gurugram,2016-06-02,81.56,,2.25,8.16,5.24,,0.49,4.69,26.12,,,,133.0,Moderate
Gurugram,2016-06-03,109.37,,3.14,8.4,5.5,,0.34,7.58,29.35,,,,238.0,Poor
Gurugram,2016-06-04,118.21,,2.99,6.6,4.97,,0.32,7.01,37.22,,,,276.0,Poor
Gurugram,2016-06-05,73.68,,3.56,6.82,4.98,,0.32,1.77,25.5,,,,226.0,Poor
Gurugram,2016-06-06,102.8,,3.95,6.98,4.94,,0.41,3.1,55.49,,,,,
Gurugram,2016-06-07,101.21,,3.43,6.56,4.93,,0.3,2.18,47.53,,,,,
Gurugram,2016-06-08,69.08,,3.33,7.41,4.92,,0.51,3.46,47.61,,,,161.0,Moderate
Gurugram,2016-06-09,139.85,,2.19,7.07,4.95,,0.33,3.44,28.95,,,,133.0,Moderate
Gurugram,2016-06-10,120.93,,2.34,6.66,4.95,,0.35,6.71,18.14,,,,296.0,Poor
Gurugram,2016-06-11,65.59,,2.33,6.79,4.98,,0.33,2.85,35.97,,,,245.0,Poor
Gurugram,2016-06-12,70.45,,2.17,6.92,4.93,,0.39,3.5,34.68,,,,103.0,Moderate
Gurugram,2016-06-13,146.17,,2.45,6.72,4.97,,0.44,2.8,18.83,,,,263.0,Poor
Gurugram,2016-06-14,32.15,,2.42,5.32,4.97,,0.39,2.0,14.8,,,,195.0,Moderate
Gurugram,2016-06-15,147.88,,5.13,7.96,5.0,,0.36,1.76,21.03,,,,,
Gurugram,2016-06-16,67.25,,2.14,5.69,4.97,,0.32,1.98,22.56,,,,217.0,Poor
Gurugram,2016-06-17,57.76,,1.94,7.52,4.96,,0.34,2.37,26.81,,,,91.0,Satisfactory
Gurugram,2016-06-18,63.23,,2.31,6.75,4.96,,0.32,1.73,25.97,,,,106.0,Moderate
Gurugram,2016-06-19,74.37,,2.38,6.78,4.96,,0.35,1.81,26.37,,,,117.0,Moderate
Gurugram,2016-06-20,103.27,,2.17,6.38,4.95,,0.43,1.79,15.41,,,,217.0,Poor
Gurugram,2016-06-21,93.59,,2.35,6.76,4.93,,0.41,1.79,16.91,,,,197.0,Moderate
Gurugram,2016-06-22,,,2.34,6.59,4.94,,0.33,1.92,19.76,,,,,
Gurugram,2016-06-23,,,2.01,7.1,4.96,,0.32,2.03,17.86,,,,,
Gurugram,2016-06-24,,,2.09,5.66,4.94,,0.28,2.18,21.01,,,,,
Gurugram,2016-06-25,,,,,,,,,,,,,,
Gurugram,2016-06-26,,,,,,,,,,,,,,
Gurugram,2016-06-27,,,2.01,5.78,4.95,,0.41,2.2,27.77,,,,,
Gurugram,2016-06-28,,,2.23,6.79,4.92,,0.32,1.99,40.71,,,,,
Gurugram,2016-06-29,,,2.41,6.64,4.93,,0.35,1.7,43.56,,,,,
Gurugram,2016-06-30,,,2.3,6.69,4.92,,0.36,1.94,47.41,,,,,
Gurugram,2016-07-01,,,2.45,6.37,4.96,,0.39,1.7,43.37,,,,,
Gurugram,2016-07-02,,,2.55,6.53,4.98,,0.34,1.85,43.84,,,,,
Gurugram,2016-07-03,,,3.99,6.98,4.95,,0.31,2.07,44.36,,,,,
Gurugram,2016-07-04,,,3.98,7.8,4.96,,0.4,1.94,41.45,,,,,
Gurugram,2016-07-05,,,3.99,7.0,4.95,,0.38,1.73,50.66,,,,,
Gurugram,2016-07-06,,,3.99,7.03,4.96,,0.33,1.89,53.31,,,,,
Gurugram,2016-07-07,,,3.99,7.0,4.95,,0.37,1.88,43.75,,,,,
Gurugram,2016-07-08,,,3.99,6.82,4.95,,0.33,1.88,43.29,,,,,
Gurugram,2016-07-09,,,3.99,7.12,4.98,,0.33,1.85,58.05,,,,,
Gurugram,2016-07-10,,,3.99,6.99,4.95,,0.36,1.9,58.77,,,,,
Gurugram,2016-07-11,,,3.99,6.97,4.95,,0.33,2.02,60.48,,,,,
Gurugram,2016-07-12,,,3.99,7.05,4.97,,0.44,2.27,47.14,,,,,
Gurugram,2016-07-13,37.77,,3.59,7.16,4.92,,0.35,2.5,40.13,,,,,
Gurugram,2016-07-14,44.43,,2.8,7.05,4.97,,0.43,1.88,45.28,,,,79.0,Satisfactory
Gurugram,2016-07-15,32.05,,2.46,7.08,4.97,,0.34,1.69,48.35,,,,83.0,Satisfactory
Gurugram,2016-07-16,22.12,,3.22,6.98,4.95,,0.33,1.91,50.5,,,,82.0,Satisfactory
Gurugram,2016-07-17,23.35,,3.68,6.88,4.97,,0.44,1.93,36.08,,,,76.0,Satisfactory
Gurugram,2016-07-18,69.02,,4.08,6.92,4.97,,0.51,2.31,32.99,,,,94.0,Satisfactory
Gurugram,2016-07-19,46.96,,1.49,9.04,5.0,,0.41,1.94,37.96,,,,124.0,Moderate
Gurugram,2016-07-20,63.43,,2.19,5.56,4.95,,0.42,1.47,29.62,,,,93.0,Satisfactory
Gurugram,2016-07-21,157.95,,2.16,5.53,4.94,,0.18,2.19,33.5,,,,116.0,Moderate
Gurugram,2016-07-22,115.78,,1.92,5.81,4.93,,0.41,1.99,27.61,,,,,
Gurugram,2016-07-23,44.71,,2.79,7.3,4.93,,0.4,1.76,35.02,,,,131.0,Moderate
Gurugram,2016-07-24,45.11,,2.64,7.72,4.95,,0.22,2.08,34.26,,,,,
Gurugram,2016-07-25,57.0,,1.71,10.12,4.95,,0.24,1.65,21.97,,,,,
Gurugram,2016-07-26,54.63,,2.64,7.38,4.97,,0.42,2.02,17.82,,,,,
Gurugram,2016-07-27,33.34,,2.67,6.07,4.93,,0.33,1.74,,,,,67.0,Satisfactory
Gurugram,2016-07-28,29.36,,3.99,6.93,4.94,,0.37,2.01,,,,,56.0,Satisfactory
Gurugram,2016-07-29,35.8,,3.99,7.18,5.0,,0.49,1.9,,,,,60.0,Satisfactory
Gurugram,2016-07-30,19.85,,3.99,7.11,4.98,,0.31,1.82,,,,,45.0,Good
Gurugram,2016-07-31,30.53,,3.99,6.99,4.95,,0.41,2.1,,,,,49.0,Good
Gurugram,2016-08-01,21.79,,3.44,7.04,4.97,,0.46,2.25,,,,,54.0,Satisfactory
Gurugram,2016-08-02,,,,,,,,,,,,,40.0,Good
Gurugram,2016-08-03,30.94,,2.99,5.01,7.0,,0.37,1.86,,,,,,
Gurugram,2016-08-04,29.94,,3.01,4.93,6.99,,0.31,1.94,,,,,52.0,Satisfactory
Gurugram,2016-08-05,29.33,,3.23,4.35,6.91,,0.41,1.76,,,,,46.0,Good
Gurugram,2016-08-06,32.19,,3.78,7.95,6.92,,0.22,1.92,,,,,52.0,Satisfactory
Gurugram,2016-08-07,,,,,6.97,,0.0,,,,,,,
Gurugram,2016-08-08,,,,,6.97,,0.0,,,,,,,
Gurugram,2016-08-09,,,,,6.94,,0.0,,,,,,,
Gurugram,2016-08-10,,,,,6.95,,0.0,,,,,,,
Gurugram,2016-08-11,17.83,,7.87,12.76,7.0,,0.18,2.42,,,,,,
Gurugram,2016-08-12,163.37,,3.34,4.38,6.97,,0.32,1.91,,,,,230.0,Poor
Gurugram,2016-08-13,27.09,,5.56,8.6,6.93,,0.35,2.0,,,,,264.0,Poor
Gurugram,2016-08-14,31.03,,3.79,8.99,6.92,,0.36,1.93,,,,,52.0,Satisfactory
Gurugram,2016-08-15,32.44,,3.85,7.27,6.97,,0.38,1.66,,,,,50.0,Good
Gurugram,2016-08-16,41.23,,3.63,7.37,6.92,,0.43,1.75,,,,,60.0,Satisfactory
Gurugram,2016-08-17,42.85,,4.28,8.21,6.95,,0.39,1.71,,,,,68.0,Satisfactory
Gurugram,2016-08-18,41.88,,4.28,6.24,6.95,,0.41,1.99,,,,,72.0,Satisfactory
Gurugram,2016-08-19,45.32,,5.84,6.34,6.95,,0.35,1.87,,,,,74.0,Satisfactory
Gurugram,2016-08-20,35.09,,5.93,5.34,6.93,,0.34,1.42,,,,,68.0,Satisfactory
Gurugram,2016-08-21,,,,,,,,,,,,,,
Gurugram,2016-08-22,23.62,,,4.36,,,0.37,2.1,,,,,,
Gurugram,2016-08-23,31.71,,,2.85,,,0.38,1.92,,,,,49.0,Good
Gurugram,2016-08-24,30.65,,2.24,3.48,3.32,,0.36,1.87,,,,,54.0,Satisfactory
Gurugram,2016-08-25,27.88,,1.82,3.01,2.84,,0.35,1.59,,,,,46.0,Good
Gurugram,2016-08-26,48.3,,1.69,2.78,2.64,,0.32,1.89,,,,,64.0,Satisfactory
Gurugram,2016-08-27,31.66,,1.65,2.48,1.94,,0.43,2.1,,,,,70.0,Satisfactory
Gurugram,2016-08-28,41.05,,,,1.71,,0.37,1.77,,,,,67.0,Satisfactory
Gurugram,2016-08-29,153.08,,,,,,0.39,1.89,,,,,157.0,Moderate
Gurugram,2016-08-30,18.73,,,,,,0.36,2.17,,,,,318.0,Very Poor
Gurugram,2016-08-31,,,,,,,,,,,,,,
Gurugram,2016-09-01,14.52,,,,,,0.14,0.96,,,,,,
Gurugram,2016-09-02,26.0,,,,,,0.53,1.45,29.54,,,,55.0,Satisfactory
Gurugram,2016-09-03,,,,,,,,,,,,,44.0,Good
Gurugram,2016-09-04,,,,,,,,,,,,,,
Gurugram,2016-09-05,33.04,,,,,,0.9,2.96,7.24,,,,,
Gurugram,2016-09-06,31.34,,,,,,0.62,1.9,9.1,,,,83.0,Satisfactory
Gurugram,2016-09-07,,,,,,,,,,,,,52.0,Satisfactory
Gurugram,2016-09-08,,,,,,,,,,,,,,
Gurugram,2016-09-09,37.12,,,,,,0.29,4.56,10.04,,,,,
Gurugram,2016-09-10,33.19,,,,,,0.5,3.09,11.2,,,,54.0,Satisfactory
Gurugram,2016-09-11,32.64,,,,,,0.52,2.15,11.72,,,,55.0,Satisfactory
Gurugram,2016-09-12,35.4,,,,,,0.52,2.02,9.97,,,,59.0,Satisfactory
Gurugram,2016-09-13,48.92,,,,,,0.53,1.97,11.75,,,,72.0,Satisfactory
Gurugram,2016-09-14,32.01,,,,,,0.72,1.74,8.44,,,,71.0,Satisfactory
Gurugram,2016-09-15,73.17,,,,,,0.55,2.49,21.62,,,,140.0,Moderate
Gurugram,2016-09-16,,,,,,,,,,,,,137.0,Moderate
Gurugram,2016-09-17,75.47,,,,,,0.49,2.33,59.75,,,,,
Gurugram,2016-09-18,63.22,,,,,,0.5,2.33,39.3,,,,129.0,Moderate
Gurugram,2016-09-19,62.28,,,,,,0.53,2.43,45.49,,,,108.0,Moderate
Gurugram,2016-09-20,146.21,,,,,,0.53,2.42,43.39,,,,203.0,Poor
Gurugram,2016-09-21,90.13,,,,,,0.5,2.3,30.94,,,,288.0,Poor
Gurugram,2016-09-22,43.91,,,,,,0.49,2.28,32.7,,,,119.0,Moderate
Gurugram,2016-09-23,37.96,,,,,,0.5,2.49,30.81,,,,66.0,Satisfactory
Gurugram,2016-09-24,52.02,,,,,,0.53,2.49,32.71,,,,79.0,Satisfactory
Gurugram,2016-09-25,59.96,,,,,,0.53,2.46,32.61,,,,108.0,Moderate
Gurugram,2016-09-26,65.44,,,,,,0.4,2.08,27.59,,,,103.0,Moderate
Gurugram,2016-09-27,50.94,,,,,,0.5,2.19,19.78,,,,92.0,Satisfactory
Gurugram,2016-09-28,74.64,,,,,,0.52,2.77,27.56,,,,121.0,Moderate
Gurugram,2016-09-29,77.42,,,,,,0.51,2.85,19.76,,,,156.0,Moderate
Gurugram,2016-09-30,61.99,,,,,,0.54,2.27,32.51,,,,123.0,Moderate
Gurugram,2016-10-01,66.54,,,,,,0.49,2.54,24.82,,,,138.0,Moderate
Gurugram,2016-10-02,46.7,,,,,,0.52,2.64,27.68,,,,91.0,Satisfactory
Gurugram,2016-10-03,79.11,,,,,,0.51,2.47,26.79,,,,112.0,Moderate
Gurugram,2016-10-04,112.56,,,,,,0.5,2.63,26.83,,,,229.0,Poor
Gurugram,2016-10-05,,,,,,,,,,,,,,
Gurugram,2016-10-06,130.81,,,,,,0.55,2.63,24.32,,,,,
Gurugram,2016-10-07,95.82,,,,,,0.51,2.66,21.04,,,,226.0,Poor
Gurugram,2016-10-08,96.77,,,,,,0.52,2.63,23.95,,,,236.0,Poor
Gurugram,2016-10-09,88.97,,,,,,0.5,2.79,42.57,,,,205.0,Poor
Gurugram,2016-10-10,68.82,,,,,,0.53,2.31,41.83,,,,164.0,Moderate
Gurugram,2016-10-11,94.24,,,,,,0.5,2.43,48.24,,,,182.0,Moderate
Gurugram,2016-10-12,240.11,,,,,,0.51,3.32,48.28,,,,273.0,Poor
Gurugram,2016-10-13,76.42,,,,,,0.46,7.88,28.98,,,,348.0,Very Poor
Gurugram,2016-10-14,37.99,,,,,,0.45,2.64,19.33,,,,80.0,Satisfactory
Gurugram,2016-10-15,49.08,,,,,,0.53,1.89,39.97,,,,86.0,Satisfactory
Gurugram,2016-10-16,57.29,,,,,,0.49,2.97,32.14,,,,94.0,Satisfactory
Gurugram,2016-10-17,67.06,,,,,,0.49,4.76,23.57,,,,102.0,Moderate
Gurugram,2016-10-18,63.34,,,,,,0.56,6.52,26.84,,,,131.0,Moderate
Gurugram,2016-10-19,62.63,,161.85,127.56,183.37,,0.59,4.16,20.79,,,,110.0,Moderate
Gurugram,2016-10-20,71.62,,287.14,220.26,287.89,,0.56,4.81,21.37,,,,210.0,Poor
Gurugram,2016-10-21,59.17,,217.85,151.06,262.32,,0.67,5.13,20.19,,,,208.0,Poor
Gurugram,2016-10-22,50.29,,8.62,7.7,12.7,,0.52,5.44,19.95,,,,143.0,Moderate
Gurugram,2016-10-23,56.33,,4.27,13.49,5.98,,0.5,2.83,39.74,,,,91.0,Satisfactory
Gurugram,2016-10-24,56.43,,0.73,0.65,1.44,,0.42,3.09,17.4,,,,95.0,Satisfactory
Gurugram,2016-10-25,,,,,,,,,,,,,,
Gurugram,2016-10-26,,,,,,,,,,,,,,
Gurugram,2016-10-27,,,,,,,,,,,,,,
Gurugram,2016-10-28,433.28,,7.56,10.29,17.73,,0.87,4.56,11.88,0.86,8.63,,,
Gurugram,2016-10-29,194.04,,8.83,10.17,18.61,,0.47,2.59,33.06,3.07,30.71,,357.0,Very Poor
Gurugram,2016-10-30,182.17,,7.86,10.15,17.84,,0.76,4.99,32.02,3.41,34.07,,345.0,Very Poor
Gurugram,2016-10-31,290.86,,7.84,10.11,17.8,,1.41,8.86,33.45,2.92,29.24,,413.0,Severe
Gurugram,2016-11-01,302.15,,8.04,10.21,17.91,,1.06,7.07,35.39,3.8,37.97,,447.0,Severe
Gurugram,2016-11-02,561.42,,7.92,10.11,17.85,,0.88,5.95,13.97,2.53,25.3,,490.0,Severe
Gurugram,2016-11-03,522.1,,7.75,10.15,17.76,,1.82,8.89,20.25,2.41,24.04,,708.0,Severe
Gurugram,2016-11-04,159.02,,7.93,10.1,17.91,,0.92,9.08,16.58,2.91,27.69,,403.0,Severe
Gurugram,2016-11-05,446.49,,7.9,10.07,,,,6.43,16.47,3.05,30.28,,468.0,Severe
Gurugram,2016-11-06,616.19,,7.94,10.09,,,,8.11,13.42,3.74,35.61,,684.0,Severe
Gurugram,2016-11-07,405.74,,7.91,10.1,,,,6.0,16.66,3.18,31.75,,602.0,Severe
Gurugram,2016-11-08,150.09,,8.44,10.1,,,,3.64,30.91,4.22,39.98,,304.0,Very Poor
Gurugram,2016-11-09,291.49,,7.64,10.24,,,,13.25,6.4,3.4,34.02,,340.0,Very Poor
Gurugram,2016-11-10,174.01,,7.7,10.18,,,,15.59,21.1,3.22,32.21,,,
Gurugram,2016-11-11,269.34,,7.9,10.13,,,,4.03,24.94,2.53,24.95,,403.0,Severe
Gurugram,2016-11-12,106.74,,7.96,10.14,,,,2.88,32.51,2.56,25.63,,335.0,Very Poor
Gurugram,2016-11-13,72.49,,7.78,10.14,,,,5.52,25.36,3.45,34.47,,179.0,Moderate
Gurugram,2016-11-14,95.73,,7.83,10.22,,,,6.89,24.1,2.92,27.22,,224.0,Poor
Gurugram,2016-11-15,126.71,,7.83,10.17,,,,6.1,20.71,3.47,34.75,,226.0,Poor
Gurugram,2016-11-16,189.7,,7.85,10.21,,,,5.8,27.38,2.18,21.79,,346.0,Very Poor
Gurugram,2016-11-17,112.77,,7.78,10.19,,,,2.48,38.36,2.42,24.19,,315.0,Very Poor
Gurugram,2016-11-18,88.8,,7.92,10.21,,,,4.97,34.22,2.18,21.8,,201.0,Poor
Gurugram,2016-11-19,131.18,,7.82,10.2,,,,10.35,26.98,2.58,25.79,,296.0,Poor
Gurugram,2016-11-20,114.71,,7.76,10.14,,,,5.57,30.8,2.51,25.11,,258.0,Poor
Gurugram,2016-11-21,145.24,,7.94,10.13,,,,6.87,24.41,2.59,25.52,,305.0,Very Poor
Gurugram,2016-11-22,147.76,,7.92,10.13,,,,6.81,20.13,3.55,35.56,,344.0,Very Poor
Gurugram,2016-11-23,143.25,,8.01,10.14,,,,6.71,27.57,3.27,32.75,,210.0,Poor
Gurugram,2016-11-24,211.47,,7.83,10.17,,,,7.01,25.87,2.45,24.31,,381.0,Very Poor
Gurugram,2016-11-25,144.36,,7.8,10.21,,,,1.74,44.26,2.79,27.69,,328.0,Very Poor
Gurugram,2016-11-26,80.27,,7.87,10.24,,,,4.49,48.49,2.7,26.95,,232.0,Poor
Gurugram,2016-11-27,80.99,,7.9,10.2,,,,3.42,44.77,1.62,16.14,,212.0,Poor
Gurugram,2016-11-28,77.9,,7.89,10.18,,,,7.13,36.38,2.37,23.55,,121.0,Moderate
Gurugram,2016-11-29,209.2,,8.01,10.15,,,,13.32,23.06,1.22,12.24,,324.0,Very Poor
Gurugram,2016-11-30,234.89,,7.85,10.13,,,,5.22,8.75,1.57,15.69,,387.0,Very Poor
Gurugram,2016-12-01,199.76,,7.83,10.13,,,,3.7,5.82,2.21,22.13,,359.0,Very Poor
Gurugram,2016-12-02,239.16,,7.88,10.19,,,,8.15,4.66,3.88,38.82,,387.0,Very Poor
Gurugram,2016-12-03,,,,,,,,,,,,,,
Gurugram,2016-12-04,459.52,,7.2,10.24,,,,37.32,0.89,4.18,41.74,,,
Gurugram,2016-12-05,252.46,,7.89,10.14,,,,12.73,15.31,2.11,21.05,,421.0,Severe
Gurugram,2016-12-06,304.69,,7.74,10.15,,,,9.86,13.49,3.06,30.59,,419.0,Severe
Gurugram,2016-12-07,346.74,,7.94,10.16,,,,4.99,11.71,3.28,32.81,,468.0,Severe
Gurugram,2016-12-08,161.45,,7.88,10.19,,,,4.18,6.13,3.24,32.42,,411.0,Severe
Gurugram,2016-12-09,228.9,,7.9,10.34,,,,6.83,15.43,3.55,35.5,,360.0,Very Poor
Gurugram,2016-12-10,162.03,,7.87,10.34,,,,3.24,11.3,3.14,29.74,,368.0,Very Poor
Gurugram,2016-12-11,139.54,,7.83,10.44,,,,8.57,13.18,3.81,37.77,,313.0,Very Poor
Gurugram,2016-12-12,199.98,,7.94,10.4,,,,9.96,11.54,3.63,36.0,,357.0,Very Poor
Gurugram,2016-12-13,188.7,,7.99,10.46,,,,7.37,12.06,4.1,41.04,,355.0,Very Poor
Gurugram,2016-12-14,121.62,,7.95,10.56,,,,2.45,14.79,2.04,19.35,,319.0,Very Poor
Gurugram,2016-12-15,116.09,,7.79,10.76,,,,5.19,18.66,2.57,25.66,,253.0,Poor
Gurugram,2016-12-16,217.65,,7.8,10.74,,,,10.36,18.09,2.56,25.62,,346.0,Very Poor
Gurugram,2016-12-17,228.15,,7.86,10.77,,,,3.98,19.12,2.27,22.72,,390.0,Very Poor
Gurugram,2016-12-18,197.63,,7.93,10.98,,,,3.91,21.9,3.44,34.31,,361.0,Very Poor
Gurugram,2016-12-19,216.69,,7.88,11.02,,,,4.17,22.04,2.98,27.92,,374.0,Very Poor
Gurugram,2016-12-20,140.04,,7.89,11.52,,,1.45,2.85,37.38,2.65,26.27,,331.0,Very Poor
Gurugram,2016-12-21,91.71,,7.94,11.66,,,6.32,2.65,35.81,3.41,34.07,,265.0,Poor
Gurugram,2016-12-22,127.38,,7.94,11.2,,,16.75,6.08,23.1,2.89,28.88,,291.0,Poor
Gurugram,2016-12-23,324.42,,7.91,10.83,,,19.8,13.69,16.49,2.43,21.9,,421.0,Severe
Gurugram,2016-12-24,348.57,,7.9,11.2,,,14.04,5.83,23.56,1.51,15.16,,498.0,Severe
Gurugram,2016-12-25,207.85,,7.99,10.58,,,,1.74,13.46,3.77,37.75,,399.0,Very Poor
Gurugram,2016-12-26,177.88,,9.13,10.93,,,14.84,27.42,22.94,2.2,22.03,,,
Gurugram,2016-12-27,247.81,,8.57,10.86,,,14.55,10.91,19.75,1.41,14.14,,379.0,Very Poor
Gurugram,2016-12-28,393.63,,7.87,10.57,,,27.56,10.53,10.87,1.83,17.63,,483.0,Severe
Gurugram,2016-12-29,307.44,,7.88,10.65,,,27.7,4.21,13.25,2.53,25.26,,468.0,Severe
Gurugram,2016-12-30,249.77,,7.99,10.26,,,26.76,3.54,5.08,4.04,40.45,,421.0,Severe
Gurugram,2016-12-31,203.77,,7.68,10.43,,,23.77,4.6,7.32,3.04,29.1,,394.0,Very Poor
Hyderabad,2015-01-04,,,3.7,17.19,20.89,,0.3,2.58,30.34,0.41,6.15,1.11,,
Hyderabad,2015-01-05,,,3.61,9.69,13.3,,0.23,5.19,31.28,0.39,7.22,0.55,,
Hyderabad,2015-01-06,,,4.21,22.02,26.23,,0.31,9.09,28.56,0.52,5.14,0.53,,
Hyderabad,2015-01-07,,,26.08,40.08,66.15,,0.53,9.03,31.08,1.92,16.35,2.14,,
Hyderabad,2015-01-08,,,10.31,33.02,43.33,,0.44,8.47,35.72,1.89,14.27,1.58,,
Hyderabad,2015-01-09,,,8.79,31.6,40.39,,0.39,8.92,34.77,0.77,12.47,1.22,,
Hyderabad,2015-01-10,,,8.12,32.52,40.64,,0.43,9.59,34.63,1.14,14.06,1.27,,
Hyderabad,2015-01-11,,,14.0,31.96,45.96,,0.39,12.53,38.74,1.02,10.4,1.23,,
Hyderabad,2015-01-12,,,13.26,30.2,43.46,,0.48,8.58,20.94,0.92,15.16,1.19,,
Hyderabad,2015-01-13,,,33.63,23.37,57.0,,0.72,3.01,13.66,2.05,17.65,1.88,,
Hyderabad,2015-01-14,,,32.0,23.01,55.0,,0.86,1.77,6.14,1.45,24.04,2.78,,
Hyderabad,2015-01-15,,,16.05,22.18,38.22,,0.64,2.23,9.29,1.1,9.19,1.5,,
Hyderabad,2015-01-16,,,11.73,19.17,30.9,,0.47,2.82,19.01,0.95,7.13,1.19,,
Hyderabad,2015-01-17,,,20.28,20.48,40.76,,0.61,2.65,52.25,1.42,15.21,1.96,,
Hyderabad,2015-01-18,,,13.45,21.93,35.37,,0.55,2.55,7.87,1.01,14.27,1.88,,
Hyderabad,2015-01-19,,,12.24,21.48,33.72,,0.51,2.86,10.88,0.76,9.77,1.4,,
Hyderabad,2015-01-20,,,13.19,20.47,33.66,,0.46,2.63,8.66,0.6,6.7,1.11,,
Hyderabad,2015-01-21,,,12.78,18.09,30.87,,0.4,2.71,5.24,0.55,4.51,0.94,,
Hyderabad,2015-01-22,,,14.64,19.01,33.65,,0.43,3.02,4.11,0.74,4.3,1.11,,
Hyderabad,2015-01-23,,,15.16,21.35,36.51,,0.47,3.37,9.41,0.82,6.23,1.24,,
Hyderabad,2015-01-24,,,5.53,20.44,25.97,,0.38,2.66,30.88,0.65,5.12,1.12,,
Hyderabad,2015-01-25,,,4.32,19.71,24.02,,0.36,2.71,33.1,0.41,3.48,0.98,,
Hyderabad,2015-01-26,,,3.51,13.54,17.06,,0.3,2.69,36.99,0.27,2.22,0.57,,
Hyderabad,2015-01-27,,,4.61,18.54,23.16,,0.33,2.84,36.18,0.33,2.81,0.72,,
Hyderabad,2015-01-28,,,4.55,19.6,24.15,,0.36,2.71,34.95,0.37,3.43,0.86,,
Hyderabad,2015-01-29,,,4.37,20.68,25.05,,0.41,3.19,32.16,0.58,4.61,1.13,,
Hyderabad,2015-01-30,,,8.08,32.1,40.18,,0.55,3.34,25.65,0.77,6.29,1.34,,
Hyderabad,2015-01-31,,,6.68,28.57,35.25,,0.53,5.55,31.78,0.89,7.09,1.64,,
Hyderabad,2015-02-01,,,10.45,32.65,43.1,,0.58,5.06,23.39,0.83,7.44,1.62,,
Hyderabad,2015-02-02,,,5.51,23.89,29.4,,0.4,3.04,30.22,0.39,4.34,0.85,,
Hyderabad,2015-02-03,,,4.29,19.41,23.71,,0.41,3.65,38.1,0.51,4.02,0.9,,
Hyderabad,2015-02-04,,,44.13,45.9,90.03,,0.83,4.64,24.27,1.27,10.52,2.75,,
Hyderabad,2015-02-05,,,30.08,41.93,72.01,,0.78,5.58,26.61,1.2,10.96,2.84,,
Hyderabad,2015-02-06,,,17.96,36.6,54.55,,0.52,4.75,22.69,0.89,7.82,2.02,,
Hyderabad,2015-02-07,,,6.2,22.94,29.14,,0.39,3.97,29.57,0.59,4.46,1.34,,
Hyderabad,2015-02-08,,,4.65,15.96,20.62,,0.32,3.55,46.15,0.43,2.94,0.91,,
Hyderabad,2015-02-09,,,4.38,16.54,20.91,,0.32,3.67,42.7,0.39,3.25,0.8,,
Hyderabad,2015-02-10,,,3.95,12.77,16.73,,0.29,3.38,39.34,0.38,2.81,0.67,,
Hyderabad,2015-02-11,,,,,,,,,,,,,,
Hyderabad,2015-02-12,,,6.82,26.48,33.3,,0.72,1.67,0.02,0.32,1.36,0.32,,
Hyderabad,2015-02-13,,,28.51,12.59,41.1,,0.39,2.32,0.02,0.25,0.76,0.13,,
Hyderabad,2015-02-14,,,,,,,,,,,,,,
Hyderabad,2015-02-15,,,11.16,30.51,41.66,,0.46,6.52,53.2,1.09,10.09,1.68,,
Hyderabad,2015-02-16,,,41.2,45.49,86.7,,0.78,10.51,38.41,1.8,29.81,2.66,,
Hyderabad,2015-02-17,,,44.55,52.83,97.37,,0.78,10.94,27.52,2.49,27.77,2.59,,
Hyderabad,2015-02-18,,,11.4,24.63,36.02,,1.18,6.74,39.42,0.81,8.79,1.64,,
Hyderabad,2015-02-19,,,7.88,17.3,25.18,,0.68,7.38,37.9,0.36,4.28,0.91,,
Hyderabad,2015-02-20,,,4.49,18.22,22.71,,0.33,4.12,32.4,0.34,3.87,0.93,,
Hyderabad,2015-02-21,,,5.19,22.16,27.36,,0.38,4.87,33.24,0.42,5.61,1.05,,
Hyderabad,2015-02-22,,,32.39,38.32,70.71,,0.6,9.0,34.47,1.34,18.71,2.29,,
Hyderabad,2015-02-23,,,21.74,38.21,59.95,,0.65,6.5,33.61,1.34,17.63,2.72,,
Hyderabad,2015-02-24,,,6.73,29.65,36.38,,0.49,5.23,36.43,0.64,7.26,1.46,,
Hyderabad,2015-02-25,,,4.6,24.99,29.59,,0.42,4.03,47.29,0.45,5.94,1.1,,
Hyderabad,2015-02-26,,,4.89,22.9,27.78,,0.38,3.61,42.77,0.63,8.99,1.31,,
Hyderabad,2015-02-27,,,6.07,19.24,25.31,,0.33,4.73,42.19,0.56,8.84,1.13,,
Hyderabad,2015-02-28,,,4.38,13.32,17.7,,0.32,5.35,27.87,0.49,6.23,0.95,,
Hyderabad,2015-03-01,,,3.92,10.93,14.84,,0.32,4.25,27.31,0.88,5.94,1.21,,
Hyderabad,2015-03-02,,,28.32,17.6,45.92,,0.68,3.22,13.53,0.94,5.03,1.55,,
Hyderabad,2015-03-03,,,7.56,18.14,25.7,,0.34,3.09,16.42,0.58,4.11,1.44,,
Hyderabad,2015-03-04,,,3.6,17.44,21.04,,0.28,7.88,50.26,0.92,5.99,0.96,,
Hyderabad,2015-03-05,,,5.94,20.67,26.62,,0.35,5.0,36.44,0.62,6.93,1.01,,
Hyderabad,2015-03-06,,,12.91,14.68,27.59,,0.3,3.4,18.77,0.31,4.91,0.56,,
Hyderabad,2015-03-07,,,11.15,19.36,30.51,,0.38,3.45,19.66,0.63,6.9,0.86,,
Hyderabad,2015-03-08,,,7.55,16.46,24.01,,0.37,3.04,20.61,0.56,4.41,1.16,,
Hyderabad,2015-03-09,,,14.2,29.46,43.66,,0.57,7.71,30.14,0.74,5.08,1.1,,
Hyderabad,2015-03-10,,,12.51,26.4,38.9,,0.57,5.27,23.21,0.79,13.48,1.63,,
Hyderabad,2015-03-11,,,11.93,30.79,42.72,,0.5,4.64,30.03,0.83,13.96,1.83,,
Hyderabad,2015-03-12,,,8.03,25.33,33.35,,0.44,4.63,33.62,0.63,6.11,1.37,,
Hyderabad,2015-03-13,,,7.53,23.86,31.39,,0.44,3.99,37.32,0.64,7.33,1.4,,
Hyderabad,2015-03-14,,,6.69,16.89,23.58,,0.32,3.78,36.86,0.51,3.32,0.71,,
Hyderabad,2015-03-15,,,4.66,11.37,16.03,,0.31,2.82,31.17,0.39,2.96,0.75,,
Hyderabad,2015-03-16,,,5.87,13.34,19.21,,0.3,3.6,29.12,0.43,4.01,0.73,,
Hyderabad,2015-03-17,,,7.88,18.99,26.87,,0.37,6.11,42.96,0.48,4.4,0.75,,
Hyderabad,2015-03-18,,,5.59,18.97,24.56,,0.35,5.43,45.65,0.45,4.08,0.91,,
Hyderabad,2015-03-19,,,5.93,19.97,25.9,,0.37,5.53,45.79,0.48,5.13,0.85,,
Hyderabad,2015-03-20,,,5.74,26.43,32.17,,0.48,5.4,38.92,0.49,7.43,1.12,,
Hyderabad,2015-03-21,,,15.24,27.4,42.64,,0.54,6.77,39.58,0.74,19.36,1.56,,
Hyderabad,2015-03-22,,,10.67,25.69,36.35,,0.55,7.84,57.61,0.69,7.32,1.37,,
Hyderabad,2015-03-23,,,32.12,45.32,77.44,,0.84,11.44,43.38,1.64,26.63,2.93,,
Hyderabad,2015-03-24,,,43.76,41.95,85.71,,1.15,13.97,42.09,1.62,20.46,2.77,,
Hyderabad,2015-03-25,,,18.76,32.15,50.91,,0.62,7.92,34.4,0.77,16.31,2.08,,
Hyderabad,2015-03-26,,,8.71,13.56,22.27,,0.69,4.84,34.21,0.35,4.99,1.02,,
Hyderabad,2015-03-27,,,8.43,13.92,22.34,,0.75,3.13,33.4,0.37,4.23,0.94,,
Hyderabad,2015-03-28,,,9.2,18.56,27.76,,0.74,8.71,40.43,0.46,5.09,1.0,,
Hyderabad,2015-03-29,,,9.75,14.74,24.49,,0.76,7.47,29.92,0.45,4.27,1.03,,
Hyderabad,2015-03-30,,,9.7,13.84,23.54,,0.71,8.49,24.06,0.37,4.01,0.82,,
Hyderabad,2015-03-31,47.03,,9.71,16.94,26.65,,0.81,13.2,25.13,0.44,4.31,1.01,120.0,Moderate
Hyderabad,2015-04-01,40.62,,8.41,13.18,21.59,,0.81,7.89,34.19,0.55,3.57,0.88,112.0,Moderate
Hyderabad,2015-04-02,,,8.73,14.34,23.06,,0.85,7.94,31.97,0.57,3.61,0.87,,
Hyderabad,2015-04-03,,,26.88,22.86,48.77,,1.07,10.31,36.15,0.27,1.83,0.25,,
Hyderabad,2015-04-04,,,18.49,19.62,38.11,,0.96,11.02,37.02,0.36,2.93,0.5,,
Hyderabad,2015-04-05,50.87,,15.01,20.91,35.91,,0.99,13.35,38.52,0.35,3.95,0.59,,
Hyderabad,2015-04-06,83.0,,9.72,12.91,22.63,,0.89,8.89,33.67,0.2,2.02,0.31,141.0,Moderate
Hyderabad,2015-04-07,112.21,,13.85,17.06,31.52,,1.05,11.21,30.68,0.2,1.8,0.32,197.0,Moderate
Hyderabad,2015-04-08,38.67,,8.38,9.28,17.66,,0.73,7.58,23.53,0.22,2.2,0.4,177.0,Moderate
Hyderabad,2015-04-09,33.88,,18.44,13.18,31.61,,0.8,8.28,21.58,,,,104.0,Moderate
Hyderabad,2015-04-10,30.88,,22.5,12.34,34.32,,0.76,8.46,22.8,,,,106.0,Moderate
Hyderabad,2015-04-11,42.88,,14.84,17.22,32.06,,0.87,8.13,32.93,,,,105.0,Moderate
Hyderabad,2015-04-12,26.38,,4.77,8.78,13.55,,1.41,2.93,32.86,,,,128.0,Moderate
Hyderabad,2015-04-13,56.39,,14.17,13.36,27.53,,1.13,13.04,40.11,,,,133.0,Moderate
Hyderabad,2015-04-14,158.32,,8.99,20.35,29.34,,0.95,8.23,40.52,,,,312.0,Very Poor
Hyderabad,2015-04-15,44.79,,8.33,15.29,23.62,,0.8,7.6,30.83,,,,179.0,Moderate
Hyderabad,2015-04-16,30.21,,8.02,12.22,20.24,,0.76,8.08,33.59,,,,112.0,Moderate
Hyderabad,2015-04-17,39.04,,11.03,15.82,26.86,,0.84,9.56,39.94,,,,106.0,Moderate
Hyderabad,2015-04-18,76.0,,34.35,33.56,67.91,,1.3,11.04,35.28,,,,147.0,Moderate
Hyderabad,2015-04-19,54.25,,10.01,21.04,31.05,,1.0,8.83,41.52,,,,139.0,Moderate
Hyderabad,2015-04-20,41.38,,8.44,15.76,24.21,,0.86,8.48,32.44,,,,118.0,Moderate
Hyderabad,2015-04-21,75.08,,12.7,15.17,27.87,,0.81,9.56,29.91,,,,123.0,Moderate
Hyderabad,2015-04-22,39.71,,18.41,18.78,36.38,,1.02,8.24,23.51,,,,157.0,Moderate
Hyderabad,2015-04-23,87.54,,11.03,17.45,28.48,,1.14,5.43,37.94,,,,149.0,Moderate
Hyderabad,2015-04-24,39.38,,8.53,12.68,21.07,,0.76,9.61,42.52,,,,165.0,Moderate
Hyderabad,2015-04-25,35.61,,29.06,7.42,35.3,,0.81,3.43,51.44,,,,119.0,Moderate
Hyderabad,2015-04-26,,,,,,,,,,,,,98.0,Satisfactory
Hyderabad,2015-04-27,40.78,,4.46,28.32,32.78,,0.89,15.72,39.31,,,,86.0,Satisfactory
Hyderabad,2015-04-28,46.62,,6.67,18.93,25.34,,0.83,9.63,39.74,,,,124.0,Moderate
Hyderabad,2015-04-29,94.29,,5.66,18.65,24.05,,0.72,10.58,38.94,,,,148.0,Moderate
Hyderabad,2015-04-30,53.79,,17.07,19.14,35.02,,1.01,12.34,52.57,,,,176.0,Moderate
Hyderabad,2015-05-01,89.62,,40.11,29.62,69.42,,1.41,13.38,38.94,,,,206.0,Poor
Hyderabad,2015-05-02,49.38,,5.25,14.38,19.37,,0.75,8.54,48.14,,,,134.0,Moderate
Hyderabad,2015-05-03,38.96,,6.68,13.74,20.07,,0.69,8.33,46.87,,,,115.0,Moderate
Hyderabad,2015-05-04,45.0,,7.24,17.31,24.32,,0.74,9.03,42.93,,,,113.0,Moderate
Hyderabad,2015-05-05,42.62,,5.37,15.34,20.37,,0.76,9.62,50.1,,,,116.0,Moderate
Hyderabad,2015-05-06,43.29,,7.75,18.21,24.92,,1.52,13.7,51.13,,,,150.0,Moderate
Hyderabad,2015-05-07,40.12,,6.43,18.06,23.92,,1.83,9.0,32.89,,,,157.0,Moderate
Hyderabad,2015-05-08,56.88,,13.42,26.23,39.41,,0.88,10.17,39.26,,,,121.0,Moderate
Hyderabad,2015-05-09,62.38,,7.27,22.78,29.61,,0.89,8.96,43.05,,,,149.0,Moderate
Hyderabad,2015-05-10,54.08,,6.33,16.65,22.64,,0.73,9.57,42.66,,,,125.0,Moderate
Hyderabad,2015-05-11,67.08,,14.36,21.67,34.34,,0.89,9.43,28.16,,,,140.0,Moderate
Hyderabad,2015-05-12,40.88,,7.77,13.54,19.29,,0.65,8.13,33.0,,,,130.0,Moderate
Hyderabad,2015-05-13,83.21,,33.82,21.74,54.46,,0.76,8.06,19.97,,,,125.0,Moderate
Hyderabad,2015-05-14,40.58,,8.49,8.42,16.64,,0.85,7.7,22.67,,,,177.0,Moderate
Hyderabad,2015-05-15,36.5,,12.72,8.52,20.92,,0.86,8.17,16.09,,,,123.0,Moderate
Hyderabad,2015-05-16,41.67,,8.68,11.99,20.26,,0.99,8.54,20.62,,,,120.0,Moderate
Hyderabad,2015-05-17,32.75,,8.17,9.74,17.56,,0.73,8.38,33.49,,,,114.0,Moderate
Hyderabad,2015-05-18,42.96,,11.17,13.2,24.13,,1.01,10.08,40.72,,,,116.0,Moderate
Hyderabad,2015-05-19,60.79,,18.64,18.36,40.48,,1.33,10.98,39.48,,,,143.0,Moderate
Hyderabad,2015-05-20,53.67,,21.58,16.05,37.38,,1.23,10.65,36.86,,,,145.0,Moderate
Hyderabad,2015-05-21,68.96,,22.12,20.16,41.97,,1.73,12.39,45.08,,,,158.0,Moderate
Hyderabad,2015-05-22,66.38,,21.99,18.99,40.71,,1.4,11.44,36.66,,,,171.0,Moderate
Hyderabad,2015-05-23,43.29,,9.57,13.27,22.64,,0.67,10.57,39.2,,,,117.0,Moderate
Hyderabad,2015-05-24,44.79,,14.81,13.64,28.05,,0.72,11.55,29.71,,,,117.0,Moderate
Hyderabad,2015-05-25,41.21,,11.26,11.5,22.46,,0.9,9.15,29.88,,,,132.0,Moderate
Hyderabad,2015-05-26,54.12,,21.26,15.75,36.63,,0.88,11.79,32.89,,,,113.0,Moderate
Hyderabad,2015-05-27,60.5,,15.2,12.31,27.23,,1.21,11.62,39.2,,,,160.0,Moderate
Hyderabad,2015-05-28,45.38,,11.73,10.4,21.64,,0.23,7.26,44.57,,,,83.0,Satisfactory
Hyderabad,2015-05-29,49.54,,8.88,15.76,24.3,,0.79,9.52,44.58,,,,120.0,Moderate
Hyderabad,2015-05-30,48.12,,9.4,11.3,20.51,,0.79,9.16,46.28,,,,120.0,Moderate
Hyderabad,2015-05-31,53.42,,7.92,13.81,21.33,,0.8,9.25,50.6,,,,125.0,Moderate
Hyderabad,2015-06-01,237.79,,7.75,9.84,17.42,,0.78,8.05,48.34,,,,165.0,Moderate
Hyderabad,2015-06-02,539.13,,7.99,8.57,16.2,,0.73,9.1,37.95,,,,661.0,Severe
Hyderabad,2015-06-03,49.54,,8.47,14.49,22.35,,0.88,9.06,42.6,,,,294.0,Poor
Hyderabad,2015-06-04,50.58,,8.19,11.94,19.82,,0.81,8.57,49.06,,,,125.0,Moderate
Hyderabad,2015-06-05,43.62,,8.43,14.44,22.2,,0.82,8.09,43.08,,,,117.0,Moderate
Hyderabad,2015-06-06,83.88,,10.29,15.72,25.63,,0.85,8.31,41.62,,,,127.0,Moderate
Hyderabad,2015-06-07,43.12,,15.05,20.71,35.47,,1.14,7.65,22.47,,,,179.0,Moderate
Hyderabad,2015-06-08,30.71,,11.46,11.84,23.0,,0.75,7.8,23.72,,,,118.0,Moderate
Hyderabad,2015-06-09,25.79,,10.77,12.17,22.6,,0.72,8.76,18.8,,,,98.0,Satisfactory
Hyderabad,2015-06-10,25.58,,11.53,14.21,25.51,,0.76,8.8,24.68,,,,100.0,Satisfactory
Hyderabad,2015-06-11,26.0,,11.03,13.23,24.11,,0.69,8.78,24.27,,,,102.0,Moderate
Hyderabad,2015-06-12,24.88,,10.23,11.33,21.41,,0.75,8.43,20.85,,,,95.0,Satisfactory
Hyderabad,2015-06-13,29.33,,14.83,12.49,27.11,,0.94,8.22,16.93,,,,106.0,Moderate
Hyderabad,2015-06-14,87.21,,11.17,9.67,20.39,,1.14,4.05,9.61,,,,142.0,Moderate
Hyderabad,2015-06-15,25.07,,8.25,6.58,14.69,,0.64,7.58,15.04,,,,163.0,Moderate
Hyderabad,2015-06-16,31.0,,8.5,8.18,16.59,,0.67,8.3,15.78,,,,98.0,Satisfactory
Hyderabad,2015-06-17,26.38,,8.43,8.22,16.5,,0.68,8.08,15.3,,,,98.0,Satisfactory
Hyderabad,2015-06-18,23.83,,8.33,6.55,14.77,,0.62,8.19,15.7,,,,94.0,Satisfactory
Hyderabad,2015-06-19,26.92,,12.15,8.71,20.75,,0.63,8.71,17.3,,,,93.0,Satisfactory
Hyderabad,2015-06-20,26.82,,9.08,8.36,17.37,,0.64,9.14,15.62,,,,96.0,Satisfactory
Hyderabad,2015-06-21,23.67,,9.53,7.91,17.35,,0.73,7.84,9.46,,,,94.0,Satisfactory
Hyderabad,2015-06-22,66.78,,8.55,5.87,14.35,,0.67,7.71,15.55,,,,105.0,Moderate
Hyderabad,2015-06-23,14.75,,8.61,4.18,12.69,,0.62,7.75,15.72,,,,132.0,Moderate
Hyderabad,2015-06-24,467.67,,8.56,4.07,12.59,,0.62,7.04,16.44,,,,348.0,Very Poor
Hyderabad,2015-06-25,22.75,,8.7,4.24,12.93,,0.61,7.86,16.51,,,,342.0,Very Poor
Hyderabad,2015-06-26,33.29,,9.28,7.34,16.56,,0.63,8.38,15.3,,,,96.0,Satisfactory
Hyderabad,2015-06-27,39.62,,10.62,9.26,19.82,,0.66,8.32,15.64,,,,104.0,Moderate
Hyderabad,2015-06-28,35.88,,15.1,10.35,25.45,,0.89,8.49,21.59,,,,114.0,Moderate
Hyderabad,2015-06-29,45.88,,31.38,18.72,50.1,,1.3,8.53,12.32,,,,141.0,Moderate
Hyderabad,2015-06-30,35.54,,11.77,12.07,23.84,,0.79,8.21,16.23,,,,119.0,Moderate
Hyderabad,2015-07-01,26.29,,8.69,5.89,14.52,,0.62,8.61,21.08,,,,99.0,Satisfactory
Hyderabad,2015-07-02,29.67,,20.72,10.41,31.13,,0.76,9.31,15.48,,,,97.0,Satisfactory
Hyderabad,2015-07-03,37.0,,9.8,9.01,18.81,,0.72,7.3,23.39,,,,108.0,Moderate
Hyderabad,2015-07-04,34.92,,8.97,8.77,17.72,,0.65,9.5,24.33,,,,103.0,Moderate
Hyderabad,2015-07-05,29.54,,8.17,5.22,13.33,,0.58,8.88,22.7,,,,102.0,Moderate
Hyderabad,2015-07-06,27.42,,17.37,5.97,23.26,,0.58,2.66,20.65,,,,97.0,Satisfactory
Hyderabad,2015-07-07,31.38,,10.2,6.78,16.83,,0.58,6.79,14.79,,,,99.0,Satisfactory
Hyderabad,2015-07-08,26.5,,9.66,5.32,14.73,,0.6,6.63,14.69,,,,98.0,Satisfactory
Hyderabad,2015-07-09,24.42,,8.69,4.88,13.43,,0.59,6.99,16.3,,,,91.0,Satisfactory
Hyderabad,2015-07-10,24.97,,8.81,4.45,13.12,,0.58,9.0,17.02,,,,94.0,Satisfactory
Hyderabad,2015-07-11,24.71,,9.54,5.87,15.31,,0.64,8.24,16.06,,,,91.0,Satisfactory
Hyderabad,2015-07-12,32.54,,13.21,7.14,20.23,,0.79,9.07,17.01,,,,98.0,Satisfactory
Hyderabad,2015-07-13,32.46,,10.07,6.24,16.24,,0.64,8.3,20.17,,,,117.0,Moderate
Hyderabad,2015-07-14,36.08,,9.0,8.45,17.29,,0.73,8.44,17.43,,,,102.0,Moderate
Hyderabad,2015-07-15,30.78,,8.19,7.49,15.55,,0.87,7.24,13.39,,,,113.0,Moderate
Hyderabad,2015-07-16,31.94,,10.25,8.43,18.6,,2.23,2.65,14.15,,,,184.0,Moderate
Hyderabad,2015-07-17,23.75,,5.06,6.3,11.36,,0.25,2.65,11.07,,,,58.0,Satisfactory
Hyderabad,2015-07-18,23.04,,4.75,5.28,10.03,,0.24,2.89,10.84,,,,38.0,Good
Hyderabad,2015-07-19,24.17,,4.64,5.33,9.95,,0.22,3.23,9.41,,,,40.0,Good
Hyderabad,2015-07-20,25.12,,5.6,5.65,11.25,,0.24,3.52,11.09,,,,41.0,Good
Hyderabad,2015-07-21,25.77,,5.79,7.09,12.88,,0.26,2.81,9.13,,,,43.0,Good
Hyderabad,2015-07-22,24.78,,5.75,7.0,12.75,,0.27,3.08,9.71,,,,40.0,Good
Hyderabad,2015-07-23,22.92,,10.55,7.27,17.82,,0.32,3.19,13.11,,,,41.0,Good
Hyderabad,2015-07-24,20.52,,4.71,5.95,10.66,,0.29,3.58,14.19,,,,49.0,Good
Hyderabad,2015-07-25,20.58,,4.68,5.33,9.99,,0.24,3.49,15.79,,,,33.0,Good
Hyderabad,2015-07-26,24.08,,5.26,5.95,11.15,,0.26,3.88,12.82,,,,39.0,Good
Hyderabad,2015-07-27,22.61,,11.21,5.5,16.69,,0.61,7.92,16.21,,,,91.0,Satisfactory
Hyderabad,2015-07-28,24.46,,5.38,5.82,11.15,,0.22,4.0,13.88,0.53,0.73,17.23,38.0,Good
Hyderabad,2015-07-29,28.17,,6.04,7.71,13.65,,0.22,5.13,12.75,0.64,0.86,0.05,47.0,Good
Hyderabad,2015-07-30,19.83,,7.36,8.28,15.58,,0.21,9.01,13.68,0.69,0.85,0.07,38.0,Good
Hyderabad,2015-07-31,19.33,,9.69,8.52,18.09,,0.77,8.17,16.41,0.78,0.77,0.08,104.0,Moderate
Hyderabad,2015-08-01,21.46,,9.63,8.91,18.4,,0.68,8.75,19.35,0.91,1.61,0.04,89.0,Satisfactory
Hyderabad,2015-08-02,28.96,,9.09,9.68,18.53,,0.65,9.04,23.61,0.88,4.25,0.02,100.0,Satisfactory
Hyderabad,2015-08-03,23.04,,8.22,8.62,16.7,,0.64,8.65,19.85,0.79,3.71,0.01,92.0,Satisfactory
Hyderabad,2015-08-04,26.33,,9.12,9.38,18.38,,0.65,8.85,16.03,0.75,3.56,0.01,92.0,Satisfactory
Hyderabad,2015-08-05,21.56,,7.62,8.86,16.41,,0.66,7.15,17.39,0.57,2.65,0.0,92.0,Satisfactory
Hyderabad,2015-08-06,24.75,,6.81,10.77,17.39,,0.68,6.62,10.13,0.7,2.99,0.01,91.0,Satisfactory
Hyderabad,2015-08-07,24.82,,6.65,10.82,17.24,,0.67,6.46,14.44,0.66,3.4,0.01,93.0,Satisfactory
Hyderabad,2015-08-08,25.79,,6.16,10.57,16.56,,0.67,6.9,13.17,0.65,3.22,0.01,95.0,Satisfactory
Hyderabad,2015-08-09,25.79,,6.16,10.61,16.59,,0.68,7.15,11.26,0.79,3.24,0.01,92.0,Satisfactory
Hyderabad,2015-08-10,24.96,,5.95,10.62,16.41,,0.69,7.44,13.77,0.78,3.31,0.02,96.0,Satisfactory
Hyderabad,2015-08-11,22.0,,5.73,10.29,15.83,,0.7,6.6,11.77,0.92,3.72,0.02,90.0,Satisfactory
Hyderabad,2015-08-12,17.79,,5.41,8.7,14.0,,0.65,6.52,11.51,0.94,3.88,0.04,87.0,Satisfactory
Hyderabad,2015-08-13,26.18,,5.79,9.68,15.26,,0.66,6.44,12.1,0.76,3.3,0.02,89.0,Satisfactory
Hyderabad,2015-08-14,28.33,,6.59,12.02,18.37,,0.69,7.02,12.29,0.58,3.01,0.01,96.0,Satisfactory
Hyderabad,2015-08-15,29.96,,9.26,11.94,20.94,,0.81,7.2,13.63,0.85,4.38,0.02,106.0,Moderate
Hyderabad,2015-08-16,30.67,,11.01,13.33,24.11,,0.91,7.04,9.85,0.83,4.33,0.01,104.0,Moderate
Hyderabad,2015-08-17,30.79,,3.31,13.48,16.78,,0.83,6.91,13.55,1.07,4.41,0.03,112.0,Moderate
Hyderabad,2015-08-18,34.23,,7.41,15.1,22.28,,0.88,6.49,16.88,1.06,4.98,0.04,102.0,Moderate
Hyderabad,2015-08-19,75.88,,6.88,15.6,22.19,,0.84,6.27,18.66,1.21,5.98,0.04,122.0,Moderate
Hyderabad,2015-08-20,107.98,,6.5,12.71,18.75,,0.75,6.7,21.14,0.94,4.87,0.02,214.0,Poor
Hyderabad,2015-08-21,299.25,,7.96,12.06,19.81,,0.73,6.81,15.34,0.8,3.84,0.01,316.0,Very Poor
Hyderabad,2015-08-22,108.69,,14.8,16.27,30.82,,0.46,7.24,14.94,0.84,5.1,0.03,390.0,Very Poor
Hyderabad,2015-08-23,51.0,,13.59,16.72,29.91,,0.74,6.99,15.04,0.87,4.08,0.04,221.0,Poor
Hyderabad,2015-08-24,65.69,,11.11,16.69,27.12,,0.34,8.08,14.93,0.99,5.17,0.05,88.0,Satisfactory
Hyderabad,2015-08-25,67.85,,15.45,18.4,32.98,,0.71,8.03,18.63,0.82,5.32,0.03,173.0,Moderate
Hyderabad,2015-08-26,32.6,,11.46,16.37,25.9,,0.68,7.59,19.52,0.78,4.85,0.02,114.0,Moderate
Hyderabad,2015-08-27,96.77,,12.99,21.29,33.46,,0.77,7.59,15.83,0.78,4.37,0.02,128.0,Moderate
Hyderabad,2015-08-28,102.47,,12.32,21.15,32.51,,0.72,7.24,15.27,0.84,3.54,0.03,253.0,Poor
Hyderabad,2015-08-29,31.12,,11.25,16.07,24.29,,0.66,7.42,16.65,0.59,3.03,0.01,186.0,Moderate
Hyderabad,2015-08-30,30.12,,10.44,17.82,26.91,,0.71,7.07,14.33,0.61,2.91,0.01,101.0,Moderate
Hyderabad,2015-08-31,38.9,,9.89,12.8,21.35,,0.7,7.29,13.46,0.57,2.89,0.01,97.0,Satisfactory
Hyderabad,2015-09-01,53.65,,6.41,11.61,17.64,,0.71,6.5,16.57,0.76,3.8,0.01,124.0,Moderate
Hyderabad,2015-09-02,90.29,93.0,10.37,11.4,18.28,,0.67,6.94,22.47,0.77,4.59,0.02,136.0,Moderate
Hyderabad,2015-09-03,96.48,,6.53,13.47,19.72,,0.78,6.37,26.75,1.02,6.04,0.03,263.0,Poor
Hyderabad,2015-09-04,161.72,,6.38,14.42,20.5,,0.85,7.42,27.06,0.96,6.55,0.02,237.0,Poor
Hyderabad,2015-09-05,114.41,,6.51,16.11,22.3,,0.84,6.61,24.37,1.01,6.39,0.02,305.0,Very Poor
Hyderabad,2015-09-06,59.42,64.55,4.38,22.56,20.73,,0.93,5.71,26.32,1.62,8.57,0.93,237.0,Poor
Hyderabad,2015-09-07,48.83,30.79,5.85,22.54,19.41,,0.86,8.22,29.29,2.02,4.9,0.6,114.0,Moderate
Hyderabad,2015-09-08,91.82,32.94,5.41,28.93,23.37,24.94,0.48,7.98,27.04,1.01,5.74,0.68,179.0,Moderate
Hyderabad,2015-09-09,35.56,40.81,4.02,31.15,24.31,24.81,0.57,4.93,22.48,1.41,7.61,0.89,162.0,Moderate
Hyderabad,2015-09-10,45.64,44.89,7.06,28.96,25.58,24.8,0.73,5.29,24.69,1.25,7.84,0.85,76.0,Satisfactory
Hyderabad,2015-09-11,60.88,51.27,5.15,30.64,24.22,25.86,0.53,5.16,24.11,1.09,5.42,0.48,140.0,Moderate
Hyderabad,2015-09-12,65.61,41.31,3.4,26.03,20.37,24.78,0.57,5.44,25.47,0.83,4.39,0.22,128.0,Moderate
Hyderabad,2015-09-13,60.02,36.67,2.35,19.82,14.51,21.68,0.49,4.02,37.7,0.79,4.07,0.3,164.0,Moderate
Hyderabad,2015-09-14,73.21,35.28,2.82,19.94,15.4,21.4,0.57,5.96,34.11,0.52,2.44,0.09,169.0,Moderate
Hyderabad,2015-09-15,83.87,30.48,3.1,20.0,16.31,22.34,0.59,5.99,25.88,0.63,2.66,0.08,189.0,Moderate
Hyderabad,2015-09-16,56.53,37.06,2.39,18.53,13.81,20.69,0.39,4.97,31.05,0.51,2.39,0.07,142.0,Moderate
Hyderabad,2015-09-17,33.03,29.64,1.37,12.01,10.82,20.92,0.41,2.37,24.33,0.5,2.39,0.06,112.0,Moderate
Hyderabad,2015-09-18,37.08,,1.86,12.15,13.86,,0.42,1.67,18.64,0.61,3.41,0.04,60.0,Satisfactory
Hyderabad,2015-09-19,95.29,,6.89,14.22,20.96,,0.45,0.71,11.03,0.75,4.27,0.05,114.0,Moderate
Hyderabad,2015-09-20,105.12,,23.8,17.08,40.83,,0.54,0.96,12.98,0.77,4.13,0.05,271.0,Poor
Hyderabad,2015-09-21,86.36,,3.16,12.23,14.97,,0.37,1.13,16.22,0.86,3.98,0.06,217.0,Poor
Hyderabad,2015-09-22,88.0,,3.11,14.96,17.98,,0.48,1.79,18.37,0.53,3.28,0.02,160.0,Moderate
Hyderabad,2015-09-23,110.77,,3.01,16.17,19.02,,0.45,1.38,18.29,0.62,4.27,0.06,270.0,Poor
Hyderabad,2015-09-24,44.79,,2.02,13.31,15.17,,0.44,1.72,22.66,0.66,4.22,0.02,136.0,Moderate
Hyderabad,2015-09-25,63.99,,1.55,12.99,14.32,,0.5,1.2,21.64,0.87,5.21,0.07,81.0,Satisfactory
Hyderabad,2015-09-26,107.7,,2.73,13.3,15.78,,0.46,2.01,16.89,1.0,6.92,0.08,179.0,Moderate
Hyderabad,2015-09-27,64.93,,2.27,9.84,11.76,,0.33,2.61,24.23,0.95,7.14,0.09,221.0,Poor
Hyderabad,2015-09-28,78.9,,10.6,15.42,24.58,,0.44,5.03,26.14,1.05,7.3,0.08,138.0,Moderate
Hyderabad,2015-09-29,69.88,,7.01,11.01,17.93,,0.37,2.81,20.63,0.86,6.87,0.04,139.0,Moderate
Hyderabad,2015-09-30,158.15,,1.85,8.66,10.29,,0.41,1.39,20.48,0.93,6.44,0.04,240.0,Poor
Hyderabad,2015-10-01,120.75,92.29,1.92,21.65,15.87,27.65,0.64,2.67,15.85,1.21,5.95,1.22,340.0,Very Poor
Hyderabad,2015-10-02,29.66,76.0,2.0,25.94,16.02,20.45,0.6,3.81,17.4,1.2,5.62,1.05,125.0,Moderate
Hyderabad,2015-10-03,36.56,63.06,3.06,20.11,15.07,18.05,0.64,7.58,19.16,1.2,6.4,0.44,75.0,Satisfactory
Hyderabad,2015-10-04,42.69,59.29,3.02,17.81,13.74,14.41,1.22,5.41,21.98,1.35,6.71,1.21,85.0,Satisfactory
Hyderabad,2015-10-05,75.04,81.99,2.27,16.05,12.57,15.02,0.93,6.88,33.52,1.36,7.22,1.04,113.0,Moderate
Hyderabad,2015-10-06,136.45,108.82,6.29,11.76,16.37,8.62,0.66,7.34,32.21,1.66,12.17,2.69,231.0,Poor
Hyderabad,2015-10-07,150.93,110.33,6.76,6.52,12.53,7.44,0.8,11.05,35.73,1.61,12.13,1.91,246.0,Poor
Hyderabad,2015-10-08,116.24,110.09,7.72,7.43,14.66,11.73,0.71,10.16,35.25,1.4,9.4,0.56,244.0,Poor
Hyderabad,2015-10-09,137.28,93.47,7.99,7.93,15.71,7.42,1.03,8.39,36.15,1.63,8.02,0.22,316.0,Very Poor
Hyderabad,2015-10-10,69.24,81.48,1.28,2.3,3.01,7.43,1.09,6.55,33.97,1.01,6.45,0.23,219.0,Poor
Hyderabad,2015-10-11,45.98,62.98,1.6,2.28,3.32,7.42,0.97,5.24,37.06,1.22,6.06,0.47,117.0,Moderate
Hyderabad,2015-10-12,106.66,94.07,3.2,2.56,5.18,7.44,1.43,7.46,32.81,1.93,12.58,2.92,182.0,Moderate
Hyderabad,2015-10-13,58.05,109.03,3.31,3.46,5.84,7.43,1.35,10.15,31.12,1.98,14.94,1.89,125.0,Moderate
Hyderabad,2015-10-14,124.14,105.62,10.95,6.46,16.28,7.44,1.06,6.89,33.14,2.8,17.14,1.31,189.0,Moderate
Hyderabad,2015-10-15,192.41,104.9,4.89,3.91,8.09,7.41,1.31,9.92,40.38,2.16,14.66,2.29,272.0,Poor
Hyderabad,2015-10-16,118.66,116.1,1.44,1.87,2.75,7.46,0.87,7.59,35.3,1.41,8.12,0.69,266.0,Poor
Hyderabad,2015-10-17,155.84,112.22,1.31,1.17,1.92,7.42,0.78,5.37,33.41,1.12,6.56,1.03,230.0,Poor
Hyderabad,2015-10-18,59.6,107.16,1.22,0.95,1.58,7.44,0.61,5.61,33.85,1.31,7.3,1.04,210.0,Poor
Hyderabad,2015-10-19,65.35,102.27,2.2,1.05,2.33,9.27,0.95,6.73,32.63,1.26,9.54,2.24,118.0,Moderate
Hyderabad,2015-10-20,116.35,116.14,3.57,2.84,5.27,11.14,1.05,7.99,29.83,1.78,14.17,1.32,179.0,Moderate
Hyderabad,2015-10-21,84.18,113.0,3.68,3.3,5.79,11.18,1.25,7.79,30.27,1.75,11.76,2.28,212.0,Poor
Hyderabad,2015-10-22,86.98,116.0,2.72,1.94,4.51,11.18,0.62,3.9,35.23,1.66,8.04,0.31,156.0,Moderate
Hyderabad,2015-10-23,73.34,107.94,2.65,1.33,3.4,11.18,0.41,4.64,34.78,1.21,7.08,2.1,191.0,Moderate
Hyderabad,2015-10-24,133.6,104.98,2.98,0.85,2.7,11.17,1.05,6.64,44.17,1.26,6.9,0.62,185.0,Moderate
Hyderabad,2015-10-25,103.01,102.9,3.03,0.74,2.58,11.17,0.86,5.43,51.97,1.15,5.33,0.58,235.0,Poor
Hyderabad,2015-10-26,95.22,101.17,3.0,0.74,2.57,11.18,0.84,7.46,48.38,1.01,5.72,1.97,210.0,Poor
Hyderabad,2015-10-27,122.14,114.7,3.02,0.73,2.57,11.15,1.34,5.66,49.97,1.15,7.58,2.22,226.0,Poor
Hyderabad,2015-10-28,81.18,97.96,2.98,0.67,2.5,11.17,1.28,5.4,44.62,1.14,5.91,0.52,227.0,Poor
Hyderabad,2015-10-29,252.47,64.38,3.09,0.64,2.54,11.16,1.08,6.0,31.4,1.08,4.53,0.49,216.0,Poor
Hyderabad,2015-10-30,516.2,82.97,3.03,0.62,2.72,10.78,1.09,4.77,38.74,1.05,5.82,0.47,487.0,Severe
Hyderabad,2015-10-31,270.21,104.38,3.12,0.65,2.57,11.2,0.94,8.98,43.41,1.07,6.22,1.58,502.0,Severe
Hyderabad,2015-11-01,31.56,94.33,2.95,0.71,1.98,12.02,1.02,6.96,37.57,1.32,7.15,1.35,188.0,Moderate
Hyderabad,2015-11-02,54.91,93.72,2.89,0.71,1.96,11.97,1.15,7.07,38.74,1.31,7.52,0.66,106.0,Moderate
Hyderabad,2015-11-03,56.93,97.74,3.6,1.18,2.04,11.93,0.96,10.7,29.23,1.35,7.32,1.0,120.0,Moderate
Hyderabad,2015-11-04,40.67,90.56,5.24,1.72,2.45,11.75,0.99,13.4,32.02,1.2,6.72,0.63,130.0,Moderate
Hyderabad,2015-11-05,50.03,90.53,3.44,4.47,6.21,12.04,0.96,8.04,36.49,1.16,6.74,1.52,103.0,Moderate
Hyderabad,2015-11-06,89.59,107.82,7.89,14.73,20.85,12.06,1.53,10.99,36.11,1.44,8.75,1.72,179.0,Moderate
Hyderabad,2015-11-07,86.87,105.81,8.71,14.84,21.55,11.96,0.93,11.36,32.53,1.47,11.41,0.75,206.0,Poor
Hyderabad,2015-11-08,51.21,101.07,5.46,10.48,15.16,12.03,1.24,8.8,47.35,1.11,5.54,0.4,145.0,Moderate
Hyderabad,2015-11-09,53.87,118.33,7.18,15.98,21.66,11.98,0.59,8.37,40.12,1.08,6.41,1.1,114.0,Moderate
Hyderabad,2015-11-10,67.45,114.47,9.39,18.54,26.53,11.93,0.55,11.9,32.42,1.33,8.0,1.44,129.0,Moderate
Hyderabad,2015-11-11,85.48,115.5,11.75,17.0,24.91,11.96,0.78,13.68,38.48,0.75,5.2,0.1,135.0,Moderate
Hyderabad,2015-11-12,88.14,106.33,11.57,19.56,29.93,11.91,0.61,12.92,34.67,1.31,6.17,0.66,275.0,Poor
Hyderabad,2015-11-13,72.77,111.94,8.77,15.59,22.61,11.7,0.61,13.17,29.49,1.88,10.04,1.22,157.0,Moderate
Hyderabad,2015-11-14,61.82,99.33,11.49,15.61,24.35,9.85,1.19,13.89,33.99,1.82,13.68,2.3,131.0,Moderate
Hyderabad,2015-11-15,70.51,100.62,17.12,16.18,28.61,2.5,1.2,11.67,33.14,1.96,12.9,1.02,144.0,Moderate
Hyderabad,2015-11-16,69.02,98.3,7.66,10.53,14.07,3.52,1.06,12.49,32.91,1.36,6.87,0.7,130.0,Moderate
Hyderabad,2015-11-17,44.27,107.15,9.28,6.38,12.52,6.01,0.81,9.57,31.61,0.89,5.89,1.15,128.0,Moderate
Hyderabad,2015-11-18,46.31,92.72,8.21,6.58,11.61,5.94,0.84,9.58,30.33,0.97,5.09,1.1,102.0,Moderate
Hyderabad,2015-11-19,37.76,102.3,7.23,5.1,9.17,5.96,0.89,9.16,38.1,0.88,3.83,0.39,110.0,Moderate
Hyderabad,2015-11-20,30.44,74.28,7.51,6.96,11.27,5.97,0.94,8.51,21.91,0.99,5.15,1.88,86.0,Satisfactory
Hyderabad,2015-11-21,38.88,106.93,6.34,9.18,13.07,6.83,0.93,8.8,33.12,1.04,5.01,2.12,92.0,Satisfactory
Hyderabad,2015-11-22,70.96,104.88,7.28,7.21,12.71,10.08,1.25,9.36,43.03,1.42,5.74,1.04,121.0,Moderate
Hyderabad,2015-11-23,46.04,98.22,3.95,7.92,9.81,9.44,0.76,6.44,40.99,1.24,4.41,0.7,97.0,Satisfactory
Hyderabad,2015-11-24,40.59,94.94,4.84,10.51,13.63,8.95,0.92,9.44,36.46,1.2,5.98,2.65,102.0,Moderate
Hyderabad,2015-11-25,69.37,112.36,8.69,15.65,22.64,8.87,1.1,8.3,26.89,1.51,7.33,0.75,119.0,Moderate
Hyderabad,2015-11-26,91.06,108.82,15.49,21.0,34.72,8.95,1.4,11.16,25.38,1.86,8.97,1.03,199.0,Moderate
Hyderabad,2015-11-27,83.12,115.67,7.2,16.36,21.79,8.93,1.1,9.12,33.04,1.58,6.92,0.78,172.0,Moderate
Hyderabad,2015-11-28,81.22,110.9,4.52,11.75,14.87,8.6,1.01,9.53,39.42,1.26,6.04,0.46,172.0,Moderate
Hyderabad,2015-11-29,67.13,109.51,4.52,9.39,12.25,8.95,0.97,8.22,46.11,1.28,4.77,0.7,164.0,Moderate
Hyderabad,2015-11-30,45.49,106.29,4.86,8.74,11.95,8.93,0.92,8.03,31.7,1.15,5.14,2.61,119.0,Moderate
Hyderabad,2015-12-01,38.24,102.51,5.31,10.07,13.74,8.94,0.93,9.1,28.27,1.1,5.45,2.51,101.0,Moderate
Hyderabad,2015-12-02,29.53,80.84,5.28,10.13,13.79,9.32,0.87,7.72,21.04,1.26,4.59,0.62,95.0,Satisfactory
Hyderabad,2015-12-03,45.97,98.69,6.86,17.38,23.23,10.45,0.85,7.09,28.81,0.91,4.24,0.32,99.0,Satisfactory
Hyderabad,2015-12-04,57.22,103.72,5.61,19.75,24.69,9.3,1.28,9.04,31.38,1.14,8.69,1.45,120.0,Moderate
Hyderabad,2015-12-05,61.11,109.53,7.38,16.02,21.96,10.39,1.04,9.25,24.0,1.37,6.67,1.26,127.0,Moderate
Hyderabad,2015-12-06,61.38,,6.91,24.24,30.73,,1.11,7.86,29.85,0.72,4.08,0.2,133.0,Moderate
Hyderabad,2015-12-07,79.25,105.66,8.72,22.09,29.96,10.53,1.17,8.71,24.41,1.22,7.57,1.47,160.0,Moderate
Hyderabad,2015-12-08,72.74,104.94,8.25,17.02,23.62,10.43,1.14,10.42,28.54,1.67,9.31,1.01,147.0,Moderate
Hyderabad,2015-12-09,60.2,104.11,7.51,16.7,22.55,10.35,1.12,7.05,29.88,1.57,7.05,1.07,137.0,Moderate
Hyderabad,2015-12-10,49.53,117.53,6.44,16.6,21.53,10.5,1.11,7.85,29.88,1.46,6.76,0.92,120.0,Moderate
Hyderabad,2015-12-11,24.85,64.47,8.58,12.14,19.29,10.5,0.91,8.54,20.59,0.84,5.26,0.34,101.0,Moderate
Hyderabad,2015-12-12,42.92,87.86,10.1,13.9,22.57,10.48,1.18,7.02,24.96,1.47,7.26,0.99,111.0,Moderate
Hyderabad,2015-12-13,57.34,93.23,5.24,9.76,13.55,10.46,0.86,8.74,31.37,1.35,7.01,0.85,124.0,Moderate
Hyderabad,2015-12-14,30.53,95.47,5.52,10.89,14.9,10.43,0.81,8.78,31.66,1.06,5.46,0.6,102.0,Moderate
Hyderabad,2015-12-15,30.54,98.14,5.82,14.83,19.18,10.53,0.89,8.37,32.98,1.22,6.36,0.76,100.0,Satisfactory
Hyderabad,2015-12-16,33.68,85.59,6.62,12.81,18.01,10.54,0.85,7.29,30.43,1.26,5.91,0.76,101.0,Moderate
Hyderabad,2015-12-17,33.48,81.25,6.92,12.47,17.9,10.55,0.8,9.02,28.24,1.22,5.43,0.73,92.0,Satisfactory
Hyderabad,2015-12-18,36.17,75.84,6.98,12.44,17.93,10.46,0.94,8.45,27.24,1.15,6.11,1.47,98.0,Satisfactory
Hyderabad,2015-12-19,38.31,103.29,7.85,13.32,19.67,10.41,1.03,7.17,22.6,1.31,9.67,1.78,101.0,Moderate
Hyderabad,2015-12-20,45.87,98.28,5.3,8.87,12.6,10.49,0.88,7.81,27.92,1.33,7.7,1.0,104.0,Moderate
Hyderabad,2015-12-21,30.24,82.51,3.8,11.64,14.11,10.49,0.6,9.7,28.87,0.82,5.77,0.42,93.0,Satisfactory
Hyderabad,2015-12-22,59.23,84.19,6.68,13.39,18.49,10.38,0.92,7.79,31.1,1.13,6.38,0.56,102.0,Moderate
Hyderabad,2015-12-23,38.41,83.4,6.6,12.88,18.03,10.42,0.8,6.71,30.15,1.1,5.35,0.64,115.0,Moderate
Hyderabad,2015-12-24,60.86,108.11,6.06,11.42,15.98,10.42,0.99,8.48,52.28,1.27,7.24,0.49,113.0,Moderate
Hyderabad,2015-12-25,74.08,94.0,4.72,8.91,12.19,10.42,0.91,11.36,72.53,1.26,5.22,0.8,142.0,Moderate
Hyderabad,2015-12-26,79.9,99.88,4.84,12.23,15.52,10.35,1.26,14.13,83.35,1.6,7.69,2.41,174.0,Moderate
Hyderabad,2015-12-27,79.52,97.83,5.14,14.89,18.53,10.38,1.26,17.09,61.51,1.78,7.98,1.53,176.0,Moderate
Hyderabad,2015-12-28,65.91,99.88,7.62,21.23,27.43,10.43,1.57,9.83,30.85,1.83,9.55,1.53,148.0,Moderate
Hyderabad,2015-12-29,68.43,98.43,24.6,27.59,50.51,10.35,1.52,12.64,23.09,2.65,16.45,2.34,147.0,Moderate
Hyderabad,2015-12-30,83.76,102.69,38.06,29.6,52.78,10.51,1.71,13.79,22.94,2.57,16.0,2.11,171.0,Moderate
Hyderabad,2015-12-31,177.62,98.01,28.46,25.5,52.22,10.46,1.73,14.74,25.9,2.33,13.33,2.05,213.0,Poor
Hyderabad,2016-01-01,232.83,108.2,11.17,17.35,26.85,10.58,1.45,8.56,27.64,1.79,9.91,2.41,387.0,Very Poor
Hyderabad,2016-01-02,71.44,111.72,8.97,16.6,23.98,10.46,1.15,8.39,38.01,1.48,8.14,0.95,211.0,Poor
Hyderabad,2016-01-03,66.92,105.15,10.65,15.35,24.45,10.35,1.23,7.77,35.08,1.86,9.56,1.54,145.0,Moderate
Hyderabad,2016-01-04,134.61,109.29,9.99,15.94,24.34,10.52,1.27,9.82,34.33,1.86,9.33,2.09,177.0,Moderate
Hyderabad,2016-01-05,80.83,113.23,9.04,16.65,24.06,10.55,1.21,8.87,34.37,1.57,9.39,0.97,218.0,Poor
Hyderabad,2016-01-06,109.82,105.67,15.06,19.71,33.18,10.53,1.33,8.84,35.03,1.56,8.24,1.48,205.0,Poor
Hyderabad,2016-01-07,66.19,102.61,5.71,13.35,17.48,10.52,0.93,7.82,42.99,1.16,7.22,0.86,195.0,Moderate
Hyderabad,2016-01-08,69.27,100.47,9.06,18.17,25.57,10.43,1.14,7.82,47.4,1.35,6.72,1.23,145.0,Moderate
Hyderabad,2016-01-09,97.2,108.77,21.79,20.69,40.86,10.47,1.26,8.82,46.2,1.47,7.94,1.22,228.0,Poor
Hyderabad,2016-01-10,72.09,101.26,17.44,19.99,35.77,10.44,1.17,8.85,62.68,1.48,8.37,1.13,200.0,Moderate
Hyderabad,2016-01-11,71.44,107.05,13.04,19.87,31.26,10.47,1.21,8.01,51.86,1.42,7.31,0.9,159.0,Moderate
Hyderabad,2016-01-12,129.67,103.49,18.62,22.42,39.3,10.33,1.39,7.62,49.16,1.79,10.55,2.19,219.0,Poor
Hyderabad,2016-01-13,103.44,99.88,21.74,21.93,42.02,10.43,1.22,10.39,53.34,1.48,10.55,1.65,257.0,Poor
Hyderabad,2016-01-14,60.76,98.54,6.32,13.38,17.95,10.44,0.91,7.1,69.54,1.11,5.88,0.67,216.0,Poor
Hyderabad,2016-01-15,56.01,104.73,5.12,7.15,10.77,10.4,0.73,7.28,68.31,0.55,2.62,0.22,155.0,Moderate
Hyderabad,2016-01-16,58.57,93.52,5.16,9.91,13.47,10.42,0.93,7.02,74.69,0.37,2.46,0.13,148.0,Moderate
Hyderabad,2016-01-17,54.12,99.69,5.16,8.61,12.3,10.39,1.05,8.47,74.38,0.48,3.07,0.14,161.0,Moderate
Hyderabad,2016-01-18,43.05,82.25,5.78,9.64,13.97,10.41,0.78,6.51,74.51,0.41,2.66,0.12,171.0,Moderate
Hyderabad,2016-01-19,50.38,79.94,5.56,9.39,13.46,10.42,0.74,7.33,39.71,0.53,3.07,0.16,152.0,Moderate
Hyderabad,2016-01-20,75.11,102.17,6.03,12.5,17.01,10.51,1.02,8.71,19.6,1.1,5.52,0.42,128.0,Moderate
Hyderabad,2016-01-21,62.65,114.92,5.01,10.2,13.7,10.39,0.78,10.16,37.85,0.35,3.56,0.07,147.0,Moderate
Hyderabad,2016-01-22,51.14,103.09,5.2,10.0,13.76,10.42,0.92,13.55,50.35,0.4,3.69,0.07,117.0,Moderate
Hyderabad,2016-01-23,66.16,97.42,5.23,13.23,17.06,10.5,0.99,8.42,48.7,0.48,3.42,0.09,118.0,Moderate
Hyderabad,2016-01-24,73.91,105.01,5.09,10.36,14.06,10.59,0.89,7.65,44.51,0.55,3.64,0.13,149.0,Moderate
Hyderabad,2016-01-25,69.02,103.83,7.99,6.65,12.84,10.58,1.25,9.03,42.29,0.56,3.21,0.12,148.0,Moderate
Hyderabad,2016-01-26,,101.29,5.41,2.7,5.36,10.42,0.98,10.08,50.63,,,,120.0,Moderate
Hyderabad,2016-01-27,58.2,94.48,5.07,2.75,5.12,10.44,0.81,9.41,28.75,,,,133.0,Moderate
Hyderabad,2016-01-28,66.76,103.98,5.41,2.59,5.3,10.45,1.24,12.97,0.1,,,,117.0,Moderate
Hyderabad,2016-01-29,60.79,101.32,5.46,3.01,5.53,10.4,1.76,13.37,21.78,,,,112.0,Moderate
Hyderabad,2016-01-30,61.3,95.96,5.33,2.88,5.37,10.4,1.94,12.42,20.34,,,,110.0,Moderate
Hyderabad,2016-01-31,77.8,99.57,5.07,2.87,5.18,10.42,1.32,12.31,0.1,,,,139.0,Moderate
Hyderabad,2016-02-01,67.17,104.62,5.32,2.76,5.31,10.5,1.43,11.66,0.1,,,,136.0,Moderate
Hyderabad,2016-02-02,58.73,96.69,5.13,2.9,5.24,10.52,0.86,11.32,0.1,,,,120.0,Moderate
Hyderabad,2016-02-03,57.81,100.26,5.35,3.04,5.47,10.51,1.73,12.69,0.1,,,,112.0,Moderate
Hyderabad,2016-02-04,103.27,95.5,4.76,8.26,10.52,10.57,1.25,12.0,5.79,0.52,4.65,0.26,108.0,Moderate
Hyderabad,2016-02-05,68.56,107.67,6.71,13.49,18.84,10.61,0.98,9.9,35.46,0.53,4.01,0.24,174.0,Moderate
Hyderabad,2016-02-06,61.7,102.86,5.41,10.58,14.63,10.57,1.12,6.51,45.37,0.44,3.13,0.16,137.0,Moderate
Hyderabad,2016-02-07,61.74,101.15,5.38,8.97,12.97,10.28,0.92,3.82,45.44,0.44,2.67,0.15,121.0,Moderate
Hyderabad,2016-02-08,69.72,108.26,5.46,10.01,14.1,10.42,0.86,3.99,37.8,0.44,2.87,0.15,134.0,Moderate
Hyderabad,2016-02-09,72.39,106.72,5.41,11.19,15.2,10.38,1.02,4.32,40.99,0.43,3.15,0.15,149.0,Moderate
Hyderabad,2016-02-10,62.0,99.08,5.91,12.15,16.68,10.28,0.92,4.73,46.72,0.45,6.47,0.16,137.0,Moderate
Hyderabad,2016-02-11,66.95,109.31,5.29,10.13,14.05,10.45,0.92,6.21,51.08,0.44,6.43,0.16,124.0,Moderate
Hyderabad,2016-02-12,61.41,96.56,5.45,10.43,14.54,10.28,0.68,4.48,49.34,0.37,4.66,0.13,122.0,Moderate
Hyderabad,2016-02-13,62.77,102.95,4.93,10.25,13.87,10.39,0.89,4.77,50.96,0.54,4.25,0.4,120.0,Moderate
Hyderabad,2016-02-14,58.29,100.33,5.07,7.93,11.66,10.3,0.94,5.61,38.25,1.12,5.71,1.44,120.0,Moderate
Hyderabad,2016-02-15,56.27,98.59,5.52,9.52,13.7,10.28,0.67,5.45,33.34,0.9,3.95,0.87,116.0,Moderate
Hyderabad,2016-02-16,37.03,72.15,7.35,9.96,16.16,9.8,1.1,5.59,24.56,0.46,2.92,0.39,123.0,Moderate
Hyderabad,2016-02-17,47.56,121.88,5.96,12.95,17.52,10.49,0.93,5.36,35.93,0.2,1.82,0.11,95.0,Satisfactory
Hyderabad,2016-02-18,45.02,107.06,5.77,11.18,15.59,10.47,0.99,5.38,28.3,0.19,2.17,0.1,102.0,Moderate
Hyderabad,2016-02-19,44.95,91.3,8.82,12.82,20.32,10.57,1.06,4.95,25.76,0.92,5.59,1.02,100.0,Satisfactory
Hyderabad,2016-02-20,173.37,113.67,10.62,17.14,26.33,10.49,1.22,6.56,31.91,1.46,8.86,1.97,134.0,Moderate
Hyderabad,2016-02-21,525.09,94.0,16.96,19.14,34.7,10.53,1.57,8.75,37.36,2.16,13.13,2.85,442.0,Severe
Hyderabad,2016-02-22,353.58,95.54,8.53,16.83,23.94,10.47,1.17,9.43,38.86,1.4,9.8,2.38,510.0,Severe
Hyderabad,2016-02-23,65.95,107.3,3.32,10.53,12.46,10.46,0.82,7.15,43.44,1.08,5.04,1.14,235.0,Poor
Hyderabad,2016-02-24,50.22,95.03,5.37,9.25,13.29,10.42,0.79,7.02,41.45,0.75,4.14,0.61,115.0,Moderate
Hyderabad,2016-02-25,53.47,101.93,5.49,10.41,14.59,10.48,0.9,5.88,43.55,0.82,4.75,0.79,113.0,Moderate
Hyderabad,2016-02-26,48.65,96.82,5.28,7.94,11.87,10.4,0.89,6.79,26.1,0.84,9.74,0.82,109.0,Moderate
Hyderabad,2016-02-27,29.42,80.62,5.32,8.1,12.09,10.31,0.87,6.07,24.43,0.75,3.83,0.93,100.0,Satisfactory
Hyderabad,2016-02-28,36.27,91.18,5.66,9.6,13.87,10.32,0.79,5.97,22.35,0.9,4.51,1.28,99.0,Satisfactory
Hyderabad,2016-02-29,33.01,93.99,5.84,9.41,13.91,10.39,0.92,5.34,27.62,0.79,4.42,0.89,98.0,Satisfactory
Hyderabad,2016-03-01,38.91,86.74,5.26,8.86,12.81,10.29,0.88,5.35,33.92,0.81,3.43,0.9,102.0,Moderate
Hyderabad,2016-03-02,48.34,98.72,5.38,10.22,14.24,10.26,1.08,5.22,39.26,0.98,5.35,1.07,106.0,Moderate
Hyderabad,2016-03-03,50.06,88.76,5.58,12.11,16.27,10.21,1.0,7.78,45.55,0.95,5.37,1.11,110.0,Moderate
Hyderabad,2016-03-04,63.29,99.76,5.44,12.41,16.46,10.27,1.08,5.8,44.08,1.02,5.7,2.22,117.0,Moderate
Hyderabad,2016-03-05,65.76,105.71,5.35,12.36,16.33,10.37,1.1,6.89,47.03,0.93,5.53,2.3,129.0,Moderate
Hyderabad,2016-03-06,43.36,96.52,5.14,10.03,13.7,10.16,0.87,5.59,40.23,0.81,3.71,0.92,118.0,Moderate
Hyderabad,2016-03-07,38.93,85.11,5.41,8.1,12.18,10.3,0.77,5.48,40.82,0.74,3.34,0.75,100.0,Satisfactory
Hyderabad,2016-03-08,41.44,75.47,5.62,9.64,13.89,10.33,0.75,5.85,38.46,0.71,3.85,2.11,98.0,Satisfactory
Hyderabad,2016-03-09,50.81,86.52,7.07,13.18,18.89,10.29,1.33,9.26,41.84,0.92,4.24,1.47,118.0,Moderate
Hyderabad,2016-03-10,60.66,98.21,8.12,15.99,22.67,10.27,1.14,5.09,32.62,1.3,6.92,2.93,121.0,Moderate
Hyderabad,2016-03-11,63.93,96.69,8.2,16.48,23.29,10.31,1.11,6.07,36.32,1.17,7.49,1.65,117.0,Moderate
Hyderabad,2016-03-12,63.41,109.62,6.11,13.84,18.54,10.33,0.96,6.19,38.78,1.19,5.73,1.42,135.0,Moderate
Hyderabad,2016-03-13,57.96,98.74,5.5,8.84,12.98,10.27,0.82,6.35,47.36,0.67,3.83,0.8,121.0,Moderate
Hyderabad,2016-03-14,63.41,96.78,5.24,8.98,12.78,10.26,0.86,6.13,46.51,0.8,4.04,1.44,126.0,Moderate
Hyderabad,2016-03-15,48.22,87.46,5.67,8.51,12.81,10.29,0.85,4.96,25.95,0.73,3.83,1.86,109.0,Moderate
Hyderabad,2016-03-16,49.29,83.28,5.47,13.73,18.23,10.11,0.83,5.05,30.63,0.64,3.29,0.76,106.0,Moderate
Hyderabad,2016-03-17,45.8,77.21,11.98,13.46,25.45,,1.05,5.53,28.15,0.62,3.32,0.56,111.0,Moderate
Hyderabad,2016-03-18,54.89,98.88,,,,,0.83,5.46,55.67,1.2,6.32,1.37,98.0,Satisfactory
Hyderabad,2016-03-19,52.53,91.79,4.46,2.57,4.54,9.14,1.01,4.48,45.44,1.19,5.25,1.36,95.0,Satisfactory
Hyderabad,2016-03-20,65.12,98.55,5.36,2.69,5.31,10.32,1.37,6.6,36.69,2.36,12.1,3.37,111.0,Moderate
Hyderabad,2016-03-21,56.19,105.42,5.62,3.0,5.66,10.22,1.66,9.28,28.03,2.99,15.19,5.6,112.0,Moderate
Hyderabad,2016-03-22,56.72,103.22,5.51,3.09,5.83,10.4,1.53,12.25,45.66,3.02,21.34,5.59,121.0,Moderate
Hyderabad,2016-03-23,77.4,101.33,10.15,14.08,22.41,10.39,1.68,10.62,42.17,2.3,12.17,4.36,123.0,Moderate
Hyderabad,2016-03-24,73.6,105.96,5.26,10.41,14.27,10.31,0.85,5.67,53.31,0.93,5.12,1.42,160.0,Moderate
Hyderabad,2016-03-25,73.9,104.01,5.61,11.53,15.68,10.34,1.01,6.29,52.35,0.9,5.75,1.04,151.0,Moderate
Hyderabad,2016-03-26,61.09,106.24,5.46,11.4,15.49,10.35,0.91,4.08,49.85,0.93,4.36,1.21,134.0,Moderate
Hyderabad,2016-03-27,69.37,108.55,5.36,9.86,13.88,10.29,1.0,3.7,62.11,0.87,3.77,0.88,141.0,Moderate
Hyderabad,2016-03-28,64.25,111.27,5.24,9.19,13.03,10.31,1.18,4.33,55.42,0.72,3.6,0.88,138.0,Moderate
Hyderabad,2016-03-29,58.28,101.14,5.44,11.1,15.26,10.12,1.12,3.25,50.93,0.86,3.61,0.84,123.0,Moderate
Hyderabad,2016-03-30,55.96,95.45,5.7,11.15,15.47,10.16,1.13,3.89,46.22,0.89,4.24,0.75,125.0,Moderate
Hyderabad,2016-03-31,43.84,89.56,3.5,10.39,12.31,10.31,0.66,4.58,42.02,0.69,3.52,0.72,92.0,Satisfactory
Hyderabad,2016-04-01,57.97,99.89,4.06,11.52,13.91,10.47,0.9,6.58,47.76,1.08,7.15,4.19,103.0,Moderate
Hyderabad,2016-04-02,56.44,100.69,,,,,1.03,5.81,50.64,1.45,5.94,2.0,102.0,Moderate
Hyderabad,2016-04-03,70.8,100.96,1.31,24.28,27.17,,0.84,4.33,54.71,1.23,5.12,1.36,103.0,Moderate
Hyderabad,2016-04-04,53.75,104.14,8.83,24.81,28.55,28.56,1.21,4.43,50.46,0.84,3.62,0.74,146.0,Moderate
Hyderabad,2016-04-05,52.91,116.28,4.51,34.56,23.81,26.16,0.86,5.58,47.1,0.99,5.3,1.09,103.0,Moderate
Hyderabad,2016-04-06,50.6,114.32,9.27,33.59,30.45,22.29,1.5,4.5,43.43,0.73,4.34,1.18,117.0,Moderate
Hyderabad,2016-04-07,42.22,96.54,3.83,31.94,23.71,22.34,0.96,5.25,45.28,0.76,4.1,0.96,120.0,Moderate
Hyderabad,2016-04-08,31.46,84.57,5.28,35.11,23.23,20.01,0.8,4.88,47.55,0.91,4.38,3.28,88.0,Satisfactory
Hyderabad,2016-04-09,31.88,70.0,7.2,32.42,21.16,19.59,0.87,4.28,35.94,0.89,3.84,1.31,77.0,Satisfactory
Hyderabad,2016-04-10,28.04,75.69,6.76,34.6,21.91,17.59,0.82,6.37,40.03,0.88,5.14,1.29,79.0,Satisfactory
Hyderabad,2016-04-11,46.8,100.44,7.67,34.5,28.29,18.48,1.24,3.38,44.25,0.83,4.09,1.29,99.0,Satisfactory
Hyderabad,2016-04-12,48.99,87.94,12.85,34.56,37.07,19.29,1.61,10.06,41.0,0.69,4.45,0.75,117.0,Moderate
Hyderabad,2016-04-13,55.96,98.92,12.5,31.16,32.34,22.54,1.24,6.89,40.31,0.84,5.48,1.02,116.0,Moderate
Hyderabad,2016-04-14,66.47,109.42,11.84,37.0,35.18,25.98,1.2,10.04,42.49,1.35,5.99,1.89,131.0,Moderate
Hyderabad,2016-04-15,54.58,102.11,4.9,23.02,19.15,23.21,0.83,4.06,50.46,0.92,3.77,1.22,121.0,Moderate
Hyderabad,2016-04-16,70.92,96.84,4.74,21.28,18.48,21.43,1.05,3.85,48.14,0.57,2.94,0.46,125.0,Moderate
Hyderabad,2016-04-17,63.68,95.59,4.81,20.25,17.83,21.25,0.97,5.27,40.9,0.64,3.28,0.72,151.0,Moderate
Hyderabad,2016-04-18,51.86,108.24,4.68,28.92,23.65,22.27,1.2,4.67,27.96,0.99,4.38,1.22,139.0,Moderate
Hyderabad,2016-04-19,37.66,78.68,7.38,27.73,24.53,20.13,1.1,7.1,26.39,0.64,4.01,0.86,107.0,Moderate
Hyderabad,2016-04-20,45.0,93.9,8.98,33.13,29.96,22.38,1.02,7.21,29.12,0.68,3.69,0.98,105.0,Moderate
Hyderabad,2016-04-21,48.65,87.02,4.58,33.5,24.68,23.69,1.3,5.98,36.99,0.9,4.98,1.36,120.0,Moderate
Hyderabad,2016-04-22,41.99,103.25,11.78,41.0,28.75,22.04,1.06,6.03,40.99,1.16,6.37,1.79,100.0,Satisfactory
Hyderabad,2016-04-23,26.0,93.08,4.34,21.79,13.84,18.78,0.6,8.13,58.17,0.6,3.36,0.39,101.0,Moderate
Hyderabad,2016-04-24,,,,,,,,,,,,,91.0,Satisfactory
Hyderabad,2016-04-25,37.42,89.62,14.75,59.18,33.62,21.5,0.09,30.2,57.29,1.65,8.94,3.63,,
Hyderabad,2016-04-26,56.86,109.0,8.33,44.83,30.9,34.24,0.17,9.29,39.46,0.77,3.64,1.18,102.0,Moderate
Hyderabad,2016-04-27,52.96,108.3,10.35,34.44,30.89,38.48,0.9,7.58,24.33,0.53,3.21,0.69,129.0,Moderate
Hyderabad,2016-04-28,44.3,89.26,11.41,34.53,32.21,31.97,0.51,8.18,34.32,0.44,2.87,0.43,110.0,Moderate
Hyderabad,2016-04-29,40.1,85.11,8.83,32.79,28.28,33.59,0.48,6.71,31.34,0.44,3.01,0.37,99.0,Satisfactory
Hyderabad,2016-04-30,33.33,76.71,8.73,31.35,28.66,33.19,0.47,7.87,47.78,0.36,2.41,0.33,100.0,Satisfactory
Hyderabad,2016-05-01,46.08,107.77,9.55,31.1,28.46,29.73,0.49,6.57,40.05,0.55,3.61,0.65,108.0,Moderate
Hyderabad,2016-05-02,37.28,84.02,4.85,26.57,21.07,23.99,0.43,6.13,52.45,0.25,1.39,0.19,104.0,Moderate
Hyderabad,2016-05-03,40.37,87.52,5.33,35.95,27.93,30.58,0.71,3.05,34.06,0.46,3.22,0.43,116.0,Moderate
Hyderabad,2016-05-04,30.1,56.02,6.46,20.72,18.45,44.38,0.38,5.1,49.45,0.25,1.88,0.27,92.0,Satisfactory
Hyderabad,2016-05-05,29.22,60.54,10.85,29.21,27.98,28.44,0.39,10.13,41.7,0.38,2.1,0.28,67.0,Satisfactory
Hyderabad,2016-05-06,60.88,66.45,9.09,44.45,33.89,48.05,0.7,1.15,26.27,0.38,1.19,0.18,72.0,Satisfactory
Hyderabad,2016-05-07,89.48,94.11,18.33,59.85,47.12,59.64,1.08,2.75,34.35,0.5,0.55,0.12,90.0,Satisfactory
Hyderabad,2016-05-08,40.12,50.94,24.62,35.16,51.79,78.57,1.65,6.65,43.27,0.19,0.98,0.17,156.0,Moderate
Hyderabad,2016-05-09,50.76,82.05,7.79,33.2,33.14,35.16,1.27,5.84,41.24,0.32,1.79,0.37,167.0,Moderate
Hyderabad,2016-05-10,30.45,56.0,8.8,44.42,25.36,34.26,1.27,8.4,35.04,0.47,4.37,1.43,105.0,Moderate
Hyderabad,2016-05-11,60.7,81.89,20.76,51.24,50.0,31.42,1.42,7.73,24.56,0.91,7.68,1.75,105.0,Moderate
Hyderabad,2016-05-12,51.09,96.09,18.48,46.69,46.61,30.83,1.66,15.51,38.0,0.44,3.58,0.45,135.0,Moderate
Hyderabad,2016-05-13,45.67,82.71,6.1,38.21,29.19,29.29,0.94,5.84,44.28,0.36,2.87,0.36,110.0,Moderate
Hyderabad,2016-05-14,46.24,90.98,5.03,35.88,26.3,30.57,0.9,5.23,51.78,0.31,1.96,0.31,110.0,Moderate
Hyderabad,2016-05-15,31.02,65.19,6.5,25.0,20.89,28.73,0.82,5.39,29.69,0.34,1.9,0.33,95.0,Satisfactory
Hyderabad,2016-05-16,28.39,73.3,8.82,29.68,25.85,27.59,0.79,4.71,31.52,0.32,2.11,0.38,92.0,Satisfactory
Hyderabad,2016-05-17,23.03,66.3,7.53,28.72,23.51,31.26,0.69,9.34,22.35,0.29,1.88,0.43,83.0,Satisfactory
Hyderabad,2016-05-18,29.65,72.39,9.35,28.29,25.18,29.08,0.84,7.27,23.33,0.3,1.97,0.29,84.0,Satisfactory
Hyderabad,2016-05-19,34.57,68.51,6.07,26.2,22.43,26.92,0.65,6.7,22.0,0.22,1.58,0.19,86.0,Satisfactory
Hyderabad,2016-05-20,29.56,53.7,8.71,19.21,19.22,39.66,0.6,3.26,32.38,0.18,0.69,0.12,92.0,Satisfactory
Hyderabad,2016-05-21,32.82,71.8,5.54,16.81,17.74,34.21,0.48,5.56,16.96,0.08,0.5,0.08,105.0,Moderate
Hyderabad,2016-05-22,34.45,87.0,8.08,22.97,22.12,22.35,0.67,5.71,18.1,0.33,2.46,0.42,93.0,Satisfactory
Hyderabad,2016-05-23,30.51,66.12,5.61,22.26,19.54,20.06,0.58,5.2,18.19,0.11,0.83,0.1,95.0,Satisfactory
Hyderabad,2016-05-24,31.95,72.51,9.64,24.79,25.28,20.42,0.63,5.62,20.13,0.15,1.27,0.13,87.0,Satisfactory
Hyderabad,2016-05-25,48.62,67.89,13.77,23.86,28.59,20.86,0.59,5.85,19.21,0.18,1.96,0.2,104.0,Moderate
Hyderabad,2016-05-26,42.25,44.45,9.96,22.65,24.95,21.38,0.52,4.88,22.3,0.12,1.08,0.1,147.0,Moderate
Hyderabad,2016-05-27,26.64,57.84,6.44,19.09,18.62,18.67,0.51,5.22,28.01,0.09,0.68,0.08,85.0,Satisfactory
Hyderabad,2016-05-28,25.43,63.82,5.24,20.32,17.85,19.2,0.53,6.0,29.17,0.12,0.78,0.09,80.0,Satisfactory
Hyderabad,2016-05-29,26.04,76.71,5.44,21.04,18.29,18.94,0.57,5.33,27.41,0.28,1.54,0.05,85.0,Satisfactory
Hyderabad,2016-05-30,29.5,,6.06,13.95,20.01,,2.59,6.24,22.62,0.12,0.74,0.07,189.0,Moderate
Hyderabad,2016-05-31,31.88,,8.49,18.0,26.49,,0.93,6.49,20.77,0.17,1.39,0.13,100.0,Satisfactory
Hyderabad,2016-06-01,39.88,,12.31,22.05,34.36,,0.94,6.65,21.89,0.23,1.54,0.23,111.0,Moderate
Hyderabad,2016-06-02,35.64,,8.78,17.85,26.63,,0.48,1.6,21.19,0.26,0.93,0.14,88.0,Satisfactory
Hyderabad,2016-06-03,39.59,,8.94,22.33,31.26,,0.89,6.54,25.0,0.18,1.15,0.15,112.0,Moderate
Hyderabad,2016-06-04,29.21,,4.8,12.83,17.63,,0.73,6.47,35.81,0.11,0.79,0.1,112.0,Moderate
Hyderabad,2016-06-05,36.13,,5.02,13.02,18.04,,0.79,6.06,35.42,0.13,0.82,0.08,101.0,Moderate
Hyderabad,2016-06-06,37.4,,5.24,14.63,19.86,,0.8,5.99,38.04,0.16,0.94,0.1,107.0,Moderate
Hyderabad,2016-06-07,40.65,,14.21,25.02,39.23,,1.5,6.62,24.97,0.21,1.52,0.19,131.0,Moderate
Hyderabad,2016-06-08,35.65,,5.29,15.98,21.26,,1.23,6.29,26.72,0.21,1.49,0.18,150.0,Moderate
Hyderabad,2016-06-09,34.02,,5.79,13.95,19.74,,0.79,1.54,27.2,0.12,1.1,0.11,106.0,Moderate
Hyderabad,2016-06-10,31.34,,5.08,10.86,15.95,,0.71,5.73,31.8,0.13,0.92,0.08,108.0,Moderate
Hyderabad,2016-06-11,29.75,,2.57,11.1,13.67,,1.29,1.97,15.25,0.19,1.32,0.09,117.0,Moderate
Hyderabad,2016-06-12,27.26,,6.94,12.64,19.58,,0.69,7.39,15.37,0.17,1.22,0.08,100.0,Satisfactory
Hyderabad,2016-06-13,63.07,,7.79,10.21,18.0,,0.65,8.16,16.0,0.16,1.07,0.08,109.0,Moderate
Hyderabad,2016-06-14,27.86,,5.82,9.75,15.57,,0.67,7.66,17.5,0.1,0.65,0.06,125.0,Moderate
Hyderabad,2016-06-15,363.14,,7.73,10.54,18.28,,0.68,7.39,13.11,0.1,0.63,0.06,199.0,Moderate
Hyderabad,2016-06-16,571.02,,6.14,10.7,16.83,,1.07,6.68,16.81,0.11,0.67,0.07,737.0,Severe
Hyderabad,2016-06-17,41.17,,9.13,8.3,17.43,,0.59,8.95,28.2,0.13,0.92,0.09,295.0,Poor
Hyderabad,2016-06-18,34.72,,3.19,15.23,18.42,,0.4,1.08,21.42,0.2,1.34,0.13,67.0,Satisfactory
Hyderabad,2016-06-19,34.07,,5.87,12.21,18.08,,0.77,6.3,13.51,0.21,1.39,0.14,115.0,Moderate
Hyderabad,2016-06-20,29.26,,6.35,10.64,16.99,,1.16,6.14,13.6,0.22,1.3,0.16,131.0,Moderate
Hyderabad,2016-06-21,33.96,,8.94,15.16,24.1,,0.99,6.66,16.7,0.24,1.69,0.18,105.0,Moderate
Hyderabad,2016-06-22,24.56,,7.98,11.26,19.25,,1.18,6.34,18.23,0.3,1.89,0.24,146.0,Moderate
Hyderabad,2016-06-23,22.38,,6.92,10.11,17.03,,0.7,6.21,20.15,0.16,1.05,0.13,90.0,Satisfactory
Hyderabad,2016-06-24,18.01,,5.78,10.22,16.0,,0.66,6.61,18.51,0.12,0.93,0.1,88.0,Satisfactory
Hyderabad,2016-06-25,21.54,,6.36,9.74,16.09,,0.64,6.78,14.55,0.14,0.96,0.13,88.0,Satisfactory
Hyderabad,2016-06-26,24.5,,5.86,9.42,15.28,,0.68,6.0,15.04,0.14,0.99,0.15,90.0,Satisfactory
Hyderabad,2016-06-27,20.94,,5.89,9.17,15.06,,1.02,6.47,13.17,0.12,0.8,0.12,123.0,Moderate
Hyderabad,2016-06-28,66.04,,9.42,10.91,20.33,,0.7,6.19,6.28,0.14,0.86,0.15,106.0,Moderate
Hyderabad,2016-06-29,20.5,,6.77,11.42,18.19,,0.66,6.17,9.19,0.14,0.92,0.15,126.0,Moderate
Hyderabad,2016-06-30,19.67,,6.3,8.87,15.16,,0.63,6.61,13.09,0.11,0.74,0.11,88.0,Satisfactory
Hyderabad,2016-07-01,22.42,,8.42,11.55,19.97,,0.7,7.04,8.59,0.1,0.67,0.12,88.0,Satisfactory
Hyderabad,2016-07-02,34.0,,6.3,8.84,15.13,,0.66,6.99,11.61,0.1,0.66,0.13,97.0,Satisfactory
Hyderabad,2016-07-03,34.0,,6.42,8.37,14.79,,0.72,6.21,10.13,0.11,0.67,0.14,104.0,Moderate
Hyderabad,2016-07-04,121.18,,2.71,7.2,9.91,,1.03,9.05,9.39,0.11,0.75,0.13,163.0,Moderate
Hyderabad,2016-07-05,21.64,,6.62,7.53,14.15,,1.05,7.03,8.83,0.11,0.62,0.11,252.0,Poor
Hyderabad,2016-07-06,163.16,,11.35,10.55,21.89,,0.32,13.13,10.08,0.15,0.87,0.15,37.0,Good
Hyderabad,2016-07-07,30.92,,6.72,9.64,16.36,,0.66,8.62,9.4,0.09,0.61,0.1,205.0,Poor
Hyderabad,2016-07-08,26.24,,6.2,8.32,14.52,,0.63,9.08,10.69,0.08,0.55,0.09,99.0,Satisfactory
Hyderabad,2016-07-09,22.79,,6.96,8.77,15.73,,0.66,6.66,7.52,0.08,0.53,0.08,91.0,Satisfactory
Hyderabad,2016-07-10,62.03,,6.78,8.55,15.33,,0.66,6.71,8.54,0.09,0.58,0.1,107.0,Moderate
Hyderabad,2016-07-11,357.85,,6.28,6.94,13.22,,1.03,7.03,10.16,0.09,0.67,0.1,307.0,Very Poor
Hyderabad,2016-07-12,206.93,,6.75,7.81,14.56,,1.06,6.27,11.6,0.1,0.68,0.09,495.0,Severe
Hyderabad,2016-07-13,9.92,,6.54,8.48,15.03,,1.07,5.9,12.97,0.09,0.64,0.09,194.0,Moderate
Hyderabad,2016-07-14,16.89,,9.0,10.87,19.87,,0.7,6.29,12.3,0.1,0.76,0.1,88.0,Satisfactory
Hyderabad,2016-07-15,20.57,,9.02,12.83,21.84,,0.71,6.95,14.77,0.14,0.99,0.12,94.0,Satisfactory
Hyderabad,2016-07-16,19.97,,6.9,14.16,21.05,,1.12,5.93,13.64,0.16,1.25,0.12,120.0,Moderate
Hyderabad,2016-07-17,22.85,,8.21,18.06,26.27,,0.87,6.43,11.52,0.16,1.2,0.16,98.0,Satisfactory
Hyderabad,2016-07-18,14.22,,10.44,17.92,28.36,,0.64,10.13,15.53,0.22,1.25,0.17,92.0,Satisfactory
Hyderabad,2016-07-19,8.95,,7.01,14.39,21.4,,0.43,2.12,6.92,0.19,1.17,0.19,36.0,Good
Hyderabad,2016-07-20,10.6,,5.83,8.3,14.13,,1.02,5.83,10.45,0.1,0.73,0.08,155.0,Moderate
Hyderabad,2016-07-21,13.04,,2.54,8.78,11.32,,1.1,1.74,8.07,0.1,0.73,0.08,120.0,Moderate
Hyderabad,2016-07-22,49.97,,5.82,9.3,14.69,,1.09,6.03,10.21,0.16,1.48,0.1,138.0,Moderate
Hyderabad,2016-07-23,11.62,,10.22,7.29,17.51,,1.2,8.89,11.86,0.13,1.22,0.09,127.0,Moderate
Hyderabad,2016-07-24,14.36,,5.8,7.94,13.74,,1.32,8.28,15.34,0.14,0.94,0.1,204.0,Poor
Hyderabad,2016-07-25,13.15,,6.13,10.61,16.74,,1.32,6.76,12.4,0.16,0.96,0.13,131.0,Moderate
Hyderabad,2016-07-26,15.94,,7.62,11.71,19.33,,1.46,5.95,8.19,0.23,2.06,0.18,135.0,Moderate
Hyderabad,2016-07-27,52.59,,6.78,15.72,22.5,,0.7,1.15,11.21,0.32,2.93,0.29,66.0,Satisfactory
Hyderabad,2016-07-28,20.6,,15.03,15.87,30.9,,8.83,6.15,9.17,0.36,2.77,0.37,248.0,Poor
Hyderabad,2016-07-29,16.93,,7.2,12.04,19.24,,8.34,5.98,8.35,0.21,1.84,0.19,247.0,Poor
Hyderabad,2016-07-30,21.67,,7.51,10.55,18.06,,7.72,6.37,7.72,0.25,1.61,0.18,265.0,Poor
Hyderabad,2016-07-31,10.64,,7.4,8.5,15.9,,6.46,6.25,6.46,0.12,0.81,0.11,240.0,Poor
Hyderabad,2016-08-01,10.24,,7.58,8.01,15.59,,6.08,6.15,6.08,0.1,0.68,0.09,232.0,Poor
Hyderabad,2016-08-02,6.01,,7.4,7.35,14.74,,7.25,6.7,7.25,0.08,0.56,0.06,242.0,Poor
Hyderabad,2016-08-03,4.83,,3.84,7.3,11.14,,5.32,5.05,7.0,0.08,0.57,0.08,234.0,Poor
Hyderabad,2016-08-04,6.41,,7.59,7.9,15.49,,1.07,5.87,6.9,0.08,0.49,0.07,121.0,Moderate
Hyderabad,2016-08-05,5.81,,12.49,7.43,19.92,,1.19,8.76,8.76,0.09,0.6,0.07,117.0,Moderate
Hyderabad,2016-08-06,7.29,,8.99,8.52,17.51,,0.75,7.02,9.19,0.08,0.5,0.06,22.0,Good
Hyderabad,2016-08-07,6.38,,6.49,7.69,14.18,,0.66,6.04,9.5,0.08,0.52,0.07,82.0,Satisfactory
Hyderabad,2016-08-08,9.67,,6.82,9.49,16.31,,1.09,5.95,9.91,0.09,0.58,0.07,119.0,Moderate
Hyderabad,2016-08-09,8.86,41.75,6.5,8.99,15.02,12.11,0.68,6.51,10.1,0.1,0.56,0.07,86.0,Satisfactory
Hyderabad,2016-08-10,9.41,38.77,4.83,8.64,11.86,12.28,0.45,6.92,9.76,0.07,0.46,0.04,84.0,Satisfactory
Hyderabad,2016-08-11,7.81,26.51,5.34,9.11,10.68,11.83,0.44,6.2,9.13,0.09,0.55,0.05,63.0,Satisfactory
Hyderabad,2016-08-12,9.77,,11.88,8.03,8.71,,0.5,10.37,9.19,0.09,0.59,0.05,120.0,Moderate
Hyderabad,2016-08-13,,,,,0.0,,0.0,,,,,,,
Hyderabad,2016-08-14,,,,,0.0,,0.0,,,,,,,
Hyderabad,2016-08-15,,,,,0.0,,0.0,,,,,,,
Hyderabad,2016-08-16,,,,,0.0,,0.0,,,,,,,
Hyderabad,2016-08-17,,,,,0.0,,0.0,,,0.0,0.0,0.0,,
Hyderabad,2016-08-18,,,,,0.0,,0.0,,,0.0,0.0,0.0,,
Hyderabad,2016-08-19,,,,,0.0,,0.0,,,0.0,0.0,0.0,,
Hyderabad,2016-08-20,,,,,0.0,,0.0,,,0.0,0.0,0.0,,
Hyderabad,2016-08-21,,,,,0.0,,0.0,,,0.0,0.0,0.0,,
Hyderabad,2016-08-22,,,,,0.0,,0.0,,,0.0,0.0,0.0,,
Hyderabad,2016-08-23,,,,,0.0,,0.0,,,0.0,0.0,0.0,,
Hyderabad,2016-08-24,,,,,0.0,,0.0,,,0.0,0.0,0.0,,
Hyderabad,2016-08-25,,,,,0.0,,0.0,,,0.0,0.0,0.0,,
Hyderabad,2016-08-26,,,,,0.0,,0.0,,,0.0,0.0,0.0,,
Hyderabad,2016-08-27,,,,,0.0,,0.0,,,0.0,0.0,0.0,,
Hyderabad,2016-08-28,,,,,,,,,,,,,,
Hyderabad,2016-08-29,,,,,0.0,,0.0,,,0.0,0.0,0.0,,
Hyderabad,2016-08-30,,,,,0.0,,0.0,,,0.0,0.0,0.0,,
Hyderabad,2016-08-31,,,,,0.0,,0.0,,,0.0,0.0,0.0,,
Hyderabad,2016-09-01,10.46,46.57,20.22,76.06,7.6,53.08,0.11,6.94,15.01,0.02,0.11,0.36,,
Hyderabad,2016-09-02,6.31,28.63,10.71,44.71,13.01,31.07,0.39,7.71,13.53,0.06,0.85,0.11,87.0,Satisfactory
Hyderabad,2016-09-03,10.4,30.27,13.23,57.09,17.23,15.31,0.45,10.59,14.46,0.06,0.49,1.06,78.0,Satisfactory
Hyderabad,2016-09-04,23.0,62.17,6.93,46.21,3.46,44.05,0.07,3.71,14.74,0.01,0.04,0.06,49.0,Good
Hyderabad,2016-09-05,15.46,65.0,9.88,52.18,9.57,53.1,0.22,4.28,14.68,0.03,0.19,0.32,,
Hyderabad,2016-09-06,28.28,87.32,14.82,74.51,18.74,36.24,0.27,16.38,14.26,0.08,1.3,2.24,85.0,Satisfactory
Hyderabad,2016-09-07,37.15,99.05,17.64,84.52,27.1,32.48,0.39,8.3,13.15,0.26,4.77,3.96,97.0,Satisfactory
Hyderabad,2016-09-08,25.0,82.86,16.61,78.74,16.86,27.66,0.2,12.95,15.26,0.09,1.79,2.61,93.0,Satisfactory
Hyderabad,2016-09-09,35.34,103.41,11.29,74.42,13.02,27.06,0.21,5.89,14.06,0.09,1.66,2.84,,
Hyderabad,2016-09-10,37.09,82.11,12.5,78.98,26.06,22.62,0.37,13.91,15.02,0.1,1.9,5.73,92.0,Satisfactory
Hyderabad,2016-09-11,24.59,59.97,13.43,70.69,22.2,26.24,0.32,4.45,16.52,0.1,0.74,3.38,66.0,Satisfactory
Hyderabad,2016-09-12,30.49,69.68,11.8,59.25,20.74,16.75,0.28,12.54,15.39,0.08,1.34,5.74,65.0,Satisfactory
Hyderabad,2016-09-13,23.2,43.26,10.21,42.07,14.05,19.98,0.31,9.58,22.48,0.08,0.78,5.44,66.0,Satisfactory
Hyderabad,2016-09-14,23.25,46.02,10.27,42.44,14.15,12.34,0.13,12.68,21.14,0.06,0.95,7.3,55.0,Satisfactory
Hyderabad,2016-09-15,15.79,36.7,12.37,46.68,15.99,15.62,0.15,11.29,18.76,0.1,1.52,3.93,70.0,Satisfactory
Hyderabad,2016-09-16,10.75,22.54,9.73,35.0,7.61,38.51,0.27,2.6,8.26,0.03,0.21,0.54,59.0,Satisfactory
Hyderabad,2016-09-17,9.5,21.44,9.93,38.39,4.35,49.99,0.06,2.52,10.39,0.02,0.06,0.1,,
Hyderabad,2016-09-18,,,,,0.0,,0.0,,,0.0,0.0,0.0,,
Hyderabad,2016-09-19,7.12,24.83,8.27,30.4,5.68,9.57,0.09,2.41,27.43,0.03,0.17,0.49,,
Hyderabad,2016-09-20,9.93,21.82,8.85,31.44,11.36,6.56,0.25,1.98,24.77,0.05,0.22,0.96,62.0,Satisfactory
Hyderabad,2016-09-21,17.82,31.93,10.85,38.08,19.18,16.51,0.11,2.83,21.43,0.1,0.72,3.17,52.0,Satisfactory
Hyderabad,2016-09-22,13.08,34.21,10.23,37.98,11.32,9.41,0.1,4.39,26.59,0.04,0.7,2.76,52.0,Satisfactory
Hyderabad,2016-09-23,7.0,11.0,9.66,43.87,3.57,28.86,0.09,15.62,17.76,0.02,0.11,0.11,34.0,Good
Hyderabad,2016-09-24,11.61,21.72,9.25,32.33,5.66,6.4,0.25,7.6,25.15,0.02,0.35,2.18,,
Hyderabad,2016-09-25,21.28,37.15,10.08,43.64,10.2,31.24,0.17,4.1,21.7,0.05,0.3,1.73,66.0,Satisfactory
Hyderabad,2016-09-26,31.01,71.78,14.44,49.62,15.21,32.74,0.24,16.22,21.89,0.1,3.15,4.49,82.0,Satisfactory
Hyderabad,2016-09-27,33.84,76.67,11.69,51.19,16.1,18.67,0.3,7.71,23.63,0.11,3.73,6.82,78.0,Satisfactory
Hyderabad,2016-09-28,42.99,91.44,12.46,57.36,17.01,12.5,0.11,9.43,25.64,0.11,3.79,6.19,86.0,Satisfactory
Hyderabad,2016-09-29,39.5,103.83,8.76,53.2,15.5,16.89,0.17,7.08,27.93,0.08,1.92,5.0,100.0,Satisfactory
Hyderabad,2016-09-30,37.67,101.49,8.09,45.98,13.6,11.83,0.01,6.55,35.03,0.06,1.71,6.22,103.0,Moderate
Hyderabad,2016-10-01,16.68,31.02,9.57,42.12,20.85,25.01,0.24,8.03,29.57,0.08,1.2,2.13,70.0,Satisfactory
Hyderabad,2016-10-02,13.57,24.85,9.42,41.65,12.52,19.43,0.11,2.73,30.28,0.05,0.29,0.11,55.0,Satisfactory
Hyderabad,2016-10-03,12.72,33.72,7.59,26.93,7.84,17.95,0.19,9.91,25.02,0.02,0.11,0.13,72.0,Satisfactory
Hyderabad,2016-10-04,11.98,35.51,9.57,42.12,13.8,9.0,0.03,6.74,22.95,0.03,0.11,0.09,47.0,Good
Hyderabad,2016-10-05,9.83,32.3,10.92,35.58,12.75,12.28,0.07,5.53,23.2,0.02,0.09,0.22,73.0,Satisfactory
Hyderabad,2016-10-06,15.29,52.36,13.83,47.47,16.72,14.01,0.1,6.85,20.62,0.02,0.2,0.76,56.0,Satisfactory
Hyderabad,2016-10-07,15.45,57.53,10.46,40.95,13.83,10.52,0.2,6.22,23.05,0.01,0.17,0.7,63.0,Satisfactory
Hyderabad,2016-10-08,16.38,37.54,10.7,39.15,12.18,11.07,0.08,3.2,22.36,0.01,0.21,0.22,55.0,Satisfactory
Hyderabad,2016-10-09,12.88,45.38,11.5,45.99,3.87,11.22,0.05,1.55,30.7,0.0,0.06,0.06,65.0,Satisfactory
Hyderabad,2016-10-10,42.0,94.08,7.85,32.55,5.41,14.1,0.25,4.28,39.61,0.01,0.09,0.09,,
Hyderabad,2016-10-11,,,,,0.0,,0.0,,,0.0,0.0,0.0,,
Hyderabad,2016-10-12,48.55,108.27,10.24,45.48,9.94,15.37,0.43,19.26,27.61,0.23,3.94,4.6,106.0,Moderate
Hyderabad,2016-10-13,50.52,99.86,12.08,63.89,20.04,21.18,0.65,15.29,26.79,0.48,10.12,4.94,104.0,Moderate
Hyderabad,2016-10-14,44.48,94.36,10.91,73.13,21.83,31.36,0.62,22.54,33.44,0.53,6.69,1.11,97.0,Satisfactory
Hyderabad,2016-10-15,45.06,101.0,8.9,61.79,15.27,27.21,0.59,15.96,38.65,0.22,4.61,0.46,97.0,Satisfactory
Hyderabad,2016-10-16,56.83,104.28,15.01,75.39,23.92,31.41,0.79,21.55,33.68,0.33,8.32,2.28,108.0,Moderate
Hyderabad,2016-10-17,54.95,94.42,26.16,87.44,31.02,28.7,0.53,23.06,26.69,0.47,9.19,3.78,100.0,Satisfactory
Hyderabad,2016-10-18,60.17,94.51,21.31,92.33,29.15,26.25,0.59,27.92,25.99,0.17,3.61,4.51,97.0,Satisfactory
Hyderabad,2016-10-19,58.85,101.67,12.43,75.82,22.89,29.97,0.97,29.86,35.87,0.07,1.53,0.66,103.0,Moderate
Hyderabad,2016-10-20,61.53,106.2,11.99,77.75,23.4,29.1,0.81,34.73,35.26,0.09,1.88,0.82,104.0,Moderate
Hyderabad,2016-10-21,59.04,100.29,12.44,71.09,21.95,39.49,0.51,35.22,35.03,0.13,3.11,0.48,102.0,Moderate
Hyderabad,2016-10-22,54.48,108.28,13.08,79.11,24.12,53.38,0.39,29.12,34.31,0.08,1.5,1.12,104.0,Moderate
Hyderabad,2016-10-23,,106.91,11.06,86.29,25.14,54.55,0.55,37.97,40.26,0.1,3.39,0.62,111.0,Moderate
Hyderabad,2016-10-24,58.23,108.26,10.82,66.72,20.79,34.59,0.3,30.29,29.52,0.08,2.06,0.31,107.0,Moderate
Hyderabad,2016-10-25,64.18,103.01,11.65,68.11,20.88,30.24,0.38,18.9,27.18,0.06,1.27,1.74,114.0,Moderate
Hyderabad,2016-10-26,61.11,105.64,11.8,60.83,19.19,47.92,0.33,32.05,38.81,0.11,1.83,0.73,107.0,Moderate
Hyderabad,2016-10-27,64.35,101.48,11.68,50.97,16.75,45.17,0.33,44.21,56.45,0.09,2.43,0.95,117.0,Moderate
Hyderabad,2016-10-28,62.16,99.01,9.59,41.2,13.55,39.85,0.38,47.38,70.1,0.07,1.48,0.81,116.0,Moderate
Hyderabad,2016-10-29,73.11,104.96,10.85,49.76,16.1,42.24,0.5,46.17,56.15,0.07,1.78,1.1,130.0,Moderate
Hyderabad,2016-10-30,63.6,97.16,7.96,25.39,9.13,27.36,0.33,19.58,55.87,0.09,1.61,0.62,129.0,Moderate
Hyderabad,2016-10-31,58.15,84.2,8.84,24.36,11.15,26.1,0.54,23.55,46.88,0.07,1.37,0.09,106.0,Moderate
Hyderabad,2016-11-01,73.45,106.62,9.75,35.18,17.47,24.59,0.57,47.02,58.59,0.17,4.44,1.96,118.0,Moderate
Hyderabad,2016-11-02,64.93,100.92,9.23,22.8,8.34,21.5,0.35,45.54,68.19,0.2,2.78,1.8,134.0,Moderate
Hyderabad,2016-11-03,61.75,97.54,9.6,23.49,9.26,20.77,0.35,35.06,58.34,0.08,1.68,2.07,104.0,Moderate
Hyderabad,2016-11-04,65.1,101.16,9.43,13.74,5.38,9.27,0.36,31.95,58.26,0.05,1.63,2.03,113.0,Moderate
Hyderabad,2016-11-05,67.23,100.75,10.41,31.41,11.5,12.51,0.26,31.89,66.88,0.08,1.35,2.46,151.0,Moderate
Hyderabad,2016-11-06,65.76,104.57,9.87,25.01,9.76,13.96,0.36,31.29,66.89,0.08,1.73,0.98,119.0,Moderate
Hyderabad,2016-11-07,66.65,112.8,8.73,18.35,7.51,22.83,0.35,40.78,72.73,0.16,1.99,0.28,124.0,Moderate
Hyderabad,2016-11-08,60.51,107.1,8.57,36.85,12.13,25.37,0.47,38.63,66.96,0.13,2.09,0.35,112.0,Moderate
Hyderabad,2016-11-09,65.33,103.8,8.22,42.02,13.74,24.24,0.45,35.56,74.13,0.12,1.21,0.13,147.0,Moderate
Hyderabad,2016-11-10,71.55,106.32,9.65,56.07,17.15,36.33,0.45,46.68,79.48,0.11,1.66,0.29,144.0,Moderate
Hyderabad,2016-11-11,62.24,97.74,8.99,52.96,25.65,33.77,0.92,46.54,79.89,0.13,2.3,0.45,129.0,Moderate
Hyderabad,2016-11-12,61.83,104.38,9.26,53.12,16.3,39.06,0.61,35.55,92.1,0.08,1.54,0.33,152.0,Moderate
Hyderabad,2016-11-13,60.96,98.46,8.93,48.17,14.97,30.06,0.64,28.22,91.75,0.05,0.86,0.5,163.0,Moderate
Hyderabad,2016-11-14,61.46,99.72,10.06,45.51,14.73,31.45,0.74,16.38,59.28,0.05,0.76,0.13,122.0,Moderate
Hyderabad,2016-11-15,67.56,102.5,9.75,35.21,12.11,27.89,0.54,25.31,55.35,0.06,1.11,0.16,125.0,Moderate
Hyderabad,2016-11-16,59.73,101.38,8.44,36.72,11.96,31.12,0.59,51.36,78.43,0.07,1.02,0.04,140.0,Moderate
Hyderabad,2016-11-17,63.35,103.32,8.28,38.09,12.26,33.57,0.49,42.96,75.33,0.05,0.85,0.06,104.0,Moderate
Hyderabad,2016-11-18,61.71,95.29,8.64,41.53,13.22,29.05,0.45,37.9,76.18,0.08,0.83,0.34,133.0,Moderate
Hyderabad,2016-11-19,61.8,98.96,10.96,58.71,18.26,36.62,0.52,44.93,67.7,0.07,0.82,0.33,141.0,Moderate
Hyderabad,2016-11-20,61.0,96.5,11.02,63.32,19.38,33.56,0.57,30.3,64.43,0.02,0.57,0.08,122.0,Moderate
Hyderabad,2016-11-21,55.76,85.33,11.63,59.47,18.69,38.92,0.51,36.43,53.54,0.03,0.57,0.06,105.0,Moderate
Hyderabad,2016-11-22,60.32,89.17,11.87,65.82,15.22,38.16,0.5,31.34,42.62,0.02,0.49,0.1,98.0,Satisfactory
Hyderabad,2016-11-23,62.65,91.64,10.05,51.12,14.74,37.16,0.52,34.96,63.49,0.05,0.85,0.18,124.0,Moderate
Hyderabad,2016-11-24,64.38,95.85,12.59,60.39,19.27,30.2,0.64,31.07,67.2,0.04,0.65,0.31,162.0,Moderate
Hyderabad,2016-11-25,63.41,102.09,10.63,37.87,13.16,23.54,0.59,41.97,50.88,0.02,0.61,0.33,136.0,Moderate
Hyderabad,2016-11-26,52.96,90.29,7.65,8.25,4.6,5.08,0.55,38.34,32.64,0.03,0.44,0.33,109.0,Moderate
Hyderabad,2016-11-27,59.95,98.75,7.69,5.3,4.13,3.64,0.5,48.96,51.89,0.03,0.67,0.4,106.0,Moderate
Hyderabad,2016-11-28,63.92,103.2,7.48,5.31,3.59,4.08,0.49,42.29,57.06,0.02,0.46,0.05,105.0,Moderate
Hyderabad,2016-11-29,55.4,95.5,7.97,27.3,6.7,16.48,0.3,41.03,49.06,0.02,0.36,0.11,113.0,Moderate
Hyderabad,2016-11-30,58.98,95.61,12.12,72.0,14.58,41.11,0.43,37.54,44.92,0.02,0.34,0.19,100.0,Satisfactory
Hyderabad,2016-12-01,58.86,97.97,10.58,54.03,10.45,31.73,0.38,23.1,49.67,0.02,0.15,0.12,103.0,Moderate
Hyderabad,2016-12-02,61.32,101.59,11.19,54.28,5.18,35.72,0.17,35.08,38.95,0.01,0.08,0.03,96.0,Satisfactory
Hyderabad,2016-12-03,57.06,89.69,9.88,38.29,9.69,23.13,0.28,8.7,33.69,0.03,0.04,0.04,112.0,Moderate
Hyderabad,2016-12-04,59.44,94.88,12.66,40.89,14.51,21.32,0.41,20.04,32.84,0.04,0.12,0.05,94.0,Satisfactory
Hyderabad,2016-12-05,66.0,104.04,12.87,46.01,15.87,28.38,0.49,38.17,39.49,0.02,0.35,0.06,112.0,Moderate
Hyderabad,2016-12-06,65.98,100.21,9.11,43.82,11.8,27.81,0.46,39.34,62.06,0.02,0.22,0.05,115.0,Moderate
Hyderabad,2016-12-07,58.07,91.26,10.79,58.31,9.62,28.78,0.32,44.6,47.96,0.01,0.13,0.08,109.0,Moderate
Hyderabad,2016-12-08,60.69,102.1,11.49,64.12,11.6,31.26,0.36,36.91,53.68,0.01,0.18,0.15,110.0,Moderate
Hyderabad,2016-12-09,63.73,106.83,9.61,60.81,12.1,17.46,0.29,30.48,62.7,0.02,0.08,0.22,126.0,Moderate
Hyderabad,2016-12-10,61.83,103.12,11.02,60.63,12.58,24.41,0.38,34.5,54.68,0.02,0.42,0.66,117.0,Moderate
Hyderabad,2016-12-11,61.79,97.38,10.11,68.61,13.47,34.77,0.37,45.32,50.84,0.03,1.08,0.86,104.0,Moderate
Hyderabad,2016-12-12,48.86,104.26,11.21,58.18,11.72,26.45,0.45,46.34,45.44,0.02,0.49,0.13,103.0,Moderate
Hyderabad,2016-12-13,60.56,103.88,10.75,55.27,8.25,30.9,0.26,41.86,37.38,0.01,0.46,0.06,105.0,Moderate
Hyderabad,2016-12-14,44.66,62.82,9.33,27.18,5.73,19.33,0.28,7.84,36.95,0.01,0.05,0.03,82.0,Satisfactory
Hyderabad,2016-12-15,57.33,93.83,22.06,49.45,7.32,26.91,0.25,13.93,27.81,0.02,0.31,0.21,96.0,Satisfactory
Hyderabad,2016-12-16,64.61,96.25,13.66,48.99,7.57,27.7,0.28,33.63,44.11,0.02,0.33,0.02,133.0,Moderate
Hyderabad,2016-12-17,56.65,95.79,18.38,60.92,14.28,31.24,0.47,34.23,40.88,0.05,1.14,0.57,117.0,Moderate
Hyderabad,2016-12-18,54.74,94.68,11.85,62.77,12.93,36.11,0.33,38.49,40.87,0.07,1.32,0.46,96.0,Satisfactory
Hyderabad,2016-12-19,61.36,96.74,10.63,65.8,13.12,31.03,0.32,43.85,46.78,0.03,0.97,0.31,102.0,Moderate
Hyderabad,2016-12-20,60.03,94.81,10.0,67.81,13.49,34.35,0.34,49.63,56.91,0.03,1.02,0.6,117.0,Moderate
Hyderabad,2016-12-21,54.24,95.55,11.18,73.32,14.68,29.32,0.42,45.43,49.4,0.04,1.08,0.9,106.0,Moderate
Hyderabad,2016-12-22,58.12,96.04,8.65,67.71,13.14,42.78,0.36,44.42,49.82,0.07,1.16,1.32,102.0,Moderate
Hyderabad,2016-12-23,60.2,95.54,11.1,67.78,13.76,26.75,0.33,37.44,42.22,0.04,1.07,1.73,101.0,Moderate
Hyderabad,2016-12-24,60.28,103.11,9.82,70.51,16.86,31.14,0.43,31.91,55.7,0.05,1.25,0.65,104.0,Moderate
Hyderabad,2016-12-25,61.28,103.5,8.23,58.82,17.39,19.36,0.51,11.31,63.02,0.03,0.64,0.12,106.0,Moderate
Hyderabad,2016-12-26,53.5,99.82,9.6,55.26,19.56,36.57,0.73,19.3,51.25,0.09,1.31,0.25,106.0,Moderate
Hyderabad,2016-12-27,54.32,92.67,9.02,69.63,25.52,34.58,0.74,42.58,49.14,0.2,3.11,1.5,95.0,Satisfactory
Hyderabad,2016-12-28,62.67,101.25,10.89,73.53,16.43,35.44,0.45,39.57,74.29,0.07,1.55,0.52,160.0,Moderate
Hyderabad,2016-12-29,60.05,98.82,9.38,58.31,14.69,24.76,0.48,10.11,57.89,0.04,0.69,0.92,124.0,Moderate
Hyderabad,2016-12-30,61.49,104.8,9.17,49.74,10.35,25.35,0.37,15.23,80.55,0.03,0.48,0.36,160.0,Moderate
Hyderabad,2016-12-31,61.98,110.38,7.84,40.04,8.45,18.5,0.28,6.27,83.19,0.03,0.23,0.04,173.0,Moderate
Lucknow,2015-01-01,,,2.11,13.46,4.57,,12.15,169.57,25.92,1.35,3.93,,,
Lucknow,2015-01-02,,,2.37,10.76,3.8,,14.0,169.46,21.66,1.97,5.74,,,
Lucknow,2015-01-03,,,2.27,12.43,4.22,,12.78,169.77,22.4,1.83,4.76,,,
Lucknow,2015-01-04,,,2.24,12.46,4.22,,11.85,169.56,21.41,2.27,4.77,,,
Lucknow,2015-01-05,,,2.32,12.27,4.22,,13.34,169.48,20.6,2.49,4.78,,,
Lucknow,2015-01-06,,,2.33,12.91,4.3,,14.21,178.63,21.49,2.93,4.6,,,
Lucknow,2015-01-07,,,2.68,17.12,4.64,,11.24,169.0,23.67,2.92,3.82,,,
Lucknow,2015-01-08,,,4.19,24.45,3.97,,12.68,169.0,19.69,3.01,5.38,,,
Lucknow,2015-01-09,,,4.27,24.74,3.13,,13.99,182.39,21.73,2.52,4.78,,,
Lucknow,2015-01-10,,,4.02,20.67,4.05,,14.06,174.58,27.36,2.55,4.98,,,
Lucknow,2015-01-11,,,3.53,18.77,4.22,,15.69,178.93,27.51,2.49,4.78,,,
Lucknow,2015-01-12,,,3.09,17.52,4.22,,16.47,176.44,26.69,2.52,4.78,,,
Lucknow,2015-01-13,,,3.39,15.84,5.15,,11.81,187.02,30.22,2.18,2.62,,,
Lucknow,2015-01-14,,,2.89,15.26,4.7,,12.86,42.93,34.77,2.19,4.77,,,
Lucknow,2015-01-15,,,2.44,8.73,5.06,,11.83,,36.26,1.63,2.79,,,
Lucknow,2015-01-16,,,1.78,8.72,3.47,,12.02,,47.81,2.33,5.74,,,
Lucknow,2015-01-17,,,2.15,5.4,4.3,,10.27,87.87,34.72,2.02,4.54,,,
Lucknow,2015-01-18,,,1.99,4.89,4.72,,9.54,,26.07,1.92,4.17,,,
Lucknow,2015-01-19,,,3.38,8.14,4.22,,13.28,,31.2,2.15,4.76,,,
Lucknow,2015-01-20,,,4.07,11.63,4.22,,14.09,,33.76,2.14,4.57,,,
Lucknow,2015-01-21,,,16.81,19.67,4.22,,13.49,,25.41,2.77,3.87,,,
Lucknow,2015-01-22,,,13.04,17.07,3.72,,8.3,141.76,34.07,2.71,4.72,,,
Lucknow,2015-01-23,,,5.72,15.33,3.3,,8.56,,49.69,2.71,5.35,,,
Lucknow,2015-01-24,,,4.61,12.79,3.8,,6.83,,45.87,2.47,4.42,,,
Lucknow,2015-01-25,,,3.78,10.64,3.05,,12.66,,58.79,2.79,5.73,,,
Lucknow,2015-01-26,,,6.83,13.62,4.05,,9.29,,33.98,2.52,4.0,,,
Lucknow,2015-01-27,,,6.68,20.12,3.61,,9.94,,31.3,2.68,4.86,,,
Lucknow,2015-01-28,,,3.06,28.51,3.13,,7.78,,47.82,2.83,5.75,,,
Lucknow,2015-01-29,,,2.42,21.54,2.21,,12.85,,56.81,3.14,7.29,,,
Lucknow,2015-01-30,,,2.36,16.56,2.21,,14.92,,57.77,3.1,7.21,,,
Lucknow,2015-01-31,,,6.4,18.36,3.96,,11.48,,43.57,2.65,4.17,,,
Lucknow,2015-02-01,,,7.43,20.19,4.3,,13.58,70.12,33.27,2.55,3.59,,,
Lucknow,2015-02-02,,,3.08,18.3,3.13,,15.41,,46.3,2.78,5.61,,,
Lucknow,2015-02-03,,,3.71,14.16,4.14,,15.62,,35.58,2.36,3.79,,,
Lucknow,2015-02-04,,,4.32,13.12,3.13,,13.67,,33.45,2.79,5.57,,,
Lucknow,2015-02-05,,,3.55,14.52,4.47,,11.85,,29.48,2.41,3.08,,,
Lucknow,2015-02-06,,,3.22,19.2,4.04,,11.35,,48.74,2.53,4.04,,,
Lucknow,2015-02-07,,,10.55,31.35,5.15,,13.95,,35.46,2.92,4.02,,,
Lucknow,2015-02-08,,,7.23,33.06,4.22,,14.63,,27.08,2.67,3.87,,,
Lucknow,2015-02-09,,,5.69,33.45,4.22,,17.17,,34.11,2.55,3.87,,,
Lucknow,2015-02-10,,,4.28,17.01,4.22,,11.44,132.63,39.29,2.47,3.77,,,
Lucknow,2015-02-11,,,6.41,28.63,4.22,,16.55,179.18,42.61,2.62,3.82,,,
Lucknow,2015-02-12,,,6.18,33.18,4.14,,14.85,103.59,41.16,2.65,4.01,,,
Lucknow,2015-02-13,,,3.63,16.65,6.06,,7.77,180.85,39.1,2.1,2.59,,,
Lucknow,2015-02-14,,,6.27,35.7,4.46,,17.62,,29.49,2.67,3.88,,,
Lucknow,2015-02-15,,,3.3,21.52,4.05,,14.7,159.23,43.28,2.45,4.03,,,
Lucknow,2015-02-16,,,4.27,26.65,4.22,,16.0,106.44,32.19,2.51,3.78,,,
Lucknow,2015-02-17,,,4.05,25.15,4.22,,12.28,,27.74,2.47,3.76,,,
Lucknow,2015-02-18,,,4.38,28.35,4.22,,11.87,58.62,30.65,2.56,3.8,,,
Lucknow,2015-02-19,,,4.5,29.61,4.47,,16.37,113.63,25.96,2.65,3.37,,,
Lucknow,2015-02-20,,,4.33,18.41,5.14,,5.26,,16.19,2.38,2.08,,,
Lucknow,2015-02-21,,,4.61,26.09,3.61,,12.09,,27.47,2.88,4.87,,,
Lucknow,2015-02-22,,,4.26,20.97,4.22,,11.84,,28.7,2.65,3.73,,,
Lucknow,2015-02-23,,,5.42,27.46,4.22,,16.84,,23.22,2.89,3.8,,,
Lucknow,2015-02-24,,,6.31,28.73,4.22,,12.48,,22.18,2.84,3.83,,,
Lucknow,2015-02-25,,,6.59,18.02,4.72,,13.42,,18.1,2.72,2.81,,,
Lucknow,2015-02-26,,,4.59,10.35,6.24,,6.12,,11.27,1.79,0.07,,,
Lucknow,2015-02-27,,,7.11,11.42,6.24,,17.65,,11.22,2.22,0.09,,,
Lucknow,2015-02-28,,,7.26,13.83,5.4,,11.21,,15.43,2.24,1.69,,,
Lucknow,2015-03-01,,,7.85,16.82,4.39,,10.28,124.96,15.09,2.25,3.25,,,
Lucknow,2015-03-02,,,11.15,27.26,6.16,,12.16,,10.79,1.62,0.35,,,
Lucknow,2015-03-03,,,9.09,21.85,4.81,,9.62,,16.56,2.12,2.69,,,
Lucknow,2015-03-04,,,8.02,12.38,3.55,,10.53,,24.78,2.63,4.79,,,
Lucknow,2015-03-05,,,10.04,20.08,4.37,,11.83,,27.25,2.47,3.6,,,
Lucknow,2015-03-06,,,9.78,19.54,4.99,,11.58,,28.29,2.29,3.01,,,
Lucknow,2015-03-07,,,13.33,21.08,4.22,,11.55,,26.71,2.61,3.61,,,
Lucknow,2015-03-08,,,10.8,19.58,4.39,,12.21,167.19,22.09,2.48,3.6,,,
Lucknow,2015-03-09,,,8.47,19.51,4.22,,14.47,,27.1,2.43,3.66,,,
Lucknow,2015-03-10,,,7.67,22.78,4.22,,8.9,20.83,31.41,2.46,3.71,,,
Lucknow,2015-03-11,,,7.81,24.66,4.22,,10.51,11.61,34.98,2.5,3.74,,,
Lucknow,2015-03-12,,,8.63,25.05,4.39,,8.6,11.68,30.95,2.48,3.41,,,
Lucknow,2015-03-13,,,11.1,26.42,5.31,,2.31,14.02,20.87,2.14,1.69,,,
Lucknow,2015-03-14,,,8.81,24.89,4.64,,1.99,13.47,24.91,2.32,2.97,,,
Lucknow,2015-03-15,,,7.44,18.44,4.3,,2.13,9.43,13.24,2.33,3.48,,,
Lucknow,2015-03-16,,,14.42,28.15,5.06,,2.12,9.6,18.75,2.4,2.38,,,
Lucknow,2015-03-17,,,12.59,28.12,5.23,,2.23,11.79,14.84,2.21,1.92,,,
Lucknow,2015-03-18,,,7.23,21.83,4.3,,2.24,9.74,46.65,2.36,3.55,,,
Lucknow,2015-03-19,,,7.34,22.57,4.22,,2.26,10.15,64.24,2.44,3.71,,,
Lucknow,2015-03-20,742.67,,8.14,24.78,4.22,,2.19,10.73,66.8,2.53,3.73,,,
Lucknow,2015-03-21,518.1,,8.47,25.91,4.22,,2.05,10.99,59.02,2.56,3.75,,607.0,Severe
Lucknow,2015-03-22,674.43,,7.26,22.05,4.22,,2.13,11.33,11.61,2.43,3.69,,707.0,Severe
Lucknow,2015-03-23,41.71,,8.14,23.95,4.47,,2.33,10.59,14.01,2.4,3.38,,699.0,Severe
Lucknow,2015-03-24,63.06,,11.18,26.69,4.3,,2.3,13.25,24.94,2.66,3.6,,108.0,Moderate
Lucknow,2015-03-25,50.6,,23.82,39.66,4.83,,2.29,14.75,23.06,3.15,3.08,,111.0,Moderate
Lucknow,2015-03-26,55.31,,18.4,33.29,4.22,,2.4,13.48,26.74,3.16,3.83,,116.0,Moderate
Lucknow,2015-03-27,60.99,,8.08,25.41,4.22,,2.13,11.27,26.71,2.53,3.74,,104.0,Moderate
Lucknow,2015-03-28,58.69,,13.96,27.05,4.22,,2.16,11.94,26.76,2.82,3.76,,114.0,Moderate
Lucknow,2015-03-29,56.07,,8.47,25.32,4.9,,2.24,13.86,26.77,2.55,3.74,,124.0,Moderate
Lucknow,2015-03-30,53.07,,5.24,18.07,6.71,,1.76,7.49,32.13,2.68,5.04,,113.0,Moderate
Lucknow,2015-03-31,40.51,,10.66,25.01,15.09,,2.36,11.17,18.76,1.99,1.7,,104.0,Moderate
Lucknow,2015-04-01,60.06,,10.92,22.11,4.77,,2.17,12.14,27.28,2.56,3.66,,124.0,Moderate
Lucknow,2015-04-02,59.78,,15.1,23.79,4.98,,2.66,12.63,27.54,2.8,3.67,,157.0,Moderate
Lucknow,2015-04-03,75.52,,11.98,27.25,5.65,,2.37,13.38,22.52,2.06,1.82,,122.0,Moderate
Lucknow,2015-04-04,41.71,,8.84,22.35,4.3,,1.99,12.6,25.81,2.35,3.48,,144.0,Moderate
Lucknow,2015-04-05,50.51,,9.11,23.39,4.22,,1.97,10.93,26.59,2.44,3.69,,123.0,Moderate
Lucknow,2015-04-06,37.74,,10.77,27.38,4.64,,2.15,10.73,23.46,2.38,2.95,,114.0,Moderate
Lucknow,2015-04-07,49.06,,16.02,31.87,4.47,,2.17,12.01,24.7,2.79,3.29,,120.0,Moderate
Lucknow,2015-04-08,36.35,,10.65,28.02,4.64,,2.36,14.49,26.18,2.54,3.53,,117.0,Moderate
Lucknow,2015-04-09,37.09,,6.94,22.89,4.14,,2.23,10.67,26.64,2.46,3.69,,104.0,Moderate
Lucknow,2015-04-10,48.37,,8.11,25.37,4.22,,2.21,13.69,26.09,2.56,3.72,,108.0,Moderate
Lucknow,2015-04-11,63.86,,10.62,31.48,4.22,,2.45,24.19,25.95,2.78,3.8,,114.0,Moderate
Lucknow,2015-04-12,54.17,,10.22,23.58,5.06,,2.35,11.24,20.51,2.19,2.24,,134.0,Moderate
Lucknow,2015-04-13,44.54,,13.87,29.51,6.16,,2.25,10.94,11.56,1.78,0.21,,103.0,Moderate
Lucknow,2015-04-14,45.94,,19.27,32.21,6.24,,2.26,12.54,11.41,2.06,0.08,,103.0,Moderate
Lucknow,2015-04-15,44.87,,14.5,30.76,6.24,,2.28,15.35,11.57,1.81,0.07,,104.0,Moderate
Lucknow,2015-04-16,47.12,,17.18,33.17,5.65,,2.93,11.25,16.45,2.26,1.29,,104.0,Moderate
Lucknow,2015-04-17,43.82,,10.33,23.53,3.63,,2.09,8.84,29.6,2.68,4.77,,103.0,Moderate
Lucknow,2015-04-18,44.13,,10.12,27.93,4.12,,1.63,7.51,26.97,2.45,3.93,,,
Lucknow,2015-04-19,43.04,,12.47,23.35,4.4,,3.21,21.52,25.29,2.61,3.34,,105.0,Moderate
Lucknow,2015-04-20,36.72,,10.37,25.96,4.73,,3.25,16.62,22.79,2.28,3.16,,167.0,Moderate
Lucknow,2015-04-21,44.07,,11.1,31.36,2.21,,2.06,16.35,34.5,3.11,7.62,,122.0,Moderate
Lucknow,2015-04-22,32.86,,16.59,17.77,5.11,,2.37,17.14,21.25,3.7,4.51,,133.0,Moderate
Lucknow,2015-04-23,50.1,,6.4,24.3,4.22,,2.28,37.56,29.22,4.28,4.19,,102.0,Moderate
Lucknow,2015-04-24,44.39,,2.88,16.54,4.22,,2.23,35.52,26.23,3.57,4.69,,113.0,Moderate
Lucknow,2015-04-25,39.98,,4.04,12.56,5.65,,2.75,42.87,19.56,3.57,3.39,,160.0,Moderate
Lucknow,2015-04-26,44.83,,3.59,10.99,4.95,,2.04,45.84,21.32,3.52,3.78,,105.0,Moderate
Lucknow,2015-04-27,46.26,,3.54,15.12,4.34,,2.0,21.77,25.28,3.56,4.49,,104.0,Moderate
Lucknow,2015-04-28,42.06,,3.6,13.56,4.72,,2.38,10.34,23.73,3.51,4.36,,111.0,Moderate
Lucknow,2015-04-29,34.93,,3.19,16.37,4.22,,2.44,8.87,25.91,3.1,2.97,,110.0,Moderate
Lucknow,2015-04-30,46.02,,3.59,14.83,4.83,,2.15,15.07,26.25,2.54,1.35,,109.0,Moderate
Lucknow,2015-05-01,105.39,,3.97,12.12,4.98,,2.28,11.31,16.26,2.62,1.39,,162.0,Moderate
Lucknow,2015-05-02,49.21,,3.82,14.35,4.47,,2.26,13.08,32.57,2.26,1.24,,175.0,Moderate
Lucknow,2015-05-03,42.74,,3.68,20.79,4.22,,2.36,14.72,39.37,2.11,1.17,,133.0,Moderate
Lucknow,2015-05-04,44.41,,3.76,25.14,6.13,,2.32,15.75,31.8,1.79,1.03,,118.0,Moderate
Lucknow,2015-05-05,33.52,,3.9,22.69,5.6,,2.48,13.58,15.89,2.12,1.17,,119.0,Moderate
Lucknow,2015-05-06,29.95,,3.63,16.42,4.72,,2.39,11.79,19.7,2.14,1.18,,114.0,Moderate
Lucknow,2015-05-07,29.69,,2.92,16.32,4.3,,2.19,11.86,43.82,2.05,1.31,,115.0,Moderate
Lucknow,2015-05-08,28.56,,1.68,14.08,3.97,,2.43,11.19,42.55,1.61,1.53,,148.0,Moderate
Lucknow,2015-05-09,28.45,,1.47,13.6,3.63,,3.25,12.45,48.76,0.93,0.92,,176.0,Moderate
Lucknow,2015-05-10,32.08,,3.17,19.08,4.47,,2.95,9.7,41.08,1.69,1.59,,150.0,Moderate
Lucknow,2015-05-11,36.26,,2.51,18.29,4.22,,2.91,20.09,47.42,1.94,1.82,,163.0,Moderate
Lucknow,2015-05-12,29.07,,1.41,12.68,4.47,,2.65,7.57,49.44,1.31,1.24,,138.0,Moderate
Lucknow,2015-05-13,32.94,,1.67,13.9,4.22,,2.25,8.7,39.97,1.37,1.3,,119.0,Moderate
Lucknow,2015-05-14,33.4,,1.58,13.48,4.22,,2.14,9.08,44.04,1.32,1.26,,112.0,Moderate
Lucknow,2015-05-15,28.85,,1.75,12.03,4.22,,2.24,8.33,59.35,1.15,1.11,,119.0,Moderate
Lucknow,2015-05-16,36.88,,2.81,13.78,4.61,,2.11,11.43,57.8,2.09,1.95,,118.0,Moderate
Lucknow,2015-05-17,36.01,,2.65,12.87,5.06,,2.14,10.25,53.5,1.69,1.6,,127.0,Moderate
Lucknow,2015-05-18,34.55,,2.75,13.04,4.51,,3.38,9.65,62.24,1.54,1.46,,169.0,Moderate
Lucknow,2015-05-19,34.76,,2.34,10.78,4.7,,1.97,13.1,57.99,1.73,1.63,,118.0,Moderate
Lucknow,2015-05-20,32.51,,2.57,11.77,4.22,,2.23,9.19,21.09,1.24,1.18,,106.0,Moderate
Lucknow,2015-05-21,42.98,,2.54,12.15,4.22,,2.94,14.66,17.09,1.93,1.81,,115.0,Moderate
Lucknow,2015-05-22,34.6,,2.52,12.48,4.39,,4.1,15.98,24.44,1.35,1.28,,187.0,Moderate
Lucknow,2015-05-23,46.62,,6.14,14.1,3.63,,3.04,20.47,29.18,2.09,2.01,,135.0,Moderate
Lucknow,2015-05-24,39.74,,3.34,11.67,3.55,,2.21,15.78,28.93,1.44,1.41,,125.0,Moderate
Lucknow,2015-05-25,45.86,,2.54,10.83,4.65,,2.61,23.05,29.77,3.74,3.45,,128.0,Moderate
Lucknow,2015-05-26,39.79,,3.71,11.18,5.24,,2.99,14.2,29.3,1.31,1.13,,136.0,Moderate
Lucknow,2015-05-27,39.79,,2.44,10.08,6.15,,4.89,16.28,30.02,2.23,0.86,,163.0,Moderate
Lucknow,2015-05-28,40.78,,2.43,11.21,3.75,,2.81,14.27,28.75,0.82,1.18,,127.0,Moderate
Lucknow,2015-05-29,56.01,,3.57,11.77,3.8,,2.76,19.4,28.77,5.33,4.9,,127.0,Moderate
Lucknow,2015-05-30,41.14,,3.18,12.7,3.8,,2.42,13.56,27.8,1.1,1.09,,198.0,Moderate
Lucknow,2015-05-31,25.56,,5.11,16.47,4.14,,2.24,11.13,29.71,2.08,1.93,,107.0,Moderate
Lucknow,2015-06-01,23.1,,2.94,10.86,4.98,,2.47,9.28,39.34,1.82,1.68,,112.0,Moderate
Lucknow,2015-06-02,44.99,,2.13,10.87,4.22,,2.46,13.14,43.93,2.29,2.14,,116.0,Moderate
Lucknow,2015-06-03,71.26,,3.94,15.29,4.48,,2.43,7.48,43.95,0.94,0.93,,189.0,Moderate
Lucknow,2015-06-04,61.85,,2.7,12.77,4.22,,2.59,7.77,43.57,1.18,1.09,,198.0,Moderate
Lucknow,2015-06-05,77.49,,2.32,11.71,4.22,,2.93,15.39,43.72,2.71,2.49,,203.0,Poor
Lucknow,2015-06-06,76.8,,2.47,10.79,4.47,,2.1,14.44,44.27,2.77,2.57,,193.0,Moderate
Lucknow,2015-06-07,70.64,,4.99,9.95,6.24,,2.29,9.9,39.97,1.49,1.38,,191.0,Moderate
Lucknow,2015-06-08,78.15,,7.2,11.42,6.24,,2.99,11.68,41.26,2.14,1.95,,211.0,Poor
Lucknow,2015-06-09,53.52,,4.87,13.08,4.89,,2.23,9.38,41.7,1.34,1.12,,161.0,Moderate
Lucknow,2015-06-10,52.4,,2.04,11.27,4.13,,3.33,10.6,42.61,1.75,1.61,,217.0,Poor
Lucknow,2015-06-11,53.19,,1.99,11.98,4.15,,2.06,10.69,44.75,0.75,0.9,,119.0,Moderate
Lucknow,2015-06-12,47.72,,1.61,12.5,3.49,,2.06,6.47,53.5,0.63,0.7,,139.0,Moderate
Lucknow,2015-06-13,52.73,,1.54,11.89,3.29,,1.89,8.09,55.64,0.13,0.22,,106.0,Moderate
Lucknow,2015-06-14,42.28,,0.91,12.6,2.21,,1.53,7.83,55.76,0.07,0.15,,101.0,Moderate
Lucknow,2015-06-15,97.19,,1.0,14.6,2.21,,3.3,9.43,54.35,0.09,0.18,,229.0,Poor
Lucknow,2015-06-16,95.8,,1.84,13.26,3.48,,3.9,9.41,56.31,0.09,0.18,,270.0,Poor
Lucknow,2015-06-17,32.33,,2.56,10.69,4.76,,1.84,16.53,57.49,0.17,0.34,,103.0,Moderate
Lucknow,2015-06-18,34.61,,2.27,10.34,4.22,,2.46,10.54,57.06,0.11,0.21,,94.0,Satisfactory
Lucknow,2015-06-19,37.29,,2.05,11.97,4.22,,2.17,18.63,60.81,0.18,0.37,,102.0,Moderate
Lucknow,2015-06-20,123.5,,2.13,8.84,4.46,,5.77,17.75,57.42,0.17,0.35,,104.0,Moderate
Lucknow,2015-06-21,38.13,,1.71,8.89,3.78,,11.69,10.35,56.98,0.11,0.21,,218.0,Poor
Lucknow,2015-06-22,64.33,,1.87,9.11,4.22,,3.71,10.52,56.85,0.1,0.21,,159.0,Moderate
Lucknow,2015-06-23,71.33,,1.85,9.33,3.88,,1.26,13.09,56.85,0.1,0.19,,157.0,Moderate
Lucknow,2015-06-24,35.56,,2.18,8.92,6.01,,2.34,11.06,57.24,0.11,0.22,,132.0,Moderate
Lucknow,2015-06-25,37.82,,2.21,8.84,5.44,,1.57,11.23,45.13,0.11,0.22,,70.0,Satisfactory
Lucknow,2015-06-26,35.19,,2.01,9.24,3.97,,2.66,11.25,24.84,0.11,0.22,,188.0,Moderate
Lucknow,2015-06-27,19.15,,2.14,9.31,4.22,,10.18,9.73,24.37,0.1,0.19,,167.0,Moderate
Lucknow,2015-06-28,18.09,,2.07,8.72,4.14,,1.32,12.89,24.63,0.13,0.25,,59.0,Satisfactory
Lucknow,2015-06-29,17.86,,2.32,8.78,4.14,,1.02,9.9,24.55,0.11,0.19,,51.0,Satisfactory
Lucknow,2015-06-30,17.81,,2.62,9.11,4.22,,7.09,15.69,24.65,0.15,0.31,,131.0,Moderate
Lucknow,2015-07-01,19.69,,3.1,8.54,4.47,,1.39,11.34,24.12,0.11,0.22,,95.0,Satisfactory
Lucknow,2015-07-02,23.32,,2.95,8.82,5.15,,1.42,13.63,23.83,0.14,0.27,,80.0,Satisfactory
Lucknow,2015-07-03,18.64,,3.17,11.83,4.22,,1.42,12.53,25.73,0.12,0.25,,75.0,Satisfactory
Lucknow,2015-07-04,19.77,,2.4,9.48,4.39,,2.88,12.44,25.9,0.12,0.24,,115.0,Moderate
Lucknow,2015-07-05,21.85,,2.53,9.41,4.81,,4.15,17.99,25.57,0.18,0.36,,152.0,Moderate
Lucknow,2015-07-06,27.82,,2.44,15.94,4.3,,10.51,9.22,25.93,0.09,0.18,,153.0,Moderate
Lucknow,2015-07-07,18.85,,2.31,8.53,4.22,,7.36,13.94,26.08,0.14,0.27,,210.0,Poor
Lucknow,2015-07-08,18.47,,2.21,8.56,4.3,,9.11,10.63,25.11,0.11,0.21,,112.0,Moderate
Lucknow,2015-07-09,20.98,,2.67,7.95,4.81,,1.82,10.76,24.07,0.11,0.21,,65.0,Satisfactory
Lucknow,2015-07-10,21.6,,2.5,8.15,4.44,,2.42,12.16,24.9,0.12,0.24,,80.0,Satisfactory
Lucknow,2015-07-11,29.6,,2.03,7.8,4.13,,5.38,10.03,25.25,0.1,0.2,,112.0,Moderate
Lucknow,2015-07-12,,,,,,,4.27,6.69,,0.06,0.12,,47.0,Good
Lucknow,2015-07-13,35.26,,12.05,8.15,3.22,,2.56,9.39,39.11,0.48,0.97,,,
Lucknow,2015-07-14,37.85,,9.59,8.59,4.98,,6.37,10.0,26.84,0.1,0.2,,205.0,Poor
Lucknow,2015-07-15,34.86,,5.27,9.73,4.22,,7.03,9.6,29.54,0.09,0.19,,149.0,Moderate
Lucknow,2015-07-16,24.42,,4.87,9.61,4.22,,7.86,10.29,29.33,0.1,0.2,,136.0,Moderate
Lucknow,2015-07-17,23.99,,3.17,7.74,4.22,,7.65,9.23,29.38,0.09,0.18,,133.0,Moderate
Lucknow,2015-07-18,24.5,,3.17,8.83,4.14,,8.74,9.92,29.94,0.1,0.19,,123.0,Moderate
Lucknow,2015-07-19,25.45,,3.46,9.37,4.22,,8.99,9.19,30.2,0.09,0.18,,120.0,Moderate
Lucknow,2015-07-20,25.49,,3.05,9.44,4.57,,9.61,8.63,29.08,0.08,0.17,,165.0,Moderate
Lucknow,2015-07-21,24.02,,2.48,8.93,4.22,,6.72,10.03,28.94,0.1,0.19,,136.0,Moderate
Lucknow,2015-07-22,30.2,,2.19,7.73,4.22,,2.17,9.56,29.38,0.09,0.18,,97.0,Satisfactory
Lucknow,2015-07-23,62.19,,10.15,12.36,4.22,,2.1,9.24,29.04,0.09,0.18,,141.0,Moderate
Lucknow,2015-07-24,52.39,,4.39,9.08,4.56,,2.34,10.72,30.29,0.11,0.21,,156.0,Moderate
Lucknow,2015-07-25,49.34,,4.7,12.14,4.47,,1.97,9.09,24.92,0.09,0.18,,139.0,Moderate
Lucknow,2015-07-26,35.5,,3.74,7.94,5.23,,2.76,13.01,21.02,0.13,0.26,,127.0,Moderate
Lucknow,2015-07-27,44.01,,5.43,6.4,5.31,,6.47,11.03,19.89,0.11,0.22,,116.0,Moderate
Lucknow,2015-07-28,51.09,,13.67,12.94,4.3,,2.38,9.42,26.09,0.09,0.19,,139.0,Moderate
Lucknow,2015-07-29,43.47,,3.07,7.81,4.3,,3.16,10.44,30.68,0.11,0.21,,139.0,Moderate
Lucknow,2015-07-30,41.28,,3.14,7.26,4.22,,2.15,11.25,27.57,0.11,0.22,,136.0,Moderate
Lucknow,2015-07-31,48.46,,4.06,7.82,4.22,,2.2,15.24,30.32,0.15,0.3,,104.0,Moderate
Lucknow,2015-08-01,48.58,,3.64,7.87,4.22,,6.96,6.8,34.52,0.07,0.13,,194.0,Moderate
Lucknow,2015-08-02,49.0,,3.26,8.32,4.22,,1.24,6.7,33.49,0.07,0.13,,105.0,Moderate
Lucknow,2015-08-03,43.58,,3.53,7.52,4.47,,1.32,9.06,33.51,0.09,0.18,,86.0,Satisfactory
Lucknow,2015-08-04,51.67,,3.55,8.02,4.64,,1.3,9.63,29.36,0.09,0.19,,99.0,Satisfactory
Lucknow,2015-08-05,46.36,,3.23,7.47,4.22,,1.5,10.32,26.69,0.12,0.23,,118.0,Moderate
Lucknow,2015-08-06,55.45,,2.62,7.19,3.72,,1.51,11.31,28.24,0.11,0.22,,107.0,Moderate
Lucknow,2015-08-07,43.3,,3.02,8.39,4.64,,1.24,10.8,17.7,0.11,0.21,,110.0,Moderate
Lucknow,2015-08-08,44.99,,4.2,8.44,4.56,,4.03,8.14,14.84,0.09,0.16,,142.0,Moderate
Lucknow,2015-08-09,68.06,,4.93,8.81,4.22,,1.34,9.49,10.72,0.1,0.2,,101.0,Moderate
Lucknow,2015-08-10,63.08,,12.6,9.44,4.22,,1.26,8.72,10.7,0.08,0.17,,150.0,Moderate
Lucknow,2015-08-11,50.4,,4.13,8.13,4.3,,1.98,7.4,12.55,0.07,0.14,,175.0,Moderate
Lucknow,2015-08-12,34.61,,8.78,9.57,4.22,,1.36,8.21,16.36,0.09,0.17,,78.0,Satisfactory
Lucknow,2015-08-13,57.71,,3.28,8.88,4.72,,1.37,9.39,17.04,0.13,0.19,,119.0,Moderate
Lucknow,2015-08-14,30.81,,3.86,7.99,6.24,,1.5,12.65,19.8,0.13,0.25,,83.0,Satisfactory
Lucknow,2015-08-15,32.36,,3.76,9.07,6.24,,1.39,15.15,20.69,0.15,0.3,,82.0,Satisfactory
Lucknow,2015-08-16,32.23,,5.21,7.63,6.24,,1.52,16.56,18.66,0.17,0.33,,94.0,Satisfactory
Lucknow,2015-08-17,31.72,,4.89,7.54,6.24,,1.4,13.12,19.63,0.13,0.26,,84.0,Satisfactory
Lucknow,2015-08-18,31.98,,4.47,8.21,6.24,,1.99,14.88,19.79,0.15,0.31,,140.0,Moderate
Lucknow,2015-08-19,33.01,,4.25,9.09,6.24,,1.58,13.65,21.1,0.14,0.27,,103.0,Moderate
Lucknow,2015-08-20,34.33,,4.21,9.36,6.07,,1.87,14.61,20.57,0.15,0.3,,80.0,Satisfactory
Lucknow,2015-08-21,21.08,,17.59,10.27,4.22,,1.51,8.69,21.76,0.14,0.22,,75.0,Satisfactory
Lucknow,2015-08-22,40.93,,4.21,8.53,4.41,,1.4,9.07,19.81,0.14,0.29,,78.0,Satisfactory
Lucknow,2015-08-23,43.9,,4.87,8.32,4.3,,1.32,7.68,19.74,0.12,0.23,,77.0,Satisfactory
Lucknow,2015-08-24,56.57,,5.7,8.03,4.3,,1.38,7.67,20.14,0.12,0.24,,82.0,Satisfactory
Lucknow,2015-08-25,46.62,,3.58,8.26,4.22,,1.2,7.47,21.09,0.11,0.22,,158.0,Moderate
Lucknow,2015-08-26,45.44,,4.09,8.5,4.22,,1.2,6.67,19.86,0.11,0.21,,75.0,Satisfactory
Lucknow,2015-08-27,40.47,,6.41,8.71,4.22,,1.95,8.71,33.11,0.1,0.21,,106.0,Moderate
Lucknow,2015-08-28,44.58,,4.29,11.77,4.22,,1.24,7.98,57.38,0.12,0.25,,105.0,Moderate
Lucknow,2015-08-29,42.75,,5.64,11.37,3.88,,1.38,8.39,41.24,0.13,0.26,,82.0,Satisfactory
Lucknow,2015-08-30,46.2,,5.57,9.23,3.78,,1.4,9.94,40.33,0.16,0.28,,89.0,Satisfactory
Lucknow,2015-08-31,45.17,,5.83,7.36,4.22,,1.32,10.23,41.17,0.14,0.2,,94.0,Satisfactory
Lucknow,2015-09-01,46.76,,6.0,7.21,4.22,,1.26,6.86,42.08,0.13,0.16,,80.0,Satisfactory
Lucknow,2015-09-02,47.64,,6.12,7.64,4.22,,1.34,8.18,39.54,0.14,0.18,,86.0,Satisfactory
Lucknow,2015-09-03,52.43,,5.71,8.46,4.3,,1.34,8.18,33.81,0.14,0.18,,107.0,Moderate
Lucknow,2015-09-04,57.1,,4.51,8.64,4.22,,1.42,8.3,33.35,0.15,0.19,,113.0,Moderate
Lucknow,2015-09-05,51.36,,5.57,10.81,4.64,,1.48,9.86,26.45,0.14,0.21,,108.0,Moderate
Lucknow,2015-09-06,62.46,,4.58,11.82,4.3,,1.47,10.01,19.49,0.14,0.2,,117.0,Moderate
Lucknow,2015-09-07,57.19,,4.5,10.96,4.22,,1.29,8.22,15.24,0.14,0.18,,114.0,Moderate
Lucknow,2015-09-08,66.99,,4.32,9.99,4.22,,1.45,9.24,11.43,0.15,0.2,,143.0,Moderate
Lucknow,2015-09-09,66.88,,5.19,9.82,4.22,,1.4,6.78,13.45,0.14,0.17,,151.0,Moderate
Lucknow,2015-09-10,62.73,,6.37,9.76,4.47,,1.3,10.45,18.61,0.15,0.21,,132.0,Moderate
Lucknow,2015-09-11,65.64,,5.5,12.2,4.05,,1.67,11.42,16.67,0.2,0.27,,148.0,Moderate
Lucknow,2015-09-12,72.15,,5.13,9.92,4.3,,1.55,8.9,12.37,0.51,0.44,,149.0,Moderate
Lucknow,2015-09-13,68.23,,4.89,9.36,4.3,,2.47,8.66,11.04,0.14,0.2,,232.0,Poor
Lucknow,2015-09-14,66.15,,4.95,9.69,4.22,,1.61,10.2,11.49,0.17,0.24,,154.0,Moderate
Lucknow,2015-09-15,71.73,,6.01,9.83,4.28,,1.53,8.61,20.31,0.16,0.2,,171.0,Moderate
Lucknow,2015-09-16,64.24,,6.28,13.09,4.22,,1.38,8.12,34.96,0.12,0.21,,152.0,Moderate
Lucknow,2015-09-17,66.17,,7.9,31.55,4.22,,1.49,11.76,38.06,0.13,0.38,,145.0,Moderate
Lucknow,2015-09-18,64.64,,7.03,21.08,4.22,,1.65,6.88,58.73,2.04,3.76,,160.0,Moderate
Lucknow,2015-09-19,70.56,,4.84,10.97,4.22,,1.32,6.92,59.26,0.12,0.23,,154.0,Moderate
Lucknow,2015-09-20,74.68,,4.57,10.38,4.22,,1.95,9.75,30.49,0.17,0.34,,196.0,Moderate
Lucknow,2015-09-21,28.82,,4.78,6.75,4.22,,1.39,7.41,13.21,0.94,1.04,,130.0,Moderate
Lucknow,2015-09-22,28.26,,4.18,5.87,3.72,,1.62,2.54,14.26,2.65,2.65,,90.0,Satisfactory
Lucknow,2015-09-23,39.66,,1.77,6.08,2.21,,1.52,1.23,18.51,1.17,1.17,,91.0,Satisfactory
Lucknow,2015-09-24,48.54,,2.51,4.55,2.21,,1.44,2.2,31.76,2.2,2.2,,85.0,Satisfactory
Lucknow,2015-09-25,49.65,,2.52,4.54,2.21,,1.43,1.61,32.62,1.61,1.61,,91.0,Satisfactory
Lucknow,2015-09-26,42.27,,2.47,4.6,2.21,,1.61,2.1,32.05,2.1,2.1,,86.0,Satisfactory
Lucknow,2015-09-27,49.92,,2.24,5.08,2.21,,1.49,1.84,32.05,1.84,1.84,,89.0,Satisfactory
Lucknow,2015-09-28,63.28,,2.02,5.27,2.21,,1.75,3.18,31.91,3.18,3.18,,101.0,Moderate
Lucknow,2015-09-29,51.42,,1.27,7.1,2.21,,1.41,2.21,31.63,0.93,0.89,,116.0,Moderate
Lucknow,2015-09-30,47.21,,1.41,8.34,2.21,,5.68,2.26,36.79,0.2,0.14,,223.0,Poor
Lucknow,2015-10-01,47.78,,1.2,9.97,2.21,,18.45,2.72,40.12,0.25,0.16,,244.0,Poor
Lucknow,2015-10-02,54.13,,1.31,9.75,2.21,,12.16,1.9,40.06,0.17,0.11,,143.0,Moderate
Lucknow,2015-10-03,60.88,,15.66,14.19,4.66,,3.44,3.67,36.79,0.33,0.22,,220.0,Poor
Lucknow,2015-10-04,65.59,,11.5,17.08,4.89,,1.19,2.63,34.11,0.44,0.29,,154.0,Moderate
Lucknow,2015-10-05,59.33,,4.16,7.63,4.22,,0.33,5.19,42.54,0.37,0.25,,118.0,Moderate
Lucknow,2015-10-06,34.68,,3.73,6.72,4.22,,12.5,7.2,47.45,,,,148.0,Moderate
Lucknow,2015-10-07,53.63,,12.82,10.14,4.22,,5.89,6.39,46.48,,,,100.0,Satisfactory
Lucknow,2015-10-08,68.67,,10.39,22.65,4.22,,9.97,4.54,36.18,9.54,9.54,,183.0,Moderate
Lucknow,2015-10-09,57.76,,9.86,24.06,4.22,,18.63,7.64,45.53,5.89,5.84,,228.0,Poor
Lucknow,2015-10-10,44.58,,17.34,19.22,4.3,,5.54,5.18,36.33,3.69,3.68,,171.0,Moderate
Lucknow,2015-10-11,28.45,,17.76,10.31,4.22,,15.74,4.51,39.51,0.42,0.41,,191.0,Moderate
Lucknow,2015-10-12,70.75,,3.65,9.63,4.22,,2.58,4.92,31.79,0.14,0.05,,156.0,Moderate
Lucknow,2015-10-13,72.43,,11.06,7.7,3.88,,1.66,4.51,49.76,0.21,0.16,,146.0,Moderate
Lucknow,2015-10-14,73.52,,9.6,4.09,3.22,,1.56,4.62,48.78,0.23,0.18,,164.0,Moderate
Lucknow,2015-10-15,82.39,,3.09,3.77,4.22,,7.73,6.83,46.97,0.39,0.31,,240.0,Poor
Lucknow,2015-10-16,95.47,,11.88,15.55,3.55,,1.62,3.68,40.67,0.35,0.27,,188.0,Moderate
Lucknow,2015-10-17,112.56,,4.97,3.45,3.77,,1.61,2.73,52.04,,,,230.0,Poor
Lucknow,2015-10-18,133.81,,3.01,4.48,3.16,,1.59,3.49,71.97,,,,267.0,Poor
Lucknow,2015-10-19,133.94,,2.55,7.6,4.22,,2.51,3.81,67.42,3.77,3.26,,231.0,Poor
Lucknow,2015-10-20,188.69,,16.41,7.78,4.22,,1.74,4.39,69.65,,,,323.0,Very Poor
Lucknow,2015-10-21,185.78,,7.95,6.24,4.36,,1.52,5.33,63.32,,,,334.0,Very Poor
Lucknow,2015-10-22,166.1,,12.73,10.89,4.22,,1.88,6.46,61.79,,,,324.0,Very Poor
Lucknow,2015-10-23,120.87,,16.85,24.63,4.05,,1.62,6.16,54.26,,,,253.0,Poor
Lucknow,2015-10-24,155.09,,28.27,43.54,3.47,,5.07,5.95,69.01,,,,331.0,Very Poor
Lucknow,2015-10-25,162.6,,11.96,28.63,4.22,,5.99,3.98,51.08,,,,345.0,Very Poor
Lucknow,2015-10-26,190.97,,22.35,32.94,4.14,,2.49,4.95,56.56,,,,340.0,Very Poor
Lucknow,2015-10-27,192.37,,35.79,39.5,4.9,,2.01,4.81,42.39,,,,365.0,Very Poor
Lucknow,2015-10-28,156.6,,33.88,31.43,4.14,,1.56,4.94,20.85,,,,345.0,Very Poor
Lucknow,2015-10-29,123.29,,9.34,15.4,4.22,,9.56,3.03,26.72,,,,341.0,Very Poor
Lucknow,2015-10-30,123.44,,15.19,16.92,4.22,,8.69,5.91,32.81,,,,319.0,Very Poor
Lucknow,2015-10-31,140.75,,24.02,29.73,4.22,,2.39,6.41,36.74,,,,305.0,Very Poor
Lucknow,2015-11-01,154.01,,14.6,25.19,4.81,,2.36,4.65,38.51,,,,329.0,Very Poor
Lucknow,2015-11-02,162.51,,19.1,34.31,4.3,,1.8,6.14,41.41,,,,328.0,Very Poor
Lucknow,2015-11-03,147.9,,12.9,32.52,4.22,,1.8,6.72,45.5,,,,329.0,Very Poor
Lucknow,2015-11-04,205.62,,20.32,34.75,4.22,,4.74,7.71,53.97,,,,356.0,Very Poor
Lucknow,2015-11-05,187.6,,16.48,28.61,4.22,,4.16,5.66,51.48,,,,389.0,Very Poor
Lucknow,2015-11-06,127.49,,12.14,24.22,4.22,,7.24,5.23,37.04,,,,321.0,Very Poor
Lucknow,2015-11-07,192.7,,24.97,32.98,4.22,,2.25,7.36,40.66,,,,333.0,Very Poor
Lucknow,2015-11-08,186.9,,14.18,28.81,4.22,,1.96,5.76,41.52,,,,361.0,Very Poor
Lucknow,2015-11-09,143.47,,22.4,32.0,4.22,,2.85,9.47,45.57,,,,264.0,Poor
Lucknow,2015-11-10,247.11,,23.01,31.56,4.22,,2.32,8.86,44.27,,,,288.0,Poor
Lucknow,2015-11-11,325.72,,9.27,22.08,4.47,,1.64,9.08,55.03,,,,427.0,Severe
Lucknow,2015-11-12,344.93,,10.86,21.89,5.45,,1.38,13.5,65.32,,,,472.0,Severe
Lucknow,2015-11-13,333.82,,11.07,21.3,4.22,,1.73,10.95,66.83,,,,482.0,Severe
Lucknow,2015-11-14,384.4,,11.63,22.72,4.22,,4.46,10.23,61.83,,,,486.0,Severe
Lucknow,2015-11-15,306.59,,11.42,19.84,8.33,,1.26,7.89,63.49,,,,478.0,Severe
Lucknow,2015-11-16,258.7,,13.15,20.43,4.22,,2.31,11.45,50.15,,,,409.0,Severe
Lucknow,2015-11-17,226.73,,12.32,19.15,4.22,,3.61,7.88,42.69,,,,402.0,Severe
Lucknow,2015-11-18,217.75,,7.2,20.83,4.22,,1.78,11.18,55.94,,,,365.0,Very Poor
Lucknow,2015-11-19,264.18,,8.22,21.42,4.22,,3.75,8.47,44.63,,,,395.0,Very Poor
Lucknow,2015-11-20,305.64,,14.04,17.38,4.22,,5.99,6.8,51.15,,,,450.0,Severe
Lucknow,2015-11-21,268.78,,10.64,18.37,4.81,,2.77,7.68,49.03,,,,422.0,Severe
Lucknow,2015-11-22,302.85,,21.43,16.83,4.3,,3.01,9.69,47.17,,,,443.0,Severe
Lucknow,2015-11-23,281.45,,22.68,14.84,4.22,,2.92,8.37,43.9,,,,427.0,Severe
Lucknow,2015-11-24,287.55,,18.46,15.51,4.05,,7.74,5.21,29.16,,,,420.0,Severe
Lucknow,2015-11-25,243.68,,12.27,18.58,4.22,,3.2,4.87,37.37,,,,427.0,Severe
Lucknow,2015-11-26,234.54,,18.65,20.79,3.38,,17.43,6.77,26.6,,,,410.0,Severe
Lucknow,2015-11-27,320.88,,11.79,19.83,4.81,,1.94,4.07,28.0,,,,443.0,Severe
Lucknow,2015-11-28,327.45,,15.93,59.08,5.06,,5.2,3.16,44.59,,,,466.0,Severe
Lucknow,2015-11-29,226.18,,21.55,16.61,4.22,,16.09,4.02,39.68,,,,424.0,Severe
Lucknow,2015-11-30,246.37,,26.38,16.73,4.22,,5.53,5.16,39.11,,,,387.0,Very Poor
Lucknow,2015-12-01,213.96,,39.31,70.48,4.22,,4.08,4.42,35.2,,,,417.0,Severe
Lucknow,2015-12-02,60.54,,9.9,63.58,5.06,,1.86,3.76,20.36,,,,239.0,Poor
Lucknow,2015-12-03,196.55,,4.82,33.38,4.22,,1.52,3.57,45.18,,,,259.0,Poor
Lucknow,2015-12-04,245.14,,5.03,36.25,4.29,,2.88,4.61,50.81,,,,381.0,Very Poor
Lucknow,2015-12-05,358.43,,20.06,35.22,4.38,,3.09,6.64,44.22,,,,452.0,Severe
Lucknow,2015-12-06,371.89,,24.04,40.73,4.47,,3.52,6.34,43.58,,,,508.0,Severe
Lucknow,2015-12-07,506.04,,42.6,48.17,4.47,,5.1,7.33,36.68,,,,508.0,Severe
Lucknow,2015-12-08,467.37,,15.39,20.77,6.16,,2.01,4.92,45.27,37.16,67.55,,584.0,Severe
Lucknow,2015-12-09,385.13,,71.62,18.69,6.24,,2.77,11.19,47.33,18.77,50.32,,532.0,Severe
Lucknow,2015-12-10,384.13,,64.39,27.29,5.82,,2.38,6.2,52.64,0.55,1.05,,510.0,Severe
Lucknow,2015-12-11,240.85,,22.85,36.73,6.27,,2.43,4.12,39.65,0.19,0.16,,426.0,Severe
Lucknow,2015-12-12,343.82,,14.17,31.23,6.56,,1.81,4.27,36.36,18.66,47.45,,455.0,Severe
Lucknow,2015-12-13,245.71,,9.59,20.29,4.22,,1.39,4.49,41.23,7.77,22.08,,418.0,Severe
Lucknow,2015-12-14,269.97,,14.06,8.73,4.22,,1.69,5.02,41.6,5.99,17.61,,421.0,Severe
Lucknow,2015-12-15,206.35,,15.78,8.79,4.22,,1.99,5.53,48.63,5.21,19.67,,372.0,Very Poor
Lucknow,2015-12-16,207.43,,18.92,9.44,3.8,,3.12,5.86,55.09,14.38,39.01,,377.0,Very Poor
Lucknow,2015-12-17,174.5,,15.73,11.88,4.22,,3.41,5.02,49.4,16.16,40.56,,344.0,Very Poor
Lucknow,2015-12-18,171.81,,8.65,9.87,4.22,,1.77,3.35,41.62,7.14,22.1,,339.0,Very Poor
Lucknow,2015-12-19,130.02,,31.42,9.73,4.22,,2.56,4.85,53.82,0.43,1.33,,270.0,Poor
Lucknow,2015-12-20,216.6,,18.61,11.33,4.22,,5.87,4.8,55.72,0.44,1.35,,376.0,Very Poor
Lucknow,2015-12-21,209.5,,20.35,10.65,4.22,,4.66,5.66,55.87,0.36,1.09,,362.0,Very Poor
Lucknow,2015-12-22,263.23,,21.02,11.61,4.22,,3.95,7.0,56.99,0.32,0.95,,381.0,Very Poor
Lucknow,2015-12-23,277.97,,10.47,13.02,4.22,,2.67,5.33,46.88,0.26,0.79,,442.0,Severe
Lucknow,2015-12-24,176.88,,6.39,13.01,4.22,,2.39,4.68,40.87,0.3,0.89,,366.0,Very Poor
Lucknow,2015-12-25,119.88,,5.24,12.53,4.89,,11.6,5.07,48.63,0.43,1.28,,325.0,Very Poor
Lucknow,2015-12-26,143.01,,16.43,12.78,7.22,,5.09,7.73,54.57,0.42,1.27,,291.0,Poor
Lucknow,2015-12-27,145.11,,20.03,11.88,10.93,,1.3,4.23,44.31,0.39,1.16,,332.0,Very Poor
Lucknow,2015-12-28,157.54,,4.92,16.34,6.15,,2.11,5.59,48.38,0.41,1.23,,314.0,Very Poor
Lucknow,2015-12-29,152.87,,2.7,15.2,2.21,,3.77,5.87,50.53,0.41,1.22,,346.0,Very Poor
Lucknow,2015-12-30,162.39,,9.36,18.2,3.92,,2.46,6.0,51.92,0.34,1.02,,324.0,Very Poor
Lucknow,2015-12-31,207.99,,21.55,17.98,3.3,,4.27,8.1,50.82,0.21,0.63,,359.0,Very Poor
Lucknow,2016-01-01,203.43,,11.64,13.27,2.68,,3.4,6.53,38.97,0.23,0.69,,375.0,Very Poor
Lucknow,2016-01-02,188.05,,7.22,14.56,3.37,,2.49,4.82,40.81,0.23,0.69,,366.0,Very Poor
Lucknow,2016-01-03,135.82,,4.57,15.12,2.21,,2.58,5.49,50.04,0.33,0.98,,315.0,Very Poor
Lucknow,2016-01-04,137.98,,8.89,15.24,2.21,,2.95,5.99,61.74,0.33,1.0,,304.0,Very Poor
Lucknow,2016-01-05,137.01,,19.46,13.94,3.15,,4.69,8.53,47.95,0.26,0.78,,313.0,Very Poor
Lucknow,2016-01-06,173.33,,14.07,14.34,4.22,,4.04,6.95,64.96,0.37,1.0,,327.0,Very Poor
Lucknow,2016-01-07,149.68,,7.59,11.58,4.22,,3.46,7.04,77.59,0.3,0.89,,336.0,Very Poor
Lucknow,2016-01-08,155.57,,5.74,10.45,4.22,,2.01,6.77,45.41,2.43,3.26,,318.0,Very Poor
Lucknow,2016-01-09,119.03,,2.87,12.75,3.38,,2.46,4.68,41.17,46.87,46.87,,322.0,Very Poor
Lucknow,2016-01-10,120.45,,3.05,12.88,2.38,,2.31,6.93,51.24,45.09,45.09,,245.0,Poor
Lucknow,2016-01-11,192.61,,6.95,11.88,3.3,,3.39,6.61,38.63,0.34,0.41,,337.0,Very Poor
Lucknow,2016-01-12,237.84,,5.66,10.01,4.39,,2.66,5.8,36.95,0.4,1.01,,376.0,Very Poor
Lucknow,2016-01-13,250.73,,7.72,10.49,3.97,,2.24,7.17,42.9,,,,403.0,Severe
Lucknow,2016-01-14,250.67,,9.21,9.74,2.38,,1.85,6.86,38.05,13.83,14.25,,402.0,Severe
Lucknow,2016-01-15,169.86,,4.67,10.83,3.38,,2.31,8.97,34.72,,,,362.0,Very Poor
Lucknow,2016-01-16,174.76,,2.69,11.94,4.22,,7.15,5.03,30.67,,,,349.0,Very Poor
Lucknow,2016-01-17,168.21,,3.34,11.81,4.3,,2.06,6.02,37.2,,,,338.0,Very Poor
Lucknow,2016-01-18,232.46,,5.09,11.48,4.22,,1.93,7.1,36.08,2.85,3.84,,369.0,Very Poor
Lucknow,2016-01-19,273.85,,3.88,12.37,4.22,,2.51,6.42,17.32,,,,404.0,Severe
Lucknow,2016-01-20,139.7,,2.38,12.38,4.22,,3.1,5.65,30.12,41.94,42.04,,375.0,Very Poor
Lucknow,2016-01-21,166.38,,2.57,12.16,4.22,,3.95,6.09,25.12,20.88,20.88,,330.0,Very Poor
Lucknow,2016-01-22,255.63,,2.5,12.22,4.22,,7.43,6.49,46.69,,,,372.0,Very Poor
Lucknow,2016-01-23,253.71,,5.89,11.06,3.88,,1.37,7.69,21.28,19.5,19.5,,415.0,Severe
Lucknow,2016-01-24,241.9,,11.64,9.29,3.13,,1.88,8.44,28.9,23.34,23.34,,404.0,Severe
Lucknow,2016-01-25,238.8,,9.63,10.09,3.96,,2.42,8.85,39.7,24.05,24.07,,388.0,Very Poor
Lucknow,2016-01-26,248.76,,7.27,9.88,3.55,,1.76,7.45,47.57,,,,404.0,Severe
Lucknow,2016-01-27,212.94,,4.67,11.53,4.22,,1.68,8.48,45.31,5.34,31.09,,372.0,Very Poor
Lucknow,2016-01-28,255.85,,5.38,13.93,4.22,,1.4,7.75,44.62,0.4,3.23,,393.0,Very Poor
Lucknow,2016-01-29,259.11,,7.18,12.09,3.78,,2.02,8.84,47.42,0.19,0.77,,407.0,Severe
Lucknow,2016-01-30,277.66,,4.29,14.85,4.22,,1.61,7.22,39.27,0.13,,,418.0,Severe
Lucknow,2016-01-31,210.94,,3.91,15.64,8.87,,1.53,7.0,38.06,,,,399.0,Very Poor
Lucknow,2016-02-01,151.38,,4.26,14.99,8.81,,1.64,6.69,37.27,,,,337.0,Very Poor
Lucknow,2016-02-02,153.42,,4.02,14.34,4.74,,17.2,7.69,52.05,,,,339.0,Very Poor
Lucknow,2016-02-03,130.88,,4.1,15.06,4.22,,1.87,4.67,71.66,67.52,70.79,,316.0,Very Poor
Lucknow,2016-02-04,115.55,,4.52,14.03,4.3,,2.58,5.24,59.45,,,,252.0,Poor
Lucknow,2016-02-05,178.06,,2.57,13.51,4.05,,1.47,5.55,64.32,,,,315.0,Very Poor
Lucknow,2016-02-06,253.19,,8.98,10.93,4.05,,1.65,6.68,64.37,155.68,157.69,,384.0,Very Poor
Lucknow,2016-02-07,255.81,,7.04,14.19,4.3,,1.3,6.08,54.25,,,,394.0,Very Poor
Lucknow,2016-02-08,290.47,,8.79,16.52,5.15,,1.6,5.96,38.88,,,,420.0,Severe
Lucknow,2016-02-09,206.49,,6.49,13.74,4.22,,1.33,7.04,54.66,167.93,173.07,,394.0,Very Poor
Lucknow,2016-02-10,206.95,,7.2,11.6,4.22,,1.4,7.74,62.94,186.43,210.75,,366.0,Very Poor
Lucknow,2016-02-11,209.99,,5.97,8.03,4.47,,5.16,8.61,51.53,,,,392.0,Very Poor
Lucknow,2016-02-12,168.23,,5.74,13.61,4.22,,7.45,6.23,50.12,,,,377.0,Very Poor
Lucknow,2016-02-13,147.08,,6.05,13.14,4.22,,1.35,6.38,45.07,,,,319.0,Very Poor
Lucknow,2016-02-14,162.7,,6.12,13.6,4.22,,2.54,7.18,56.83,,,,335.0,Very Poor
Lucknow,2016-02-15,171.76,,5.77,13.81,4.22,,1.37,6.96,55.8,0.3,0.41,,330.0,Very Poor
Lucknow,2016-02-16,186.0,,5.96,12.22,4.48,,2.38,10.14,58.94,,,,344.0,Very Poor
Lucknow,2016-02-17,195.12,,6.47,10.89,4.81,,1.68,6.7,57.27,,,,358.0,Very Poor
Lucknow,2016-02-18,112.33,,6.82,16.21,4.3,,1.21,4.71,65.02,0.28,,,320.0,Very Poor
Lucknow,2016-02-19,105.53,,5.16,16.33,4.22,,1.27,4.95,54.73,1.46,1.33,,252.0,Poor
Lucknow,2016-02-20,109.4,,14.9,27.77,3.72,,1.36,4.91,46.03,1.29,0.96,,245.0,Poor
Lucknow,2016-02-21,86.47,,3.75,41.05,2.21,,1.09,3.53,46.49,0.82,0.31,,238.0,Poor
Lucknow,2016-02-22,72.62,,3.43,39.03,3.55,,1.26,4.68,66.08,2.74,4.26,,172.0,Moderate
Lucknow,2016-02-23,94.93,,7.04,39.06,4.22,,1.45,6.18,69.74,4.83,7.28,,190.0,Moderate
Lucknow,2016-02-24,147.59,,19.6,44.96,4.22,,1.69,5.96,53.88,3.66,6.13,,303.0,Very Poor
Lucknow,2016-02-25,151.15,,6.62,35.68,5.13,,1.4,5.65,70.73,3.65,5.23,,322.0,Very Poor
Lucknow,2016-02-26,161.14,,4.75,26.25,4.79,,1.37,5.26,59.13,2.36,3.02,,327.0,Very Poor
Lucknow,2016-02-27,152.14,,6.42,22.59,4.22,,2.14,5.2,44.25,1.22,2.11,,335.0,Very Poor
Lucknow,2016-02-28,155.6,,10.26,19.55,4.39,,1.71,5.45,57.22,0.84,2.27,,323.0,Very Poor
Lucknow,2016-02-29,203.51,,6.48,15.05,4.22,,1.37,3.72,56.33,1.36,2.59,,349.0,Very Poor
Lucknow,2016-03-01,132.24,,3.45,0.97,6.24,,1.36,3.3,70.0,6.46,8.27,,326.0,Very Poor
Lucknow,2016-03-02,166.73,,5.37,12.9,4.6,,1.66,6.16,88.12,2.85,4.02,,314.0,Very Poor
Lucknow,2016-03-03,180.27,,22.84,18.53,4.22,,1.91,6.23,60.42,2.44,2.35,,347.0,Very Poor
Lucknow,2016-03-04,164.73,,9.68,20.65,4.05,,1.47,6.49,54.17,1.11,2.38,,332.0,Very Poor
Lucknow,2016-03-05,182.82,,8.86,13.21,3.55,,1.39,4.61,62.8,0.66,2.47,,337.0,Very Poor
Lucknow,2016-03-06,122.08,,10.23,17.37,4.22,,1.51,3.33,52.64,1.63,3.51,,305.0,Very Poor
Lucknow,2016-03-07,141.32,,12.37,27.7,5.15,,1.37,5.83,51.56,1.33,4.21,,335.0,Very Poor
Lucknow,2016-03-08,79.23,,7.04,15.65,4.22,,1.35,4.45,54.03,0.72,4.33,,228.0,Poor
Lucknow,2016-03-09,106.54,,6.35,12.33,4.22,,1.22,5.24,73.34,0.55,3.01,,229.0,Poor
Lucknow,2016-03-10,87.27,,6.89,24.98,4.22,,1.31,6.1,82.64,0.59,2.22,,220.0,Poor
Lucknow,2016-03-11,110.24,,5.17,46.44,4.22,,1.45,6.24,75.53,0.93,2.86,,243.0,Poor
Lucknow,2016-03-12,85.74,,6.04,39.66,5.75,,1.28,5.13,47.69,0.47,2.24,,229.0,Poor
Lucknow,2016-03-13,59.85,,5.45,33.58,5.47,,1.14,4.58,55.61,0.28,1.13,,140.0,Moderate
Lucknow,2016-03-14,58.33,,13.27,35.99,4.22,,1.8,5.17,48.82,0.59,1.58,,100.0,Satisfactory
Lucknow,2016-03-15,79.82,,16.27,37.32,4.22,,2.15,4.43,41.68,0.64,3.06,,173.0,Moderate
Lucknow,2016-03-16,76.06,,4.59,36.12,4.22,,1.26,4.02,57.35,1.45,2.98,,134.0,Moderate
Lucknow,2016-03-17,67.43,,11.32,37.83,3.88,,5.23,5.6,59.75,0.74,2.1,,194.0,Moderate
Lucknow,2016-03-18,65.14,,21.58,33.51,3.22,,1.55,6.71,54.79,0.64,1.61,,120.0,Moderate
Lucknow,2016-03-19,89.05,,11.94,24.13,4.22,,3.21,6.68,46.87,0.32,2.17,,215.0,Poor
Lucknow,2016-03-20,86.68,,4.62,30.2,4.52,,1.41,6.46,55.92,0.4,3.48,,178.0,Moderate
Lucknow,2016-03-21,91.67,,6.37,38.62,4.25,,1.64,6.05,67.82,0.83,2.55,,194.0,Moderate
Lucknow,2016-03-22,79.28,,24.14,36.03,4.21,,1.28,6.59,74.48,0.95,3.55,,173.0,Moderate
Lucknow,2016-03-23,84.62,,38.05,35.94,4.22,,1.44,7.85,92.24,1.56,3.28,,201.0,Poor
Lucknow,2016-03-24,97.75,,12.76,49.13,4.39,,1.57,7.96,95.29,0.91,3.39,,232.0,Poor
Lucknow,2016-03-25,73.09,,15.45,51.44,4.22,,1.53,8.07,78.65,0.77,1.82,,219.0,Poor
Lucknow,2016-03-26,85.56,,11.91,41.59,4.22,,3.17,6.73,68.96,0.76,2.19,,194.0,Moderate
Lucknow,2016-03-27,64.82,,4.59,32.51,4.22,,1.17,5.25,60.39,0.95,1.28,,188.0,Moderate
Lucknow,2016-03-28,75.89,,6.62,40.51,4.22,,1.94,5.72,65.46,0.96,2.01,,137.0,Moderate
Lucknow,2016-03-29,67.0,,5.68,48.25,4.22,,1.34,8.27,76.87,0.84,1.51,,149.0,Moderate
Lucknow,2016-03-30,76.98,,5.48,49.12,4.22,,1.85,11.71,87.97,0.37,0.67,,186.0,Moderate
Lucknow,2016-03-31,72.23,,5.88,57.98,4.22,,1.38,11.63,75.08,0.36,0.63,,171.0,Moderate
Lucknow,2016-04-01,83.71,,4.13,41.42,4.81,,1.51,10.69,69.45,0.05,0.13,,185.0,Moderate
Lucknow,2016-04-02,79.49,,3.82,2.36,6.24,,1.42,6.26,79.62,0.04,0.07,,165.0,Moderate
Lucknow,2016-04-03,75.75,,15.55,10.04,6.24,,1.45,6.4,76.31,0.04,0.06,,165.0,Moderate
Lucknow,2016-04-04,99.67,,10.97,46.94,4.81,,1.75,6.2,53.42,0.51,1.17,,199.0,Moderate
Lucknow,2016-04-05,117.04,,20.91,57.12,4.22,,1.48,7.63,50.74,0.27,0.53,,253.0,Poor
Lucknow,2016-04-06,99.19,,12.07,46.52,4.53,,1.49,7.84,59.81,0.29,0.28,,248.0,Poor
Lucknow,2016-04-07,82.81,,14.48,54.52,13.68,,1.47,8.56,49.26,0.3,0.21,,218.0,Poor
Lucknow,2016-04-08,101.32,,7.81,50.45,4.73,,1.34,8.25,59.67,0.25,0.13,,191.0,Moderate
Lucknow,2016-04-09,103.59,,5.84,52.17,4.56,,1.17,8.8,68.46,0.83,0.27,,221.0,Poor
Lucknow,2016-04-10,111.2,,8.08,53.1,4.22,,1.31,5.2,69.38,0.26,0.16,,274.0,Poor
Lucknow,2016-04-11,119.16,,9.45,49.47,4.22,,1.36,6.84,78.2,0.35,0.37,,254.0,Poor
Lucknow,2016-04-12,112.53,,14.69,46.78,4.14,,6.04,3.79,85.92,1.38,5.77,,322.0,Very Poor
Lucknow,2016-04-13,110.04,,6.11,49.29,4.14,,1.35,5.24,83.56,1.3,2.03,,258.0,Poor
Lucknow,2016-04-14,119.51,,5.54,66.31,4.22,,1.47,5.48,74.93,1.22,3.25,,302.0,Very Poor
Lucknow,2016-04-15,109.97,,10.17,64.66,4.14,,1.38,5.86,64.14,1.34,5.09,,256.0,Poor
Lucknow,2016-04-16,139.58,,6.32,54.43,4.22,,1.38,6.99,75.74,0.64,0.71,,297.0,Poor
Lucknow,2016-04-17,145.96,,11.41,56.17,3.88,,1.44,6.55,53.57,0.67,0.73,,321.0,Very Poor
Lucknow,2016-04-18,138.17,,9.74,53.53,4.22,,1.59,4.57,32.06,1.39,1.62,,308.0,Very Poor
Lucknow,2016-04-19,105.97,,21.5,74.75,4.14,,1.99,5.6,52.02,2.42,3.43,,293.0,Poor
Lucknow,2016-04-20,90.36,,8.88,58.03,4.3,,1.8,5.47,68.63,1.73,3.54,,239.0,Poor
Lucknow,2016-04-21,86.79,,3.14,40.59,4.22,,1.34,4.81,80.78,1.28,1.94,,175.0,Moderate
Lucknow,2016-04-22,98.82,,3.8,42.45,4.22,,1.33,6.2,73.3,0.79,0.67,,225.0,Poor
Lucknow,2016-04-23,108.68,,3.49,44.97,4.22,,2.86,5.67,78.77,0.82,0.74,,258.0,Poor
Lucknow,2016-04-24,73.52,,3.76,46.08,4.22,,1.36,4.32,94.18,1.34,0.96,,219.0,Poor
Lucknow,2016-04-25,78.87,,4.79,50.39,4.22,,1.53,4.55,77.58,1.23,0.91,,152.0,Moderate
Lucknow,2016-04-26,99.92,,5.89,49.62,4.22,,3.74,5.51,75.72,1.1,0.96,,240.0,Poor
Lucknow,2016-04-27,86.41,,17.98,84.12,9.56,,1.61,4.59,74.05,2.34,2.36,,221.0,Poor
Lucknow,2016-04-28,98.31,,10.04,77.6,12.02,,1.97,9.35,70.92,2.46,4.24,,211.0,Poor
Lucknow,2016-04-29,95.0,,9.63,76.07,4.22,,1.52,9.31,59.39,3.86,5.05,,232.0,Poor
Lucknow,2016-04-30,126.96,,22.24,105.8,4.22,,1.95,6.85,53.71,3.98,5.95,,257.0,Poor
Lucknow,2016-05-01,101.39,,5.08,74.63,4.22,,1.51,8.97,80.96,1.89,4.37,,261.0,Poor
Lucknow,2016-05-02,99.74,,5.41,82.57,4.22,,1.52,9.24,82.62,1.89,4.5,,224.0,Poor
Lucknow,2016-05-03,94.7,,6.45,44.48,4.22,,1.36,6.08,42.27,1.53,3.0,,232.0,Poor
Lucknow,2016-05-04,86.62,,5.47,45.42,4.22,,1.28,5.02,61.22,1.35,1.94,,196.0,Moderate
Lucknow,2016-05-05,70.07,,6.68,47.45,6.95,,1.27,6.92,53.55,0.98,1.18,,175.0,Moderate
Lucknow,2016-05-06,77.91,,10.62,63.46,4.72,,1.53,6.44,58.54,1.08,0.75,,143.0,Moderate
Lucknow,2016-05-07,102.44,,2.91,41.6,4.81,,1.27,7.17,82.58,,,,161.0,Moderate
Lucknow,2016-05-08,81.73,,0.72,39.84,6.24,,1.23,9.14,91.33,3.67,4.8,,234.0,Poor
Lucknow,2016-05-09,77.87,,0.11,55.2,6.24,,1.05,21.09,49.59,3.62,4.21,,170.0,Moderate
Lucknow,2016-05-10,,,,,,,,,,,,,,
Lucknow,2016-05-11,,,,,,,,,,,,,,
Lucknow,2016-05-12,26.7,,8.54,30.61,3.72,,1.23,18.96,149.19,,,,,
Lucknow,2016-05-13,,,,,,,,,,,,,,
Lucknow,2016-05-14,,,,,,,,,,,,,,
Lucknow,2016-05-15,,,,,,,,,,,,,,
Lucknow,2016-05-16,,,,,,,,,,,,,,
Lucknow,2016-05-17,,,,,,,,,,,,,,
Lucknow,2016-05-18,,,,,,,,,,,,,,
Lucknow,2016-05-19,,,,,,,,,,,,,,
Lucknow,2016-05-20,,,,,,,,,,,,,,
Lucknow,2016-05-21,,,,,,,,,,,,,,
Lucknow,2016-05-22,,,,,,,,,,,,,,
Lucknow,2016-05-23,,,,,,,,,,,,,,
Lucknow,2016-05-24,,,,,,,,,,,,,,
Lucknow,2016-05-25,,,,,,,,,,,,,,
Lucknow,2016-05-26,64.1,,8.02,37.91,4.05,,1.41,10.21,52.22,4.0,0.96,,,
Lucknow,2016-05-27,118.85,,9.83,46.4,4.22,,1.68,7.31,42.15,2.62,1.15,,240.0,Poor
Lucknow,2016-05-28,163.59,,5.58,39.84,4.3,,2.7,9.65,51.68,1.66,2.19,,192.0,Moderate
Lucknow,2016-05-29,46.87,,4.77,43.08,4.4,,1.97,4.37,47.25,1.42,3.09,,329.0,Very Poor
Lucknow,2016-05-30,55.2,,6.68,27.6,3.8,,1.8,5.74,43.01,1.84,2.49,,106.0,Moderate
Lucknow,2016-05-31,77.29,,13.97,52.8,4.22,,2.37,8.54,30.08,1.7,3.02,,207.0,Poor
Lucknow,2016-06-01,138.37,,9.84,27.15,3.72,,1.55,6.91,37.68,2.09,2.03,,207.0,Poor
Lucknow,2016-06-02,143.4,,7.82,12.32,2.21,,5.57,12.52,24.82,3.08,0.62,,330.0,Very Poor
Lucknow,2016-06-03,42.82,,5.51,5.97,2.21,,1.3,6.35,61.81,2.77,0.91,,442.0,Severe
Lucknow,2016-06-04,60.66,,5.86,6.38,2.21,,1.05,5.96,15.95,2.84,0.86,,,
Lucknow,2016-06-05,45.28,,5.98,6.36,2.21,,1.04,5.56,56.86,1.76,0.77,,106.0,Moderate
Lucknow,2016-06-06,65.55,,5.07,5.79,2.21,,1.33,5.63,48.36,1.97,0.66,,106.0,Moderate
Lucknow,2016-06-07,45.09,,5.48,6.3,2.21,,1.77,6.0,52.59,2.21,0.88,,124.0,Moderate
Lucknow,2016-06-08,52.68,,5.36,6.36,2.21,,,8.07,47.24,2.34,0.32,,,
Lucknow,2016-06-09,62.91,,5.53,35.56,5.38,,3.47,4.38,79.6,0.74,2.23,,,
Lucknow,2016-06-10,56.17,,8.12,27.61,5.03,,1.24,6.93,66.55,0.63,1.83,,116.0,Moderate
Lucknow,2016-06-11,70.14,,9.46,28.17,4.69,,1.63,6.02,30.91,0.61,1.77,,113.0,Moderate
Lucknow,2016-06-12,94.7,,12.26,45.97,4.89,,1.72,4.99,35.02,0.87,0.42,,185.0,Moderate
Lucknow,2016-06-13,64.0,,7.99,35.9,4.56,,1.36,5.27,38.24,0.9,0.95,,151.0,Moderate
Lucknow,2016-06-14,84.02,,5.72,30.46,5.57,,1.22,4.89,56.89,0.36,0.28,,179.0,Moderate
Lucknow,2016-06-15,64.23,,8.76,38.29,4.22,,2.21,5.65,30.46,0.59,0.58,,144.0,Moderate
Lucknow,2016-06-16,59.3,,6.97,32.5,3.17,,1.12,6.5,28.43,0.96,0.9,,105.0,Moderate
Lucknow,2016-06-17,63.49,,6.89,33.62,3.38,,5.68,5.78,39.51,0.79,0.94,,172.0,Moderate
Lucknow,2016-06-18,94.36,,8.49,36.28,4.14,,1.5,8.33,34.91,0.74,1.01,,121.0,Moderate
Lucknow,2016-06-19,246.56,,7.27,27.47,4.14,,1.15,5.53,33.97,0.53,1.09,,308.0,Very Poor
Lucknow,2016-06-20,59.89,,7.11,29.41,4.22,,1.09,4.81,32.57,0.66,0.94,,203.0,Poor
Lucknow,2016-06-21,151.3,,5.61,37.76,5.82,,1.12,4.28,12.49,0.3,0.87,,244.0,Poor
Lucknow,2016-06-22,35.58,,5.71,47.24,5.54,,1.65,4.25,8.13,0.87,0.75,,141.0,Moderate
Lucknow,2016-06-23,33.78,,6.21,23.23,2.5,,1.52,5.15,26.09,1.74,0.86,,49.0,Good
Lucknow,2016-06-24,25.9,,7.02,30.18,6.24,,,4.17,18.25,,,,46.0,Good
Lucknow,2016-06-25,,,,,,,,,,,,,43.0,Good
Lucknow,2016-06-26,,,,,,,,,,,,,,
Lucknow,2016-06-27,95.89,,3.64,28.02,4.62,,4.1,6.75,29.62,0.44,0.03,,,
Lucknow,2016-06-28,180.93,,3.69,31.37,8.55,,1.26,5.03,29.41,0.57,,,75.0,Satisfactory
Lucknow,2016-06-29,45.45,,8.34,33.81,7.08,,1.01,5.43,17.6,0.65,,,47.0,Good
Lucknow,2016-06-30,89.0,,4.56,31.34,9.45,,2.02,6.95,20.56,1.19,0.32,,59.0,Satisfactory
Lucknow,2016-07-01,53.51,,4.49,26.72,4.22,,1.12,6.38,15.78,0.32,,,181.0,Moderate
Lucknow,2016-07-02,49.41,,5.03,25.36,4.22,,1.18,6.25,18.96,0.28,,,99.0,Satisfactory
Lucknow,2016-07-03,69.19,,7.06,17.43,4.3,,1.17,9.04,18.59,0.33,0.74,,122.0,Moderate
Lucknow,2016-07-04,65.4,,3.67,17.83,4.8,,1.17,6.41,18.14,0.31,,,147.0,Moderate
Lucknow,2016-07-05,48.63,,3.79,26.22,4.81,,1.12,5.53,22.87,0.23,,,,
Lucknow,2016-07-06,76.9,,5.71,14.35,2.29,,1.06,5.59,4.68,0.22,,,151.0,Moderate
Lucknow,2016-07-07,61.42,,11.22,23.6,3.88,,1.63,9.7,12.47,0.44,,,179.0,Moderate
Lucknow,2016-07-08,71.74,,4.57,23.9,4.22,,2.74,5.33,18.89,0.4,,,136.0,Moderate
Lucknow,2016-07-09,54.5,,3.8,28.82,4.22,,1.11,6.25,23.03,0.52,,,160.0,Moderate
Lucknow,2016-07-10,66.78,,3.54,24.47,4.3,,2.25,4.16,23.41,0.68,,,133.0,Moderate
Lucknow,2016-07-11,71.22,,4.98,17.15,2.71,,,5.63,4.41,0.61,,,192.0,Moderate
Lucknow,2016-07-12,87.96,,5.23,15.03,2.21,,1.23,5.74,3.41,0.32,,,177.0,Moderate
Lucknow,2016-07-13,76.73,,6.08,17.17,6.18,,1.1,6.66,7.14,0.42,0.08,,186.0,Moderate
Lucknow,2016-07-14,82.95,,8.22,19.61,13.25,,1.36,6.32,8.81,0.55,,,175.0,Moderate
Lucknow,2016-07-15,67.3,,7.58,17.1,11.12,,1.09,5.66,8.48,0.49,0.08,,164.0,Moderate
Lucknow,2016-07-16,80.77,,7.04,24.37,3.3,,1.14,5.68,17.07,0.56,0.33,,157.0,Moderate
Lucknow,2016-07-17,53.21,,5.77,26.23,4.13,,1.08,5.39,14.14,0.31,0.05,,168.0,Moderate
Lucknow,2016-07-18,28.6,,7.47,25.83,4.22,,1.5,5.37,21.94,0.39,0.06,,67.0,Satisfactory
Lucknow,2016-07-19,31.64,,16.91,32.15,4.33,,2.03,4.84,21.32,0.49,0.12,,62.0,Satisfactory
Lucknow,2016-07-20,35.35,,6.39,21.94,4.44,,1.07,4.95,24.46,0.37,0.08,,72.0,Satisfactory
Lucknow,2016-07-21,27.85,,3.61,22.38,5.23,,1.05,3.75,47.5,0.16,0.08,,52.0,Satisfactory
Lucknow,2016-07-22,28.41,,5.66,28.17,4.22,,1.02,6.12,30.02,0.28,0.08,,,
Lucknow,2016-07-23,21.57,,3.56,18.83,4.22,,5.08,6.46,24.75,0.15,0.04,,68.0,Satisfactory
Lucknow,2016-07-24,30.83,,4.01,25.51,4.8,,,4.37,37.92,0.26,0.19,,,
Lucknow,2016-07-25,37.68,,4.76,24.6,4.32,,1.81,5.56,27.15,0.25,0.23,,63.0,Satisfactory
Lucknow,2016-07-26,28.88,,5.51,12.82,2.21,,2.96,4.97,28.06,0.13,0.07,,56.0,Satisfactory
Lucknow,2016-07-27,31.22,,11.4,18.66,4.65,,3.03,3.93,48.32,0.2,0.06,,,
Lucknow,2016-07-28,17.17,,24.18,25.08,5.69,,,4.94,33.9,0.32,0.04,,47.0,Good
Lucknow,2016-07-29,41.88,,8.02,17.17,6.24,,1.15,9.64,25.12,0.19,0.04,,46.0,Good
Lucknow,2016-07-30,17.7,,2.39,16.99,6.07,,1.04,15.07,33.26,0.29,0.03,,64.0,Satisfactory
Lucknow,2016-07-31,41.89,,2.9,16.52,6.24,,,3.62,19.31,0.12,,,39.0,Good
Lucknow,2016-08-01,46.72,,4.83,20.48,5.23,,1.19,3.94,31.42,0.46,0.04,,,
Lucknow,2016-08-02,99.97,,12.05,17.95,4.22,,8.04,4.86,30.98,0.55,0.03,,191.0,Moderate
Lucknow,2016-08-03,18.79,,13.94,19.46,4.04,,1.15,6.06,37.89,0.31,0.06,,129.0,Moderate
Lucknow,2016-08-04,23.47,,3.11,13.44,3.74,,1.1,2.96,40.23,0.28,0.05,,58.0,Satisfactory
Lucknow,2016-08-05,38.89,,2.17,26.34,3.96,,1.62,3.38,30.99,0.31,0.04,,67.0,Satisfactory
Lucknow,2016-08-06,31.9,,2.63,10.59,4.3,,0.0,3.48,48.88,0.11,0.02,,72.0,Satisfactory
Lucknow,2016-08-07,,,,,4.14,,0.0,,,0.0,0.0,,,
Lucknow,2016-08-08,,,,,4.22,,0.0,,,0.0,0.0,,,
Lucknow,2016-08-09,,,,,4.22,,0.0,,,0.0,0.0,,,
Lucknow,2016-08-10,,,,,4.39,,0.0,,,0.0,0.0,,,
Lucknow,2016-08-11,22.06,,8.09,24.21,8.42,,0.55,6.79,21.24,0.31,0.08,,,
Lucknow,2016-08-12,42.06,,4.27,20.21,6.24,,2.42,5.8,26.36,0.48,0.26,,69.0,Satisfactory
Lucknow,2016-08-13,37.8,,2.62,13.62,6.24,,,5.45,35.9,0.34,0.03,,155.0,Moderate
Lucknow,2016-08-14,44.97,,5.64,15.24,6.24,,1.54,5.54,33.51,0.65,1.37,,109.0,Moderate
Lucknow,2016-08-15,30.92,,13.79,22.15,6.24,,3.61,5.57,25.12,0.82,3.19,,126.0,Moderate
Lucknow,2016-08-16,119.04,,2.65,8.68,,,2.35,6.12,43.86,0.26,0.18,,223.0,Poor
Lucknow,2016-08-17,16.79,,13.29,21.77,,,1.96,4.01,35.27,0.45,0.73,,125.0,Moderate
Lucknow,2016-08-18,16.3,,3.54,11.54,,,1.09,4.69,29.27,0.38,,,72.0,Satisfactory
Lucknow,2016-08-19,18.26,,2.54,9.67,,,1.16,5.4,22.85,0.3,,,53.0,Satisfactory
Lucknow,2016-08-20,21.68,,5.08,15.75,6.24,,1.98,4.35,26.53,0.66,0.52,,51.0,Satisfactory
Lucknow,2016-08-21,21.64,,5.02,16.3,,,9.89,5.78,21.66,0.34,0.3,,125.0,Moderate
Lucknow,2016-08-22,22.27,,4.3,16.84,,,2.78,6.08,15.09,0.18,1.16,,69.0,Satisfactory
Lucknow,2016-08-23,20.59,,1.92,12.05,,,,4.15,17.73,0.14,0.15,,52.0,Satisfactory
Lucknow,2016-08-24,29.38,,13.19,23.54,6.24,,1.22,2.56,17.51,0.51,0.31,,49.0,Good
Lucknow,2016-08-25,60.75,,5.75,23.63,6.24,,1.33,1.9,31.2,0.59,11.17,,78.0,Satisfactory
Lucknow,2016-08-26,43.91,,2.95,17.78,,,1.16,1.67,29.99,0.6,16.84,,91.0,Satisfactory
Lucknow,2016-08-27,32.56,,1.82,12.76,,,1.91,1.84,43.01,1.02,6.8,,96.0,Satisfactory
Lucknow,2016-08-28,40.9,,3.23,15.78,,,1.41,1.79,32.45,0.48,,,85.0,Satisfactory
Lucknow,2016-08-29,59.7,,14.83,32.1,,,1.55,2.9,39.05,0.54,,,110.0,Moderate
Lucknow,2016-08-30,46.78,,18.56,34.22,,,1.25,1.27,23.67,0.46,,,97.0,Satisfactory
Lucknow,2016-08-31,22.25,,6.23,18.85,,,1.26,1.88,23.46,0.37,,,59.0,Satisfactory
Lucknow,2016-09-01,30.06,,3.78,22.34,,,1.19,1.45,35.93,0.51,,,92.0,Satisfactory
Lucknow,2016-09-02,39.09,,3.3,22.75,,,1.22,1.68,25.89,0.51,,,71.0,Satisfactory
Lucknow,2016-09-03,52.59,,2.22,27.45,,,1.3,1.59,38.42,0.76,,,89.0,Satisfactory
Lucknow,2016-09-04,41.44,,2.01,25.43,,,1.41,1.51,39.37,0.47,,,93.0,Satisfactory
Lucknow,2016-09-05,35.94,,5.22,23.35,,,1.52,1.48,37.02,0.63,,,85.0,Satisfactory
Lucknow,2016-09-06,38.71,,6.11,25.44,,,1.24,1.93,41.12,0.54,,,87.0,Satisfactory
Lucknow,2016-09-07,45.48,,4.81,21.88,,,1.29,1.82,35.45,0.6,,,76.0,Satisfactory
Lucknow,2016-09-08,63.59,,4.92,37.1,,,4.71,2.04,42.43,0.58,,,136.0,Moderate
Lucknow,2016-09-09,67.75,,3.12,44.96,,,1.16,1.81,45.89,0.56,,,129.0,Moderate
Lucknow,2016-09-10,54.84,,2.86,49.57,,,1.04,2.9,43.95,0.62,,,109.0,Moderate
Lucknow,2016-09-11,50.96,,3.97,32.46,6.24,,1.06,4.02,48.05,0.44,,,115.0,Moderate
Lucknow,2016-09-12,51.27,,5.81,21.9,6.24,,1.2,3.33,50.31,0.3,1.56,,123.0,Moderate
Lucknow,2016-09-13,28.89,,8.92,13.71,6.24,,2.18,2.97,30.61,0.44,,,102.0,Moderate
Lucknow,2016-09-14,21.04,,10.14,17.45,6.24,,2.34,3.91,24.85,0.4,1.04,,91.0,Satisfactory
Lucknow,2016-09-15,25.22,,27.84,19.81,6.24,,3.62,4.92,25.32,0.42,0.6,,125.0,Moderate
Lucknow,2016-09-16,45.14,,20.7,22.41,6.24,,1.77,4.55,24.9,0.33,0.19,,135.0,Moderate
Lucknow,2016-09-17,23.79,,19.93,24.01,6.24,,5.69,5.72,20.87,0.23,0.62,,138.0,Moderate
Lucknow,2016-09-18,36.25,,12.56,31.16,,,1.37,5.94,13.6,0.75,,,62.0,Satisfactory
Lucknow,2016-09-19,55.18,,13.83,26.15,,,1.84,7.16,20.33,0.53,0.25,,89.0,Satisfactory
Lucknow,2016-09-20,192.52,,20.39,31.96,,,2.27,7.5,23.4,0.47,0.15,,284.0,Poor
Lucknow,2016-09-21,36.62,,3.86,24.82,,,8.61,4.54,25.26,0.15,0.13,,191.0,Moderate
Lucknow,2016-09-22,17.39,,2.16,15.27,,,,4.82,24.12,0.13,0.1,,44.0,Good
Lucknow,2016-09-23,28.4,,3.37,25.35,,,9.49,5.08,17.49,0.2,0.07,,100.0,Satisfactory
Lucknow,2016-09-24,17.35,,2.51,20.01,,,3.29,4.92,24.59,0.12,0.58,,73.0,Satisfactory
Lucknow,2016-09-25,11.39,,2.48,14.24,6.24,,32.22,6.08,15.14,0.08,0.48,,154.0,Moderate
Lucknow,2016-09-26,16.44,,4.16,13.81,6.24,,1.86,4.9,14.28,0.16,1.21,,48.0,Good
Lucknow,2016-09-27,29.35,,10.36,12.62,6.24,,1.94,5.25,17.63,0.38,0.3,,85.0,Satisfactory
Lucknow,2016-09-28,36.11,,10.32,14.55,6.24,,1.81,5.51,17.84,0.53,0.13,,96.0,Satisfactory
Lucknow,2016-09-29,26.86,,4.92,14.36,6.24,,1.72,3.63,16.5,0.26,0.16,,75.0,Satisfactory
Lucknow,2016-09-30,37.28,,5.72,18.13,6.24,,1.32,3.77,24.91,0.42,0.03,,74.0,Satisfactory
Lucknow,2016-10-01,60.08,,3.83,16.2,6.24,,1.36,2.47,28.42,0.48,0.26,,90.0,Satisfactory
Lucknow,2016-10-02,59.63,,3.39,29.33,,,1.45,2.72,26.65,0.54,,,110.0,Moderate
Lucknow,2016-10-03,55.53,,9.37,30.87,,,1.4,4.18,23.14,0.45,0.19,,104.0,Moderate
Lucknow,2016-10-04,54.69,,8.36,27.75,6.24,,1.4,3.15,24.69,0.44,0.08,,94.0,Satisfactory
Lucknow,2016-10-05,63.44,,13.13,35.31,6.24,,1.61,3.72,21.37,0.61,8.42,,127.0,Moderate
Lucknow,2016-10-06,32.21,,19.58,36.03,6.24,,1.63,4.25,28.72,0.3,3.8,,97.0,Satisfactory
Lucknow,2016-10-07,60.85,,11.95,40.89,11.19,,1.59,4.13,26.41,0.42,1.7,,95.0,Satisfactory
Lucknow,2016-10-08,81.43,,13.48,38.01,,,1.55,4.36,24.18,0.51,1.67,,178.0,Moderate
Lucknow,2016-10-09,47.15,,3.55,23.52,,,1.39,4.94,24.64,0.34,1.01,,98.0,Satisfactory
Lucknow,2016-10-10,89.92,,7.24,35.56,,,1.44,4.56,17.18,0.51,0.94,,142.0,Moderate
Lucknow,2016-10-11,111.37,,3.19,42.49,,,1.43,5.8,23.73,0.53,3.65,,223.0,Poor
Lucknow,2016-10-12,125.86,,2.23,41.1,,,1.48,6.21,36.75,1.03,2.01,,301.0,Very Poor
Lucknow,2016-10-13,108.06,,6.33,57.39,,,1.63,6.88,33.27,1.16,2.66,,265.0,Poor
Lucknow,2016-10-14,113.77,,25.62,67.74,,,2.02,8.49,33.33,1.0,2.62,,244.0,Poor
Lucknow,2016-10-15,141.57,,49.68,93.07,,,2.35,9.34,49.32,2.15,3.47,,312.0,Very Poor
Lucknow,2016-10-16,172.85,,84.99,93.99,,,2.8,8.12,39.03,2.36,3.08,,333.0,Very Poor
Lucknow,2016-10-17,175.18,,36.54,67.34,46.41,,2.01,9.56,52.93,1.51,2.98,,349.0,Very Poor
Lucknow,2016-10-18,147.37,,35.77,60.78,22.93,,2.02,7.84,78.91,1.21,3.79,,326.0,Very Poor
Lucknow,2016-10-19,134.61,,68.75,67.39,8.96,,2.56,9.43,38.45,1.48,3.8,,322.0,Very Poor
Lucknow,2016-10-20,142.65,,37.32,60.91,6.24,,2.16,8.57,26.96,1.2,3.36,,310.0,Very Poor
Lucknow,2016-10-21,126.14,,21.03,62.02,6.24,,1.98,9.19,22.17,1.13,3.22,,317.0,Very Poor
Lucknow,2016-10-22,85.04,,25.84,52.25,6.24,,1.74,7.3,24.0,1.08,3.01,,222.0,Poor
Lucknow,2016-10-23,123.78,,30.56,65.88,6.24,,1.82,7.56,29.44,1.27,3.32,,200.0,Moderate
Lucknow,2016-10-24,141.16,,6.48,58.26,6.24,,1.88,9.65,37.6,1.34,3.99,,323.0,Very Poor
Lucknow,2016-10-25,130.7,,13.52,67.37,6.24,,1.89,21.12,32.71,1.36,4.11,,292.0,Poor
Lucknow,2016-10-26,120.82,,26.54,56.94,6.24,,1.81,26.69,33.65,1.39,2.32,,302.0,Very Poor
Lucknow,2016-10-27,139.8,,62.83,70.97,6.24,,2.93,20.23,38.51,0.89,4.36,,305.0,Very Poor
Lucknow,2016-10-28,141.16,,73.74,67.32,6.24,,2.79,9.46,41.48,0.6,2.75,,308.0,Very Poor
Lucknow,2016-10-29,189.77,,64.66,95.0,6.24,,2.07,11.37,51.61,2.02,1.63,,341.0,Very Poor
Lucknow,2016-10-30,238.17,,26.13,70.32,6.24,,1.71,11.44,28.86,1.12,0.84,,357.0,Very Poor
Lucknow,2016-10-31,431.69,,41.9,62.38,6.24,,1.89,22.13,25.35,1.74,3.82,,509.0,Severe
Lucknow,2016-11-01,243.78,,31.32,56.84,6.24,,2.24,10.23,32.19,1.52,3.77,,448.0,Severe
Lucknow,2016-11-02,153.13,,54.95,52.36,6.24,,5.05,8.73,22.07,1.7,3.69,,359.0,Very Poor
Lucknow,2016-11-03,152.95,,89.05,65.56,6.24,,2.51,9.66,16.92,1.72,3.97,,299.0,Poor
Lucknow,2016-11-04,139.46,,72.32,68.03,6.24,,2.48,9.22,16.54,1.81,4.18,,301.0,Very Poor
Lucknow,2016-11-05,159.87,,34.06,68.85,,,2.33,10.59,28.57,2.27,3.95,,280.0,Poor
Lucknow,2016-11-06,411.23,,15.53,69.86,,,1.72,11.56,30.82,2.06,4.09,,450.0,Severe
Lucknow,2016-11-07,495.65,,32.1,74.57,,,1.93,13.19,23.07,2.43,6.99,,526.0,Severe
Lucknow,2016-11-08,499.06,,52.95,75.44,,,1.66,12.0,45.86,2.82,8.59,,604.0,Severe
Lucknow,2016-11-09,345.54,,58.36,63.08,,,3.15,10.5,40.58,2.82,8.02,,568.0,Severe
Lucknow,2016-11-10,290.26,,34.28,69.81,6.24,,1.65,6.03,41.28,4.23,11.18,,398.0,Very Poor
Lucknow,2016-11-11,305.4,,94.14,98.34,6.24,,5.76,4.69,38.3,3.14,11.02,,450.0,Severe
Lucknow,2016-11-12,214.41,,110.74,121.8,6.24,,3.14,4.07,39.62,2.31,7.16,,390.0,Very Poor
Lucknow,2016-11-13,133.9,,81.27,71.31,6.24,,3.55,2.78,46.12,2.28,5.87,,311.0,Very Poor
Lucknow,2016-11-14,116.66,,38.08,69.78,6.24,,3.22,2.98,49.91,2.26,5.56,,272.0,Poor
Lucknow,2016-11-15,128.79,,99.32,80.58,6.24,,2.87,4.91,51.18,2.28,6.04,,236.0,Poor
Lucknow,2016-11-16,149.73,,42.22,78.27,15.59,,3.02,6.8,55.53,1.92,4.89,,312.0,Very Poor
Lucknow,2016-11-17,206.45,,6.45,71.35,12.03,,0.41,7.19,75.67,1.21,3.58,,346.0,Very Poor
Lucknow,2016-11-18,251.32,,5.51,77.78,9.11,,0.6,2.95,71.42,2.0,3.65,,394.0,Very Poor
Lucknow,2016-11-19,331.04,,74.46,88.03,6.24,,2.89,4.25,70.68,2.47,7.71,,423.0,Severe
Lucknow,2016-11-20,314.46,,120.65,108.12,6.24,,3.26,7.18,48.85,9.29,21.33,,487.0,Severe
Lucknow,2016-11-21,244.33,,54.96,92.85,6.24,,2.05,6.9,62.79,8.76,21.46,,416.0,Severe
Lucknow,2016-11-22,179.82,,7.0,72.6,6.24,,1.73,3.88,83.59,3.77,9.59,,369.0,Very Poor
Lucknow,2016-11-23,152.49,,7.7,70.17,6.24,,1.17,4.13,62.75,2.56,7.99,,329.0,Very Poor
Lucknow,2016-11-24,193.96,,5.44,69.22,6.24,,1.61,5.65,64.29,3.36,8.82,,343.0,Very Poor
Lucknow,2016-11-25,183.51,,6.19,65.28,6.24,,1.12,4.71,102.91,3.44,8.67,,359.0,Very Poor
Lucknow,2016-11-26,188.38,,32.98,100.59,6.24,,2.18,4.43,65.4,4.94,11.97,,337.0,Very Poor
Lucknow,2016-11-27,232.64,,6.69,83.64,6.24,,1.52,3.71,53.47,4.79,10.35,,382.0,Very Poor
Lucknow,2016-11-28,181.25,,78.75,91.36,6.24,,2.58,6.62,52.92,5.36,12.63,,358.0,Very Poor
Lucknow,2016-11-29,309.53,,106.54,91.0,6.24,,2.98,6.55,21.15,7.85,16.86,,401.0,Severe
Lucknow,2016-11-30,221.57,,81.19,73.28,6.24,,6.9,6.75,28.74,6.88,14.52,,421.0,Severe
Lucknow,2016-12-01,238.99,,28.25,65.72,6.24,,2.12,10.72,25.1,5.49,14.55,,370.0,Very Poor
Lucknow,2016-12-02,213.29,,20.13,35.7,,,1.42,12.72,13.58,4.26,13.81,,396.0,Very Poor
Lucknow,2016-12-03,192.84,,7.96,29.62,,,1.21,10.05,19.75,4.38,11.37,,354.0,Very Poor
Lucknow,2016-12-04,171.01,,10.72,47.52,,,1.73,8.93,24.94,3.97,9.12,,347.0,Very Poor
Lucknow,2016-12-05,171.8,,35.5,62.38,,,4.28,12.24,22.05,4.34,10.39,,339.0,Very Poor
Lucknow,2016-12-06,231.07,,7.64,40.01,,,0.84,10.35,26.16,3.44,8.14,,359.0,Very Poor
Lucknow,2016-12-07,145.09,,27.25,35.84,,,1.71,10.7,28.82,3.89,8.96,,360.0,Very Poor
Lucknow,2016-12-08,147.56,,32.4,42.41,,,1.68,13.89,14.26,4.45,9.59,,309.0,Very Poor
Lucknow,2016-12-09,184.44,,59.12,55.06,,,2.57,15.02,27.98,5.13,11.18,,328.0,Very Poor
Lucknow,2016-12-10,345.98,,49.68,62.0,,,1.64,19.17,21.86,5.67,12.63,,423.0,Severe
Lucknow,2016-12-11,235.85,,11.25,47.37,,,1.44,12.73,36.47,4.26,8.45,,431.0,Severe
Lucknow,2016-12-12,236.24,,13.25,49.75,,,1.39,12.83,20.21,4.19,8.41,,391.0,Very Poor
Lucknow,2016-12-13,237.81,,34.9,60.86,,,2.14,12.47,33.56,4.5,10.99,,395.0,Very Poor
Lucknow,2016-12-14,271.83,,71.5,57.11,,,1.63,21.96,30.52,3.28,13.16,,430.0,Severe
Lucknow,2016-12-15,188.21,,51.21,54.76,,,3.04,9.72,42.66,3.13,10.12,,364.0,Very Poor
Lucknow,2016-12-16,256.7,,16.99,52.84,,,1.37,9.56,28.08,3.86,10.48,,386.0,Very Poor
Lucknow,2016-12-17,273.9,,37.24,47.51,,,2.02,9.53,34.64,3.53,13.6,,408.0,Severe
Lucknow,2016-12-18,274.78,,31.32,43.05,,,1.91,8.53,41.88,2.95,12.71,,432.0,Severe
Lucknow,2016-12-19,221.75,,13.23,47.66,,,1.64,11.47,52.68,3.01,10.36,,394.0,Very Poor
Lucknow,2016-12-20,212.41,,11.52,51.85,,,1.52,10.33,61.73,3.77,15.39,,370.0,Very Poor
Lucknow,2016-12-21,203.62,,17.61,54.12,,,1.43,7.76,49.94,4.25,14.39,,358.0,Very Poor
Lucknow,2016-12-22,373.48,,58.67,76.98,,,2.02,13.24,48.78,6.47,22.63,,436.0,Severe
Lucknow,2016-12-23,266.72,,33.19,58.2,,,2.09,10.68,37.73,6.84,35.2,,478.0,Severe
Lucknow,2016-12-24,276.9,,86.91,72.76,,,3.01,9.1,51.97,8.31,20.96,,410.0,Severe
Lucknow,2016-12-25,329.55,,130.41,67.21,,,4.49,7.69,41.32,11.29,24.7,,441.0,Severe
Lucknow,2016-12-26,294.09,,38.48,48.04,,,1.74,6.54,27.5,5.74,18.18,,444.0,Severe
Lucknow,2016-12-27,208.2,,52.99,69.58,,,2.21,11.42,48.98,6.14,17.56,,389.0,Very Poor
Lucknow,2016-12-28,292.53,,37.99,53.82,,,1.57,9.16,31.52,5.99,12.77,,425.0,Severe
Lucknow,2016-12-29,225.89,,21.54,40.65,,,1.65,6.99,37.77,4.27,10.81,,389.0,Very Poor
Lucknow,2016-12-30,184.15,,24.52,40.82,,,1.51,9.27,29.16,5.17,9.25,,371.0,Very Poor
Lucknow,2016-12-31,171.27,,43.21,50.95,,,1.41,13.92,38.03,2.82,11.86,,342.0,Very Poor
Mumbai,2015-01-01,,,,,27.38,,0.0,,,0.0,0.0,0.0,,
Mumbai,2015-01-02,,,,,26.2,,0.0,,,0.0,0.0,0.0,,
Mumbai,2015-01-03,,,,,26.04,,0.0,,,0.0,0.0,0.0,,
Mumbai,2015-01-04,,,,,25.97,,0.0,,,0.0,0.0,0.0,,
Mumbai,2015-01-05,,,,,25.18,,0.0,,,0.0,0.0,0.0,,
Mumbai,2015-01-06,,,,,26.41,,0.0,,,0.0,0.0,0.0,,
Mumbai,2015-01-07,,,,,27.08,,0.0,,,0.0,0.0,0.0,,
Mumbai,2015-01-08,,,,,27.48,,0.0,,,0.0,0.0,0.0,,
Mumbai,2015-01-09,,,,,27.22,,0.0,,,0.0,0.0,0.0,,
Mumbai,2015-01-10,,,,,28.03,,0.0,,,0.0,0.0,0.0,,
Mumbai,2015-01-11,,,,,27.57,,0.0,,,0.0,0.0,0.0,,
Mumbai,2015-01-12,,,,,28.44,,0.0,,,0.0,0.0,0.0,,
Mumbai,2015-01-13,,,,,29.15,,0.0,,,0.0,0.0,0.0,,
Mumbai,2015-01-14,,,,,28.59,,0.0,,,0.0,0.0,0.0,,
Mumbai,2015-01-15,,,,,27.83,,0.0,,,0.0,0.0,0.0,,
Mumbai,2015-01-16,,,,,27.1,,0.0,,,0.0,0.0,0.0,,
Mumbai,2015-01-17,,,,,27.21,,0.0,,,0.0,0.0,0.0,,
Mumbai,2015-01-18,,,,,27.89,,0.0,,,0.0,0.0,0.0,,
Mumbai,2015-01-19,,,,,26.78,,0.0,,,0.0,0.0,0.0,,
Mumbai,2015-01-20,,,,,25.39,,0.0,,,0.0,0.0,0.0,,
Mumbai,2015-01-21,,,,,25.04,,0.0,,,0.0,0.0,0.0,,
Mumbai,2015-01-22,,,,,24.28,,0.0,,,0.0,0.0,0.0,,
Mumbai,2015-01-23,,,,,26.51,,0.0,,,0.0,0.0,0.0,,
Mumbai,2015-01-24,,,,,26.59,,0.0,,,0.0,0.0,0.0,,
Mumbai,2015-01-25,,,,,26.27,,0.0,,,0.0,0.0,0.0,,
Mumbai,2015-01-26,,,,,26.86,,0.0,,,0.0,0.0,0.0,,
Mumbai,2015-01-27,,,,,27.26,,0.0,,,0.0,0.0,0.0,,
Mumbai,2015-01-28,,,,,26.45,,0.0,,,0.0,0.0,0.0,,
Mumbai,2015-01-29,,,,,26.3,,0.0,,,0.0,0.0,0.0,,
Mumbai,2015-01-30,,,,,25.64,,0.0,,,0.0,0.0,0.0,,
Mumbai,2015-01-31,,,,,27.34,,0.0,,,0.0,0.0,0.0,,
Mumbai,2015-02-01,,,,,27.25,,0.0,,,0.0,0.0,0.0,,
Mumbai,2015-02-02,,,,,26.0,,0.0,,,0.0,0.0,0.0,,
Mumbai,2015-02-03,,,,,28.16,,0.0,,,0.0,0.0,0.0,,
Mumbai,2015-02-04,,,,,29.13,,0.0,,,0.0,0.0,0.0,,
Mumbai,2015-02-05,,,,,28.98,,0.0,,,0.0,0.0,0.0,,
Mumbai,2015-02-06,,,,,28.69,,0.0,,,0.0,0.0,0.0,,
Mumbai,2015-02-07,,,,,27.46,,0.0,,,0.0,0.0,0.0,,
Mumbai,2015-02-08,,,,,26.77,,0.0,,,0.0,0.0,0.0,,
Mumbai,2015-02-09,,,,,28.25,,0.0,,,0.0,0.0,0.0,,
Mumbai,2015-02-10,,,,,28.48,,0.0,,,0.0,0.0,0.0,,
Mumbai,2015-02-11,,,,,27.56,,0.0,,,0.0,0.0,0.0,,
Mumbai,2015-02-12,,,,,27.86,,0.0,,,0.0,0.0,0.0,,
Mumbai,2015-02-13,,,,,28.0,,0.0,,,0.0,0.0,0.0,,
Mumbai,2015-02-14,,,,,28.2,,0.0,,,0.0,0.0,0.0,,
Mumbai,2015-02-15,,,,,25.99,,0.0,,,0.0,0.0,0.0,,
Mumbai,2015-02-16,,,,,25.47,,0.0,,,0.0,0.0,0.0,,
Mumbai,2015-02-17,,,,,26.31,,0.0,,,0.0,0.0,0.0,,
Mumbai,2015-02-18,,,,,25.14,,0.0,,,0.0,0.0,0.0,,
Mumbai,2015-02-19,,,,,25.22,,0.0,,,0.0,0.0,0.0,,
Mumbai,2015-02-20,,,,,25.44,,0.0,,,0.0,0.0,0.0,,
Mumbai,2015-02-21,,,,,26.82,,0.0,,,0.0,0.0,0.0,,
Mumbai,2015-02-22,,,,,27.54,,0.0,,,0.0,0.0,0.0,,
Mumbai,2015-02-23,,,,,29.02,,0.0,,,0.0,0.0,0.0,,
Mumbai,2015-02-24,,,,,26.68,,0.0,,,0.0,0.0,0.0,,
Mumbai,2015-02-25,,,,,26.41,,0.0,,,0.0,0.0,0.0,,
Mumbai,2015-02-26,,,,,26.85,,0.0,,,0.0,0.0,0.0,,
Mumbai,2015-02-27,,,,,26.84,,0.0,,,0.0,0.0,0.0,,
Mumbai,2015-02-28,,,,,25.4,,0.0,,,0.0,0.0,0.0,,
Mumbai,2015-03-01,,,,,24.76,,0.0,,,0.0,0.0,0.0,,
Mumbai,2015-03-02,,,,,27.32,,0.0,,,0.0,0.0,0.0,,
Mumbai,2015-03-03,,,,,27.16,,0.0,,,0.0,0.0,0.0,,
Mumbai,2015-03-04,,,,,27.37,,0.0,,,0.0,0.0,0.0,,
Mumbai,2015-03-05,,,,,28.75,,0.0,,,0.0,0.0,0.0,,
Mumbai,2015-03-06,,,,,30.51,,0.0,,,0.0,0.0,0.0,,
Mumbai,2015-03-07,,,,,27.12,,0.0,,,0.0,0.0,0.0,,
Mumbai,2015-03-08,,,,,27.07,,0.0,,,0.0,0.0,0.0,,
Mumbai,2015-03-09,,,,,44.83,,0.0,,,0.0,0.0,0.0,,
Mumbai,2015-03-10,,,,,148.63,,0.0,,,0.0,0.0,0.0,,
Mumbai,2015-03-11,,,,,159.94,,0.0,,,0.0,0.0,0.0,,
Mumbai,2015-03-12,,,,,141.44,,0.0,,,0.0,0.0,0.0,,
Mumbai,2015-03-13,,,,,143.29,,0.0,,,0.0,0.0,0.0,,
Mumbai,2015-03-14,,,,,96.51,,0.0,,,0.0,0.0,0.0,,
Mumbai,2015-03-15,,,,,68.31,,0.0,,,0.0,0.0,0.0,,
Mumbai,2015-03-16,,,,,77.33,,0.0,,,0.0,0.0,0.0,,
Mumbai,2015-03-17,,,,,147.88,,0.0,,,0.0,0.0,0.0,,
Mumbai,2015-03-18,,,,,146.64,,0.0,,,0.0,0.0,0.0,,
Mumbai,2015-03-19,,,,,192.23,,0.0,,,0.0,0.0,0.0,,
Mumbai,2015-03-20,,,,,216.78,,0.0,,,0.0,0.0,0.0,,
Mumbai,2015-03-21,,,,,146.9,,0.0,,,0.0,0.0,0.0,,
Mumbai,2015-03-22,,,,,129.06,,0.0,,,0.0,0.0,0.0,,
Mumbai,2015-03-23,,,,,69.39,,0.0,,,0.0,0.0,0.0,,
Mumbai,2015-03-24,,,,,126.4,,0.0,,,0.0,0.0,0.0,,
Mumbai,2015-03-25,,,,,133.37,,0.0,,,0.0,0.0,0.0,,
Mumbai,2015-03-26,,,,,75.96,,0.0,,,0.0,0.0,0.0,,
Mumbai,2015-03-27,,,,,68.16,,0.0,,,0.0,0.0,0.0,,
Mumbai,2015-03-28,,,,,50.92,,0.0,,,0.0,0.0,0.0,,
Mumbai,2015-03-29,,,,,74.38,,0.0,,,0.0,0.0,0.0,,
Mumbai,2015-03-30,,,,,83.22,,0.0,,,0.0,0.0,0.0,,
Mumbai,2015-03-31,,,,,93.38,,0.0,,,0.0,0.0,0.0,,
Mumbai,2015-04-01,,,,,149.29,,0.0,,,0.0,0.0,0.0,,
Mumbai,2015-04-02,,,,,89.25,,0.0,,,0.0,0.0,0.0,,
Mumbai,2015-04-03,,,,,73.5,,0.0,,,0.0,0.0,0.0,,
Mumbai,2015-04-04,,,,,80.04,,0.0,,,0.0,0.0,0.0,,
Mumbai,2015-04-05,,,,,65.24,,0.0,,,0.0,0.0,0.0,,
Mumbai,2015-04-06,,,,,74.24,,0.0,,,0.0,0.0,0.0,,
Mumbai,2015-04-07,,,,,103.3,,0.0,,,0.0,0.0,0.0,,
Mumbai,2015-04-08,,,,,88.63,,0.0,,,0.0,0.0,0.0,,
Mumbai,2015-04-09,,,,,53.0,,0.0,,,0.0,0.0,0.0,,
Mumbai,2015-04-10,,,,,62.0,,0.0,,,0.0,0.0,0.0,,
Mumbai,2015-04-11,,,,,41.87,,0.0,,,0.0,0.0,0.0,,
Mumbai,2015-04-12,,,,,57.21,,0.0,,,0.0,0.0,0.0,,
Mumbai,2015-04-13,,,,,66.13,,0.0,,,0.0,0.0,0.0,,
Mumbai,2015-04-14,,,,,68.25,,0.0,,,0.0,0.0,0.0,,
Mumbai,2015-04-15,,,,,14.12,,0.0,,,0.0,0.0,0.0,,
Mumbai,2015-04-16,,,,,25.34,,0.0,,,0.0,0.0,0.0,,
Mumbai,2015-04-17,,,,,25.7,,0.0,,,0.0,0.0,0.0,,
Mumbai,2015-04-18,,,,,25.61,,0.0,,,0.0,0.0,0.0,,
Mumbai,2015-04-19,,,,,25.61,,0.0,,,0.0,0.0,0.0,,
Mumbai,2015-04-20,,,,,30.29,,0.0,,,0.0,0.0,0.0,,
Mumbai,2015-04-21,,,,,28.14,,0.0,,,0.0,0.0,0.0,,
Mumbai,2015-04-22,,,,,28.16,,0.0,,,0.0,0.0,0.0,,
Mumbai,2015-04-23,,,,,28.19,,0.0,,,0.0,0.0,0.0,,
Mumbai,2015-04-24,,,,,28.13,,0.0,,,0.0,0.0,0.0,,
Mumbai,2015-04-25,,,,,28.24,,0.0,,,0.0,0.0,0.0,,
Mumbai,2015-04-26,,,,,44.42,,0.0,,,0.0,0.0,0.0,,
Mumbai,2015-04-27,,,,,66.93,,0.0,,,0.0,0.0,0.0,,
Mumbai,2015-04-28,,,,,28.93,,0.0,,,0.0,0.0,0.0,,
Mumbai,2015-04-29,,,,,28.81,,0.0,,,0.0,0.0,0.0,,
Mumbai,2015-04-30,,,,,28.97,,0.0,,,0.0,0.0,0.0,,
Mumbai,2015-05-01,,,,,29.45,,0.0,,,0.0,0.0,0.0,,
Mumbai,2015-05-02,,,,,31.07,,0.0,,,0.0,0.0,0.0,,
Mumbai,2015-05-03,,,,,33.46,,0.0,,,0.0,0.0,0.0,,
Mumbai,2015-05-04,,,,,31.89,,0.0,,,0.0,0.0,0.0,,
Mumbai,2015-05-05,,,,,27.97,,0.0,,,0.0,0.0,0.0,,
Mumbai,2015-05-06,,,,,28.01,,0.0,,,0.0,0.0,0.0,,
Mumbai,2015-05-07,,,,,46.54,,0.0,,,0.0,0.0,0.0,,
Mumbai,2015-05-08,,,,,27.7,,0.0,,,0.0,0.0,0.0,,
Mumbai,2015-05-09,,,,,27.83,,0.0,,,0.0,0.0,0.0,,
Mumbai,2015-05-10,,,,,27.91,,0.0,,,0.0,0.0,0.0,,
Mumbai,2015-05-11,,,,,27.9,,0.0,,,0.0,0.0,0.0,,
Mumbai,2015-05-12,,,,,27.98,,0.0,,,0.0,0.0,0.0,,
Mumbai,2015-05-13,,,,,25.47,,0.0,,,0.0,0.0,0.0,,
Mumbai,2015-05-14,,,,,23.08,,0.0,,,0.0,0.0,0.0,,
Mumbai,2015-05-15,,,,,23.12,,0.0,,,0.0,0.0,0.0,,
Mumbai,2015-05-16,,,,,23.14,,0.0,,,0.0,0.0,0.0,,
Mumbai,2015-05-17,,,,,23.28,,0.0,,,0.0,0.0,0.0,,
Mumbai,2015-05-18,,,,,23.2,,0.0,,,0.0,0.0,0.0,,
Mumbai,2015-05-19,,,,,23.14,,0.0,,,0.0,0.0,0.0,,
Mumbai,2015-05-20,,,,,23.11,,0.0,,,0.0,0.0,0.0,,
Mumbai,2015-05-21,,,,,23.22,,0.0,,,0.0,0.0,0.0,,
Mumbai,2015-05-22,,,,,23.37,,0.0,,,0.0,0.0,0.0,,
Mumbai,2015-05-23,,,,,23.46,,0.0,,,0.0,0.0,0.0,,
Mumbai,2015-05-24,,,,,23.55,,0.0,,,0.0,0.0,0.0,,
Mumbai,2015-05-25,,,,,23.41,,0.0,,,0.0,0.0,0.0,,
Mumbai,2015-05-26,,,,,23.46,,0.0,,,0.0,0.0,0.0,,
Mumbai,2015-05-27,,,,,23.5,,0.0,,,0.0,0.0,0.0,,
Mumbai,2015-05-28,,,,,23.57,,0.0,,,0.0,0.0,0.0,,
Mumbai,2015-05-29,,,,,23.5,,0.0,,,0.0,0.0,0.0,,
Mumbai,2015-05-30,,,,,23.51,,0.0,,,0.0,0.0,0.0,,
Mumbai,2015-05-31,,,,,23.78,,0.0,,,0.0,0.0,0.0,,
Mumbai,2015-06-01,,,,,23.69,,0.0,,,0.0,0.0,0.0,,
Mumbai,2015-06-02,,,,,41.01,,0.0,,,0.0,0.0,0.0,,
Mumbai,2015-06-03,,,,,57.53,,0.0,,,0.0,0.0,0.0,,
Mumbai,2015-06-04,,,,,23.38,,0.0,,,0.0,0.0,0.0,,
Mumbai,2015-06-05,,,,,30.52,,0.0,,,0.0,0.0,0.0,,
Mumbai,2015-06-06,,,,,23.05,,0.0,,,0.0,0.0,0.0,,
Mumbai,2015-06-07,,,,,23.35,,0.0,,,0.0,0.0,0.0,,
Mumbai,2015-06-08,,,,,22.96,,0.0,,,0.0,0.0,0.0,,
Mumbai,2015-06-09,,,,,23.0,,0.0,,,0.0,0.0,0.0,,
Mumbai,2015-06-10,,,,,23.06,,0.0,,,0.0,0.0,0.0,,
Mumbai,2015-06-11,,,,,23.02,,0.0,,,0.0,0.0,0.0,,
Mumbai,2015-06-12,,,,,22.96,,0.0,,,0.0,0.0,0.0,,
Mumbai,2015-06-13,,,,,23.01,,0.0,,,0.0,0.0,0.0,,
Mumbai,2015-06-14,,,,,23.04,,0.0,,,0.0,0.0,0.0,,
Mumbai,2015-06-15,,,,,23.0,,0.0,,,0.0,0.0,0.0,,
Mumbai,2015-06-16,,,,,23.0,,0.0,,,0.0,0.0,0.0,,
Mumbai,2015-06-17,,,,,24.84,,0.0,,,0.0,0.0,0.0,,
Mumbai,2015-06-18,,,,,23.16,,0.0,,,0.0,0.0,0.0,,
Mumbai,2015-06-19,,,,,23.24,,0.0,,,0.0,0.0,0.0,,
Mumbai,2015-06-20,,,,,16.77,,0.0,,,0.0,0.0,0.0,,
Mumbai,2015-06-21,,,,,18.88,,0.0,,,0.0,0.0,0.0,,
Mumbai,2015-06-22,,,,,18.87,,0.0,,,0.0,0.0,0.0,,
Mumbai,2015-06-23,,,,,18.87,,0.0,,,0.0,0.0,0.0,,
Mumbai,2015-06-24,,,,,18.85,,0.0,,,0.0,0.0,0.0,,
Mumbai,2015-06-25,,,,,18.95,,0.0,,,0.0,0.0,0.0,,
Mumbai,2015-06-26,,,,,18.98,,0.0,,,0.0,0.0,0.0,,
Mumbai,2015-06-27,,,,,18.97,,0.0,,,0.0,0.0,0.0,,
Mumbai,2015-06-28,,,,,19.04,,0.0,,,0.0,0.0,0.0,,
Mumbai,2015-06-29,,,,,19.02,,0.0,,,0.0,0.0,0.0,,
Mumbai,2015-06-30,,,,,19.04,,0.0,,,0.0,0.0,0.0,,
Mumbai,2015-07-01,,,,,19.03,,0.0,,,0.0,0.0,0.0,,
Mumbai,2015-07-02,,,,,19.02,,0.0,,,0.0,0.0,0.0,,
Mumbai,2015-07-03,,,,,19.05,,0.0,,,0.0,0.0,0.0,,
Mumbai,2015-07-04,,,,,19.11,,0.0,,,0.0,0.0,0.0,,
Mumbai,2015-07-05,,,,,19.25,,0.0,,,0.0,0.0,0.0,,
Mumbai,2015-07-06,,,,,19.22,,0.0,,,0.0,0.0,0.0,,
Mumbai,2015-07-07,,,,,19.25,,0.0,,,0.0,0.0,0.0,,
Mumbai,2015-07-08,,,,,19.24,,0.0,,,0.0,0.0,0.0,,
Mumbai,2015-07-09,,,,,19.24,,0.0,,,0.0,0.0,0.0,,
Mumbai,2015-07-10,,,,,19.27,,0.0,,,0.0,0.0,0.0,,
Mumbai,2015-07-11,,,,,19.28,,0.0,,,0.0,0.0,0.0,,
Mumbai,2015-07-12,,,,,19.39,,0.0,,,0.0,0.0,0.0,,
Mumbai,2015-07-13,,,,,19.31,,0.0,,,0.0,0.0,0.0,,
Mumbai,2015-07-14,,,,,19.26,,0.0,,,0.0,0.0,0.0,,
Mumbai,2015-07-15,,,,,19.3,,0.0,,,0.0,0.0,0.0,,
Mumbai,2015-07-16,,,,,19.41,,0.0,,,0.0,0.0,0.0,,
Mumbai,2015-07-17,,,,,19.37,,0.0,,,0.0,0.0,0.0,,
Mumbai,2015-07-18,,,,,19.4,,0.0,,,0.0,0.0,0.0,,
Mumbai,2015-07-19,,,,,19.65,,0.0,,,0.0,0.0,0.0,,
Mumbai,2015-07-20,,,,,20.18,,0.0,,,0.0,0.0,0.0,,
Mumbai,2015-07-21,,,,,22.46,,0.0,,,0.0,0.0,0.0,,
Mumbai,2015-07-22,,,,,27.67,,0.0,,,0.0,0.0,0.0,,
Mumbai,2015-07-23,,,,,19.86,,0.0,,,0.0,0.0,0.0,,
Mumbai,2015-07-24,,,,,19.92,,0.0,,,0.0,0.0,0.0,,
Mumbai,2015-07-25,,,,,19.9,,0.0,,,0.0,0.0,0.0,,
Mumbai,2015-07-26,,,,,19.83,,0.0,,,0.0,0.0,0.0,,
Mumbai,2015-07-27,,,,,19.68,,0.0,,,0.0,0.0,0.0,,
Mumbai,2015-07-28,,,,,19.71,,0.0,,,0.0,0.0,0.0,,
Mumbai,2015-07-29,,,,,19.96,,0.0,,,0.0,0.0,0.0,,
Mumbai,2015-07-30,,,,,29.59,,0.0,,,0.0,0.0,0.0,,
Mumbai,2015-07-31,,,,,27.91,,0.0,,,0.0,0.0,0.0,,
Mumbai,2015-08-01,,,,,19.74,,0.0,,,0.0,0.0,0.0,,
Mumbai,2015-08-02,,,,,19.88,,0.0,,,0.0,0.0,0.0,,
Mumbai,2015-08-03,,,,,20.15,,0.0,,,0.0,0.0,0.0,,
Mumbai,2015-08-04,,,,,19.92,,0.0,,,0.0,0.0,0.0,,
Mumbai,2015-08-05,,,,,19.96,,0.0,,,0.0,0.0,0.0,,
Mumbai,2015-08-06,,,,,25.4,,0.0,,,0.0,0.0,0.0,,
Mumbai,2015-08-07,,,,,19.19,,0.0,,,0.0,0.0,0.0,,
Mumbai,2015-08-08,,,,,19.09,,0.0,,,0.0,0.0,0.0,,
Mumbai,2015-08-09,,,,,19.1,,0.0,,,0.0,0.0,0.0,,
Mumbai,2015-08-10,,,,,21.29,,0.0,,,0.0,0.0,0.0,,
Mumbai,2015-08-11,,,,,17.96,,0.0,,,0.0,0.0,0.0,,
Mumbai,2015-08-12,,,,,20.1,,0.0,,,0.0,0.0,0.0,,
Mumbai,2015-08-13,,,,,30.94,,0.0,,,0.0,0.0,0.0,,
Mumbai,2015-08-14,,,,,48.78,,0.0,,,0.0,0.0,0.0,,
Mumbai,2015-08-15,,,,,64.61,,0.0,,,0.0,0.0,0.0,,
Mumbai,2015-08-16,,,,,68.83,,0.0,,,0.0,0.0,0.0,,
Mumbai,2015-08-17,,,,,105.22,,0.0,,,0.0,0.0,0.0,,
Mumbai,2015-08-18,,,,,58.14,,0.0,,,0.0,0.0,0.0,,
Mumbai,2015-08-19,,,,,48.61,,0.0,,,0.0,0.0,0.0,,
Mumbai,2015-08-20,,,,,31.35,,0.0,,,0.0,0.0,0.0,,
Mumbai,2015-08-21,,,,,30.96,,0.0,,,0.0,0.0,0.0,,
Mumbai,2015-08-22,,,,,35.06,,0.0,,,0.0,0.0,0.0,,
Mumbai,2015-08-23,,,,,35.9,,0.0,,,0.0,0.0,0.0,,
Mumbai,2015-08-24,,,,,34.06,,0.0,,,0.0,0.0,0.0,,
Mumbai,2015-08-25,,,,,55.08,,0.0,,,0.0,0.0,0.0,,
Mumbai,2015-08-26,,,,,26.95,,0.0,,,0.0,0.0,0.0,,
Mumbai,2015-08-27,,,,,14.48,,0.0,,,0.0,0.0,0.0,,
Mumbai,2015-08-28,,,,,93.84,,0.0,,,0.0,0.0,0.0,,
Mumbai,2015-08-29,,,,,72.08,,0.0,,,0.0,0.0,0.0,,
Mumbai,2015-08-30,,,,,56.18,,0.0,,,0.0,0.0,0.0,,
Mumbai,2015-08-31,,,,,57.92,,0.0,,,0.0,0.0,0.0,,
Mumbai,2015-09-01,,,,,38.72,,0.0,,,0.0,0.0,0.0,,
Mumbai,2015-09-02,,,,,45.2,,0.0,,,0.0,0.0,0.0,,
Mumbai,2015-09-03,,,,,52.07,,0.0,,,0.0,0.0,0.0,,
Mumbai,2015-09-04,,,,,54.44,,0.0,,,0.0,0.0,0.0,,
Mumbai,2015-09-05,,,,,51.49,,0.0,,,0.0,0.0,0.0,,
Mumbai,2015-09-06,,,,,40.51,,0.0,,,0.0,0.0,0.0,,
Mumbai,2015-09-07,,,,,33.59,,0.0,,,0.0,0.0,0.0,,
Mumbai,2015-09-08,,,,,52.77,,0.0,,,0.0,0.0,0.0,,
Mumbai,2015-09-09,,,,,45.86,,0.0,,,0.0,0.0,0.0,,
Mumbai,2015-09-10,,,,,65.23,,0.0,,,0.0,0.0,0.0,,
Mumbai,2015-09-11,,,,,67.7,,0.0,,,0.0,0.0,0.0,,
Mumbai,2015-09-12,,,,,53.31,,0.0,,,0.0,0.0,0.0,,
Mumbai,2015-09-13,,,,,49.33,,0.0,,,0.0,0.0,0.0,,
Mumbai,2015-09-14,,,,,37.42,,0.0,,,0.0,0.0,0.0,,
Mumbai,2015-09-15,,,,,26.27,,0.0,,,0.0,0.0,0.0,,
Mumbai,2015-09-16,,,,,38.43,,0.0,,,0.0,0.0,0.0,,
Mumbai,2015-09-17,,,,,10.81,,0.0,,,0.0,0.0,0.0,,
Mumbai,2015-09-18,,,,,10.83,,0.0,,,0.0,0.0,0.0,,
Mumbai,2015-09-19,,,,,11.46,,0.0,,,0.0,0.0,0.0,,
Mumbai,2015-09-20,,,,,30.68,,0.0,,,0.0,0.0,0.0,,
Mumbai,2015-09-21,,,,,18.24,,0.0,,,0.0,0.0,0.0,,
Mumbai,2015-09-22,,,,,27.42,,0.0,,,0.0,0.0,0.0,,
Mumbai,2015-09-23,,,,,37.69,,0.0,,,0.0,0.0,0.0,,
Mumbai,2015-09-24,,,,,36.61,,0.0,,,0.0,0.0,0.0,,
Mumbai,2015-09-25,,,,,58.28,,0.0,,,0.0,0.0,0.0,,
Mumbai,2015-09-26,,,,,61.58,,0.0,,,0.0,0.0,0.0,,
Mumbai,2015-09-27,,,,,60.09,,0.0,,,0.0,0.0,0.0,,
Mumbai,2015-09-28,,,,,56.93,,0.0,,,0.0,0.0,0.0,,
Mumbai,2015-09-29,,,,,65.55,,0.0,,,0.0,0.0,0.0,,
Mumbai,2015-09-30,,,,,96.75,,0.0,,,0.0,0.0,0.0,,
Mumbai,2015-10-01,,,,,96.91,,0.0,,,0.0,0.0,0.0,,
Mumbai,2015-10-02,,,,,57.75,,0.0,,,0.0,0.0,0.0,,
Mumbai,2015-10-03,,,,,42.06,,0.0,,,0.0,0.0,0.0,,
Mumbai,2015-10-04,,,,,58.73,,0.0,,,0.0,0.0,0.0,,
Mumbai,2015-10-05,,,,,66.33,,0.0,,,0.0,0.0,0.0,,
Mumbai,2015-10-06,,,,,76.95,,0.0,,,0.0,0.0,0.0,,
Mumbai,2015-10-07,,,,,101.49,,0.0,,,0.0,0.0,0.0,,
Mumbai,2015-10-08,,,,,89.04,,0.0,,,0.0,0.0,0.0,,
Mumbai,2015-10-09,,,,,36.82,,0.0,,,0.0,0.0,0.0,,
Mumbai,2015-10-10,,,,,32.81,,0.0,,,0.0,0.0,0.0,,
Mumbai,2015-10-11,,,,,44.91,,0.0,,,0.0,0.0,0.0,,
Mumbai,2015-10-12,,,,,46.38,,0.0,,,0.0,0.0,0.0,,
Mumbai,2015-10-13,,,,,57.37,,0.0,,,0.0,0.0,0.0,,
Mumbai,2015-10-14,,,,,76.35,,0.0,,,0.0,0.0,0.0,,
Mumbai,2015-10-15,,,,,103.37,,0.0,,,0.0,0.0,0.0,,
Mumbai,2015-10-16,,,,,109.07,,0.0,,,0.0,0.0,0.0,,
Mumbai,2015-10-17,,,,,77.91,,0.0,,,0.0,0.0,0.0,,
Mumbai,2015-10-18,,,,,64.58,,0.0,,,0.0,0.0,0.0,,
Mumbai,2015-10-19,,,,,76.48,,0.0,,,0.0,0.0,0.0,,
Mumbai,2015-10-20,,,,,119.37,,0.0,,,0.0,0.0,0.0,,
Mumbai,2015-10-21,,,,,116.6,,0.0,,,0.0,0.0,0.0,,
Mumbai,2015-10-22,,,,,92.44,,0.0,,,0.0,0.0,0.0,,
Mumbai,2015-10-23,,,,,82.39,,0.0,,,0.0,0.0,0.0,,
Mumbai,2015-10-24,,,,,99.83,,0.0,,,0.0,0.0,0.0,,
Mumbai,2015-10-25,,,,,80.41,,0.0,,,0.0,0.0,0.0,,
Mumbai,2015-10-26,,,,,82.05,,0.0,,,0.0,0.0,0.0,,
Mumbai,2015-10-27,,,,,82.3,,0.0,,,0.0,0.0,0.0,,
Mumbai,2015-10-28,,,,,105.83,,0.0,,,0.0,0.0,0.0,,
Mumbai,2015-10-29,,,,,134.01,,0.0,,,0.0,0.0,0.0,,
Mumbai,2015-10-30,,,,,107.34,,0.0,,,0.0,0.0,0.0,,
Mumbai,2015-10-31,,,,,91.69,,0.0,,,0.0,0.0,0.0,,
Mumbai,2015-11-01,,,,,96.58,,0.0,,,0.0,0.0,0.0,,
Mumbai,2015-11-02,,,,,97.69,,0.0,,,0.0,0.0,0.0,,
Mumbai,2015-11-03,,,,,134.01,,0.0,,,,,,,
Mumbai,2015-11-04,,,,,152.3,,0.0,,,,,,,
Mumbai,2015-11-05,,,,,129.37,,0.0,,,0.0,0.0,0.0,,
Mumbai,2015-11-06,,,,,145.27,,0.0,,,0.0,0.0,0.0,,
Mumbai,2015-11-07,,,,,146.31,,0.0,,,0.0,0.0,0.0,,
Mumbai,2015-11-08,,,,,136.41,,0.0,,,0.0,0.0,0.0,,
Mumbai,2015-11-09,,,,,151.71,,0.0,,,0.0,0.0,0.0,,
Mumbai,2015-11-10,,,,,152.57,,0.0,,,0.0,0.0,0.0,,
Mumbai,2015-11-11,,,,,129.33,,0.0,,,0.0,0.0,0.0,,
Mumbai,2015-11-12,,,,,108.3,,0.0,,,0.0,0.0,0.0,,
Mumbai,2015-11-13,,,,,108.14,,0.0,,,0.0,0.0,0.0,,
Mumbai,2015-11-14,,,,,118.58,,0.0,,,0.0,0.0,0.0,,
Mumbai,2015-11-15,,,,,123.58,,0.0,,,0.0,0.0,0.0,,
Mumbai,2015-11-16,,,,,129.55,,0.0,,,0.0,0.0,0.0,,
Mumbai,2015-11-17,,,,,123.98,,0.0,,,0.0,0.0,0.0,,
Mumbai,2015-11-18,,,,,157.62,,0.0,,,0.0,0.0,0.0,,
Mumbai,2015-11-19,,,,,167.83,,0.0,,,0.0,0.0,0.0,,
Mumbai,2015-11-20,,,,,128.16,,0.0,,,0.0,0.0,0.0,,
Mumbai,2015-11-21,,,,,143.35,,0.0,,,0.0,0.0,0.0,,
Mumbai,2015-11-22,,,,,187.31,,0.0,,,0.0,0.0,0.0,,
Mumbai,2015-11-23,,,,,129.07,,0.0,,,0.0,0.0,0.0,,
Mumbai,2015-11-24,,,,,121.31,,0.0,,,0.0,0.0,0.0,,
Mumbai,2015-11-25,,,,,127.13,,0.0,,,0.0,0.0,0.0,,
Mumbai,2015-11-26,,,,,184.07,,0.0,,,0.0,0.0,0.0,,
Mumbai,2015-11-27,,,,,98.32,,0.0,,,0.0,0.0,0.0,,
Mumbai,2015-11-28,,,,,92.86,,0.0,,,0.0,0.0,0.0,,
Mumbai,2015-11-29,,,,,127.31,,0.0,,,0.0,0.0,0.0,,
Mumbai,2015-11-30,,,,,90.99,,0.0,,,0.0,0.0,0.0,,
Mumbai,2015-12-01,,,,,86.6,,0.0,,,0.0,0.0,0.0,,
Mumbai,2015-12-02,,,,,87.75,,0.0,,,0.0,0.0,0.0,,
Mumbai,2015-12-03,,,,,84.02,,0.0,,,0.0,0.0,0.0,,
Mumbai,2015-12-04,,,,,104.86,,0.0,,,0.0,0.0,0.0,,
Mumbai,2015-12-05,,,,,142.21,,0.0,,,0.0,0.0,0.0,,
Mumbai,2015-12-06,,,,,128.17,,0.0,,,0.0,0.0,0.0,,
Mumbai,2015-12-07,,,,,112.94,,0.0,,,0.0,0.0,0.0,,
Mumbai,2015-12-08,,,,,116.24,,0.0,,,0.0,0.0,0.0,,
Mumbai,2015-12-09,,,,,131.44,,0.0,,,0.0,0.0,0.0,,
Mumbai,2015-12-10,,,,,140.27,,0.0,,,0.0,0.0,0.0,,
Mumbai,2015-12-11,,,,,134.67,,0.0,,,0.0,0.0,0.0,,
Mumbai,2015-12-12,,,,,124.51,,0.0,,,0.0,0.0,0.0,,
Mumbai,2015-12-13,,,,,119.0,,0.0,,,0.0,0.0,0.0,,
Mumbai,2015-12-14,,,,,115.06,,0.0,,,0.0,0.0,0.0,,
Mumbai,2015-12-15,,,,,97.43,,0.0,,,0.0,0.0,0.0,,
Mumbai,2015-12-16,,,,,95.77,,0.0,,,0.0,0.0,0.0,,
Mumbai,2015-12-17,,,,,112.23,,0.0,,,0.0,0.0,0.0,,
Mumbai,2015-12-18,,,,,101.36,,0.0,,,0.0,0.0,0.0,,
Mumbai,2015-12-19,,,,,101.16,,0.0,,,0.0,0.0,0.0,,
Mumbai,2015-12-20,,,,,102.87,,0.0,,,0.0,0.0,0.0,,
Mumbai,2015-12-21,,,,,91.42,,0.0,,,0.0,0.0,0.0,,
Mumbai,2015-12-22,,,,,83.5,,0.0,,,0.0,0.0,0.0,,
Mumbai,2015-12-23,,,,,103.17,,0.0,,,0.0,0.0,0.0,,
Mumbai,2015-12-24,,,,,92.79,,0.0,,,0.0,0.0,0.0,,
Mumbai,2015-12-25,,,,,75.69,,0.0,,,0.0,0.0,0.0,,
Mumbai,2015-12-26,,,,,69.94,,0.0,,,0.0,0.0,0.0,,
Mumbai,2015-12-27,,,,,86.67,,0.0,,,0.0,0.0,0.0,,
Mumbai,2015-12-28,,,,,87.72,,0.0,,,0.0,0.0,0.0,,
Mumbai,2015-12-29,,,,,93.76,,0.0,,,0.0,0.0,0.0,,
Mumbai,2015-12-30,,,,,117.52,,0.0,,,0.0,0.0,0.0,,
Mumbai,2015-12-31,,,,,63.28,,0.0,,,0.0,0.0,0.0,,
Mumbai,2016-01-01,,,,,49.73,,0.0,,,0.0,0.0,0.0,,
Mumbai,2016-01-02,,,,,51.09,,0.0,,,0.0,0.0,0.0,,
Mumbai,2016-01-03,,,,,48.0,,0.0,,,0.0,0.0,0.0,,
Mumbai,2016-01-04,,,,,52.01,,0.0,,,0.0,0.0,0.0,,
Mumbai,2016-01-05,,,,,47.24,,0.0,,,0.0,0.0,0.0,,
Mumbai,2016-01-06,,,,,13.3,,0.0,,,0.0,0.0,0.0,,
Mumbai,2016-01-07,,,,,15.45,,0.0,,,0.0,0.0,0.0,,
Mumbai,2016-01-08,,,,,5.69,,0.0,,,0.0,0.0,0.0,,
Mumbai,2016-01-09,,,,,7.51,,0.0,,,0.0,0.0,0.0,,
Mumbai,2016-01-10,,,,,13.7,,0.0,,,0.0,0.0,0.0,,
Mumbai,2016-01-11,,,,,14.47,,0.0,,,0.0,0.0,0.0,,
Mumbai,2016-01-12,,,,,7.47,,0.0,,,0.0,0.0,0.0,,
Mumbai,2016-01-13,,,,,13.41,,0.0,,,0.0,0.0,0.0,,
Mumbai,2016-01-14,,,,,12.04,,0.0,,,0.0,0.0,0.0,,
Mumbai,2016-01-15,,,,,14.12,,0.0,,,0.0,0.0,0.0,,
Mumbai,2016-01-16,,,,,14.6,,0.0,,,0.0,0.0,0.0,,
Mumbai,2016-01-17,,,,,22.37,,0.0,,,0.0,0.0,0.0,,
Mumbai,2016-01-18,,,,,22.52,,0.0,,,0.0,0.0,0.0,,
Mumbai,2016-01-19,,,,,32.62,,0.0,,,0.0,0.0,0.0,,
Mumbai,2016-01-20,,,,,34.04,,0.0,,,0.0,0.0,0.0,,
Mumbai,2016-01-21,,,,,34.13,,0.0,,,0.0,0.0,0.0,,
Mumbai,2016-01-22,,,,,41.03,,0.0,,,0.0,0.0,0.0,,
Mumbai,2016-01-23,,,,,39.93,,0.0,,,0.0,0.0,0.0,,
Mumbai,2016-01-24,,,,,39.61,,0.0,,,0.0,0.0,0.0,,
Mumbai,2016-01-25,,,,,40.69,,0.0,,,0.0,0.0,0.0,,
Mumbai,2016-01-26,,,,,33.8,,0.0,,,0.0,0.0,0.0,,
Mumbai,2016-01-27,,,,,14.16,,0.0,,,0.0,0.0,0.0,,
Mumbai,2016-01-28,,,,,33.94,,0.0,,,0.0,0.0,0.0,,
Mumbai,2016-01-29,,,,,21.15,,0.0,,,0.0,0.0,0.0,,
Mumbai,2016-01-30,,,,,18.87,,0.0,,,0.0,0.0,0.0,,
Mumbai,2016-01-31,,,,,22.54,,0.0,,,0.0,0.0,0.0,,
Mumbai,2016-02-01,,,,,22.87,,0.0,,,0.0,0.0,0.0,,
Mumbai,2016-02-02,,,,,31.27,,0.0,,,0.0,0.0,0.0,,
Mumbai,2016-02-03,,,,,31.54,,0.0,,,0.0,0.0,0.0,,
Mumbai,2016-02-04,,,,,32.04,,0.0,,,0.0,0.0,0.0,,
Mumbai,2016-02-05,,,,,28.27,,0.0,,,0.0,0.0,0.0,,
Mumbai,2016-02-06,,,,,18.42,,0.0,,,0.0,0.0,0.0,,
Mumbai,2016-02-07,,,,,20.36,,0.0,,,0.0,0.0,0.0,,
Mumbai,2016-02-08,,,,,20.57,,0.0,,,0.0,0.0,0.0,,
Mumbai,2016-02-09,,,,,15.28,,0.0,,,0.0,0.0,0.0,,
Mumbai,2016-02-10,,,,,15.0,,0.0,,,0.0,0.0,0.0,,
Mumbai,2016-02-11,,,,,11.11,,0.0,,,0.0,0.0,0.0,,
Mumbai,2016-02-12,,,,,13.46,,0.0,,,0.0,0.0,0.0,,
Mumbai,2016-02-13,,,,,20.67,,0.0,,,0.0,0.0,0.0,,
Mumbai,2016-02-14,,,,,23.56,,0.0,,,0.0,0.0,0.0,,
Mumbai,2016-02-15,,,,,39.24,,0.0,,,0.0,0.0,0.0,,
Mumbai,2016-02-16,,,,,29.37,,0.0,,,0.0,0.0,0.0,,
Mumbai,2016-02-17,,,,,11.48,,0.0,,,0.0,0.0,0.0,,
Mumbai,2016-02-18,,,,,18.51,,0.0,,,0.0,0.0,0.0,,
Mumbai,2016-02-19,,,,,14.2,,0.0,,,,,,,
Mumbai,2016-02-20,,,,,15.41,,0.0,,,,,,,
Mumbai,2016-02-21,,,,,25.85,,0.0,,,,,,,
Mumbai,2016-02-22,,,,,31.42,,0.0,,,0.0,0.0,0.0,,
Mumbai,2016-02-23,,,,,30.57,,0.0,,,0.0,0.0,0.0,,
Mumbai,2016-02-24,,,,,15.54,,0.0,,,0.0,0.0,0.0,,
Mumbai,2016-02-25,,,,,19.35,,0.0,,,0.0,0.0,0.0,,
Mumbai,2016-02-26,,,,,19.29,,0.0,,,0.0,0.0,0.0,,
Mumbai,2016-02-27,,,,,17.54,,0.0,,,0.0,0.0,0.0,,
Mumbai,2016-02-28,,,,,15.92,,0.0,,,0.0,0.0,0.0,,
Mumbai,2016-02-29,,,,,16.44,,0.0,,,0.0,0.0,0.0,,
Mumbai,2016-03-01,,,,,24.44,,0.0,,,0.0,0.0,0.0,,
Mumbai,2016-03-02,,,,,15.33,,0.0,,,0.0,0.0,0.0,,
Mumbai,2016-03-03,,,,,22.76,,0.0,,,0.0,0.0,0.0,,
Mumbai,2016-03-04,,,,,19.32,,0.0,,,0.0,0.0,0.0,,
Mumbai,2016-03-05,,,,,16.51,,0.0,,,0.0,0.0,0.0,,
Mumbai,2016-03-06,,,,,13.36,,0.0,,,0.0,0.0,0.0,,
Mumbai,2016-03-07,,,,,18.01,,0.0,,,0.0,0.0,0.0,,
Mumbai,2016-03-08,,,,,27.11,,0.0,,,0.0,0.0,0.0,,
Mumbai,2016-03-09,,,,,24.04,,0.0,,,0.0,0.0,0.0,,
Mumbai,2016-03-10,,,,,29.35,,0.0,,,0.0,0.0,0.0,,
Mumbai,2016-03-11,,,,,25.65,,0.0,,,0.0,0.0,0.0,,
Mumbai,2016-03-12,,,,,23.02,,0.0,,,0.0,0.0,0.0,,
Mumbai,2016-03-13,,,,,13.9,,0.0,,,0.0,0.0,0.0,,
Mumbai,2016-03-14,,,,,12.24,,0.0,,,0.0,0.0,0.0,,
Mumbai,2016-03-15,,,,,12.26,,0.0,,,0.0,0.0,0.0,,
Mumbai,2016-03-16,,,,,12.77,,0.0,,,0.0,0.0,0.0,,
Mumbai,2016-03-17,,,,,9.7,,0.0,,,0.0,0.0,0.0,,
Mumbai,2016-03-18,,,,,10.55,,0.0,,,0.0,0.0,0.0,,
Mumbai,2016-03-19,,,,,11.05,,0.0,,,0.0,0.0,0.0,,
Mumbai,2016-03-20,,,,,11.09,,0.0,,,0.0,0.0,0.0,,
Mumbai,2016-03-21,,,,,11.58,,0.0,,,0.0,0.0,0.0,,
Mumbai,2016-03-22,,,,,13.43,,0.0,,,0.0,0.0,0.0,,
Mumbai,2016-03-23,,,,,14.84,,0.0,,,0.0,0.0,0.0,,
Mumbai,2016-03-24,,,,,13.11,,0.0,,,0.0,0.0,0.0,,
Mumbai,2016-03-25,,,,,13.65,,0.0,,,0.0,0.0,0.0,,
Mumbai,2016-03-26,,,,,17.12,,0.0,,,0.0,0.0,0.0,,
Mumbai,2016-03-27,,,,,17.88,,0.0,,,0.0,0.0,0.0,,
Mumbai,2016-03-28,,,,,24.33,,0.0,,,0.0,0.0,0.0,,
Mumbai,2016-03-29,,,,,18.85,,0.0,,,0.0,0.0,0.0,,
Mumbai,2016-03-30,,,,,19.25,,0.0,,,0.0,0.0,0.0,,
Mumbai,2016-03-31,,,,,19.18,,0.0,,,0.0,0.0,0.0,,
Mumbai,2016-04-01,,,,,18.63,,0.0,,,0.0,0.0,0.0,,
Mumbai,2016-04-02,,,,,18.51,,0.0,,,0.0,0.0,0.0,,
Mumbai,2016-04-03,,,,,19.38,,0.0,,,0.0,0.0,0.0,,
Mumbai,2016-04-04,,,,,19.94,,0.0,,,0.0,0.0,0.0,,
Mumbai,2016-04-05,,,,,20.59,,0.0,,,0.0,0.0,0.0,,
Mumbai,2016-04-06,,,,,21.64,,0.0,,,0.0,0.0,0.0,,
Mumbai,2016-04-07,,,,,22.24,,0.0,,,0.0,0.0,0.0,,
Mumbai,2016-04-08,,,,,25.06,,0.0,,,0.0,0.0,0.0,,
Mumbai,2016-04-09,,,,,24.28,,0.0,,,0.0,0.0,0.0,,
Mumbai,2016-04-10,,,,,23.82,,0.0,,,0.0,0.0,0.0,,
Mumbai,2016-04-11,,,,,24.34,,0.0,,,0.0,0.0,0.0,,
Mumbai,2016-04-12,,,,,24.18,,0.0,,,0.0,0.0,0.0,,
Mumbai,2016-04-13,,,,,24.29,,0.0,,,0.0,0.0,0.0,,
Mumbai,2016-04-14,,,,,25.33,,0.0,,,0.0,0.0,0.0,,
Mumbai,2016-04-15,,,,,25.36,,0.0,,,0.0,0.0,0.0,,
Mumbai,2016-04-16,,,,,26.31,,0.0,,,0.0,0.0,0.0,,
Mumbai,2016-04-17,,,,,25.53,,0.0,,,0.0,0.0,0.0,,
Mumbai,2016-04-18,,,,,27.33,,0.0,,,0.0,0.0,0.0,,
Mumbai,2016-04-19,,,,,26.39,,0.0,,,0.0,0.0,0.0,,
Mumbai,2016-04-20,,,,,26.39,,0.0,,,0.0,0.0,0.0,,
Mumbai,2016-04-21,,,,,25.94,,0.0,,,0.0,0.0,0.0,,
Mumbai,2016-04-22,,,,,26.45,,0.0,,,0.0,0.0,0.0,,
Mumbai,2016-04-23,,,,,27.5,,0.0,,,0.0,0.0,0.0,,
Mumbai,2016-04-24,,,,,27.17,,0.0,,,0.0,0.0,0.0,,
Mumbai,2016-04-25,,,,,29.82,,0.0,,,0.0,0.0,0.0,,
Mumbai,2016-04-26,,,,,34.0,,0.0,,,0.0,0.0,0.0,,
Mumbai,2016-04-27,,,,,33.99,,0.0,,,0.0,0.0,0.0,,
Mumbai,2016-04-28,,,,,34.73,,0.0,,,0.0,0.0,0.0,,
Mumbai,2016-04-29,,,,,33.08,,0.0,,,0.0,0.0,0.0,,
Mumbai,2016-04-30,,,,,36.67,,0.0,,,0.0,0.0,0.0,,
Mumbai,2016-05-01,,,,,34.63,,0.0,,,0.0,0.0,0.0,,
Mumbai,2016-05-02,,,,,34.66,,0.0,,,0.0,0.0,0.0,,
Mumbai,2016-05-03,,,,,35.46,,0.0,,,0.0,0.0,0.0,,
Mumbai,2016-05-04,,,,,35.01,,0.0,,,0.0,0.0,0.0,,
Mumbai,2016-05-05,,,,,35.86,,0.0,,,0.0,0.0,0.0,,
Mumbai,2016-05-06,,,,,36.91,,0.0,,,0.0,0.0,0.0,,
Mumbai,2016-05-07,,,,,37.2,,0.0,,,0.0,0.0,0.0,,
Mumbai,2016-05-08,,,,,34.65,,0.0,,,0.0,0.0,0.0,,
Mumbai,2016-05-09,,,,,37.14,,0.0,,,0.0,0.0,0.0,,
Mumbai,2016-05-10,,,,,37.73,,0.0,,,0.0,0.0,0.0,,
Mumbai,2016-05-11,,,,,22.31,,0.0,,,0.0,0.0,0.0,,
Mumbai,2016-05-12,,,,,8.19,,0.0,,,0.0,0.0,0.0,,
Mumbai,2016-05-13,,,,,13.13,,0.0,,,0.0,0.0,0.0,,
Mumbai,2016-05-14,,,,,12.79,,0.0,,,0.0,0.0,0.0,,
Mumbai,2016-05-15,,,,,11.68,,0.0,,,0.0,0.0,0.0,,
Mumbai,2016-05-16,,,,,13.94,,0.0,,,0.0,0.0,0.0,,
Mumbai,2016-05-17,,,,,14.28,,0.0,,,0.0,0.0,0.0,,
Mumbai,2016-05-18,,,,,14.79,,0.0,,,0.0,0.0,0.0,,
Mumbai,2016-05-19,,,,,14.48,,0.0,,,0.0,0.0,0.0,,
Mumbai,2016-05-20,,,,,15.88,,0.0,,,0.0,0.0,0.0,,
Mumbai,2016-05-21,,,,,18.2,,0.0,,,0.0,0.0,0.0,,
Mumbai,2016-05-22,,,,,16.48,,0.0,,,0.0,0.0,0.0,,
Mumbai,2016-05-23,,,,,16.52,,0.0,,,0.0,0.0,0.0,,
Mumbai,2016-05-24,,,,,19.33,,0.0,,,0.0,0.0,0.0,,
Mumbai,2016-05-25,,,,,16.17,,0.0,,,0.0,0.0,0.0,,
Mumbai,2016-05-26,,,,,1.89,,0.0,,,0.0,0.0,0.0,,
Mumbai,2016-05-27,,,,,4.63,,0.0,,,0.0,0.0,0.0,,
Mumbai,2016-05-28,,,,,6.95,,0.0,,,0.0,0.0,0.0,,
Mumbai,2016-05-29,,,,,4.76,,0.0,,,0.0,0.0,0.0,,
Mumbai,2016-05-30,,,,,6.22,,0.0,,,0.0,0.0,0.0,,
Mumbai,2016-05-31,,,,,5.38,,0.0,,,0.0,0.0,0.0,,
Mumbai,2016-06-01,,,,,4.9,,0.0,,,0.0,0.0,0.0,,
Mumbai,2016-06-02,,,,,5.15,,0.0,,,0.0,0.0,0.0,,
Mumbai,2016-06-03,,,,,5.24,,0.0,,,0.0,0.0,0.0,,
Mumbai,2016-06-04,,,,,4.9,,0.0,,,0.0,0.0,0.0,,
Mumbai,2016-06-05,,,,,5.03,,0.0,,,0.0,0.0,0.0,,
Mumbai,2016-06-06,,,,,5.2,,0.0,,,0.0,0.0,0.0,,
Mumbai,2016-06-07,,,,,5.21,,0.0,,,0.0,0.0,0.0,,
Mumbai,2016-06-08,,,,,5.79,,0.0,,,0.0,0.0,0.0,,
Mumbai,2016-06-09,,,,,5.11,,0.0,,,0.0,0.0,0.0,,
Mumbai,2016-06-10,,,,,6.2,,0.0,,,0.0,0.0,0.0,,
Mumbai,2016-06-11,,,,,7.06,,0.0,,,0.0,0.0,0.0,,
Mumbai,2016-06-12,,,,,6.4,,0.0,,,0.0,0.0,0.0,,
Mumbai,2016-06-13,,,,,6.43,,0.0,,,0.0,0.0,0.0,,
Mumbai,2016-06-14,,,,,9.66,,0.0,,,0.0,0.0,0.0,,
Mumbai,2016-06-15,,,,,16.88,,0.0,,,0.0,0.0,0.0,,
Mumbai,2016-06-16,,,,,15.96,,0.0,,,0.0,0.0,0.0,,
Mumbai,2016-06-17,,,,,15.36,,0.0,,,0.0,0.0,0.0,,
Mumbai,2016-06-18,,,,,16.55,,0.0,,,0.0,0.0,0.0,,
Mumbai,2016-06-19,,,,,16.66,,0.0,,,0.0,0.0,0.0,,
Mumbai,2016-06-20,,,,,16.12,,0.0,,,0.0,0.0,0.0,,
Mumbai,2016-06-21,,,,,15.32,,0.0,,,0.0,0.0,0.0,,
Mumbai,2016-06-22,,,,,,,,,,,,,,
Mumbai,2016-06-23,,,,,,,,,,,,,,
Mumbai,2016-06-24,,,,,77.59,,0.0,,,0.0,0.0,0.0,,
Mumbai,2016-06-25,,,,,,,,,,,,,,
Mumbai,2016-06-26,,,,,,,,,,,,,,
Mumbai,2016-06-27,,,,,,,,,,,,,,
Mumbai,2016-06-28,,,,,,,,,,,,,,
Mumbai,2016-06-29,,,,,,,,,,,,,,
Mumbai,2016-06-30,,,,,99.96,,,,,,0.0,,,
Mumbai,2016-07-01,,,,,111.48,,,,,,,,,
Mumbai,2016-07-02,,,,,104.15,,0.0,,,0.0,0.0,0.0,,
Mumbai,2016-07-03,,,,,99.18,,0.0,,,0.0,0.0,0.0,,
Mumbai,2016-07-04,,,,,82.27,,0.0,,,0.0,0.0,0.0,,
Mumbai,2016-07-05,,,,,79.53,,0.0,,,0.0,0.0,0.0,,
Mumbai,2016-07-06,,,,,42.96,,0.0,,,0.0,0.0,0.0,,
Mumbai,2016-07-07,,,,,26.35,,0.0,,,0.0,0.0,0.0,,
Mumbai,2016-07-08,,,,,25.02,,0.0,,,0.0,0.0,0.0,,
Mumbai,2016-07-09,,,,,19.99,,0.0,,,0.0,0.0,0.0,,
Mumbai,2016-07-10,,,,,16.85,,0.0,,,0.0,0.0,0.0,,
Mumbai,2016-07-11,,,,,17.83,,0.0,,,0.0,0.0,0.0,,
Mumbai,2016-07-12,,,,,18.72,,0.0,,,0.0,0.0,0.0,,
Mumbai,2016-07-13,,,,,17.03,,0.0,,,0.0,0.0,0.0,,
Mumbai,2016-07-14,,,,,68.16,,0.0,,,0.0,0.0,0.0,,
Mumbai,2016-07-15,,,,,139.88,,0.0,,,0.0,0.0,0.0,,
Mumbai,2016-07-16,,,,,13.52,,0.0,,,0.0,0.0,0.0,,
Mumbai,2016-07-17,,,,,88.11,,0.0,,,0.0,0.0,0.0,,
Mumbai,2016-07-18,,,,,107.39,,0.0,,,0.0,0.0,0.0,,
Mumbai,2016-07-19,,,,,33.16,,0.0,,,,,,,
Mumbai,2016-07-20,,,,,16.9,,0.0,,,,,,,
Mumbai,2016-07-21,,,,,60.09,,0.0,,,,,,,
Mumbai,2016-07-22,,,,,34.05,,0.0,,,,,,,
Mumbai,2016-07-23,,,,,64.61,,0.0,,,,,,,
Mumbai,2016-07-24,,,,,137.22,,0.0,,,,,,,
Mumbai,2016-07-25,,,,,67.99,,0.0,,,,,,,
Mumbai,2016-07-26,,,,,31.25,,0.0,,,,,,,
Mumbai,2016-07-27,,,,,194.01,,0.0,,,,,,,
Mumbai,2016-07-28,,,,,467.63,,0.0,,,,,,,
Mumbai,2016-07-29,,,,,378.31,,0.0,,,,,,,
Mumbai,2016-07-30,,,,,106.78,,0.0,,,,,,,
Mumbai,2016-07-31,,,,,98.26,,0.0,,,,,,,
Mumbai,2016-08-01,,,,,177.87,,0.0,,,,,,,
Mumbai,2016-08-02,,,,,260.73,,0.0,,,,,,,
Mumbai,2016-08-03,,,,,212.6,,0.0,,,,,,,
Mumbai,2016-08-04,,,,,207.03,,0.0,,,,,,,
Mumbai,2016-08-05,,,,,165.44,,0.0,,,,,,,
Mumbai,2016-08-06,,,,,142.18,,0.0,,,,,,,
Mumbai,2016-08-07,,,,,273.33,,0.0,,,,,,,
Mumbai,2016-08-08,,,,,261.63,,0.0,,,,,,,
Mumbai,2016-08-09,,,,,172.24,,0.0,,,,,,,
Mumbai,2016-08-10,,,,,142.25,,0.0,,,,,,,
Mumbai,2016-08-11,,,,,150.77,,0.0,,,,,,,
Mumbai,2016-08-12,,,,,,,0.0,,,,,,,
Mumbai,2016-08-13,,,,,,,0.0,,,,,,,
Mumbai,2016-08-14,,,,,,,0.0,,,,,,,
Mumbai,2016-08-15,,,,,,,0.0,,,,,,,
Mumbai,2016-08-16,,,,,,,0.0,,,,,,,
Mumbai,2016-08-17,,,,,,,0.0,,,,,,,
Mumbai,2016-08-18,,,,,,,0.0,,,,,,,
Mumbai,2016-08-19,,,,,,,0.0,,,,,,,
Mumbai,2016-08-20,,,,,,,0.0,,,,,,,
Mumbai,2016-08-21,,,,,,,0.0,,,,,,,
Mumbai,2016-08-22,,,,,,,0.0,,,,,,,
Mumbai,2016-08-23,,,,,,,0.0,,,,,,,
Mumbai,2016-08-24,,,,,,,0.0,,,,,,,
Mumbai,2016-08-25,,,,,,,0.0,,,,,,,
Mumbai,2016-08-26,,,,,,,0.0,,,,,,,
Mumbai,2016-08-27,,,,,,,0.0,,,,,,,
Mumbai,2016-08-28,,,,,,,0.0,,,,,,,
Mumbai,2016-08-29,,,,,,,0.0,,,,,,,
Mumbai,2016-08-30,,,,,,,0.0,,,,,,,
Mumbai,2016-08-31,,,,,,,0.0,,,,,,,
Mumbai,2016-09-01,,,,,,,0.0,,,,,,,
Mumbai,2016-09-02,,,,,,,0.0,,,,,,,
Mumbai,2016-09-03,,,,,,,0.0,,,,,,,
Mumbai,2016-09-04,,,,,,,0.0,,,,,,,
Mumbai,2016-09-05,,,,,,,0.0,,,,,,,
Mumbai,2016-09-06,,,,,,,0.0,,,,,,,
Mumbai,2016-09-07,,,,,,,0.0,,,,,,,
Mumbai,2016-09-08,,,,,,,0.0,,,,,,,
Mumbai,2016-09-09,,,,,,,0.0,,,,,,,
Mumbai,2016-09-10,,,,,,,0.0,,,,,,,
Mumbai,2016-09-11,,,,,,,0.0,,,,,,,
Mumbai,2016-09-12,,,,,,,0.0,,,,,,,
Mumbai,2016-09-13,,,,,,,0.0,,,,,,,
Mumbai,2016-09-14,,,,,,,0.0,,,,,,,
Mumbai,2016-09-15,,,,,,,0.0,,,,,,,
Mumbai,2016-09-16,,,,,,,0.0,,,,,,,
Mumbai,2016-09-17,,,,,,,0.0,,,,,,,
Mumbai,2016-09-18,,,,,,,0.0,,,,,,,
Mumbai,2016-09-19,,,,,,,0.0,,,,,,,
Mumbai,2016-09-20,,,,,,,0.0,,,,,,,
Mumbai,2016-09-21,,,,,,,0.0,,,,,,,
Mumbai,2016-09-22,,,,,,,0.0,,,,,,,
Mumbai,2016-09-23,,,,,,,0.0,,,,,,,
Mumbai,2016-09-24,,,,,,,0.0,,,,,,,
Mumbai,2016-09-25,,,,,,,0.0,,,,,,,
Mumbai,2016-09-26,,,,,,,0.0,,,,,,,
Mumbai,2016-09-27,,,,,,,0.0,,,,,,,
Mumbai,2016-09-28,,,,,,,0.0,,,,,,,
Mumbai,2016-09-29,,,,,,,0.0,,,,,,,
Mumbai,2016-09-30,,,,,,,0.0,,,,,,,
Mumbai,2016-10-01,,,,,,,0.0,,,,,,,
Mumbai,2016-10-02,,,,,,,0.0,,,,,,,
Mumbai,2016-10-03,,,,,,,0.0,,,,,,,
Mumbai,2016-10-04,,,,,,,0.0,,,,,,,
Mumbai,2016-10-05,,,,,,,0.0,,,,,,,
Mumbai,2016-10-06,,,,,,,0.0,,,,,,,
Mumbai,2016-10-07,,,,,,,0.0,,,,,,,
Mumbai,2016-10-08,,,,,,,0.0,,,,,,,
Mumbai,2016-10-09,,,,,,,0.0,,,,,,,
Mumbai,2016-10-10,,,,,,,0.0,,,,,,,
Mumbai,2016-10-11,,,,,,,0.0,,,,,,,
Mumbai,2016-10-12,,,,,,,0.0,,,,,,,
Mumbai,2016-10-13,,,,,,,0.0,,,,,,,
Mumbai,2016-10-14,,,,,,,0.0,,,,,,,
Mumbai,2016-10-15,,,,,,,0.0,,,,,,,
Mumbai,2016-10-16,,,,,,,0.0,,,,,,,
Mumbai,2016-10-17,,,,,,,0.0,,,,,,,
Mumbai,2016-10-18,,,,,,,0.0,,,,,,,
Mumbai,2016-10-19,,,,,,,0.0,,,,,,,
Mumbai,2016-10-20,,,,,,,0.0,,,,,,,
Mumbai,2016-10-21,,,,,,,0.0,,,,,,,
Mumbai,2016-10-22,,,,,,,0.0,,,,,,,
Mumbai,2016-10-23,,,,,,,0.0,,,,,,,
Mumbai,2016-10-24,,,,,,,0.0,,,,,,,
Mumbai,2016-10-25,,,,,,,0.0,,,,,,,
Mumbai,2016-10-26,,,,,,,0.0,,,,,,,
Mumbai,2016-10-27,,,,,,,0.0,,,,,,,
Mumbai,2016-10-28,,,,,,,0.0,,,,,,,
Mumbai,2016-10-29,,,,,,,0.0,,,,,,,
Mumbai,2016-10-30,,,,,,,0.0,,,,,,,
Mumbai,2016-10-31,,,,,,,0.0,,,,,,,
Mumbai,2016-11-01,,,,,,,0.0,,,,,,,
Mumbai,2016-11-02,,,,,,,0.0,,,,,,,
Mumbai,2016-11-03,,,,,,,0.0,,,,,,,
Mumbai,2016-11-04,,,,,,,0.0,,,,,,,
Mumbai,2016-11-05,,,,,,,0.0,,,,,,,
Mumbai,2016-11-06,,,,,,,0.0,,,,,,,
Mumbai,2016-11-07,,,,,,,0.0,,,,,,,
Mumbai,2016-11-08,,,,,,,0.0,,,,,,,
Mumbai,2016-11-09,,,,,,,0.0,,,,,,,
Mumbai,2016-11-10,,,,,,,0.0,,,,,,,
Mumbai,2016-11-11,,,,,,,0.0,,,,,,,
Mumbai,2016-11-12,,,,,,,0.0,,,,,,,
Mumbai,2016-11-13,,,,,,,0.0,,,,,,,
Mumbai,2016-11-14,,,,,,,0.0,,,,,,,
Mumbai,2016-11-15,,,,,,,0.0,,,,,,,
Mumbai,2016-11-16,,,,,,,0.0,,,,,,,
Mumbai,2016-11-17,,,,,,,0.0,,,,,,,
Mumbai,2016-11-18,,,,,,,0.0,,,,,,,
Mumbai,2016-11-19,,,,,,,0.0,,,,,,,
Mumbai,2016-11-20,,,,,,,0.0,,,,,,,
Mumbai,2016-11-21,,,,,,,0.0,,,,,,,
Mumbai,2016-11-22,,,,,,,0.0,,,,,,,
Mumbai,2016-11-23,,,,,,,0.0,,,,,,,
Mumbai,2016-11-24,,,,,,,0.0,,,,,,,
Mumbai,2016-11-25,,,,,,,0.0,,,,,,,
Mumbai,2016-11-26,,,,,,,0.0,,,,,,,
Mumbai,2016-11-27,,,,,,,0.0,,,,,,,
Mumbai,2016-11-28,,,,,,,0.0,,,,,,,
Mumbai,2016-11-29,,,,,,,0.0,,,,,,,
Mumbai,2016-11-30,,,,,,,0.0,,,,,,,
Mumbai,2016-12-01,,,,,,,0.0,,,,,,,
Mumbai,2016-12-02,,,,,,,0.0,,,,,,,
Mumbai,2016-12-03,,,,,,,0.0,,,,,,,
Mumbai,2016-12-04,,,,,,,0.0,,,,,,,
Mumbai,2016-12-05,,,,,,,0.0,,,,,,,
Mumbai,2016-12-06,,,,,,,0.0,,,,,,,
Mumbai,2016-12-07,,,,,,,0.0,,,,,,,
Mumbai,2016-12-08,,,,,,,0.0,,,,,,,
Mumbai,2016-12-09,,,,,,,0.0,,,,,,,
Mumbai,2016-12-10,,,,,,,0.0,,,,,,,
Mumbai,2016-12-11,,,,,,,0.0,,,,,,,
Mumbai,2016-12-12,,,,,,,0.0,,,,,,,
Mumbai,2016-12-13,,,,,,,0.0,,,,,,,
Mumbai,2016-12-14,,,,,,,0.0,,,,,,,
Mumbai,2016-12-15,,,,,,,0.0,,,,,,,
Mumbai,2016-12-16,,,,,,,0.0,,,,,,,
Mumbai,2016-12-17,,,,,,,0.0,,,,,,,
Mumbai,2016-12-18,,,,,,,0.0,,,,,,,
Mumbai,2016-12-19,,,,,,,0.0,,,,,,,
Mumbai,2016-12-20,,,,,,,0.0,,,,,,,
Mumbai,2016-12-21,,,,,,,0.0,,,,,,,
Mumbai,2016-12-22,,,,,,,0.0,,,,,,,
Mumbai,2016-12-23,,,,,,,0.0,,,,,,,
Mumbai,2016-12-24,,,,,,,0.0,,,,,,,
Mumbai,2016-12-25,,,,,,,0.0,,,,,,,
Mumbai,2016-12-26,,,,,,,0.0,,,,,,,
Mumbai,2016-12-27,,,,,,,0.0,,,,,,,
Mumbai,2016-12-28,,,,,,,0.0,,,,,,,
Mumbai,2016-12-29,,,,,,,0.0,,,,,,,
Mumbai,2016-12-30,,,,,,,0.0,,,,,,,
Mumbai,2016-12-31,,,,,,,0.0,,,,,,,
Patna,2015-06-01,,,14.41,25.06,39.32,,1.56,1.8,8.89,0.0,0.29,0.0,,
Patna,2015-06-02,,,25.0,22.48,47.5,,2.35,9.69,9.9,0.08,0.83,0.09,,
Patna,2015-06-03,,,14.29,17.16,29.81,,1.69,20.61,12.63,0.0,0.33,0.0,,
Patna,2015-06-04,,,13.03,15.62,28.63,,1.2,4.35,9.77,0.01,0.28,0.0,,
Patna,2015-06-05,,,10.4,10.36,20.14,,1.29,7.22,11.9,0.0,0.15,0.0,,
Patna,2015-06-06,,,21.02,18.56,38.88,,1.44,11.02,11.24,0.0,0.32,0.0,,
Patna,2015-06-07,,,20.35,27.97,48.2,,1.42,5.36,10.63,0.0,0.21,0.0,,
Patna,2015-06-08,,,23.38,29.72,53.29,,1.33,4.53,10.81,0.02,0.36,0.06,,
Patna,2015-06-09,,,26.99,28.6,55.47,,1.7,10.42,11.39,0.01,0.33,0.01,,
Patna,2015-06-10,,,23.36,20.42,43.24,,2.28,17.55,9.75,0.0,0.23,0.0,,
Patna,2015-06-11,,,12.19,18.38,30.39,,1.08,5.69,14.71,0.0,0.05,0.0,,
Patna,2015-06-12,,,10.67,17.14,27.13,,1.0,5.83,12.91,0.0,0.07,0.0,,
Patna,2015-06-13,,,3.74,16.58,19.57,,0.44,1.74,23.05,0.0,0.0,0.0,,
Patna,2015-06-14,,,5.44,19.71,24.84,,0.59,1.56,13.25,0.0,0.06,0.0,,
Patna,2015-06-15,,,14.37,22.41,35.88,,1.38,5.3,14.47,0.01,0.15,0.0,,
Patna,2015-06-16,,,8.25,17.15,24.85,,1.53,2.22,11.69,0.0,0.01,0.0,,
Patna,2015-06-17,,,27.52,22.37,48.96,,1.99,17.51,26.55,0.0,0.0,0.0,,
Patna,2015-06-18,,,32.22,17.95,49.64,,1.71,12.88,36.26,0.0,0.0,0.0,,
Patna,2015-06-19,,,24.47,17.43,42.03,,1.34,5.53,8.02,,,,,
Patna,2015-06-20,,,17.33,12.65,29.82,,1.12,7.12,6.87,,,,,
Patna,2015-06-21,,,17.2,11.84,29.1,,1.13,6.31,7.35,,,,,
Patna,2015-06-22,,,30.72,12.45,42.94,,2.1,8.39,17.44,74.8,42.39,42.03,,
Patna,2015-06-23,,,33.96,11.31,45.97,,1.44,8.08,9.2,0.23,1.67,0.64,,
Patna,2015-06-24,,,35.74,20.67,56.06,,3.04,18.69,15.72,0.34,1.72,0.88,,
Patna,2015-06-25,,,7.53,9.67,16.86,,0.62,4.41,10.98,0.16,1.28,0.38,,
Patna,2015-06-26,,,15.62,16.48,32.08,,0.92,7.98,13.38,0.24,1.62,0.63,,
Patna,2015-06-27,,,34.79,18.11,52.79,,1.92,6.51,12.13,0.32,2.48,0.91,,
Patna,2015-06-28,,,13.08,14.6,26.15,,0.53,2.79,9.49,0.27,1.98,0.72,,
Patna,2015-06-29,,,30.27,22.39,51.99,,1.57,4.18,12.77,0.38,2.58,1.13,,
Patna,2015-06-30,,,17.85,21.23,38.93,,1.75,7.87,9.97,0.33,2.15,0.91,,
Patna,2015-07-01,,,11.88,14.58,25.8,,1.07,1.15,12.31,0.23,1.58,0.57,,
Patna,2015-07-02,,,7.17,14.32,21.45,,0.74,0.92,12.19,0.23,1.62,0.55,,
Patna,2015-07-03,,,13.19,14.73,27.87,,1.23,5.62,12.28,0.23,1.68,0.56,,
Patna,2015-07-04,,,14.19,15.31,29.45,,1.32,5.31,11.95,0.27,1.85,0.7,,
Patna,2015-07-05,,,11.59,10.86,24.26,,1.1,5.12,12.64,0.23,2.06,0.57,,
Patna,2015-07-06,,,26.97,16.58,46.45,,2.52,12.11,13.04,0.34,2.03,0.93,,
Patna,2015-07-07,,,21.77,12.16,34.78,,1.8,9.63,14.64,0.31,1.74,0.82,,
Patna,2015-07-08,,,21.41,10.1,31.4,,1.35,5.97,12.53,0.3,1.96,0.79,,
Patna,2015-07-09,,,24.96,10.16,35.06,,1.35,6.31,12.26,0.31,2.04,0.88,,
Patna,2015-07-10,,,22.02,7.55,30.91,,3.91,17.68,9.96,0.26,1.77,0.78,,
Patna,2015-07-11,,,14.63,8.74,23.55,,2.02,14.23,9.97,0.28,1.74,0.66,,
Patna,2015-07-12,,,15.01,6.82,21.9,,2.1,14.94,9.52,0.24,1.68,0.57,,
Patna,2015-07-13,,,16.59,19.81,34.55,,1.94,23.57,10.37,0.26,1.33,0.59,,
Patna,2015-07-14,,,27.16,19.86,45.96,,2.53,9.61,14.5,0.29,1.88,0.73,,
Patna,2015-07-15,,,8.48,18.81,27.11,,1.03,0.57,12.03,0.27,1.92,0.71,,
Patna,2015-07-16,,,42.75,22.63,64.99,,2.18,16.13,12.46,0.35,2.34,1.09,,
Patna,2015-07-17,,,24.5,13.9,38.27,,2.1,13.17,11.71,0.29,1.98,0.81,,
Patna,2015-07-18,,,14.25,14.27,28.49,,2.09,0.97,12.37,0.25,1.83,0.63,,
Patna,2015-07-19,,,13.86,11.5,25.23,,2.01,0.92,12.55,0.24,2.0,0.63,,
Patna,2015-07-20,,,20.77,13.13,33.85,,2.25,1.13,12.67,0.29,2.32,0.81,,
Patna,2015-07-21,,,17.62,11.94,29.48,,2.03,4.24,10.33,0.27,1.99,0.77,,
Patna,2015-07-22,,,34.66,13.51,47.99,,3.01,4.43,7.8,0.28,1.97,0.83,,
Patna,2015-07-23,,,35.96,16.57,52.36,,1.78,2.51,5.93,0.35,2.31,1.08,,
Patna,2015-07-24,,,23.98,15.2,39.1,,1.69,10.42,5.78,0.31,2.09,0.98,,
Patna,2015-07-25,,,18.94,14.1,32.97,,1.82,2.63,6.06,0.25,1.68,0.64,,
Patna,2015-07-26,,,27.59,14.97,42.43,,1.96,3.64,6.05,0.25,1.85,0.64,,
Patna,2015-07-27,,,15.92,12.07,28.02,,1.74,3.73,5.95,0.24,1.76,0.62,,
Patna,2015-07-28,,,17.32,11.93,29.17,,1.75,3.64,5.86,0.22,1.76,0.62,,
Patna,2015-07-29,,,18.18,12.34,30.52,,1.73,3.89,5.56,0.22,1.66,0.65,,
Patna,2015-07-30,,,15.62,11.77,27.36,,1.68,3.61,5.79,0.21,1.53,0.57,,
Patna,2015-07-31,,,18.86,12.39,31.2,,1.78,4.16,5.89,0.24,1.8,0.61,,
Patna,2015-08-01,,,27.52,10.31,37.82,,2.0,9.41,5.63,0.27,1.99,0.84,,
Patna,2015-08-02,,,22.32,12.29,34.54,,1.8,5.9,5.6,0.36,2.31,0.93,,
Patna,2015-08-03,,,23.79,30.33,54.07,,1.43,4.31,6.07,0.44,2.39,1.1,,
Patna,2015-08-04,,,14.67,9.12,23.85,,1.9,3.92,5.56,0.23,2.12,0.71,,
Patna,2015-08-05,,,7.78,13.1,23.56,,1.4,5.01,5.95,0.2,1.87,0.48,,
Patna,2015-08-06,,,35.81,23.01,58.09,,1.98,5.44,7.44,0.28,2.09,0.79,,
Patna,2015-08-07,,,22.39,13.91,36.23,,1.59,12.21,9.25,0.3,2.04,0.88,,
Patna,2015-08-08,,,21.45,9.95,31.4,,1.92,5.7,8.54,0.35,2.31,1.06,,
Patna,2015-08-09,,,7.73,3.93,10.96,,0.75,4.06,9.91,0.28,2.09,0.74,,
Patna,2015-08-10,,,31.35,24.06,55.28,,1.56,4.01,9.87,0.3,2.08,0.88,,
Patna,2015-08-11,,,22.73,18.51,41.3,,1.41,4.33,10.14,0.29,2.13,0.9,,
Patna,2015-08-12,,,24.37,18.59,42.6,,1.34,5.82,10.11,0.3,2.02,0.84,,
Patna,2015-08-13,,,19.37,15.57,34.88,,1.16,5.83,10.07,0.27,1.81,0.75,,
Patna,2015-08-14,,,17.89,16.92,34.59,,0.98,5.86,10.36,0.26,1.87,0.74,,
Patna,2015-08-15,,,17.19,15.69,32.78,,1.04,19.71,10.74,0.26,1.86,0.71,,
Patna,2015-08-16,,,22.01,18.45,40.2,,2.73,5.7,10.33,0.23,1.64,0.6,,
Patna,2015-08-17,,,15.03,14.22,27.79,,1.88,4.03,10.19,0.2,1.63,0.53,,
Patna,2015-08-18,,,13.91,12.51,26.32,,1.71,4.81,10.21,0.22,1.96,0.58,,
Patna,2015-08-19,,,10.13,10.85,20.92,,1.56,34.0,10.29,0.18,1.53,0.46,,
Patna,2015-08-20,,,13.0,12.09,24.48,,0.87,10.39,10.01,0.18,1.5,0.46,,
Patna,2015-08-21,,,31.3,17.3,48.54,,1.52,12.05,9.94,0.31,2.37,0.9,,
Patna,2015-08-22,,,25.05,16.94,41.35,,1.45,13.97,9.87,0.33,2.2,0.88,,
Patna,2015-08-23,,,24.93,15.32,39.59,,1.29,7.18,9.83,0.26,2.29,0.72,,
Patna,2015-08-24,,,29.38,19.76,49.12,,1.5,8.9,10.03,0.3,2.31,0.86,,
Patna,2015-08-25,,,18.63,15.99,34.55,,1.18,9.99,10.02,0.27,1.91,0.75,,
Patna,2015-08-26,,,27.68,19.6,47.14,,1.22,10.83,9.94,0.31,2.2,0.92,,
Patna,2015-08-27,,,33.31,16.97,50.32,,1.48,8.45,10.06,0.33,2.23,0.98,,
Patna,2015-08-28,,,31.19,17.02,48.18,,1.45,6.53,9.83,0.33,2.14,0.97,,
Patna,2015-08-29,,,22.85,16.68,39.32,,1.27,6.27,9.8,0.28,2.3,0.83,,
Patna,2015-08-30,,,14.43,15.52,29.96,,0.99,6.53,9.92,0.2,1.98,0.52,,
Patna,2015-08-31,,,11.32,12.18,23.36,,1.19,11.29,11.74,0.18,1.56,0.41,,
Patna,2015-09-01,,,9.8,12.85,22.62,,0.98,5.25,8.51,0.19,1.61,0.48,,
Patna,2015-09-02,,,8.27,10.16,17.83,,0.88,5.99,8.19,0.16,1.54,0.36,,
Patna,2015-09-03,,,12.57,15.01,27.05,,1.12,4.56,8.28,0.22,1.79,0.49,,
Patna,2015-09-04,,,9.15,13.6,22.19,,1.03,6.47,8.21,0.23,1.58,0.51,,
Patna,2015-09-05,,,9.89,14.72,24.58,,1.1,7.16,8.21,0.22,1.84,0.51,,
Patna,2015-09-06,,,7.17,11.87,18.96,,0.93,5.77,8.11,0.17,1.47,0.33,,
Patna,2015-09-07,,,13.43,14.59,27.46,,1.26,6.2,8.03,0.21,1.46,0.52,,
Patna,2015-09-08,,,10.77,9.9,20.65,,1.13,6.47,8.38,0.26,1.84,0.64,,
Patna,2015-09-09,,,5.93,6.0,11.63,,1.22,13.38,8.89,0.23,1.78,0.51,,
Patna,2015-09-10,,,16.47,17.68,33.98,,1.84,5.98,9.58,0.3,1.78,0.68,,
Patna,2015-09-11,,,36.6,22.02,58.43,,2.12,5.49,9.08,0.33,2.08,0.85,,
Patna,2015-09-12,,,53.09,25.69,78.25,,2.28,4.36,13.91,0.29,2.33,0.83,,
Patna,2015-09-13,,,,,,,,,,,,,,
Patna,2015-09-14,,,58.5,25.89,84.28,,1.78,5.72,11.08,0.31,2.21,0.82,,
Patna,2015-09-15,,,47.63,25.65,73.24,,1.35,6.57,9.68,0.34,2.27,0.98,,
Patna,2015-09-16,,,39.46,26.18,65.1,,1.16,5.94,10.43,0.27,1.99,0.8,,
Patna,2015-09-17,,,34.71,25.29,59.37,,1.09,5.4,10.85,0.26,1.94,0.68,,
Patna,2015-09-18,,,37.03,25.39,62.3,,1.53,8.49,9.46,0.3,1.98,0.77,,
Patna,2015-09-19,,,39.85,27.22,67.0,,1.53,6.12,8.08,0.28,1.94,0.73,,
Patna,2015-09-20,,,,,,,,,,,,,,
Patna,2015-09-21,,,56.42,20.91,77.1,,2.5,4.86,10.84,0.34,2.02,1.07,,
Patna,2015-09-22,,,48.25,21.46,69.54,,1.88,4.99,9.42,0.28,2.01,0.82,,
Patna,2015-09-23,,,25.87,20.81,45.75,,1.03,5.43,9.88,0.19,1.59,0.48,,
Patna,2015-09-24,,,19.81,22.92,42.57,,1.01,10.45,10.0,0.2,1.64,0.5,,
Patna,2015-09-25,,,17.58,21.29,38.86,,0.91,9.22,9.51,0.17,1.46,0.37,,
Patna,2015-09-26,,,53.32,18.68,72.24,,0.97,5.69,9.32,0.19,1.52,0.36,,
Patna,2015-09-27,,,30.02,20.26,50.15,,1.01,5.93,10.05,0.21,1.82,0.44,,
Patna,2015-09-28,,,32.78,23.25,55.88,,1.32,8.44,10.34,0.24,1.87,0.54,,
Patna,2015-09-29,,,48.94,26.33,74.97,,1.41,7.56,9.46,0.3,1.96,0.73,,
Patna,2015-09-30,,,29.14,31.05,60.19,,1.07,5.89,10.46,0.27,1.53,0.59,,
Patna,2015-10-01,100.96,,46.71,28.3,74.68,,1.3,4.65,7.82,0.29,1.69,0.62,,
Patna,2015-10-02,71.2,,35.59,21.49,55.98,,2.44,4.93,9.04,0.21,1.26,0.38,,
Patna,2015-10-03,74.28,,23.79,21.98,45.62,,1.04,4.79,6.25,0.21,1.42,0.36,154.0,Moderate
Patna,2015-10-04,118.5,,47.07,24.01,71.08,,1.12,7.27,4.84,0.3,1.69,0.64,156.0,Moderate
Patna,2015-10-05,99.12,,51.83,27.6,79.26,,1.63,4.48,6.12,0.32,2.04,0.82,222.0,Poor
Patna,2015-10-06,107.03,,50.8,22.55,72.95,,1.52,5.45,8.45,0.3,1.81,0.7,257.0,Poor
Patna,2015-10-07,111.0,,47.1,26.21,73.08,,1.56,5.5,11.09,0.29,1.83,0.66,246.0,Poor
Patna,2015-10-08,107.48,,61.42,24.39,86.33,,1.83,5.54,11.14,0.33,2.2,0.82,282.0,Poor
Patna,2015-10-09,121.5,,50.94,23.53,74.48,,1.18,5.66,10.04,0.29,2.11,0.68,234.0,Poor
Patna,2015-10-10,,,,,,,,,,,,,,
Patna,2015-10-11,,,,,,,,,,,,,,
Patna,2015-10-12,,,,,,,,,,,,,,
Patna,2015-10-13,,,,,,,,,,,,,,
Patna,2015-10-14,,,,,,,,,,,,,,
Patna,2015-10-15,68.34,,65.77,31.56,97.33,,1.66,5.3,12.73,0.35,2.11,1.08,,
Patna,2015-10-16,87.82,,73.26,30.75,103.79,,1.25,5.53,10.58,0.32,2.34,0.89,165.0,Moderate
Patna,2015-10-17,95.74,,68.42,31.51,99.85,,1.56,5.16,10.66,0.33,2.44,0.93,193.0,Moderate
Patna,2015-10-18,170.0,,161.43,24.45,185.88,,2.26,5.73,9.8,0.58,3.34,1.72,259.0,Poor
Patna,2015-10-19,116.35,,76.34,30.0,107.75,,1.47,5.63,9.33,0.3,2.3,0.68,,
Patna,2015-10-20,83.8,,19.47,28.08,47.56,,1.27,4.3,12.01,0.25,1.33,0.56,,
Patna,2015-10-21,98.72,,42.19,27.44,69.41,,1.63,4.49,10.97,0.29,1.89,0.7,214.0,Poor
Patna,2015-10-22,128.72,,43.23,30.24,73.24,,1.81,5.69,10.81,0.29,2.06,0.71,260.0,Poor
Patna,2015-10-23,120.64,,38.14,26.28,64.28,,1.2,5.17,10.64,0.25,1.66,0.52,312.0,Very Poor
Patna,2015-10-24,119.64,,39.43,38.79,78.22,,1.58,4.45,12.09,0.29,1.81,0.63,274.0,Poor
Patna,2015-10-25,197.17,,116.61,40.47,157.07,,1.24,4.1,9.82,0.42,2.29,0.98,,
Patna,2015-10-26,125.35,,59.75,34.67,94.09,,1.92,5.38,10.22,0.35,1.83,0.82,294.0,Poor
Patna,2015-10-27,136.26,,56.63,24.67,81.3,,1.67,5.24,8.7,0.34,1.95,0.81,313.0,Very Poor
Patna,2015-10-28,201.0,,107.88,26.66,134.55,,1.34,5.1,7.39,0.46,2.5,1.25,306.0,Very Poor
Patna,2015-10-29,66.43,,32.93,28.0,60.89,,1.16,5.95,8.97,0.26,1.63,0.7,145.0,Moderate
Patna,2015-10-30,66.17,,39.58,23.37,61.82,,1.59,7.15,8.92,0.21,1.39,0.49,137.0,Moderate
Patna,2015-10-31,116.88,,54.12,30.07,84.11,,1.8,6.76,8.16,0.33,1.8,0.82,196.0,Moderate
Patna,2015-11-01,192.0,,124.67,26.57,151.24,,1.58,7.94,6.88,0.48,2.53,1.42,306.0,Very Poor
Patna,2015-11-02,114.42,,74.17,29.37,103.6,,2.2,7.21,8.04,0.37,2.04,1.02,253.0,Poor
Patna,2015-11-03,132.89,,71.05,25.7,96.75,,1.42,7.61,7.97,0.38,1.97,0.98,311.0,Very Poor
Patna,2015-11-04,124.45,,33.08,26.49,59.63,,1.42,7.6,7.97,0.29,1.56,0.61,270.0,Poor
Patna,2015-11-05,128.25,,43.21,28.0,71.14,,1.57,7.3,8.07,0.33,1.65,0.68,305.0,Very Poor
Patna,2015-11-06,170.54,,80.22,31.08,111.22,,2.31,7.4,8.11,0.48,2.13,1.23,330.0,Very Poor
Patna,2015-11-07,217.82,,89.47,30.86,119.82,,2.53,7.46,8.71,0.48,2.19,1.25,355.0,Very Poor
Patna,2015-11-08,211.84,,65.54,33.03,98.57,,2.41,4.93,8.24,0.46,2.19,1.19,377.0,Very Poor
Patna,2015-11-09,183.37,,79.56,33.5,112.96,,1.96,3.33,9.27,0.48,2.24,1.14,354.0,Very Poor
Patna,2015-11-10,217.98,,57.12,28.78,85.53,,1.84,7.83,8.55,0.44,1.86,0.93,361.0,Very Poor
Patna,2015-11-11,225.05,,31.22,23.99,55.6,,1.46,5.87,6.86,0.35,1.57,0.62,367.0,Very Poor
Patna,2015-11-12,214.09,,39.6,26.9,66.24,,1.54,8.19,9.32,0.36,1.82,0.67,385.0,Very Poor
Patna,2015-11-13,200.98,,42.59,28.02,71.77,,1.61,6.51,9.37,0.35,1.64,0.77,374.0,Very Poor
Patna,2015-11-14,240.12,,47.53,25.54,72.67,,1.71,5.57,9.93,0.35,1.65,0.76,375.0,Very Poor
Patna,2015-11-15,249.21,,51.04,27.83,78.88,,1.2,4.4,8.5,0.4,1.88,0.91,392.0,Very Poor
Patna,2015-11-16,279.32,,57.92,24.69,82.28,,2.32,5.42,10.85,0.46,1.89,0.94,402.0,Severe
Patna,2015-11-17,222.41,,54.94,26.47,81.18,,2.03,5.89,10.7,0.41,1.92,0.87,407.0,Severe
Patna,2015-11-18,238.43,,51.63,24.26,75.78,,1.81,5.96,10.87,0.39,1.86,0.72,388.0,Very Poor
Patna,2015-11-19,195.85,,85.91,23.62,109.16,,2.48,6.74,11.4,0.42,1.87,1.04,362.0,Very Poor
Patna,2015-11-20,275.71,,100.47,27.91,128.09,,2.74,12.26,13.92,0.46,1.84,1.19,394.0,Very Poor
Patna,2015-11-21,315.16,,167.81,33.24,200.85,,3.67,8.69,23.89,0.53,1.77,1.43,441.0,Severe
Patna,2015-11-22,422.92,,221.41,36.42,257.82,,4.1,0.73,4.17,0.76,2.62,2.28,447.0,Severe
Patna,2015-11-23,273.82,,145.01,37.1,181.05,,3.63,4.29,10.27,0.58,1.93,1.55,407.0,Severe
Patna,2015-11-24,305.56,,123.94,37.41,160.68,,2.67,2.26,11.87,0.5,1.59,1.28,422.0,Severe
Patna,2015-11-25,281.76,,78.62,34.87,113.53,,3.43,13.94,11.38,0.45,1.34,1.07,426.0,Severe
Patna,2015-11-26,253.51,,84.94,31.61,116.52,,2.66,7.21,13.87,0.4,1.24,0.96,436.0,Severe
Patna,2015-11-27,240.39,,124.65,43.46,168.01,,3.17,5.06,13.64,0.47,1.52,1.29,389.0,Very Poor
Patna,2015-11-28,199.25,,75.13,42.36,117.27,,1.69,2.41,11.18,0.41,1.28,0.99,381.0,Very Poor
Patna,2015-11-29,119.5,,66.11,38.99,105.1,,0.78,2.62,8.33,0.3,0.95,0.59,348.0,Very Poor
Patna,2015-11-30,221.33,,77.93,36.98,114.87,,3.24,7.26,12.05,0.48,1.58,1.27,365.0,Very Poor
Patna,2015-12-01,247.61,,99.48,32.13,131.53,,3.0,5.91,13.58,0.48,1.5,1.22,394.0,Very Poor
Patna,2015-12-02,189.19,,55.75,31.95,87.67,,1.94,5.75,12.14,0.37,1.1,0.83,395.0,Very Poor
Patna,2015-12-03,160.84,,54.16,28.14,81.43,,2.32,6.93,12.67,0.34,1.11,0.8,309.0,Very Poor
Patna,2015-12-04,230.61,,79.11,31.59,110.54,,3.31,6.54,18.58,0.47,1.46,1.16,359.0,Very Poor
Patna,2015-12-05,242.71,,92.03,35.95,127.91,,2.62,5.55,9.59,0.49,1.55,1.24,416.0,Severe
Patna,2015-12-06,174.18,,66.75,31.43,98.1,,1.89,6.05,9.49,0.39,1.12,0.75,358.0,Very Poor
Patna,2015-12-07,186.38,,61.1,29.32,90.35,,1.97,6.17,9.81,0.41,1.14,0.81,343.0,Very Poor
Patna,2015-12-08,198.38,,42.86,25.24,68.09,,1.88,4.89,9.83,0.41,0.94,0.58,359.0,Very Poor
Patna,2015-12-09,169.68,,50.1,27.61,75.62,,2.67,11.43,13.29,0.4,1.0,0.66,344.0,Very Poor
Patna,2015-12-10,150.2,,41.55,33.72,73.22,,1.79,5.72,11.9,0.34,0.9,0.6,329.0,Very Poor
Patna,2015-12-11,194.92,,46.71,38.96,84.41,,2.0,5.81,15.19,0.39,1.11,0.77,336.0,Very Poor
Patna,2015-12-12,276.74,,57.85,36.49,93.45,,2.58,6.15,12.67,0.46,1.33,0.96,381.0,Very Poor
Patna,2015-12-13,250.54,,55.57,38.0,93.55,,1.86,3.25,12.85,0.42,1.11,0.71,431.0,Severe
Patna,2015-12-14,207.56,,53.99,43.54,96.5,,1.88,6.7,12.77,0.36,1.03,0.69,387.0,Very Poor
Patna,2015-12-15,208.42,,42.34,42.36,83.27,,1.92,6.36,12.94,0.36,1.0,0.67,353.0,Very Poor
Patna,2015-12-16,272.46,,70.6,41.71,111.51,,2.4,6.59,11.48,0.47,1.36,1.04,405.0,Severe
Patna,2015-12-17,321.28,,89.84,43.6,133.13,,3.15,6.53,13.86,0.55,1.54,1.2,415.0,Severe
Patna,2015-12-18,283.03,,68.58,44.37,112.57,,2.08,6.04,12.42,0.46,1.17,0.83,463.0,Severe
Patna,2015-12-19,322.19,,65.08,42.01,106.55,,2.98,6.64,15.57,0.48,1.32,0.96,412.0,Severe
Patna,2015-12-20,645.5,,199.3,40.82,240.12,,5.7,3.7,8.66,0.88,2.58,2.17,490.0,Severe
Patna,2015-12-21,299.25,,81.98,42.69,124.58,,2.55,7.84,14.36,0.49,1.5,1.25,423.0,Severe
Patna,2015-12-22,296.46,,88.5,42.42,130.63,,2.87,7.31,18.37,0.5,1.58,1.33,444.0,Severe
Patna,2015-12-23,281.18,,107.53,45.18,152.52,,2.82,7.66,19.77,0.53,1.65,1.43,428.0,Severe
Patna,2015-12-24,284.03,,86.66,43.49,129.92,,2.16,8.81,22.66,0.43,1.12,0.85,430.0,Severe
Patna,2015-12-25,255.32,,32.94,37.49,70.36,,1.86,8.02,22.07,0.39,0.99,0.66,405.0,Severe
Patna,2015-12-26,218.97,,37.1,36.14,73.08,,1.93,7.72,20.77,0.39,1.13,0.76,379.0,Very Poor
Patna,2015-12-27,324.5,,73.44,38.86,112.29,,2.26,3.12,13.72,0.5,1.3,0.96,390.0,Very Poor
Patna,2015-12-28,364.83,,60.67,43.96,104.28,,2.51,7.72,37.67,0.5,1.41,1.05,477.0,Severe
Patna,2015-12-29,391.47,,45.95,45.49,91.44,,2.35,3.46,48.04,0.51,1.28,0.88,498.0,Severe
Patna,2015-12-30,498.75,,200.37,51.59,251.96,,8.06,4.57,42.46,0.97,3.16,3.11,507.0,Severe
Patna,2015-12-31,498.02,,195.0,45.11,239.99,,6.15,7.32,34.48,0.91,2.83,2.52,586.0,Severe
Patna,2016-01-01,553.63,,161.83,39.36,201.04,,5.75,6.49,36.11,0.88,2.61,2.34,619.0,Severe
Patna,2016-01-02,454.15,,122.14,35.62,167.56,,3.45,7.22,27.27,0.73,2.0,1.67,598.0,Severe
Patna,2016-01-03,406.49,,96.86,36.59,133.45,,3.8,2.73,14.47,0.71,2.15,1.79,522.0,Severe
Patna,2016-01-04,361.88,,131.69,34.76,166.08,,3.55,6.62,25.2,0.66,1.93,1.63,501.0,Severe
Patna,2016-01-05,373.44,,152.73,39.02,141.81,,3.65,7.05,38.77,0.71,2.07,1.78,490.0,Severe
Patna,2016-01-06,451.4,,196.42,40.48,223.87,,5.48,6.59,41.75,0.79,2.4,2.16,542.0,Severe
Patna,2016-01-07,290.05,,107.17,42.48,148.83,,2.8,7.41,13.42,0.5,1.65,1.39,488.0,Severe
Patna,2016-01-08,260.51,,31.8,40.09,71.89,,1.79,2.93,23.52,0.44,1.33,1.09,414.0,Severe
Patna,2016-01-09,196.61,,30.53,35.89,66.13,,1.56,7.2,20.94,0.32,0.86,0.56,383.0,Very Poor
Patna,2016-01-10,156.03,,52.24,38.34,90.31,,1.69,3.38,20.75,0.34,1.06,0.7,330.0,Very Poor
Patna,2016-01-11,234.13,,99.54,39.03,139.37,,2.59,6.78,18.32,0.46,1.48,1.2,366.0,Very Poor
Patna,2016-01-12,301.41,,118.1,32.02,148.44,,4.71,11.46,16.89,0.57,1.82,1.57,417.0,Severe
Patna,2016-01-13,355.4,,118.54,25.68,142.41,,6.21,35.97,17.07,0.58,1.79,1.59,456.0,Severe
Patna,2016-01-14,412.87,,125.48,42.07,167.55,,4.23,13.69,13.99,0.66,2.06,1.83,512.0,Severe
Patna,2016-01-15,312.14,,78.45,43.25,119.75,,3.26,10.52,12.36,0.52,1.54,1.26,502.0,Severe
Patna,2016-01-16,195.43,,30.28,37.64,67.95,,2.34,4.94,16.45,0.34,0.9,0.62,393.0,Very Poor
Patna,2016-01-17,190.89,,25.18,43.84,69.02,,2.31,2.24,17.56,0.38,1.16,0.91,341.0,Very Poor
Patna,2016-01-18,194.96,,41.78,40.07,81.16,,2.8,13.02,18.78,0.34,0.91,0.62,364.0,Very Poor
Patna,2016-01-19,211.12,,29.91,32.87,62.78,,1.39,1.79,9.24,0.43,1.29,1.12,357.0,Very Poor
Patna,2016-01-20,184.21,,34.16,29.41,63.4,,1.36,5.98,7.81,0.3,0.82,0.59,347.0,Very Poor
Patna,2016-01-21,167.6,,28.16,26.51,54.67,,1.36,5.5,7.52,0.3,0.79,0.54,354.0,Very Poor
Patna,2016-01-22,159.71,,26.06,26.42,52.45,,1.06,3.44,7.69,0.3,0.71,0.47,328.0,Very Poor
Patna,2016-01-23,269.74,,34.11,28.89,62.99,,1.93,6.71,12.45,0.36,0.87,0.57,346.0,Very Poor
Patna,2016-01-24,302.58,,54.77,41.38,96.15,,2.12,2.3,14.04,0.76,1.48,1.24,454.0,Severe
Patna,2016-01-25,335.55,,91.57,38.73,130.31,,2.98,6.6,10.85,0.56,1.51,1.34,440.0,Severe
Patna,2016-01-26,298.3,,102.57,38.43,141.0,,2.49,6.0,13.55,0.48,1.42,1.23,468.0,Severe
Patna,2016-01-27,248.62,,54.36,39.34,93.7,,1.84,6.57,15.69,0.41,1.15,0.95,424.0,Severe
Patna,2016-01-28,272.65,,58.16,36.55,94.72,,1.85,9.28,14.59,0.37,0.8,0.53,395.0,Very Poor
Patna,2016-01-29,309.87,,69.83,39.45,109.29,,2.27,7.19,10.1,0.49,1.4,1.2,443.0,Severe
Patna,2016-01-30,337.37,,64.48,37.33,101.82,,2.38,6.48,11.12,0.51,1.45,1.29,463.0,Severe
Patna,2016-01-31,345.73,,51.42,37.92,89.34,,2.25,7.19,12.02,0.49,1.25,0.99,453.0,Severe
Patna,2016-02-01,239.65,,56.72,34.36,91.08,,2.02,6.88,9.28,0.47,1.25,0.99,458.0,Severe
Patna,2016-02-02,212.25,,51.58,35.96,87.54,,1.4,2.75,10.95,0.43,1.18,0.9,368.0,Very Poor
Patna,2016-02-03,102.21,,22.75,34.18,56.93,,1.16,6.94,21.31,0.25,0.75,0.56,320.0,Very Poor
Patna,2016-02-04,148.58,,24.33,35.0,59.35,,1.29,6.55,18.3,0.29,0.8,0.56,280.0,Poor
Patna,2016-02-05,365.0,,55.28,39.23,94.5,,2.22,2.26,6.03,0.42,1.2,1.03,333.0,Very Poor
Patna,2016-02-06,,,,,,,,,,,,,,
Patna,2016-02-07,,,,,,,,,,,,,,
Patna,2016-02-08,,,,,,,,,,,,,,
Patna,2016-02-09,193.44,,34.27,28.69,62.96,,1.55,2.58,9.07,0.43,1.5,1.19,,
Patna,2016-02-10,194.24,,32.97,28.56,61.54,,1.6,6.16,14.19,0.35,0.92,0.66,359.0,Very Poor
Patna,2016-02-11,248.22,,80.01,32.37,112.39,,2.36,7.32,12.9,0.49,1.55,1.3,374.0,Very Poor
Patna,2016-02-12,181.54,,46.97,29.52,76.49,,1.95,11.96,15.76,0.36,1.07,0.84,373.0,Very Poor
Patna,2016-02-13,223.92,,100.45,33.75,134.2,,2.84,3.99,15.66,0.61,2.06,1.9,361.0,Very Poor
Patna,2016-02-14,189.19,,83.16,32.71,115.88,,1.98,8.13,11.44,0.44,1.39,1.18,362.0,Very Poor
Patna,2016-02-15,196.19,,75.46,33.11,108.57,,1.6,3.57,8.78,0.46,1.48,1.31,359.0,Very Poor
Patna,2016-02-16,198.92,,144.3,31.9,176.2,,1.02,3.21,2.9,0.38,1.4,1.27,350.0,Very Poor
Patna,2016-02-17,115.71,,27.1,27.12,54.22,,1.98,13.86,13.44,0.31,1.03,0.84,,
Patna,2016-02-18,116.36,,23.25,25.19,48.45,,1.06,6.85,19.66,0.23,0.65,0.38,303.0,Very Poor
Patna,2016-02-19,94.58,,16.67,23.0,39.67,,1.11,7.06,20.75,0.21,0.64,0.39,222.0,Poor
Patna,2016-02-20,122.07,,25.64,23.36,49.01,,1.33,7.48,12.88,0.31,0.95,0.66,272.0,Poor
Patna,2016-02-21,130.5,,16.67,23.81,40.48,,0.62,3.35,11.63,0.25,0.54,0.25,301.0,Very Poor
Patna,2016-02-22,63.6,,15.24,24.41,39.62,,0.89,5.52,23.6,0.18,0.6,0.32,148.0,Moderate
Patna,2016-02-23,96.72,,23.64,28.3,51.9,,1.16,5.49,19.34,0.24,0.75,0.48,157.0,Moderate
Patna,2016-02-24,131.62,,47.8,31.58,79.35,,1.36,5.11,13.84,0.36,1.22,0.87,301.0,Very Poor
Patna,2016-02-25,161.57,,45.84,32.15,75.87,,1.37,6.1,14.02,0.38,1.2,0.91,322.0,Very Poor
Patna,2016-02-26,112.65,,27.26,27.51,54.77,,0.79,1.62,11.55,0.33,1.08,0.77,306.0,Very Poor
Patna,2016-02-27,113.99,,45.56,21.68,65.86,,1.41,7.49,11.01,0.36,1.19,0.83,269.0,Poor
Patna,2016-02-28,127.13,,42.28,21.58,59.62,,2.43,2.93,12.13,0.37,1.3,1.01,298.0,Poor
Patna,2016-02-29,146.86,,46.43,31.03,77.46,,1.46,4.86,20.18,0.3,0.9,0.51,317.0,Very Poor
Patna,2016-03-01,91.83,,15.84,20.05,32.75,,1.24,2.97,13.36,0.4,1.51,1.23,320.0,Very Poor
Patna,2016-03-02,144.07,,33.61,27.11,60.76,,1.57,6.15,15.78,0.32,1.06,0.71,303.0,Very Poor
Patna,2016-03-03,180.16,,55.02,30.15,85.13,,1.51,6.04,15.7,0.36,1.6,0.85,343.0,Very Poor
Patna,2016-03-04,175.65,,49.02,30.56,79.59,,2.68,6.45,19.27,0.37,2.46,0.83,327.0,Very Poor
Patna,2016-03-05,247.52,,67.39,25.74,93.13,,1.67,5.76,15.35,0.42,1.61,0.9,390.0,Very Poor
Patna,2016-03-06,205.0,,47.69,18.5,66.19,,1.26,1.74,3.12,0.38,1.25,0.8,376.0,Very Poor
Patna,2016-03-07,94.47,,33.58,23.43,57.0,,1.05,6.81,19.85,0.2,0.86,0.38,210.0,Poor
Patna,2016-03-08,51.77,,22.51,23.26,45.62,,0.99,5.36,19.54,0.17,0.81,0.43,156.0,Moderate
Patna,2016-03-09,82.68,,12.71,19.81,30.08,,1.02,6.03,22.23,0.19,0.82,0.43,155.0,Moderate
Patna,2016-03-10,79.5,,26.0,21.9,47.9,,0.39,0.8,23.16,0.14,0.62,0.23,174.0,Moderate
Patna,2016-03-11,66.46,,4.96,28.44,23.37,,3.12,14.37,15.34,0.19,0.7,0.42,,
Patna,2016-03-12,73.38,,5.27,28.03,19.69,,1.55,10.45,18.68,0.17,0.68,0.32,216.0,Poor
Patna,2016-03-13,32.0,,14.55,59.54,74.08,,0.69,1.35,19.91,0.1,0.54,0.19,125.0,Moderate
Patna,2016-03-14,61.64,,30.29,50.84,64.61,,1.49,6.66,11.69,0.21,0.86,0.52,170.0,Moderate
Patna,2016-03-15,102.93,,22.84,2.32,15.92,,1.38,6.78,15.77,0.21,0.84,0.5,240.0,Poor
Patna,2016-03-16,104.17,,12.81,19.89,22.09,,1.17,6.99,29.6,0.15,0.62,0.25,241.0,Poor
Patna,2016-03-17,80.08,,28.65,26.21,54.88,,1.65,8.17,28.63,0.23,0.9,0.5,157.0,Moderate
Patna,2016-03-18,155.15,,45.57,26.99,72.49,,1.7,10.28,25.85,0.27,0.89,0.54,314.0,Very Poor
Patna,2016-03-19,66.5,,9.43,26.08,35.51,,1.6,2.86,32.94,0.28,1.1,0.87,280.0,Poor
Patna,2016-03-20,,,,,,,,,,,,,,
Patna,2016-03-21,84.45,,12.1,17.47,29.58,,1.42,6.95,22.14,0.21,0.74,0.45,193.0,Moderate
Patna,2016-03-22,41.42,,3.58,14.03,17.61,,0.59,1.88,39.7,0.11,0.49,0.17,100.0,Satisfactory
Patna,2016-03-23,142.92,,11.04,18.76,29.82,,1.9,13.38,34.34,0.21,0.6,0.15,176.0,Moderate
Patna,2016-03-24,165.42,,24.97,20.3,45.27,,2.08,10.92,27.9,0.34,0.9,0.47,,
Patna,2016-03-25,122.33,,11.72,27.77,39.47,,1.54,4.84,24.74,0.33,1.11,0.88,,
Patna,2016-03-26,142.83,,12.38,19.8,32.13,,1.54,6.44,34.88,0.3,0.9,0.56,322.0,Very Poor
Patna,2016-03-27,151.61,,11.23,15.07,26.3,,1.53,6.36,17.53,0.31,1.06,0.74,314.0,Very Poor
Patna,2016-03-28,72.89,,6.08,11.5,17.58,,1.15,5.13,35.8,0.18,0.68,0.35,199.0,Moderate
Patna,2016-03-29,81.45,,10.05,14.16,24.22,,1.3,3.76,24.63,0.24,0.9,0.58,139.0,Moderate
Patna,2016-03-30,147.27,,10.54,13.8,24.31,,1.82,8.53,32.96,0.26,0.9,0.58,302.0,Very Poor
Patna,2016-03-31,135.87,,5.71,8.48,14.2,,2.01,7.18,24.68,0.22,0.79,0.49,316.0,Very Poor
Patna,2016-04-01,52.08,,5.49,12.75,18.23,,1.32,18.33,31.63,0.19,0.75,0.46,183.0,Moderate
Patna,2016-04-02,68.82,,5.17,14.49,19.66,,1.29,2.01,25.75,0.24,0.95,0.7,91.0,Satisfactory
Patna,2016-04-03,116.43,,7.65,10.42,18.07,,1.48,4.24,17.44,0.2,0.74,0.4,289.0,Poor
Patna,2016-04-04,91.12,,7.84,13.56,21.41,,1.76,5.36,12.85,0.24,0.91,0.61,198.0,Moderate
Patna,2016-04-05,95.61,,5.29,12.95,18.23,,1.15,3.06,19.09,0.24,0.82,0.54,222.0,Poor
Patna,2016-04-06,56.0,,3.95,13.99,17.94,,1.06,2.86,23.46,0.21,0.84,0.6,211.0,Poor
Patna,2016-04-07,64.36,,5.77,17.18,23.37,,1.1,3.78,25.43,0.18,0.64,0.32,108.0,Moderate
Patna,2016-04-08,59.97,,8.43,16.56,22.27,,1.52,8.58,20.29,0.2,0.84,0.51,144.0,Moderate
Patna,2016-04-09,63.68,,5.62,13.68,19.94,,1.41,9.53,23.44,0.2,0.77,0.46,140.0,Moderate
Patna,2016-04-10,67.83,,3.95,13.31,17.27,,1.17,9.11,37.39,0.14,0.59,0.22,152.0,Moderate
Patna,2016-04-11,68.21,,3.95,14.32,18.27,,1.4,8.61,30.21,0.18,0.7,0.42,147.0,Moderate
Patna,2016-04-12,55.92,,2.84,9.87,9.83,,1.26,7.02,32.25,0.16,0.64,0.37,148.0,Moderate
Patna,2016-04-13,50.42,,17.62,1.0,1.11,,1.79,7.32,39.8,0.13,0.54,0.27,166.0,Moderate
Patna,2016-04-14,79.44,,3.29,1.89,1.63,,1.28,10.11,34.77,0.16,0.6,0.24,131.0,Moderate
Patna,2016-04-15,70.25,,50.59,7.09,56.72,,1.36,4.02,32.31,0.29,1.08,0.84,,
Patna,2016-04-16,119.91,,32.38,5.79,38.18,,1.47,10.54,23.13,0.2,0.77,0.45,285.0,Poor
Patna,2016-04-17,66.73,,24.13,9.13,33.27,,1.14,5.84,16.18,0.2,0.78,0.6,226.0,Poor
Patna,2016-04-18,66.36,,28.98,11.13,40.11,,1.44,19.03,22.79,0.19,0.76,0.47,155.0,Moderate
Patna,2016-04-19,64.81,,28.79,10.99,39.78,,2.09,14.89,22.82,0.26,0.96,0.78,165.0,Moderate
Patna,2016-04-20,89.45,,77.03,16.78,93.84,,1.48,8.8,22.95,0.24,0.83,0.57,194.0,Moderate
Patna,2016-04-21,60.25,,30.21,10.8,40.99,,1.14,7.25,29.06,0.17,0.66,0.38,170.0,Moderate
Patna,2016-04-22,66.23,,35.14,11.18,46.32,,1.1,7.57,28.72,0.19,0.75,0.42,134.0,Moderate
Patna,2016-04-23,112.04,,52.56,13.03,63.68,,1.22,7.9,26.33,0.19,0.73,0.4,182.0,Moderate
Patna,2016-04-24,64.0,,49.53,12.33,61.88,,0.55,1.42,19.45,0.12,0.6,0.2,280.0,Poor
Patna,2016-04-25,62.5,,39.8,12.1,51.89,,0.87,3.1,28.07,0.21,0.82,0.48,104.0,Moderate
Patna,2016-04-26,65.06,,32.91,10.48,44.13,,1.27,2.41,21.09,0.29,1.21,0.92,112.0,Moderate
Patna,2016-04-27,139.0,,10.21,0.86,9.19,,2.35,15.96,23.29,0.36,1.21,0.9,262.0,Poor
Patna,2016-04-28,103.2,,9.72,3.17,9.44,,1.49,4.06,21.94,0.34,1.31,1.08,329.0,Very Poor
Patna,2016-04-29,112.71,,5.75,3.32,9.06,,1.23,5.15,27.84,0.23,0.86,0.54,269.0,Poor
Patna,2016-04-30,107.22,,5.68,3.32,9.0,,2.44,18.6,25.43,0.3,1.07,0.82,225.0,Poor
Patna,2016-05-01,94.3,,5.69,3.34,9.03,,2.7,15.5,34.04,0.27,1.01,0.78,263.0,Poor
Patna,2016-05-02,113.64,,6.02,3.13,9.14,,1.39,7.37,18.68,0.22,0.84,0.57,305.0,Very Poor
Patna,2016-05-03,105.17,,6.04,3.28,9.32,,1.26,7.06,20.66,0.18,0.72,0.47,252.0,Poor
Patna,2016-05-04,69.21,,5.5,3.25,8.75,,1.32,6.68,24.64,0.19,0.78,0.56,157.0,Moderate
Patna,2016-05-05,77.02,,5.62,3.24,8.86,,1.6,10.81,25.54,0.22,0.87,0.6,147.0,Moderate
Patna,2016-05-06,118.74,,5.88,3.11,8.99,,1.64,7.4,23.7,0.27,0.92,0.64,262.0,Poor
Patna,2016-05-07,74.61,,5.92,3.34,9.26,,1.28,5.76,28.58,0.19,0.73,0.44,233.0,Poor
Patna,2016-05-08,98.17,,5.89,3.15,9.04,,1.1,6.33,37.08,0.17,0.7,0.34,230.0,Poor
Patna,2016-05-09,76.96,,17.55,3.6,19.78,,0.89,6.63,27.73,0.21,0.81,0.53,141.0,Moderate
Patna,2016-05-10,115.88,,76.48,15.26,91.75,,3.03,16.05,27.06,0.2,0.78,0.48,215.0,Poor
Patna,2016-05-11,62.22,,14.56,26.51,41.05,,1.32,7.01,27.76,0.17,0.74,0.5,215.0,Poor
Patna,2016-05-12,65.42,,13.2,26.94,40.18,,1.36,5.63,36.88,0.18,0.77,0.51,150.0,Moderate
Patna,2016-05-13,59.59,,13.4,23.02,36.42,,1.22,5.87,34.76,0.17,0.74,0.46,147.0,Moderate
Patna,2016-05-14,63.54,,14.77,18.56,33.3,,1.21,6.13,22.13,0.16,0.69,0.4,134.0,Moderate
Patna,2016-05-15,58.5,,11.23,17.05,28.29,,1.14,5.13,24.2,0.14,0.64,0.31,137.0,Moderate
Patna,2016-05-16,64.47,,20.01,23.26,43.27,,1.8,10.55,26.46,0.18,0.71,0.43,141.0,Moderate
Patna,2016-05-17,70.67,,12.17,33.56,45.72,,1.36,4.0,39.54,0.25,1.0,0.71,109.0,Moderate
Patna,2016-05-18,49.74,,11.87,19.44,31.3,,1.27,6.0,32.08,0.17,0.74,0.43,132.0,Moderate
Patna,2016-05-19,41.25,,13.95,15.97,29.93,,1.21,5.91,24.95,0.17,0.75,0.43,115.0,Moderate
Patna,2016-05-20,39.84,,13.67,14.55,28.22,,1.22,6.88,24.03,0.16,0.71,0.37,104.0,Moderate
Patna,2016-05-21,44.05,,32.73,22.03,54.76,,2.08,7.45,14.57,0.25,1.04,0.85,68.0,Satisfactory
Patna,2016-05-22,91.96,,18.26,18.01,36.28,,1.28,5.57,19.9,0.16,0.75,0.41,221.0,Poor
Patna,2016-05-23,61.75,,17.1,20.31,37.41,,1.48,5.55,19.68,0.2,0.82,0.54,126.0,Moderate
Patna,2016-05-24,59.26,,14.9,23.07,37.96,,1.42,5.52,24.72,0.18,0.75,0.46,137.0,Moderate
Patna,2016-05-25,64.21,,14.15,24.28,38.42,,1.35,6.12,25.62,0.18,0.76,0.51,141.0,Moderate
Patna,2016-05-26,110.88,,19.43,26.51,45.94,,1.48,6.34,24.77,0.2,0.87,0.54,219.0,Poor
Patna,2016-05-27,150.08,,13.66,21.16,32.87,,1.19,2.16,23.53,0.19,0.75,0.46,259.0,Poor
Patna,2016-05-28,415.43,,14.39,18.96,31.95,,1.15,9.88,28.5,0.16,0.68,0.42,494.0,Severe
Patna,2016-05-29,66.17,,16.76,21.01,37.77,,1.34,2.41,23.73,0.17,0.74,0.39,264.0,Poor
Patna,2016-05-30,86.67,,29.12,26.19,55.31,,1.9,2.42,16.17,0.25,0.96,0.69,180.0,Moderate
Patna,2016-05-31,81.11,,21.94,26.47,48.41,,1.59,2.46,19.68,0.23,0.95,0.62,182.0,Moderate
Patna,2016-06-01,68.89,,17.93,20.32,38.27,,1.51,5.21,19.77,0.19,0.8,0.45,147.0,Moderate
Patna,2016-06-02,73.5,,16.51,25.94,42.47,,1.53,6.27,24.52,0.2,0.86,0.48,155.0,Moderate
Patna,2016-06-03,169.52,,22.7,24.6,45.14,,1.73,3.39,20.01,0.23,0.8,0.49,244.0,Poor
Patna,2016-06-04,66.58,,15.86,21.86,37.72,,1.32,6.61,21.45,0.18,0.74,0.43,271.0,Poor
Patna,2016-06-05,56.37,,15.23,20.28,35.52,,1.24,6.61,21.05,0.15,0.71,0.3,128.0,Moderate
Patna,2016-06-06,56.57,,8.83,18.2,27.03,,0.68,2.95,17.41,0.13,0.6,0.22,95.0,Satisfactory
Patna,2016-06-07,37.5,,59.81,18.27,78.08,,6.44,52.74,25.13,0.22,0.92,0.59,,
Patna,2016-06-08,95.61,,18.95,22.83,41.79,,1.44,9.38,19.87,0.17,0.78,0.43,235.0,Poor
Patna,2016-06-09,77.65,,17.51,19.46,36.96,,1.48,7.72,17.79,0.17,0.68,0.26,150.0,Moderate
Patna,2016-06-10,50.0,,6.06,21.23,27.27,,0.87,2.04,31.35,0.15,0.72,0.19,,
Patna,2016-06-11,84.0,,6.08,23.85,29.93,,1.23,1.65,30.51,0.22,0.83,0.34,,
Patna,2016-06-12,,,,,,,,,,,,,,
Patna,2016-06-13,53.5,,7.8,22.26,30.06,,1.08,0.92,24.98,0.19,0.8,0.4,,
Patna,2016-06-14,60.29,,21.39,28.03,49.43,,1.95,8.59,28.49,0.24,0.97,0.66,,
Patna,2016-06-15,74.71,,13.23,15.64,28.87,,1.14,4.73,16.94,0.15,0.59,0.19,134.0,Moderate
Patna,2016-06-16,43.67,,10.48,20.74,31.25,,1.09,0.74,22.23,0.21,0.9,0.48,,
Patna,2016-06-17,48.0,,22.31,21.23,43.53,,2.44,15.11,24.92,0.17,0.84,0.46,,
Patna,2016-06-18,43.61,,22.23,22.51,44.74,,1.89,7.99,13.56,0.24,1.02,0.73,,
Patna,2016-06-19,45.75,,15.0,14.56,29.55,,1.11,5.24,14.9,0.13,0.65,0.23,119.0,Moderate
Patna,2016-06-20,47.5,,16.72,18.23,34.95,,1.26,5.35,16.37,0.16,0.72,0.35,121.0,Moderate
Patna,2016-06-21,46.67,,12.22,16.74,28.97,,1.05,11.76,15.15,0.13,0.62,0.29,123.0,Moderate
Patna,2016-06-22,39.48,,14.85,13.03,27.88,,1.46,2.01,14.84,0.09,0.45,0.12,128.0,Moderate
Patna,2016-06-23,67.86,,12.39,22.48,34.87,,0.91,2.42,20.88,0.16,0.68,0.33,102.0,Moderate
Patna,2016-06-24,48.93,,12.85,15.2,28.03,,1.3,7.34,15.19,0.11,0.5,0.27,139.0,Moderate
Patna,2016-06-25,57.6,,15.69,23.22,38.91,,1.19,2.25,19.63,0.23,0.82,0.62,80.0,Satisfactory
Patna,2016-06-26,96.77,,17.02,17.54,34.56,,1.26,6.12,12.45,0.15,0.61,0.34,238.0,Poor
Patna,2016-06-27,68.22,,22.29,22.89,45.18,,1.21,2.22,10.68,0.2,0.75,0.53,127.0,Moderate
Patna,2016-06-28,83.29,,15.28,20.03,34.99,,0.9,2.06,11.55,0.17,0.68,0.44,202.0,Poor
Patna,2016-06-29,43.12,,27.69,23.34,51.03,,1.4,6.69,9.78,0.16,0.63,0.4,139.0,Moderate
Patna,2016-06-30,45.54,,28.05,20.88,48.93,,0.6,2.11,7.78,0.11,0.43,0.17,85.0,Satisfactory
Patna,2016-07-01,40.3,,33.11,26.47,59.58,,1.2,2.3,9.42,0.21,0.83,0.67,,
Patna,2016-07-02,36.96,,53.86,47.22,101.07,,1.37,6.31,9.91,0.17,0.69,0.45,136.0,Moderate
Patna,2016-07-03,32.14,,46.55,25.72,72.27,,0.51,1.93,9.23,0.06,0.37,0.09,130.0,Moderate
Patna,2016-07-04,36.0,,0.7,0.04,0.15,,1.7,2.39,8.18,0.28,1.15,1.0,,
Patna,2016-07-05,37.95,,35.86,28.08,57.94,,1.3,6.38,8.29,0.14,0.69,0.36,127.0,Moderate
Patna,2016-07-06,44.45,,78.98,52.11,131.09,,1.41,6.36,10.7,0.16,0.72,0.42,146.0,Moderate
Patna,2016-07-07,43.0,,40.31,37.87,78.18,,1.27,7.29,11.75,0.12,0.56,0.26,157.0,Moderate
Patna,2016-07-08,49.11,,99.66,35.89,135.55,,2.61,18.06,15.71,0.18,0.75,0.54,94.0,Satisfactory
Patna,2016-07-09,34.4,,17.83,20.27,38.12,,1.14,2.56,13.68,0.2,0.83,0.68,,
Patna,2016-07-10,39.08,,15.29,13.49,28.78,,1.3,6.3,12.8,0.13,0.59,0.32,137.0,Moderate
Patna,2016-07-11,35.0,,17.98,15.23,33.21,,1.32,6.17,9.73,0.15,0.68,0.44,117.0,Moderate
Patna,2016-07-12,32.0,,14.44,11.7,26.15,,1.24,8.15,11.44,0.11,0.57,0.26,113.0,Moderate
Patna,2016-07-13,47.58,,34.9,20.76,55.63,,2.17,12.61,10.35,0.24,0.96,0.79,,
Patna,2016-07-14,59.33,,14.71,15.22,29.93,,1.26,5.45,12.99,0.14,0.55,0.31,140.0,Moderate
Patna,2016-07-15,40.91,,13.14,11.82,24.96,,1.26,1.82,13.37,0.09,0.4,0.12,128.0,Moderate
Patna,2016-07-16,38.0,,38.31,10.37,48.63,,3.92,56.87,16.45,0.1,0.52,0.24,,
Patna,2016-07-17,36.25,,32.83,10.73,43.57,,2.59,21.15,9.56,0.1,0.46,0.19,,
Patna,2016-07-18,37.83,,12.02,11.57,23.63,,1.12,6.23,10.44,0.09,0.43,0.21,124.0,Moderate
Patna,2016-07-19,42.11,,10.16,11.83,21.99,,1.06,6.08,9.13,0.11,0.5,0.25,122.0,Moderate
Patna,2016-07-20,49.88,,14.58,15.79,30.37,,1.32,6.21,11.03,0.15,0.63,0.41,117.0,Moderate
Patna,2016-07-21,58.33,,8.17,16.29,24.46,,0.75,2.15,11.39,0.13,0.56,0.28,108.0,Moderate
Patna,2016-07-22,56.72,,15.93,17.69,33.62,,0.94,2.13,9.52,0.16,0.63,0.4,94.0,Satisfactory
Patna,2016-07-23,43.43,,6.75,11.39,18.15,,0.54,2.02,9.68,0.08,0.39,0.13,81.0,Satisfactory
Patna,2016-07-24,43.1,,25.39,16.32,41.8,,1.95,8.31,11.3,0.15,0.64,0.43,,
Patna,2016-07-25,46.0,,26.31,13.84,40.15,,1.9,8.59,8.86,0.16,0.63,0.44,179.0,Moderate
Patna,2016-07-26,42.62,,16.63,13.72,29.73,,1.26,6.76,8.75,0.14,0.61,0.4,124.0,Moderate
Patna,2016-07-27,40.43,,9.65,12.21,21.86,,0.69,2.0,9.03,0.11,0.49,0.26,65.0,Satisfactory
Patna,2016-07-28,64.13,,28.17,19.68,47.85,,1.15,2.36,8.43,0.2,0.79,0.6,95.0,Satisfactory
Patna,2016-07-29,44.97,,5.58,6.45,10.71,,0.82,2.2,10.54,0.14,0.63,0.37,88.0,Satisfactory
Patna,2016-07-30,54.18,,7.07,11.76,17.63,,0.93,2.18,7.71,0.16,0.65,0.4,86.0,Satisfactory
Patna,2016-07-31,53.0,,14.1,18.64,32.73,,1.02,1.68,9.54,0.16,0.71,0.39,93.0,Satisfactory
Patna,2016-08-01,41.62,,16.36,14.88,29.4,,0.96,2.28,7.94,0.15,0.68,0.41,84.0,Satisfactory
Patna,2016-08-02,191.41,,27.07,15.6,41.97,,1.09,2.34,6.91,0.16,0.76,0.49,228.0,Poor
Patna,2016-08-03,30.09,,40.33,13.29,52.93,,2.11,21.48,7.66,0.14,0.67,0.37,294.0,Poor
Patna,2016-08-04,26.99,,10.6,11.28,21.89,,0.81,0.98,10.34,0.13,0.63,0.32,73.0,Satisfactory
Patna,2016-08-05,68.36,,10.02,12.18,22.19,,1.27,2.76,9.18,0.14,0.67,0.34,166.0,Moderate
Patna,2016-08-06,78.82,,9.19,10.46,19.78,,0.83,0.86,5.0,0.14,0.69,0.35,153.0,Moderate
Patna,2016-08-07,26.13,,7.7,9.8,17.5,,1.11,2.57,5.93,0.11,0.64,0.24,111.0,Moderate
Patna,2016-08-08,33.32,,20.84,11.75,32.6,,0.84,1.03,12.35,0.12,0.62,0.31,60.0,Satisfactory
Patna,2016-08-09,46.89,,34.4,17.22,51.63,,1.7,5.61,6.43,0.16,0.77,0.45,134.0,Moderate
Patna,2016-08-10,80.32,,22.91,16.43,39.35,,1.0,0.79,6.92,0.16,0.86,0.44,185.0,Moderate
Patna,2016-08-11,24.8,,30.05,14.65,44.7,,1.48,5.84,5.35,0.13,0.82,0.37,123.0,Moderate
Patna,2016-08-12,35.8,,36.12,24.01,60.15,,1.43,0.83,10.7,0.22,1.06,0.8,63.0,Satisfactory
Patna,2016-08-13,36.83,,16.51,19.66,36.16,,0.93,0.61,9.73,0.15,0.81,0.39,65.0,Satisfactory
Patna,2016-08-14,92.47,,13.65,17.36,31.04,,1.23,5.19,10.2,0.13,0.75,0.27,189.0,Moderate
Patna,2016-08-15,53.8,,11.35,15.2,26.55,,1.25,5.87,12.75,0.12,0.66,0.2,135.0,Moderate
Patna,2016-08-16,29.83,,16.68,17.18,33.86,,1.21,4.74,12.14,0.12,0.71,0.28,116.0,Moderate
Patna,2016-08-17,31.27,,35.73,18.74,54.47,,1.59,5.76,7.98,0.17,0.91,0.56,119.0,Moderate
Patna,2016-08-18,26.0,,16.77,13.79,30.51,,1.14,7.79,9.23,0.12,0.77,0.34,124.0,Moderate
Patna,2016-08-19,39.17,,14.08,14.48,28.56,,1.09,0.92,14.17,0.11,0.67,0.27,102.0,Moderate
Patna,2016-08-20,55.21,,12.14,17.58,29.72,,1.18,1.89,13.93,0.13,0.67,0.3,124.0,Moderate
Patna,2016-08-21,41.88,,10.81,14.53,25.4,,1.02,1.93,14.54,0.09,0.64,0.21,126.0,Moderate
Patna,2016-08-22,25.35,,16.19,13.83,30.03,,1.04,1.86,12.11,0.11,0.69,0.32,106.0,Moderate
Patna,2016-08-23,45.04,,15.03,18.24,33.27,,1.11,2.7,15.48,0.14,0.76,0.34,103.0,Moderate
Patna,2016-08-24,65.56,,18.52,18.47,37.05,,1.25,2.08,14.9,0.13,0.8,0.27,133.0,Moderate
Patna,2016-08-25,83.62,,13.6,33.45,47.05,,1.03,2.98,17.26,0.17,0.76,0.47,125.0,Moderate
Patna,2016-08-26,47.9,,15.9,24.67,40.57,,1.3,2.43,19.15,0.13,0.77,0.31,166.0,Moderate
Patna,2016-08-27,38.57,,25.2,23.07,48.28,,1.66,9.27,17.78,0.17,0.88,0.46,73.0,Satisfactory
Patna,2016-08-28,36.43,,21.22,19.98,41.2,,0.98,2.67,17.52,0.1,0.67,0.19,72.0,Satisfactory
Patna,2016-08-29,54.38,,12.93,25.4,38.33,,0.98,2.22,11.25,0.16,0.8,0.36,84.0,Satisfactory
Patna,2016-08-30,42.94,,24.44,21.95,46.4,,1.3,5.86,8.69,0.15,0.82,0.39,120.0,Moderate
Patna,2016-08-31,51.75,,16.99,17.66,34.65,,1.2,5.99,10.13,0.14,0.7,0.25,127.0,Moderate
Patna,2016-09-01,35.06,,16.39,14.25,30.64,,1.53,10.17,13.91,0.08,0.56,0.11,133.0,Moderate
Patna,2016-09-02,38.8,,10.16,13.13,23.29,,0.89,2.27,13.56,0.12,0.64,0.23,99.0,Satisfactory
Patna,2016-09-03,26.06,,14.5,14.57,29.03,,1.1,5.14,13.57,0.11,0.66,0.25,113.0,Moderate
Patna,2016-09-04,45.36,,9.04,17.56,26.61,,0.79,2.11,15.97,0.12,0.74,0.24,62.0,Satisfactory
Patna,2016-09-05,76.12,,29.89,22.33,52.14,,1.72,6.78,12.04,0.2,0.97,0.57,142.0,Moderate
Patna,2016-09-06,43.17,,38.83,20.19,59.0,,1.57,5.72,10.53,0.19,1.04,0.53,144.0,Moderate
Patna,2016-09-07,81.48,,37.1,20.37,57.47,,1.23,2.19,10.1,0.2,1.04,0.64,158.0,Moderate
Patna,2016-09-08,99.07,,42.21,20.45,62.66,,1.88,20.72,10.95,0.21,1.02,0.66,202.0,Poor
Patna,2016-09-09,48.54,,18.13,17.66,35.79,,1.24,11.43,12.1,0.15,0.8,0.32,135.0,Moderate
Patna,2016-09-10,97.21,,27.86,21.84,49.64,,1.13,2.95,8.46,0.19,0.92,0.54,204.0,Poor
Patna,2016-09-11,91.08,,20.86,16.8,37.66,,1.22,2.86,10.47,0.14,0.78,0.28,214.0,Poor
Patna,2016-09-12,31.62,,20.94,18.12,39.07,,0.87,2.58,10.36,0.15,0.81,0.39,84.0,Satisfactory
Patna,2016-09-13,40.96,,26.86,15.45,42.3,,2.05,4.76,10.07,0.15,0.77,0.33,155.0,Moderate
Patna,2016-09-14,40.93,,23.54,16.43,39.98,,1.64,10.25,13.07,0.14,0.71,0.28,124.0,Moderate
Patna,2016-09-15,87.32,,15.29,17.48,32.79,,1.14,6.36,13.38,0.12,0.69,0.2,186.0,Moderate
Patna,2016-09-16,97.75,,36.94,22.36,59.31,,1.67,3.11,8.33,0.19,0.94,0.55,194.0,Moderate
Patna,2016-09-17,35.55,,13.16,14.93,28.09,,0.76,3.36,9.79,0.2,0.75,0.25,110.0,Moderate
Patna,2016-09-18,89.06,,15.43,16.34,31.78,,1.21,3.44,10.75,0.15,0.75,0.19,168.0,Moderate
Patna,2016-09-19,61.78,,7.07,16.08,23.12,,0.8,2.68,21.51,0.13,0.64,0.25,138.0,Moderate
Patna,2016-09-20,51.0,,25.86,23.03,48.86,,1.73,9.01,14.83,0.17,0.84,0.46,,
Patna,2016-09-21,71.62,,23.06,18.75,41.81,,1.13,6.01,13.78,0.14,0.79,0.38,192.0,Moderate
Patna,2016-09-22,38.36,,34.92,17.58,52.53,,1.16,6.3,12.79,0.15,0.81,0.42,105.0,Moderate
Patna,2016-09-23,47.46,,19.48,16.75,36.24,,1.17,6.08,16.3,0.12,0.68,0.29,126.0,Moderate
Patna,2016-09-24,36.96,,27.54,16.64,44.18,,1.24,6.2,10.99,0.15,0.63,0.39,117.0,Moderate
Patna,2016-09-25,120.7,,13.4,14.21,27.61,,0.58,1.78,9.73,0.09,0.47,0.23,152.0,Moderate
Patna,2016-09-26,39.0,,47.7,23.42,71.11,,1.32,2.47,8.68,0.21,0.92,0.77,,
Patna,2016-09-27,51.86,,36.13,20.89,57.02,,1.44,6.88,12.75,0.17,0.72,0.5,134.0,Moderate
Patna,2016-09-28,79.44,,40.65,19.94,60.59,,1.46,5.83,10.24,0.15,0.66,0.47,187.0,Moderate
Patna,2016-09-29,35.66,,40.37,20.77,61.05,,1.07,2.23,9.71,0.16,0.71,0.55,95.0,Satisfactory
Patna,2016-09-30,105.85,,29.97,16.8,46.78,,1.41,6.96,9.91,0.14,0.53,0.31,201.0,Poor
Patna,2016-10-01,52.04,,28.51,23.18,51.7,,1.13,2.34,12.68,0.18,0.76,0.51,146.0,Moderate
Patna,2016-10-02,296.42,,23.78,22.01,45.78,,1.05,2.38,9.42,0.17,0.61,0.34,102.0,Moderate
Patna,2016-10-03,121.02,,34.85,20.87,55.73,,1.56,5.08,13.92,0.17,0.6,0.37,393.0,Very Poor
Patna,2016-10-04,91.71,,31.3,26.71,58.02,,1.61,9.15,11.65,0.2,0.76,0.49,207.0,Poor
Patna,2016-10-05,115.54,,32.5,21.09,53.63,,1.86,15.48,10.73,0.19,0.66,0.4,241.0,Poor
Patna,2016-10-06,69.0,,44.41,24.43,68.87,,2.43,36.16,11.68,0.2,0.79,0.54,258.0,Poor
Patna,2016-10-07,65.46,,29.26,20.97,50.25,,1.49,7.43,11.09,0.18,0.7,0.45,162.0,Moderate
Patna,2016-10-08,48.71,,22.62,17.22,39.65,,0.85,6.1,10.34,0.14,0.6,0.33,104.0,Moderate
Patna,2016-10-09,,,,,,,,,,,,,92.0,Satisfactory
Patna,2016-10-10,70.85,,30.11,19.09,49.21,,1.95,8.64,14.05,0.19,0.74,0.45,,
Patna,2016-10-11,60.92,,6.62,18.29,24.91,,0.82,0.74,17.24,0.12,0.5,0.19,,
Patna,2016-10-12,103.94,,6.29,14.7,20.99,,1.14,5.19,23.7,0.13,0.36,0.11,195.0,Moderate
Patna,2016-10-13,114.1,,7.77,15.32,23.09,,1.02,4.96,22.08,0.11,0.33,0.1,302.0,Very Poor
Patna,2016-10-14,133.66,,11.96,21.0,32.97,,1.33,6.62,26.4,0.13,0.41,0.15,284.0,Poor
Patna,2016-10-15,133.25,,16.89,24.85,41.75,,1.3,6.25,25.06,0.15,0.52,0.2,310.0,Very Poor
Patna,2016-10-16,,,,,,,0.86,1.37,36.58,0.14,0.64,0.28,243.0,Poor
Patna,2016-10-17,91.42,,15.27,20.31,35.65,,1.3,6.58,25.39,0.13,0.4,0.12,,
Patna,2016-10-18,161.25,,21.14,34.18,55.24,,1.41,1.18,9.78,0.23,0.81,0.52,,
Patna,2016-10-19,122.43,,20.12,31.12,51.24,,1.47,5.28,17.43,0.18,0.62,0.31,309.0,Very Poor
Patna,2016-10-20,112.42,,12.25,26.08,38.34,,1.27,6.62,26.28,0.15,0.46,0.21,287.0,Poor
Patna,2016-10-21,112.0,,9.56,21.45,31.01,,1.22,5.6,25.57,0.14,0.38,0.15,276.0,Poor
Patna,2016-10-22,116.23,,11.17,20.81,30.07,,1.27,5.24,26.54,0.15,0.4,0.17,273.0,Poor
Patna,2016-10-23,149.04,,8.35,18.9,27.26,,1.14,5.11,24.98,0.14,0.37,0.14,322.0,Very Poor
Patna,2016-10-24,131.05,,10.99,25.59,36.58,,1.45,6.2,26.35,0.17,0.48,0.23,284.0,Poor
Patna,2016-10-25,163.83,,10.97,35.43,46.41,,1.35,2.63,27.23,0.21,0.72,0.44,313.0,Very Poor
Patna,2016-10-26,195.54,,14.76,26.36,41.12,,1.52,6.9,23.82,0.19,0.52,0.34,364.0,Very Poor
Patna,2016-10-27,160.62,,23.88,30.24,54.13,,1.68,7.23,17.26,0.23,0.92,1.41,337.0,Very Poor
Patna,2016-10-28,144.73,,33.5,27.65,73.62,,1.87,11.1,15.93,0.22,0.87,1.23,319.0,Very Poor
Patna,2016-10-29,191.33,,37.49,28.01,65.49,,1.48,2.12,20.27,0.25,0.83,0.84,319.0,Very Poor
Patna,2016-10-30,372.28,,41.67,30.28,71.94,,1.76,7.92,18.37,0.23,0.83,0.78,423.0,Severe
Patna,2016-10-31,415.99,,28.54,30.21,58.76,,1.59,9.1,17.91,0.22,0.81,0.79,573.0,Severe
Patna,2016-11-01,173.54,,16.92,28.01,44.95,,1.36,9.45,19.87,0.18,0.72,0.82,410.0,Severe
Patna,2016-11-02,156.08,,22.14,33.14,55.28,,1.41,9.68,19.23,0.19,0.82,0.97,334.0,Very Poor
Patna,2016-11-03,136.93,,40.11,30.42,70.54,,1.63,9.83,20.89,0.22,0.97,1.88,310.0,Very Poor
Patna,2016-11-04,221.38,,67.12,31.43,98.55,,2.03,8.85,16.08,0.24,1.0,1.62,308.0,Very Poor
Patna,2016-11-05,555.33,,43.25,25.81,69.05,,0.76,1.5,13.59,0.22,0.9,1.27,476.0,Severe
Patna,2016-11-06,129.5,,2.2,17.65,19.85,,0.77,2.16,33.37,0.13,0.62,0.84,,
Patna,2016-11-07,177.99,,9.66,20.26,29.93,,1.35,7.51,24.83,0.16,0.62,0.7,331.0,Very Poor
Patna,2016-11-08,262.44,,15.02,31.13,46.15,,1.44,2.43,18.96,0.21,0.75,0.76,381.0,Very Poor
Patna,2016-11-09,335.78,,10.26,21.14,30.77,,1.66,10.38,31.45,0.17,0.59,0.53,440.0,Severe
Patna,2016-11-10,211.3,,39.15,37.8,76.95,,1.77,2.91,19.55,0.25,0.95,0.86,469.0,Severe
Patna,2016-11-11,176.06,,22.0,30.7,52.71,,1.61,8.9,19.08,0.19,0.75,0.64,351.0,Very Poor
Patna,2016-11-12,211.58,,28.01,37.76,65.77,,1.51,2.34,15.87,0.21,0.75,0.6,356.0,Very Poor
Patna,2016-11-13,179.71,,27.35,28.36,54.57,,1.6,6.85,21.19,0.2,0.73,0.55,365.0,Very Poor
Patna,2016-11-14,150.36,,31.12,36.95,68.08,,1.86,8.43,19.09,0.21,0.85,0.68,330.0,Very Poor
Patna,2016-11-15,144.75,,22.73,34.09,56.82,,1.54,6.8,21.31,0.19,0.79,0.61,323.0,Very Poor
Patna,2016-11-16,154.15,,19.5,37.96,57.46,,1.52,6.73,19.64,0.2,0.82,0.63,326.0,Very Poor
Patna,2016-11-17,256.14,,32.52,39.88,72.4,,1.82,7.21,21.4,0.22,0.9,1.3,360.0,Very Poor
Patna,2016-11-18,244.5,,30.13,41.3,71.44,,1.92,7.42,24.17,0.24,0.86,0.75,392.0,Very Poor
Patna,2016-11-19,204.53,,40.34,43.63,83.96,,2.23,9.49,22.68,0.24,0.92,0.68,399.0,Very Poor
Patna,2016-11-20,292.92,,24.34,36.69,61.04,,1.77,6.02,23.46,0.24,0.79,0.49,421.0,Severe
Patna,2016-11-21,293.74,,27.92,35.76,63.68,,2.01,5.74,20.18,0.26,0.8,0.54,414.0,Severe
Patna,2016-11-22,265.52,,23.9,36.2,60.11,,1.97,7.0,23.32,0.23,0.72,0.48,429.0,Severe
Patna,2016-11-23,199.17,,89.92,41.0,130.92,,3.07,10.51,28.75,0.25,0.96,0.82,405.0,Severe
Patna,2016-11-24,254.83,,47.54,39.57,87.11,,2.13,2.32,20.25,0.26,0.92,0.73,397.0,Very Poor
Patna,2016-11-25,282.43,,81.46,36.49,93.77,,2.57,1.56,28.99,0.27,0.88,0.69,402.0,Severe
Patna,2016-11-26,279.68,,111.81,37.82,131.04,,3.45,2.4,22.22,0.3,1.03,0.88,422.0,Severe
Patna,2016-11-27,404.21,,109.35,41.19,150.54,,3.34,2.03,14.59,0.4,1.32,1.2,460.0,Severe
Patna,2016-11-28,376.52,,60.77,34.29,95.07,,2.97,8.46,14.68,0.31,0.99,0.78,482.0,Severe
Patna,2016-11-29,461.53,,84.95,36.2,121.15,,3.63,8.38,12.39,0.39,1.25,1.1,525.0,Severe
Patna,2016-11-30,322.79,,84.46,37.83,122.29,,3.42,12.52,12.66,0.34,1.07,0.91,538.0,Severe
Patna,2016-12-01,213.92,,79.32,40.84,120.15,,2.27,7.02,13.64,0.28,1.02,0.86,407.0,Severe
Patna,2016-12-02,192.35,,90.22,50.69,140.91,,3.45,10.03,15.52,0.31,1.17,1.08,360.0,Very Poor
Patna,2016-12-03,251.92,,35.33,25.2,60.53,,2.21,6.01,11.12,0.26,0.74,0.52,391.0,Very Poor
Patna,2016-12-04,188.04,,22.17,26.77,48.95,,1.87,5.62,17.87,0.18,0.63,0.38,362.0,Very Poor
Patna,2016-12-05,278.25,,50.93,31.83,82.76,,2.63,6.26,16.35,0.26,0.82,0.6,379.0,Very Poor
Patna,2016-12-06,238.16,,42.31,35.18,77.49,,2.46,7.16,16.52,0.28,0.88,0.64,415.0,Severe
Patna,2016-12-07,196.16,,32.08,32.81,64.88,,2.39,6.42,10.96,0.25,0.78,0.54,381.0,Very Poor
Patna,2016-12-08,175.96,,35.83,27.05,62.9,,2.11,6.79,10.99,0.23,0.72,0.49,356.0,Very Poor
Patna,2016-12-09,207.79,,25.95,27.46,53.41,,1.79,5.74,7.67,0.18,0.59,0.32,355.0,Very Poor
Patna,2016-12-10,201.17,,26.56,22.1,48.63,,1.87,4.72,7.71,0.2,0.54,0.23,362.0,Very Poor
Patna,2016-12-11,152.52,,19.51,18.88,38.38,,1.86,4.13,7.31,0.19,0.52,0.21,340.0,Very Poor
Patna,2016-12-12,207.5,,25.35,29.14,54.5,,2.38,7.05,10.22,0.23,0.75,0.46,328.0,Very Poor
Patna,2016-12-13,188.93,,18.5,24.18,42.69,,1.96,7.46,13.19,0.18,0.51,0.2,362.0,Very Poor
Patna,2016-12-14,276.92,,41.72,32.83,74.56,,2.46,1.71,13.86,0.31,0.91,0.57,,
Patna,2016-12-15,246.42,,51.17,28.44,79.62,,2.91,6.58,10.95,0.29,0.86,0.46,390.0,Very Poor
Patna,2016-12-16,238.56,,87.29,34.18,121.35,,4.64,22.56,18.42,0.3,1.1,0.72,408.0,Severe
Patna,2016-12-17,284.71,,56.02,31.46,87.49,,3.43,8.91,4.16,0.34,1.02,0.7,,
Patna,2016-12-18,392.31,,28.96,18.36,47.32,,2.08,1.29,0.6,0.35,0.72,0.38,472.0,Severe
Patna,2016-12-19,197.94,,23.47,29.47,52.95,,2.26,8.29,9.33,0.22,0.77,0.5,359.0,Very Poor
Patna,2016-12-20,296.0,,73.86,33.41,107.28,,3.4,8.76,15.03,0.28,0.89,0.71,364.0,Very Poor
Patna,2016-12-21,420.88,,97.13,35.34,132.49,,4.14,8.37,7.06,0.38,1.2,0.98,500.0,Severe
Patna,2016-12-22,466.48,,100.19,36.53,136.84,,4.18,12.42,5.45,0.4,1.36,1.14,568.0,Severe
Patna,2016-12-23,357.91,,25.66,26.5,52.16,,2.63,6.35,3.6,0.32,0.89,0.6,530.0,Severe
Patna,2016-12-24,392.75,,153.27,37.22,190.52,,6.23,12.23,7.2,0.42,1.38,1.18,458.0,Severe
Patna,2016-12-25,427.46,,119.32,31.64,150.94,,4.31,9.02,4.86,0.38,1.33,1.07,565.0,Severe
Patna,2016-12-26,274.23,,31.48,19.14,50.62,,2.41,6.63,3.24,0.29,0.77,0.46,453.0,Severe
Patna,2016-12-27,179.13,,12.1,14.69,26.78,,1.53,0.88,1.95,0.2,0.58,0.26,378.0,Very Poor
Patna,2016-12-28,170.28,,24.86,24.61,49.48,,1.98,4.4,7.17,0.2,0.71,0.43,335.0,Very Poor
Patna,2016-12-29,269.91,,33.53,22.76,56.3,,2.41,2.57,4.28,0.26,0.82,0.5,391.0,Very Poor
Patna,2016-12-30,242.58,,40.33,21.6,61.94,,2.34,3.0,5.13,0.26,0.82,0.57,408.0,Severe
Patna,2016-12-31,158.75,,35.89,20.13,56.01,,1.82,1.19,5.09,0.25,0.75,0.51,346.0,Very Poor
Visakhapatnam,2016-07-01,44.92,82.5,16.75,56.96,40.24,62.45,1.0,38.67,10.45,6.43,12.5,3.42,,
Visakhapatnam,2016-07-02,,,,,,,,,,,,,,
Visakhapatnam,2016-07-03,,,,,,,,,,,,,,
Visakhapatnam,2016-07-04,,,,,,,,,,,,,,
Visakhapatnam,2016-07-05,17.0,68.0,7.32,25.08,17.66,15.8,0.66,20.08,30.54,2.96,7.8,3.12,,
Visakhapatnam,2016-07-06,30.54,77.06,17.73,44.73,35.0,13.88,0.99,9.0,30.3,5.98,11.53,7.37,,
Visakhapatnam,2016-07-07,35.33,84.31,16.95,44.35,34.22,12.06,0.84,5.07,25.24,4.87,9.37,4.74,81.0,Satisfactory
Visakhapatnam,2016-07-08,40.64,92.73,28.48,52.89,47.01,11.91,1.07,6.57,16.24,6.46,12.2,6.81,112.0,Moderate
Visakhapatnam,2016-07-09,33.25,77.65,23.32,45.37,39.49,12.77,1.0,8.79,18.38,5.51,9.55,5.84,81.0,Satisfactory
Visakhapatnam,2016-07-10,26.64,69.68,11.03,36.51,26.0,12.82,0.88,9.97,27.98,4.12,6.82,3.48,81.0,Satisfactory
Visakhapatnam,2016-07-11,23.92,70.52,13.89,39.01,29.35,12.46,0.89,9.72,24.73,3.87,7.32,3.62,79.0,Satisfactory
Visakhapatnam,2016-07-12,28.42,84.49,11.59,42.76,29.47,13.49,1.09,8.99,27.01,5.19,7.9,4.1,79.0,Satisfactory
Visakhapatnam,2016-07-13,35.71,75.77,13.83,48.4,33.88,13.12,1.07,9.33,28.83,6.9,10.03,5.72,90.0,Satisfactory
Visakhapatnam,2016-07-14,37.09,98.23,14.05,49.9,34.78,13.3,1.09,9.28,33.36,5.24,8.33,7.04,93.0,Satisfactory
Visakhapatnam,2016-07-15,43.67,103.08,12.1,49.19,32.98,13.52,1.02,6.74,26.01,6.66,11.08,6.43,112.0,Moderate
Visakhapatnam,2016-07-16,44.76,111.15,10.93,47.01,31.05,13.58,1.1,4.76,33.86,6.27,8.15,5.02,104.0,Moderate
Visakhapatnam,2016-07-17,41.11,94.44,12.29,48.83,32.94,13.17,1.1,7.73,29.34,6.08,6.32,4.32,102.0,Moderate
Visakhapatnam,2016-07-18,46.5,96.07,14.93,49.36,35.16,13.99,1.09,11.05,39.16,4.86,7.42,3.35,95.0,Satisfactory
Visakhapatnam,2016-07-19,33.54,80.51,33.45,65.03,56.61,8.69,1.9,11.57,28.7,3.57,6.07,5.88,127.0,Moderate
Visakhapatnam,2016-07-20,11.98,103.34,22.54,37.86,35.25,16.1,0.95,19.13,67.74,7.58,13.45,6.46,135.0,Moderate
Visakhapatnam,2016-07-21,2.0,57.56,3.77,13.46,9.35,13.88,0.7,11.33,49.86,2.74,6.61,2.04,,
Visakhapatnam,2016-07-22,21.8,85.88,16.24,56.24,39.49,14.99,1.19,23.29,33.72,7.22,12.08,7.25,,
Visakhapatnam,2016-07-23,27.32,83.02,6.98,37.5,23.47,14.76,0.78,18.54,47.74,4.59,12.49,2.53,105.0,Moderate
Visakhapatnam,2016-07-24,,103.9,19.88,60.35,44.21,2.5,1.2,32.99,40.39,5.43,9.03,5.17,,
Visakhapatnam,2016-07-25,22.75,58.38,11.05,37.72,26.61,16.37,0.79,25.13,32.89,4.48,9.85,2.39,84.0,Satisfactory
Visakhapatnam,2016-07-26,23.34,80.58,32.99,58.13,52.91,13.21,1.34,31.7,42.77,7.2,16.74,9.25,155.0,Moderate
Visakhapatnam,2016-07-27,24.49,66.8,24.2,43.69,39.32,15.34,0.94,35.21,28.28,6.47,11.13,9.81,138.0,Moderate
Visakhapatnam,2016-07-28,21.85,68.36,26.31,31.72,34.93,12.91,0.98,28.09,18.39,6.27,10.57,5.93,78.0,Satisfactory
Visakhapatnam,2016-07-29,23.4,81.96,15.24,29.87,25.91,11.19,1.11,31.45,20.92,6.81,12.52,5.14,79.0,Satisfactory
Visakhapatnam,2016-07-30,29.12,77.05,8.21,30.77,21.1,15.58,0.89,26.82,41.79,4.09,6.99,2.75,95.0,Satisfactory
Visakhapatnam,2016-07-31,22.44,68.42,15.19,37.52,29.94,10.37,1.15,30.72,37.79,6.08,13.25,6.73,90.0,Satisfactory
Visakhapatnam,2016-08-01,23.82,62.12,19.5,34.3,31.25,12.06,1.05,38.43,24.1,6.23,12.61,7.68,105.0,Moderate
Visakhapatnam,2016-08-02,16.53,44.53,18.54,29.24,28.07,11.49,0.94,46.26,16.92,4.85,11.16,4.6,67.0,Satisfactory
Visakhapatnam,2016-08-03,18.76,43.55,23.96,29.85,32.4,9.98,1.04,29.69,13.1,6.12,9.84,7.44,73.0,Satisfactory
Visakhapatnam,2016-08-04,23.64,52.09,22.64,31.32,32.14,11.62,1.1,26.89,13.39,5.46,10.17,5.97,79.0,Satisfactory
Visakhapatnam,2016-08-05,27.8,82.45,18.95,34.95,31.16,11.67,1.25,32.89,17.76,6.37,9.77,7.33,89.0,Satisfactory
Visakhapatnam,2016-08-06,24.73,89.99,15.38,33.23,27.66,11.63,1.17,32.63,21.29,5.98,9.28,6.34,95.0,Satisfactory
Visakhapatnam,2016-08-07,25.74,86.21,13.79,31.69,25.72,7.13,0.96,34.28,25.35,4.49,7.81,3.91,89.0,Satisfactory
Visakhapatnam,2016-08-08,30.37,92.09,14.75,34.63,27.86,17.47,1.07,27.96,22.94,6.13,8.35,5.49,94.0,Satisfactory
Visakhapatnam,2016-08-09,36.85,103.97,12.44,43.12,30.27,22.93,1.25,44.65,28.44,4.93,8.87,4.45,103.0,Moderate
Visakhapatnam,2016-08-10,23.77,96.36,18.46,33.73,30.2,13.62,1.09,37.9,24.9,5.04,9.36,5.92,101.0,Moderate
Visakhapatnam,2016-08-11,23.39,85.46,10.64,29.54,16.74,13.05,0.64,35.36,29.24,3.0,6.54,2.73,93.0,Satisfactory
Visakhapatnam,2016-08-12,39.42,107.82,21.52,53.0,17.44,15.32,0.62,47.11,28.33,4.2,5.26,4.51,85.0,Satisfactory
Visakhapatnam,2016-08-13,34.14,106.86,12.43,41.82,29.63,13.73,1.18,31.44,36.75,6.74,9.95,6.76,106.0,Moderate
Visakhapatnam,2016-08-14,28.14,93.6,10.66,34.82,24.89,13.82,1.02,35.15,35.95,5.28,8.93,4.41,101.0,Moderate
Visakhapatnam,2016-08-15,27.92,78.98,14.5,35.64,28.18,13.08,1.07,35.46,25.98,5.08,11.15,5.51,89.0,Satisfactory
Visakhapatnam,2016-08-16,25.7,80.46,20.26,39.56,34.38,12.96,1.15,26.2,24.28,5.81,11.49,6.69,83.0,Satisfactory
Visakhapatnam,2016-08-17,28.17,101.92,17.67,38.75,32.06,11.37,1.03,32.12,28.17,5.48,13.77,5.61,90.0,Satisfactory
Visakhapatnam,2016-08-18,26.93,102.19,16.38,38.95,31.19,10.95,1.1,39.42,33.16,4.96,11.43,5.37,102.0,Moderate
Visakhapatnam,2016-08-19,33.79,101.42,10.69,38.88,26.9,12.64,1.11,39.92,47.65,6.62,14.61,4.75,102.0,Moderate
Visakhapatnam,2016-08-20,33.73,102.06,8.33,33.98,22.76,13.38,1.02,35.43,42.24,5.64,11.25,3.95,102.0,Moderate
Visakhapatnam,2016-08-21,38.2,107.83,6.13,33.87,21.06,13.87,0.98,31.97,57.54,4.65,8.1,3.24,111.0,Moderate
Visakhapatnam,2016-08-22,47.01,111.73,8.58,36.96,24.39,13.95,1.17,37.63,49.99,6.14,11.6,4.68,108.0,Moderate
Visakhapatnam,2016-08-23,31.59,97.97,10.01,33.61,23.78,12.53,0.87,37.4,44.39,5.34,9.3,3.7,102.0,Moderate
Visakhapatnam,2016-08-24,30.39,89.86,11.86,38.65,29.1,12.71,0.86,38.41,42.86,5.81,12.14,4.7,93.0,Satisfactory
Visakhapatnam,2016-08-25,30.35,77.62,14.44,35.76,28.26,10.98,0.79,28.78,44.58,5.45,9.42,6.04,87.0,Satisfactory
Visakhapatnam,2016-08-26,32.44,72.64,17.68,28.77,27.26,12.54,0.64,30.59,41.06,5.45,8.77,6.11,87.0,Satisfactory
Visakhapatnam,2016-08-27,17.78,63.29,10.06,23.5,18.95,10.75,0.39,28.17,35.82,4.07,6.89,4.2,66.0,Satisfactory
Visakhapatnam,2016-08-28,9.53,32.93,6.68,12.87,11.25,10.66,0.43,11.18,43.5,2.29,5.1,2.25,63.0,Satisfactory
Visakhapatnam,2016-08-29,8.91,34.51,6.21,12.77,10.85,9.96,0.41,11.8,41.29,2.47,5.75,2.48,53.0,Satisfactory
Visakhapatnam,2016-08-30,10.56,35.2,8.47,12.97,12.65,9.48,0.47,12.63,38.43,2.59,5.66,2.73,60.0,Satisfactory
Visakhapatnam,2016-08-31,26.85,54.03,12.01,27.72,22.46,9.75,0.6,27.67,48.49,5.18,8.47,4.42,77.0,Satisfactory
Visakhapatnam,2016-09-01,29.45,66.39,12.64,38.84,28.34,8.69,0.8,37.97,41.44,6.62,10.09,6.41,77.0,Satisfactory
Visakhapatnam,2016-09-02,26.88,74.2,9.94,30.88,22.46,8.49,0.64,36.41,39.52,6.53,10.93,5.11,71.0,Satisfactory
Visakhapatnam,2016-09-03,26.75,57.16,18.67,32.96,29.98,7.5,0.79,27.0,19.97,6.09,14.76,6.54,68.0,Satisfactory
Visakhapatnam,2016-09-04,37.11,57.14,13.96,26.57,23.37,8.45,0.46,21.12,17.67,5.35,17.46,3.31,67.0,Satisfactory
Visakhapatnam,2016-09-05,43.77,101.71,10.42,32.96,23.82,8.17,0.66,25.75,45.94,5.66,9.01,5.24,,
Visakhapatnam,2016-09-06,42.4,91.61,17.32,35.13,32.18,8.91,0.79,28.26,58.59,5.16,10.49,5.87,102.0,Moderate
Visakhapatnam,2016-09-07,42.73,94.73,16.83,37.04,30.6,10.34,0.66,24.68,46.0,5.47,11.25,6.36,101.0,Moderate
Visakhapatnam,2016-09-08,42.7,101.98,15.86,42.25,32.4,11.0,0.7,31.11,40.2,6.75,15.49,6.61,98.0,Satisfactory
Visakhapatnam,2016-09-09,46.08,91.88,12.73,36.83,27.44,12.77,0.69,34.53,40.09,5.72,13.73,6.06,96.0,Satisfactory
Visakhapatnam,2016-09-10,63.33,98.79,26.4,41.67,39.99,13.62,1.06,30.31,27.79,8.25,15.32,8.53,98.0,Satisfactory
Visakhapatnam,2016-09-11,52.77,88.89,19.96,39.21,33.93,10.4,0.87,30.83,70.49,6.65,11.0,8.43,160.0,Moderate
Visakhapatnam,2016-09-12,41.43,79.75,17.8,33.77,29.73,18.81,0.71,31.09,72.47,6.04,12.4,7.76,188.0,Moderate
Visakhapatnam,2016-09-13,22.89,54.42,16.53,28.03,25.98,17.05,0.59,18.84,27.81,5.33,9.74,5.88,73.0,Satisfactory
Visakhapatnam,2016-09-14,28.28,55.62,18.71,23.62,25.46,11.15,0.73,15.97,32.27,4.33,7.98,5.72,64.0,Satisfactory
Visakhapatnam,2016-09-15,13.46,27.95,6.94,14.2,12.09,10.1,0.51,12.08,42.39,3.52,6.14,3.86,71.0,Satisfactory
Visakhapatnam,2016-09-16,24.93,47.83,9.28,25.39,19.28,9.54,0.58,20.6,37.3,4.47,7.64,4.05,65.0,Satisfactory
Visakhapatnam,2016-09-17,33.68,71.78,13.95,36.89,28.37,10.65,0.78,35.63,25.04,6.41,12.52,6.06,65.0,Satisfactory
Visakhapatnam,2016-09-18,39.38,79.07,11.08,36.34,25.96,9.04,0.66,41.44,31.44,5.68,11.58,4.7,86.0,Satisfactory
Visakhapatnam,2016-09-19,36.02,92.91,20.75,39.78,34.87,7.14,0.58,25.49,57.61,6.12,10.74,5.91,151.0,Moderate
Visakhapatnam,2016-09-20,23.1,46.12,6.67,14.08,11.92,10.99,0.6,10.69,32.1,3.34,7.72,3.98,,
Visakhapatnam,2016-09-21,13.75,29.45,7.76,14.05,14.1,12.09,0.4,10.11,26.54,2.87,6.38,3.3,49.0,Good
Visakhapatnam,2016-09-22,12.67,27.2,5.69,8.62,8.45,15.01,0.42,15.35,38.02,1.75,4.06,1.93,55.0,Satisfactory
Visakhapatnam,2016-09-23,19.93,33.15,10.92,20.31,18.05,11.57,0.94,15.79,35.97,3.58,6.16,4.18,90.0,Satisfactory
Visakhapatnam,2016-09-24,27.57,55.19,16.3,35.71,29.57,9.9,1.27,19.36,22.13,5.84,11.56,6.62,78.0,Satisfactory
Visakhapatnam,2016-09-25,23.78,51.23,11.29,26.18,21.16,9.16,1.02,15.03,30.47,5.32,7.71,5.0,85.0,Satisfactory
Visakhapatnam,2016-09-26,36.71,64.6,26.67,36.36,39.43,8.64,1.3,19.0,25.59,6.74,13.52,10.04,89.0,Satisfactory
Visakhapatnam,2016-09-27,62.52,103.15,55.13,56.17,70.43,9.34,1.91,20.52,16.48,11.14,21.51,17.9,108.0,Moderate
Visakhapatnam,2016-09-28,72.4,118.07,30.97,45.89,46.51,9.35,1.44,11.11,21.68,9.87,19.96,14.29,130.0,Moderate
Visakhapatnam,2016-09-29,60.73,92.72,24.07,44.06,39.43,12.31,1.28,18.29,25.04,8.21,13.93,9.78,113.0,Moderate
Visakhapatnam,2016-09-30,54.76,96.82,34.71,50.32,51.48,14.59,1.3,22.54,17.98,8.76,18.37,12.17,104.0,Moderate
Visakhapatnam,2016-10-01,40.24,72.92,20.02,38.29,35.6,12.82,1.01,16.68,25.81,6.77,14.69,8.62,94.0,Satisfactory
Visakhapatnam,2016-10-02,71.57,99.21,31.72,43.55,44.87,10.45,1.18,16.61,53.92,7.89,14.02,11.93,132.0,Moderate
Visakhapatnam,2016-10-03,42.06,113.21,16.29,43.26,34.26,12.73,0.82,29.0,42.97,6.26,12.61,6.44,133.0,Moderate
Visakhapatnam,2016-10-04,44.1,93.36,24.07,45.35,41.13,14.02,1.03,24.17,25.85,6.3,14.84,7.33,104.0,Moderate
Visakhapatnam,2016-10-05,53.43,101.42,24.25,44.43,40.98,15.85,1.03,25.07,20.23,7.69,15.89,8.64,100.0,Satisfactory
Visakhapatnam,2016-10-06,51.42,94.82,28.9,41.1,44.03,16.59,0.97,17.9,31.39,7.79,15.09,10.14,105.0,Moderate
Visakhapatnam,2016-10-07,37.61,79.35,27.42,42.34,41.06,16.35,0.76,13.62,19.19,6.28,11.41,8.87,85.0,Satisfactory
Visakhapatnam,2016-10-08,50.36,102.59,37.53,50.06,53.46,14.86,1.23,20.11,11.78,7.22,13.5,10.4,95.0,Satisfactory
Visakhapatnam,2016-10-09,43.12,87.66,18.73,42.1,34.46,14.2,0.82,19.9,16.01,6.67,15.84,6.63,97.0,Satisfactory
Visakhapatnam,2016-10-10,45.73,92.35,23.78,40.62,38.55,14.28,1.06,22.14,26.02,7.23,14.21,6.92,90.0,Satisfactory
Visakhapatnam,2016-10-11,43.88,83.88,22.09,30.35,31.25,15.63,1.15,11.31,28.35,8.11,13.94,11.44,108.0,Moderate
Visakhapatnam,2016-10-12,,,,,,,,,,,,,,
Visakhapatnam,2016-10-13,51.4,107.77,6.57,39.39,26.03,10.81,0.84,13.92,57.18,4.93,9.8,5.79,,
Visakhapatnam,2016-10-14,89.96,94.0,37.46,88.72,71.16,12.63,1.34,17.6,14.47,9.45,14.82,17.37,110.0,Moderate
Visakhapatnam,2016-10-15,,,,,,,,,,,,,,
Visakhapatnam,2016-10-16,,,,,,,,,,,,,,
Visakhapatnam,2016-10-17,61.38,115.67,7.47,39.92,25.08,16.18,0.89,13.44,59.75,4.46,8.62,5.69,,
Visakhapatnam,2016-10-18,65.83,112.08,18.3,45.39,37.2,16.54,1.1,14.24,47.41,6.12,10.52,7.63,123.0,Moderate
Visakhapatnam,2016-10-19,66.14,105.53,10.22,50.18,33.13,16.96,1.04,12.48,42.08,6.08,9.45,8.52,121.0,Moderate
Visakhapatnam,2016-10-20,64.67,112.79,12.26,56.35,37.63,14.86,1.13,15.17,43.97,8.0,11.6,11.21,116.0,Moderate
Visakhapatnam,2016-10-21,64.92,101.08,18.34,60.75,43.29,14.18,1.23,13.5,33.92,7.63,12.9,12.18,118.0,Moderate
Visakhapatnam,2016-10-22,66.93,100.71,23.2,68.56,51.78,15.93,1.34,18.09,28.29,8.7,14.62,13.5,122.0,Moderate
Visakhapatnam,2016-10-23,62.97,103.08,17.85,67.64,46.25,9.58,1.19,26.49,30.0,7.92,13.84,10.53,109.0,Moderate
Visakhapatnam,2016-10-24,63.12,103.67,33.73,83.01,60.72,14.34,1.5,33.28,38.47,9.72,16.83,15.24,126.0,Moderate
Visakhapatnam,2016-10-25,60.85,108.64,26.17,62.1,50.81,18.51,1.29,22.65,39.3,7.79,18.4,10.56,142.0,Moderate
Visakhapatnam,2016-10-26,63.31,96.76,21.42,67.62,48.9,19.04,1.21,15.88,44.27,7.87,15.33,10.78,110.0,Moderate
Visakhapatnam,2016-10-27,47.62,101.06,4.61,26.48,17.43,17.51,0.8,12.67,53.25,4.23,5.96,3.57,104.0,Moderate
Visakhapatnam,2016-10-28,44.65,76.94,7.7,32.65,22.73,18.43,1.01,6.99,53.31,4.99,10.19,6.15,147.0,Moderate
Visakhapatnam,2016-10-29,44.44,81.9,4.92,25.0,18.04,14.71,0.86,7.73,26.08,4.04,10.17,4.43,91.0,Satisfactory
Visakhapatnam,2016-10-30,44.81,74.15,4.97,24.3,15.52,12.08,0.79,14.42,44.42,3.77,5.9,2.84,76.0,Satisfactory
Visakhapatnam,2016-10-31,58.43,96.69,4.27,29.01,19.39,11.75,0.97,10.38,52.16,4.74,7.05,4.1,89.0,Satisfactory
Visakhapatnam,2016-11-01,64.91,93.18,9.34,43.66,29.3,10.9,1.06,11.89,38.43,6.76,9.73,7.98,117.0,Moderate
Visakhapatnam,2016-11-02,37.5,65.46,4.61,19.09,13.81,10.7,0.77,7.61,34.08,3.21,6.48,2.88,82.0,Satisfactory
Visakhapatnam,2016-11-03,29.34,53.15,5.17,18.55,13.97,10.38,0.77,9.45,36.52,3.31,6.3,2.73,67.0,Satisfactory
Visakhapatnam,2016-11-04,12.94,30.1,7.27,17.48,13.97,8.39,0.67,5.62,24.79,2.93,5.79,3.34,55.0,Satisfactory
Visakhapatnam,2016-11-05,18.14,36.89,7.57,21.59,16.19,7.69,0.71,8.4,31.53,2.96,5.39,3.06,56.0,Satisfactory
Visakhapatnam,2016-11-06,48.11,92.4,13.64,45.09,32.12,8.72,1.05,14.04,38.94,5.37,8.04,5.42,83.0,Satisfactory
Visakhapatnam,2016-11-07,71.88,112.68,10.83,54.12,35.49,9.21,1.21,12.59,40.8,6.42,11.87,7.09,113.0,Moderate
Visakhapatnam,2016-11-08,67.16,105.6,24.19,70.94,46.62,10.33,1.46,18.95,34.74,8.58,13.49,11.16,133.0,Moderate
Visakhapatnam,2016-11-09,63.98,104.47,31.77,71.81,58.66,12.69,1.61,26.27,39.16,8.0,12.33,9.25,114.0,Moderate
Visakhapatnam,2016-11-10,60.85,101.39,19.14,51.12,32.27,15.22,1.81,32.42,29.42,4.56,8.12,8.52,112.0,Moderate
Visakhapatnam,2016-11-11,68.5,94.0,24.41,61.14,49.08,15.74,1.64,19.71,56.0,9.18,14.26,12.69,114.0,Moderate
Visakhapatnam,2016-11-12,56.0,94.0,16.46,60.94,43.0,16.97,1.62,19.54,67.32,8.59,12.78,11.09,132.0,Moderate
Visakhapatnam,2016-11-13,78.65,120.82,3.86,28.57,16.77,15.63,1.2,8.27,80.0,5.07,8.23,3.74,129.0,Moderate
Visakhapatnam,2016-11-14,77.51,115.91,3.53,26.66,16.63,14.09,1.15,9.79,75.77,5.0,7.55,3.51,163.0,Moderate
Visakhapatnam,2016-11-15,68.7,106.53,3.72,26.07,16.54,12.74,1.13,8.59,70.65,5.25,6.77,4.07,150.0,Moderate
Visakhapatnam,2016-11-16,72.89,108.85,3.44,23.94,15.26,12.01,1.18,10.66,92.13,5.22,6.49,2.84,127.0,Moderate
Visakhapatnam,2016-11-17,76.4,120.03,3.77,31.02,18.94,11.23,1.14,12.94,97.23,5.33,8.33,3.51,151.0,Moderate
Visakhapatnam,2016-11-18,71.11,122.95,4.09,33.96,18.8,10.81,1.11,12.68,91.7,4.93,6.79,3.54,148.0,Moderate
Visakhapatnam,2016-11-19,64.44,113.83,11.55,61.25,38.44,10.06,1.45,17.52,56.33,7.97,11.32,10.74,120.0,Moderate
Visakhapatnam,2016-11-20,66.78,107.4,15.84,63.11,42.55,10.25,1.53,16.82,56.55,8.63,12.55,12.29,119.0,Moderate
Visakhapatnam,2016-11-21,66.07,110.91,19.17,68.27,45.92,12.38,1.59,18.76,48.74,9.13,13.33,11.53,125.0,Moderate
Visakhapatnam,2016-11-22,63.54,100.06,29.12,72.33,50.9,13.21,1.74,22.0,41.06,10.13,14.93,12.19,116.0,Moderate
Visakhapatnam,2016-11-23,60.96,109.68,32.81,71.71,57.21,17.92,1.71,22.92,42.1,9.32,14.46,11.85,112.0,Moderate
Visakhapatnam,2016-11-24,61.68,102.75,27.7,81.21,51.17,19.94,1.6,25.38,40.32,9.24,14.49,11.38,108.0,Moderate
Visakhapatnam,2016-11-25,61.23,102.48,33.02,85.44,55.92,21.23,1.64,25.54,38.35,13.52,25.99,23.31,109.0,Moderate
Visakhapatnam,2016-11-26,63.17,96.29,34.01,80.13,65.55,23.54,1.68,40.55,43.78,10.03,16.13,15.45,110.0,Moderate
Visakhapatnam,2016-11-27,61.53,102.83,21.07,69.96,49.77,21.14,1.58,20.38,53.4,8.31,14.98,9.34,116.0,Moderate
Visakhapatnam,2016-11-28,68.77,105.94,15.35,63.18,42.25,20.06,1.55,23.3,61.76,8.07,14.36,8.14,125.0,Moderate
Visakhapatnam,2016-11-29,63.62,103.65,28.1,68.05,49.0,17.8,1.64,24.5,57.9,11.08,12.79,10.15,121.0,Moderate
Visakhapatnam,2016-11-30,66.66,99.53,26.05,71.79,54.43,17.33,1.53,21.3,63.94,9.88,12.74,11.84,126.0,Moderate
Visakhapatnam,2016-12-01,66.92,108.85,3.95,25.19,16.29,14.95,1.0,11.07,85.63,4.85,7.16,2.92,144.0,Moderate
Visakhapatnam,2016-12-02,41.55,80.48,5.24,30.56,19.88,12.69,0.99,6.67,58.45,5.0,7.78,3.71,93.0,Satisfactory
Visakhapatnam,2016-12-03,32.6,67.24,4.72,26.56,17.54,12.21,0.94,8.0,55.43,4.24,6.35,3.15,82.0,Satisfactory
Visakhapatnam,2016-12-04,52.58,93.04,3.81,24.96,14.98,13.43,0.98,6.34,88.45,4.93,6.05,2.46,106.0,Moderate
Visakhapatnam,2016-12-05,74.8,113.48,4.47,30.06,19.03,12.76,1.06,8.32,86.68,5.29,6.24,3.29,131.0,Moderate
Visakhapatnam,2016-12-06,43.18,77.91,4.38,28.66,18.28,11.01,1.0,10.04,76.9,4.86,6.39,3.41,113.0,Moderate
Visakhapatnam,2016-12-07,50.53,64.11,6.98,36.44,22.96,11.29,1.04,27.9,68.2,5.12,7.54,4.11,91.0,Satisfactory
Visakhapatnam,2016-12-08,64.4,80.16,21.16,58.46,44.28,13.02,1.49,34.58,56.16,8.49,11.29,10.9,105.0,Moderate
Visakhapatnam,2016-12-09,65.44,102.77,11.34,57.17,37.35,14.36,1.41,37.75,68.11,7.45,9.57,8.24,123.0,Moderate
Visakhapatnam,2016-12-10,57.84,116.72,4.68,36.03,22.09,12.89,1.19,35.72,91.9,5.69,7.33,3.83,120.0,Moderate
Visakhapatnam,2016-12-11,46.03,95.57,4.18,20.92,13.28,11.64,1.02,33.88,84.98,4.67,6.39,2.03,113.0,Moderate
Visakhapatnam,2016-12-12,40.99,71.42,4.2,18.21,13.03,10.59,0.96,34.07,87.04,4.04,4.68,1.77,105.0,Moderate
Visakhapatnam,2016-12-13,48.07,84.67,3.86,18.08,13.73,10.72,0.96,32.54,93.76,4.34,4.75,2.23,117.0,Moderate
Visakhapatnam,2016-12-14,62.66,102.67,4.05,22.56,15.08,12.02,1.15,31.35,90.96,5.54,5.84,2.8,107.0,Moderate
Visakhapatnam,2016-12-15,71.8,117.17,4.18,30.64,19.09,11.53,1.18,31.52,83.67,5.81,6.53,3.57,139.0,Moderate
Visakhapatnam,2016-12-16,52.28,113.57,8.7,46.05,29.97,9.93,1.14,32.89,61.72,5.59,8.82,5.51,119.0,Moderate
Visakhapatnam,2016-12-17,69.5,104.08,24.59,65.42,49.38,11.01,1.49,31.48,52.04,8.75,11.76,11.55,119.0,Moderate
Visakhapatnam,2016-12-18,59.38,107.2,36.33,67.64,59.39,12.79,1.48,18.63,56.03,8.97,12.18,12.09,120.0,Moderate
Visakhapatnam,2016-12-19,64.2,104.71,25.37,74.72,56.34,14.22,1.55,18.98,56.84,9.29,14.33,11.82,119.0,Moderate
Visakhapatnam,2016-12-20,61.85,100.85,34.99,77.27,56.04,14.55,1.53,19.86,58.88,9.29,13.28,12.08,122.0,Moderate
Visakhapatnam,2016-12-21,63.14,99.22,42.75,77.15,65.42,17.05,1.82,23.87,54.52,10.4,12.42,11.64,133.0,Moderate
Visakhapatnam,2016-12-22,67.26,102.33,36.66,77.47,64.63,17.05,1.84,21.77,51.71,10.26,13.83,12.15,120.0,Moderate
Visakhapatnam,2016-12-23,65.86,96.71,40.45,71.11,52.61,16.19,1.67,20.15,50.28,11.28,18.38,12.22,124.0,Moderate
Visakhapatnam,2016-12-24,79.29,123.67,19.87,48.03,37.06,14.96,1.48,18.57,83.35,6.1,9.62,6.87,122.0,Moderate
Visakhapatnam,2016-12-25,63.52,101.09,50.66,64.9,68.48,16.48,1.63,14.27,46.2,9.52,12.96,12.9,126.0,Moderate
Visakhapatnam,2016-12-26,78.21,127.14,9.69,40.06,24.78,15.44,1.38,12.02,84.24,5.78,9.21,6.39,,
Visakhapatnam,2016-12-27,66.59,108.45,31.18,53.96,53.86,15.33,1.55,12.91,55.78,7.9,11.25,9.4,133.0,Moderate
Visakhapatnam,2016-12-28,56.0,94.0,4.13,41.25,24.23,18.3,1.52,11.0,92.97,7.57,7.69,5.05,127.0,Moderate
Visakhapatnam,2016-12-29,56.0,94.0,20.37,57.45,44.24,17.17,1.69,8.02,65.25,9.4,10.33,9.09,116.0,Moderate
Visakhapatnam,2016-12-30,56.0,94.0,29.71,53.1,49.12,15.55,1.67,5.13,65.98,8.39,9.7,7.7,116.0,Moderate
Visakhapatnam,2016-12-31,71.19,112.65,19.61,55.17,42.59,13.73,1.57,6.8,56.32,8.04,10.17,8.13,107.0,Moderate
