state,year,quarter,level,entity,registered_count
andaman-&-nicobar-islands,2018,1,district,south andaman district,7929
andaman-&-nicobar-islands,2018,1,district,north and middle andaman district,879
andaman-&-nicobar-islands,2018,1,district,nicobar district,484
andaman-&-nicobar-islands,2018,2,district,south andaman district,10860
andaman-&-nicobar-islands,2018,2,district,north and middle andaman district,1191
andaman-&-nicobar-islands,2018,2,district,nicobar district,688
andaman-&-nicobar-islands,2018,3,district,south andaman district,13573
andaman-&-nicobar-islands,2018,3,district,north and middle andaman district,1523
andaman-&-nicobar-islands,2018,3,district,nicobar district,853
andaman-&-nicobar-islands,2018,4,district,south andaman district,17119
andaman-&-nicobar-islands,2018,4,district,north and middle andaman district,1894
andaman-&-nicobar-islands,2018,4,district,nicobar district,1037
andaman-&-nicobar-islands,2019,1,district,south andaman district,20777
andaman-&-nicobar-islands,2019,1,district,north and middle andaman district,2366
andaman-&-nicobar-islands,2019,1,district,nicobar district,1226
andaman-&-nicobar-islands,2019,2,district,south andaman district,23971
andaman-&-nicobar-islands,2019,2,district,north and middle andaman district,2766
andaman-&-nicobar-islands,2019,2,district,nicobar district,1362
andaman-&-nicobar-islands,2019,3,district,south andaman district,26578
andaman-&-nicobar-islands,2019,3,district,north and middle andaman district,3122
andaman-&-nicobar-islands,2019,3,district,nicobar district,1481
andaman-&-nicobar-islands,2019,4,district,south andaman district,28852
andaman-&-nicobar-islands,2019,4,district,north and middle andaman district,3443
andaman-&-nicobar-islands,2019,4,district,nicobar district,1576
andaman-&-nicobar-islands,2020,1,district,south andaman district,31328
andaman-&-nicobar-islands,2020,1,district,north and middle andaman district,3853
andaman-&-nicobar-islands,2020,1,district,nicobar district,1694
andaman-&-nicobar-islands,2020,2,district,south andaman district,34986
andaman-&-nicobar-islands,2020,2,district,north and middle andaman district,4555
andaman-&-nicobar-islands,2020,2,district,nicobar district,1852
andaman-&-nicobar-islands,2020,3,district,south andaman district,42180
andaman-&-nicobar-islands,2020,3,district,north and middle andaman district,5733
andaman-&-nicobar-islands,2020,3,district,nicobar district,2092
andaman-&-nicobar-islands,2020,4,district,south andaman district,51647
andaman-&-nicobar-islands,2020,4,district,north and middle andaman district,7384
andaman-&-nicobar-islands,2020,4,district,nicobar district,2489
andaman-&-nicobar-islands,2021,1,district,south andaman district,57983
andaman-&-nicobar-islands,2021,1,district,north and middle andaman district,8302
andaman-&-nicobar-islands,2021,1,district,nicobar district,2826
andaman-&-nicobar-islands,2021,2,district,south andaman district,64825
andaman-&-nicobar-islands,2021,2,district,north and middle andaman district,9339
andaman-&-nicobar-islands,2021,2,district,nicobar district,3205
andaman-&-nicobar-islands,2021,3,district,south andaman district,71550
andaman-&-nicobar-islands,2021,3,district,north and middle andaman district,10433
andaman-&-nicobar-islands,2021,3,district,nicobar district,3564
andaman-&-nicobar-islands,2021,4,district,south andaman district,78889
andaman-&-nicobar-islands,2021,4,district,north and middle andaman district,11527
andaman-&-nicobar-islands,2021,4,district,nicobar district,3959
andaman-&-nicobar-islands,2022,1,district,south andaman district,85865
andaman-&-nicobar-islands,2022,1,district,north and middle andaman district,12464
andaman-&-nicobar-islands,2022,1,district,nicobar district,4276
andaman-&-nicobar-islands,2022,2,district,south andaman district,92900
andaman-&-nicobar-islands,2022,2,district,north and middle andaman district,13506
andaman-&-nicobar-islands,2022,2,district,nicobar district,4668
andaman-&-nicobar-islands,2022,3,district,south andaman district,99979
andaman-&-nicobar-islands,2022,3,district,north and middle andaman district,14648
andaman-&-nicobar-islands,2022,3,district,nicobar district,5044
andaman-&-nicobar-islands,2022,4,district,south andaman district,106483
andaman-&-nicobar-islands,2022,4,district,north and middle andaman district,15723
andaman-&-nicobar-islands,2022,4,district,nicobar district,5400
andaman-&-nicobar-islands,2023,1,district,south andaman district,111953
andaman-&-nicobar-islands,2023,1,district,north and middle andaman district,16646
andaman-&-nicobar-islands,2023,1,district,nicobar district,5729
andaman-&-nicobar-islands,2023,2,district,south andaman district,117498
andaman-&-nicobar-islands,2023,2,district,north and middle andaman district,17575
andaman-&-nicobar-islands,2023,2,district,nicobar district,6099
andaman-&-nicobar-islands,2023,3,district,south andaman district,123164
andaman-&-nicobar-islands,2023,3,district,north and middle andaman district,18542
andaman-&-nicobar-islands,2023,3,district,nicobar district,6385
andaman-&-nicobar-islands,2023,4,district,south andaman district,129088
andaman-&-nicobar-islands,2023,4,district,north and middle andaman district,19567
andaman-&-nicobar-islands,2023,4,district,nicobar district,6815
andaman-&-nicobar-islands,2024,1,district,south andaman district,134945
andaman-&-nicobar-islands,2024,1,district,north and middle andaman district,20651
andaman-&-nicobar-islands,2024,1,district,nicobar district,7154
andaman-&-nicobar-islands,2024,2,district,south andaman district,141277
andaman-&-nicobar-islands,2024,2,district,north and middle andaman district,21875
andaman-&-nicobar-islands,2024,2,district,nicobar district,7499
andaman-&-nicobar-islands,2024,3,district,south andaman district,147313
andaman-&-nicobar-islands,2024,3,district,north and middle andaman district,23101
andaman-&-nicobar-islands,2024,3,district,nicobar district,7895
andaman-&-nicobar-islands,2024,4,district,south andaman district,152408
andaman-&-nicobar-islands,2024,4,district,north and middle andaman district,24058
andaman-&-nicobar-islands,2024,4,district,nicobar district,8203
andaman-&-nicobar-islands,2025,1,district,south andaman district,157318
andaman-&-nicobar-islands,2025,1,district,north and middle andaman district,24921
andaman-&-nicobar-islands,2025,1,district,nicobar district,8474
andaman-&-nicobar-islands,2025,2,district,south andaman district,162202
andaman-&-nicobar-islands,2025,2,district,north and middle andaman district,25835
andaman-&-nicobar-islands,2025,2,district,nicobar district,8807
andaman-&-nicobar-islands,2025,3,district,south andaman district,167087
andaman-&-nicobar-islands,2025,3,district,north and middle andaman district,26850
andaman-&-nicobar-islands,2025,3,district,nicobar district,9119
andaman-&-nicobar-islands,2025,4,district,south andaman district,171964
andaman-&-nicobar-islands,2025,4,district,north and middle andaman district,27877
andaman-&-nicobar-islands,2025,4,district,nicobar district,9454
andaman-&-nicobar-islands,2026,1,district,south andaman district,176200
andaman-&-nicobar-islands,2026,1,district,north and middle andaman district,28863
andaman-&-nicobar-islands,2026,1,district,nicobar district,9755
andaman-&-nicobar-islands,2026,2,district,south andaman district,180817
andaman-&-nicobar-islands,2026,2,district,north and middle andaman district,30008
andaman-&-nicobar-islands,2026,2,district,nicobar district,9934
andhra-pradesh,2018,1,district,visakhapatnam district,335152
andhra-pradesh,2018,1,district,tirupati district,200102
andhra-pradesh,2018,1,district,ntr district,198590
andhra-pradesh,2018,1,district,guntur district,169547
andhra-pradesh,2018,1,district,sri potti sriramulu nellore district,146070
andhra-pradesh,2018,1,district,kakinada district,140625
andhra-pradesh,2018,1,district,ananthapuramu district,137680
andhra-pradesh,2018,1,district,ysr kadapa district,128156
andhra-pradesh,2018,1,district,kurnool district,123182
andhra-pradesh,2018,1,district,east godavari district,118288
andhra-pradesh,2018,2,district,visakhapatnam district,426782
andhra-pradesh,2018,2,district,tirupati district,265718
andhra-pradesh,2018,2,district,ntr district,263949
andhra-pradesh,2018,2,district,guntur district,224071
andhra-pradesh,2018,2,district,sri potti sriramulu nellore district,196653
andhra-pradesh,2018,2,district,ananthapuramu district,186029
andhra-pradesh,2018,2,district,kakinada district,182084
andhra-pradesh,2018,2,district,ysr kadapa district,171305
andhra-pradesh,2018,2,district,kurnool district,164343
andhra-pradesh,2018,2,district,prakasam district,156069
andhra-pradesh,2018,3,district,visakhapatnam district,515484
andhra-pradesh,2018,3,district,ntr district,325498
andhra-pradesh,2018,3,district,tirupati district,325384
andhra-pradesh,2018,3,district,guntur district,275423
andhra-pradesh,2018,3,district,sri potti sriramulu nellore district,240531
andhra-pradesh,2018,3,district,ananthapuramu district,228441
andhra-pradesh,2018,3,district,kakinada district,222465
andhra-pradesh,2018,3,district,ysr kadapa district,210337
andhra-pradesh,2018,3,district,kurnool district,202080
andhra-pradesh,2018,3,district,prakasam district,192686
andhra-pradesh,2018,4,district,visakhapatnam district,656832
andhra-pradesh,2018,4,district,tirupati district,416938
andhra-pradesh,2018,4,district,ntr district,413411
andhra-pradesh,2018,4,district,guntur district,350103
andhra-pradesh,2018,4,district,sri potti sriramulu nellore district,303233
andhra-pradesh,2018,4,district,ananthapuramu district,286898
andhra-pradesh,2018,4,district,kakinada district,278236
andhra-pradesh,2018,4,district,ysr kadapa district,262991
andhra-pradesh,2018,4,district,kurnool district,256086
andhra-pradesh,2018,4,district,prakasam district,242267
andhra-pradesh,2019,1,district,visakhapatnam district,784149
andhra-pradesh,2019,1,district,tirupati district,506400
andhra-pradesh,2019,1,district,ntr district,504289
andhra-pradesh,2019,1,district,guntur district,425230
andhra-pradesh,2019,1,district,sri potti sriramulu nellore district,363988
andhra-pradesh,2019,1,district,ananthapuramu district,343088
andhra-pradesh,2019,1,district,kakinada district,335296
andhra-pradesh,2019,1,district,ysr kadapa district,311109
andhra-pradesh,2019,1,district,kurnool district,310146
andhra-pradesh,2019,1,district,prakasam district,290136
andhra-pradesh,2019,2,district,visakhapatnam district,878100
andhra-pradesh,2019,2,district,tirupati district,574633
andhra-pradesh,2019,2,district,ntr district,574571
andhra-pradesh,2019,2,district,guntur district,484130
andhra-pradesh,2019,2,district,sri potti sriramulu nellore district,411287
andhra-pradesh,2019,2,district,ananthapuramu district,388159
andhra-pradesh,2019,2,district,kakinada district,376333
andhra-pradesh,2019,2,district,kurnool district,353469
andhra-pradesh,2019,2,district,ysr kadapa district,348599
andhra-pradesh,2019,2,district,prakasam district,329357
andhra-pradesh,2019,3,district,visakhapatnam district,970288
andhra-pradesh,2019,3,district,ntr district,643419
andhra-pradesh,2019,3,district,tirupati district,639534
andhra-pradesh,2019,3,district,guntur district,544505
andhra-pradesh,2019,3,district,sri potti sriramulu nellore district,458147
andhra-pradesh,2019,3,district,ananthapuramu district,433972
andhra-pradesh,2019,3,district,kakinada district,420227
andhra-pradesh,2019,3,district,kurnool district,396716
andhra-pradesh,2019,3,district,ysr kadapa district,386074
andhra-pradesh,2019,3,district,prakasam district,368114
andhra-pradesh,2019,4,district,visakhapatnam district,1070327
andhra-pradesh,2019,4,district,ntr district,720278
andhra-pradesh,2019,4,district,tirupati district,711607
andhra-pradesh,2019,4,district,guntur district,611911
andhra-pradesh,2019,4,district,sri potti sriramulu nellore district,514881
andhra-pradesh,2019,4,district,ananthapuramu district,487094
andhra-pradesh,2019,4,district,kakinada district,473665
andhra-pradesh,2019,4,district,kurnool district,445673
andhra-pradesh,2019,4,district,ysr kadapa district,432297
andhra-pradesh,2019,4,district,prakasam district,413565
andhra-pradesh,2020,1,district,visakhapatnam district,1159148
andhra-pradesh,2020,1,district,ntr district,795960
andhra-pradesh,2020,1,district,tirupati district,780498
andhra-pradesh,2020,1,district,guntur district,678211
andhra-pradesh,2020,1,district,sri potti sriramulu nellore district,572192
andhra-pradesh,2020,1,district,ananthapuramu district,539384
andhra-pradesh,2020,1,district,kakinada district,524043
andhra-pradesh,2020,1,district,kurnool district,493426
andhra-pradesh,2020,1,district,ysr kadapa district,478375
andhra-pradesh,2020,1,district,prakasam district,459052
andhra-pradesh,2020,2,district,visakhapatnam district,1244930
andhra-pradesh,2020,2,district,ntr district,867022
andhra-pradesh,2020,2,district,tirupati district,848375
andhra-pradesh,2020,2,district,guntur district,745832
andhra-pradesh,2020,2,district,sri potti sriramulu nellore district,629769
andhra-pradesh,2020,2,district,ananthapuramu district,593971
andhra-pradesh,2020,2,district,kakinada district,571563
andhra-pradesh,2020,2,district,kurnool district,545866
andhra-pradesh,2020,2,district,ysr kadapa district,529477
andhra-pradesh,2020,2,district,prakasam district,508126
andhra-pradesh,2020,3,district,visakhapatnam district,1337555
andhra-pradesh,2020,3,district,ntr district,945071
andhra-pradesh,2020,3,district,tirupati district,920286
andhra-pradesh,2020,3,district,guntur district,815819
andhra-pradesh,2020,3,district,sri potti sriramulu nellore district,689277
andhra-pradesh,2020,3,district,ananthapuramu district,652167
andhra-pradesh,2020,3,district,kakinada district,624418
andhra-pradesh,2020,3,district,kurnool district,596342
andhra-pradesh,2020,3,district,ysr kadapa district,580696
andhra-pradesh,2020,3,district,prakasam district,558102
andhra-pradesh,2020,4,district,visakhapatnam district,1429459
andhra-pradesh,2020,4,district,ntr district,1025732
andhra-pradesh,2020,4,district,tirupati district,993663
andhra-pradesh,2020,4,district,guntur district,886854
andhra-pradesh,2020,4,district,sri potti sriramulu nellore district,749488
andhra-pradesh,2020,4,district,ananthapuramu district,708428
andhra-pradesh,2020,4,district,kakinada district,677655
andhra-pradesh,2020,4,district,kurnool district,647759
andhra-pradesh,2020,4,district,ysr kadapa district,631504
andhra-pradesh,2020,4,district,prakasam district,606429
andhra-pradesh,2021,1,district,visakhapatnam district,1512118
andhra-pradesh,2021,1,district,ntr district,1096457
andhra-pradesh,2021,1,district,tirupati district,1059377
andhra-pradesh,2021,1,district,guntur district,947072
andhra-pradesh,2021,1,district,sri potti sriramulu nellore district,802290
andhra-pradesh,2021,1,district,ananthapuramu district,755698
andhra-pradesh,2021,1,district,kakinada district,723509
andhra-pradesh,2021,1,district,kurnool district,692647
andhra-pradesh,2021,1,district,ysr kadapa district,675474
andhra-pradesh,2021,1,district,prakasam district,647347
andhra-pradesh,2021,2,district,visakhapatnam district,1593451
andhra-pradesh,2021,2,district,ntr district,1164464
andhra-pradesh,2021,2,district,tirupati district,1122653
andhra-pradesh,2021,2,district,guntur district,1006607
andhra-pradesh,2021,2,district,sri potti sriramulu nellore district,853010
andhra-pradesh,2021,2,district,ananthapuramu district,802037
andhra-pradesh,2021,2,district,kakinada district,767127
andhra-pradesh,2021,2,district,kurnool district,735878
andhra-pradesh,2021,2,district,ysr kadapa district,717478
andhra-pradesh,2021,2,district,prakasam district,687958
andhra-pradesh,2021,3,district,visakhapatnam district,1677521
andhra-pradesh,2021,3,district,ntr district,1235017
andhra-pradesh,2021,3,district,tirupati district,1189548
andhra-pradesh,2021,3,district,guntur district,1068299
andhra-pradesh,2021,3,district,sri potti sriramulu nellore district,904633
andhra-pradesh,2021,3,district,ananthapuramu district,849416
andhra-pradesh,2021,3,district,kakinada district,812766
andhra-pradesh,2021,3,district,kurnool district,779616
andhra-pradesh,2021,3,district,ysr kadapa district,759671
andhra-pradesh,2021,3,district,prakasam district,728368
andhra-pradesh,2021,4,district,visakhapatnam district,1758215
andhra-pradesh,2021,4,district,ntr district,1303210
andhra-pradesh,2021,4,district,tirupati district,1255159
andhra-pradesh,2021,4,district,guntur district,1128014
andhra-pradesh,2021,4,district,sri potti sriramulu nellore district,955184
andhra-pradesh,2021,4,district,ananthapuramu district,895561
andhra-pradesh,2021,4,district,kakinada district,857632
andhra-pradesh,2021,4,district,kurnool district,822357
andhra-pradesh,2021,4,district,ysr kadapa district,801332
andhra-pradesh,2021,4,district,prakasam district,767797
andhra-pradesh,2022,1,district,visakhapatnam district,1831493
andhra-pradesh,2022,1,district,ntr district,1365927
andhra-pradesh,2022,1,district,tirupati district,1315124
andhra-pradesh,2022,1,district,guntur district,1182972
andhra-pradesh,2022,1,district,sri potti sriramulu nellore district,1001962
andhra-pradesh,2022,1,district,ananthapuramu district,937311
andhra-pradesh,2022,1,district,kakinada district,898600
andhra-pradesh,2022,1,district,kurnool district,861755
andhra-pradesh,2022,1,district,ysr kadapa district,839722
andhra-pradesh,2022,1,district,east godavari district,805707
andhra-pradesh,2022,2,district,visakhapatnam district,1902468
andhra-pradesh,2022,2,district,ntr district,1427782
andhra-pradesh,2022,2,district,tirupati district,1373646
andhra-pradesh,2022,2,district,guntur district,1236601
andhra-pradesh,2022,2,district,sri potti sriramulu nellore district,1049058
andhra-pradesh,2022,2,district,ananthapuramu district,978578
andhra-pradesh,2022,2,district,kakinada district,939072
andhra-pradesh,2022,2,district,kurnool district,900561
andhra-pradesh,2022,2,district,ysr kadapa district,877559
andhra-pradesh,2022,2,district,east godavari district,844061
andhra-pradesh,2022,3,district,visakhapatnam district,1971529
andhra-pradesh,2022,3,district,ntr district,1488310
andhra-pradesh,2022,3,district,tirupati district,1432016
andhra-pradesh,2022,3,district,guntur district,1290114
andhra-pradesh,2022,3,district,sri potti sriramulu nellore district,1096011
andhra-pradesh,2022,3,district,ananthapuramu district,1019639
andhra-pradesh,2022,3,district,kakinada district,979297
andhra-pradesh,2022,3,district,kurnool district,938847
andhra-pradesh,2022,3,district,ysr kadapa district,915165
andhra-pradesh,2022,3,district,east godavari district,882537
andhra-pradesh,2022,4,district,visakhapatnam district,2037547
andhra-pradesh,2022,4,district,ntr district,1546858
andhra-pradesh,2022,4,district,tirupati district,1489563
andhra-pradesh,2022,4,district,guntur district,1342557
andhra-pradesh,2022,4,district,sri potti sriramulu nellore district,1141904
andhra-pradesh,2022,4,district,ananthapuramu district,1059705
andhra-pradesh,2022,4,district,kakinada district,1018987
andhra-pradesh,2022,4,district,kurnool district,976697
andhra-pradesh,2022,4,district,ysr kadapa district,951806
andhra-pradesh,2022,4,district,east godavari district,919762
andhra-pradesh,2023,1,district,visakhapatnam district,2094539
andhra-pradesh,2023,1,district,ntr district,1599287
andhra-pradesh,2023,1,district,tirupati district,1540967
andhra-pradesh,2023,1,district,guntur district,1389033
andhra-pradesh,2023,1,district,sri potti sriramulu nellore district,1182797
andhra-pradesh,2023,1,district,ananthapuramu district,1094625
andhra-pradesh,2023,1,district,kakinada district,1054580
andhra-pradesh,2023,1,district,kurnool district,1010284
andhra-pradesh,2023,1,district,ysr kadapa district,983916
andhra-pradesh,2023,1,district,east godavari district,952805
andhra-pradesh,2023,2,district,visakhapatnam district,2149023
andhra-pradesh,2023,2,district,ntr district,1649449
andhra-pradesh,2023,2,district,tirupati district,1590675
andhra-pradesh,2023,2,district,guntur district,1434654
andhra-pradesh,2023,2,district,sri potti sriramulu nellore district,1223806
andhra-pradesh,2023,2,district,ananthapuramu district,1128637
andhra-pradesh,2023,2,district,kakinada district,1088731
andhra-pradesh,2023,2,district,kurnool district,1042904
andhra-pradesh,2023,2,district,ysr kadapa district,1015801
andhra-pradesh,2023,2,district,east godavari district,984362
andhra-pradesh,2023,3,district,visakhapatnam district,2200348
andhra-pradesh,2023,3,district,ntr district,1697564
andhra-pradesh,2023,3,district,tirupati district,1640283
andhra-pradesh,2023,3,district,guntur district,1481592
andhra-pradesh,2023,3,district,sri potti sriramulu nellore district,1264599
andhra-pradesh,2023,3,district,ananthapuramu district,1162685
andhra-pradesh,2023,3,district,kakinada district,1123334
andhra-pradesh,2023,3,district,kurnool district,1075639
andhra-pradesh,2023,3,district,ysr kadapa district,1048109
andhra-pradesh,2023,3,district,east godavari district,1016505
andhra-pradesh,2023,4,district,visakhapatnam district,2243055
andhra-pradesh,2023,4,district,ntr district,1738890
andhra-pradesh,2023,4,district,tirupati district,1683899
andhra-pradesh,2023,4,district,guntur district,1521328
andhra-pradesh,2023,4,district,sri potti sriramulu nellore district,1300058
andhra-pradesh,2023,4,district,ananthapuramu district,1193922
andhra-pradesh,2023,4,district,kakinada district,1153021
andhra-pradesh,2023,4,district,kurnool district,1104769
andhra-pradesh,2023,4,district,ysr kadapa district,1076459
andhra-pradesh,2023,4,district,east godavari district,1044173
andhra-pradesh,2024,1,district,visakhapatnam district,2288902
andhra-pradesh,2024,1,district,ntr district,1785957
andhra-pradesh,2024,1,district,tirupati district,1731402
andhra-pradesh,2024,1,district,guntur district,1563419
andhra-pradesh,2024,1,district,sri potti sriramulu nellore district,1339921
andhra-pradesh,2024,1,district,ananthapuramu district,1228091
andhra-pradesh,2024,1,district,kakinada district,1187702
andhra-pradesh,2024,1,district,kurnool district,1138665
andhra-pradesh,2024,1,district,ysr kadapa district,1107864
andhra-pradesh,2024,1,district,east godavari district,1075319
andhra-pradesh,2024,2,district,visakhapatnam district,2339642
andhra-pradesh,2024,2,district,ntr district,1837246
andhra-pradesh,2024,2,district,tirupati district,1783408
andhra-pradesh,2024,2,district,guntur district,1609511
andhra-pradesh,2024,2,district,sri potti sriramulu nellore district,1383997
andhra-pradesh,2024,2,district,ananthapuramu district,1264498
andhra-pradesh,2024,2,district,kakinada district,1224431
andhra-pradesh,2024,2,district,kurnool district,1174924
andhra-pradesh,2024,2,district,ysr kadapa district,1142571
andhra-pradesh,2024,2,district,prakasam district,1110225
andhra-pradesh,2024,3,district,visakhapatnam district,2391651
andhra-pradesh,2024,3,district,ntr district,1887067
andhra-pradesh,2024,3,district,tirupati district,1835823
andhra-pradesh,2024,3,district,guntur district,1655521
andhra-pradesh,2024,3,district,sri potti sriramulu nellore district,1425528
andhra-pradesh,2024,3,district,ananthapuramu district,1298910
andhra-pradesh,2024,3,district,kakinada district,1260022
andhra-pradesh,2024,3,district,kurnool district,1207132
andhra-pradesh,2024,3,district,ysr kadapa district,1174716
andhra-pradesh,2024,3,district,prakasam district,1144522
andhra-pradesh,2024,4,district,visakhapatnam district,2456593
andhra-pradesh,2024,4,district,ntr district,1947417
andhra-pradesh,2024,4,district,tirupati district,1893566
andhra-pradesh,2024,4,district,guntur district,1708215
andhra-pradesh,2024,4,district,sri potti sriramulu nellore district,1473190
andhra-pradesh,2024,4,district,ananthapuramu district,1338623
andhra-pradesh,2024,4,district,kakinada district,1301077
andhra-pradesh,2024,4,district,kurnool district,1244736
andhra-pradesh,2024,4,district,ysr kadapa district,1211935
andhra-pradesh,2024,4,district,prakasam district,1181573
andhra-pradesh,2025,1,district,visakhapatnam district,2513160
andhra-pradesh,2025,1,district,ntr district,1999265
andhra-pradesh,2025,1,district,tirupati district,1945500
andhra-pradesh,2025,1,district,guntur district,1755314
andhra-pradesh,2025,1,district,sri potti sriramulu nellore district,1516018
andhra-pradesh,2025,1,district,ananthapuramu district,1374095
andhra-pradesh,2025,1,district,kakinada district,1337352
andhra-pradesh,2025,1,district,kurnool district,1278957
andhra-pradesh,2025,1,district,ysr kadapa district,1244954
andhra-pradesh,2025,1,district,prakasam district,1215905
andhra-pradesh,2025,2,district,visakhapatnam district,2573081
andhra-pradesh,2025,2,district,ntr district,2053779
andhra-pradesh,2025,2,district,tirupati district,2000079
andhra-pradesh,2025,2,district,guntur district,1805863
andhra-pradesh,2025,2,district,sri potti sriramulu nellore district,1561379
andhra-pradesh,2025,2,district,ananthapuramu district,1411907
andhra-pradesh,2025,2,district,kakinada district,1375819
andhra-pradesh,2025,2,district,kurnool district,1314765
andhra-pradesh,2025,2,district,ysr kadapa district,1280473
andhra-pradesh,2025,2,district,prakasam district,1253592
andhra-pradesh,2025,3,district,visakhapatnam district,2631353
andhra-pradesh,2025,3,district,ntr district,2110417
andhra-pradesh,2025,3,district,tirupati district,2056298
andhra-pradesh,2025,3,district,guntur district,1863157
andhra-pradesh,2025,3,district,sri potti sriramulu nellore district,1607068
andhra-pradesh,2025,3,district,ananthapuramu district,1451094
andhra-pradesh,2025,3,district,kakinada district,1416126
andhra-pradesh,2025,3,district,kurnool district,1350672
andhra-pradesh,2025,3,district,ysr kadapa district,1317407
andhra-pradesh,2025,3,district,prakasam district,1294424
andhra-pradesh,2025,4,district,visakhapatnam district,2682000
andhra-pradesh,2025,4,district,ntr district,2158773
andhra-pradesh,2025,4,district,tirupati district,2106087
andhra-pradesh,2025,4,district,guntur district,1909241
andhra-pradesh,2025,4,district,sri potti sriramulu nellore district,1650273
andhra-pradesh,2025,4,district,ananthapuramu district,1487620
andhra-pradesh,2025,4,district,kakinada district,1451266
andhra-pradesh,2025,4,district,kurnool district,1385274
andhra-pradesh,2025,4,district,ysr kadapa district,1351685
andhra-pradesh,2025,4,district,prakasam district,1329728
andhra-pradesh,2026,1,district,visakhapatnam district,2726369
andhra-pradesh,2026,1,district,ntr district,2202153
andhra-pradesh,2026,1,district,tirupati district,2150225
andhra-pradesh,2026,1,district,guntur district,1949876
andhra-pradesh,2026,1,district,sri potti sriramulu nellore district,1687374
andhra-pradesh,2026,1,district,ananthapuramu district,1516713
andhra-pradesh,2026,1,district,kakinada district,1481623
andhra-pradesh,2026,1,district,kurnool district,1413409
andhra-pradesh,2026,1,district,ysr kadapa district,1379098
andhra-pradesh,2026,1,district,prakasam district,1359367
andhra-pradesh,2026,2,district,visakhapatnam district,2800236
andhra-pradesh,2026,2,district,ntr district,2258324
andhra-pradesh,2026,2,district,tirupati district,2219362
andhra-pradesh,2026,2,district,guntur district,2002926
andhra-pradesh,2026,2,district,sri potti sriramulu nellore district,1729942
andhra-pradesh,2026,2,district,ananthapuramu district,1555974
andhra-pradesh,2026,2,district,kakinada district,1518007
andhra-pradesh,2026,2,district,kurnool district,1445853
andhra-pradesh,2026,2,district,ysr kadapa district,1407575
andhra-pradesh,2026,2,district,prakasam district,1391582
arunachal-pradesh,2018,1,district,itanagar capital complex district,7383
arunachal-pradesh,2018,1,district,west kameng district,2623
arunachal-pradesh,2018,1,district,east siang district,2223
arunachal-pradesh,2018,1,district,papum pare district,1921
arunachal-pradesh,2018,1,district,tawang district,1767
arunachal-pradesh,2018,1,district,changlang district,1292
arunachal-pradesh,2018,1,district,namsai district,1262
arunachal-pradesh,2018,1,district,west siang district,991
arunachal-pradesh,2018,1,district,lohit district,962
arunachal-pradesh,2018,1,district,lower dibang valley district,852
arunachal-pradesh,2018,2,district,itanagar capital complex district,10649
arunachal-pradesh,2018,2,district,west kameng district,3949
arunachal-pradesh,2018,2,district,east siang district,3224
arunachal-pradesh,2018,2,district,papum pare district,2820
arunachal-pradesh,2018,2,district,tawang district,2546
arunachal-pradesh,2018,2,district,changlang district,2124
arunachal-pradesh,2018,2,district,namsai district,2049
arunachal-pradesh,2018,2,district,lohit district,1548
arunachal-pradesh,2018,2,district,west siang district,1418
arunachal-pradesh,2018,2,district,lower dibang valley district,1243
arunachal-pradesh,2018,3,district,itanagar capital complex district,14511
arunachal-pradesh,2018,3,district,west kameng district,5317
arunachal-pradesh,2018,3,district,east siang district,4295
arunachal-pradesh,2018,3,district,papum pare district,3852
arunachal-pradesh,2018,3,district,tawang district,3374
arunachal-pradesh,2018,3,district,changlang district,2981
arunachal-pradesh,2018,3,district,namsai district,2846
arunachal-pradesh,2018,3,district,lohit district,2101
arunachal-pradesh,2018,3,district,west siang district,1853
arunachal-pradesh,2018,3,district,lower dibang valley district,1672
arunachal-pradesh,2018,4,district,itanagar capital complex district,19373
arunachal-pradesh,2018,4,district,west kameng district,7099
arunachal-pradesh,2018,4,district,east siang district,5739
arunachal-pradesh,2018,4,district,papum pare district,5148
arunachal-pradesh,2018,4,district,tawang district,4337
arunachal-pradesh,2018,4,district,changlang district,4233
arunachal-pradesh,2018,4,district,namsai district,3820
arunachal-pradesh,2018,4,district,lohit district,2907
arunachal-pradesh,2018,4,district,west siang district,2403
arunachal-pradesh,2018,4,district,lower dibang valley district,2287
arunachal-pradesh,2019,1,district,itanagar capital complex district,23880
arunachal-pradesh,2019,1,district,west kameng district,8775
arunachal-pradesh,2019,1,district,east siang district,7072
arunachal-pradesh,2019,1,district,papum pare district,6421
arunachal-pradesh,2019,1,district,changlang district,5408
arunachal-pradesh,2019,1,district,tawang district,5333
arunachal-pradesh,2019,1,district,namsai district,4816
arunachal-pradesh,2019,1,district,lohit district,3583
arunachal-pradesh,2019,1,district,west siang district,2977
arunachal-pradesh,2019,1,district,lower dibang valley district,2855
arunachal-pradesh,2019,2,district,itanagar capital complex district,29367
arunachal-pradesh,2019,2,district,west kameng district,10402
arunachal-pradesh,2019,2,district,east siang district,8613
arunachal-pradesh,2019,2,district,papum pare district,7989
arunachal-pradesh,2019,2,district,changlang district,6953
arunachal-pradesh,2019,2,district,tawang district,6237
arunachal-pradesh,2019,2,district,namsai district,5929
arunachal-pradesh,2019,2,district,lohit district,4424
arunachal-pradesh,2019,2,district,west siang district,3734
arunachal-pradesh,2019,2,district,lower dibang valley district,3395
arunachal-pradesh,2019,3,district,itanagar capital complex district,34809
arunachal-pradesh,2019,3,district,west kameng district,11881
arunachal-pradesh,2019,3,district,east siang district,10084
arunachal-pradesh,2019,3,district,papum pare district,9480
arunachal-pradesh,2019,3,district,changlang district,8490
arunachal-pradesh,2019,3,district,namsai district,7031
arunachal-pradesh,2019,3,district,tawang district,6952
arunachal-pradesh,2019,3,district,lohit district,5184
arunachal-pradesh,2019,3,district,west siang district,4512
arunachal-pradesh,2019,3,district,lower dibang valley district,4024
arunachal-pradesh,2019,4,district,itanagar capital complex district,40026
arunachal-pradesh,2019,4,district,west kameng district,13342
arunachal-pradesh,2019,4,district,east siang district,11560
arunachal-pradesh,2019,4,district,papum pare district,10958
arunachal-pradesh,2019,4,district,changlang district,9881
arunachal-pradesh,2019,4,district,namsai district,8059
arunachal-pradesh,2019,4,district,tawang district,7781
arunachal-pradesh,2019,4,district,lohit district,5927
arunachal-pradesh,2019,4,district,west siang district,5264
arunachal-pradesh,2019,4,district,lower dibang valley district,4587
arunachal-pradesh,2020,1,district,itanagar capital complex district,45853
arunachal-pradesh,2020,1,district,west kameng district,14985
arunachal-pradesh,2020,1,district,east siang district,13263
arunachal-pradesh,2020,1,district,papum pare district,12503
arunachal-pradesh,2020,1,district,changlang district,11526
arunachal-pradesh,2020,1,district,namsai district,9302
arunachal-pradesh,2020,1,district,tawang district,8666
arunachal-pradesh,2020,1,district,lohit district,6809
arunachal-pradesh,2020,1,district,west siang district,6304
arunachal-pradesh,2020,1,district,lower dibang valley district,5278
arunachal-pradesh,2020,2,district,itanagar capital complex district,52990
arunachal-pradesh,2020,2,district,west kameng district,16815
arunachal-pradesh,2020,2,district,east siang district,15672
arunachal-pradesh,2020,2,district,papum pare district,14618
arunachal-pradesh,2020,2,district,changlang district,14163
arunachal-pradesh,2020,2,district,namsai district,11263
arunachal-pradesh,2020,2,district,tawang district,9672
arunachal-pradesh,2020,2,district,lohit district,8002
arunachal-pradesh,2020,2,district,west siang district,7757
arunachal-pradesh,2020,2,district,lower dibang valley district,6308
arunachal-pradesh,2020,3,district,itanagar capital complex district,61000
arunachal-pradesh,2020,3,district,west kameng district,18897
arunachal-pradesh,2020,3,district,east siang district,18239
arunachal-pradesh,2020,3,district,papum pare district,16948
arunachal-pradesh,2020,3,district,changlang district,16391
arunachal-pradesh,2020,3,district,namsai district,12898
arunachal-pradesh,2020,3,district,tawang district,10762
arunachal-pradesh,2020,3,district,lohit district,9197
arunachal-pradesh,2020,3,district,west siang district,9108
arunachal-pradesh,2020,3,district,lower dibang valley district,7330
arunachal-pradesh,2020,4,district,itanagar capital complex district,68577
arunachal-pradesh,2020,4,district,west kameng district,20987
arunachal-pradesh,2020,4,district,east siang district,20495
arunachal-pradesh,2020,4,district,papum pare district,19070
arunachal-pradesh,2020,4,district,changlang district,18173
arunachal-pradesh,2020,4,district,namsai district,14364
arunachal-pradesh,2020,4,district,tawang district,11908
arunachal-pradesh,2020,4,district,west siang district,10483
arunachal-pradesh,2020,4,district,lohit district,10277
arunachal-pradesh,2020,4,district,lower dibang valley district,8266
arunachal-pradesh,2021,1,district,itanagar capital complex district,74284
arunachal-pradesh,2021,1,district,west kameng district,22732
arunachal-pradesh,2021,1,district,east siang district,22082
arunachal-pradesh,2021,1,district,papum pare district,20765
arunachal-pradesh,2021,1,district,changlang district,19708
arunachal-pradesh,2021,1,district,namsai district,15557
arunachal-pradesh,2021,1,district,tawang district,12846
arunachal-pradesh,2021,1,district,west siang district,11486
arunachal-pradesh,2021,1,district,lohit district,11091
arunachal-pradesh,2021,1,district,lower dibang valley district,9013
arunachal-pradesh,2021,2,district,itanagar capital complex district,80318
arunachal-pradesh,2021,2,district,west kameng district,24608
arunachal-pradesh,2021,2,district,east siang district,23830
arunachal-pradesh,2021,2,district,papum pare district,22593
arunachal-pradesh,2021,2,district,changlang district,21454
arunachal-pradesh,2021,2,district,namsai district,16888
arunachal-pradesh,2021,2,district,tawang district,13977
arunachal-pradesh,2021,2,district,west siang district,12518
arunachal-pradesh,2021,2,district,lohit district,12014
arunachal-pradesh,2021,2,district,lower dibang valley district,9833
arunachal-pradesh,2021,3,district,itanagar capital complex district,86428
arunachal-pradesh,2021,3,district,west kameng district,26530
arunachal-pradesh,2021,3,district,east siang district,25465
arunachal-pradesh,2021,3,district,papum pare district,24482
arunachal-pradesh,2021,3,district,changlang district,23188
arunachal-pradesh,2021,3,district,namsai district,18210
arunachal-pradesh,2021,3,district,tawang district,15033
arunachal-pradesh,2021,3,district,west siang district,13515
arunachal-pradesh,2021,3,district,lohit district,12966
arunachal-pradesh,2021,3,district,lower dibang valley district,10601
arunachal-pradesh,2021,4,district,itanagar capital complex district,93041
arunachal-pradesh,2021,4,district,west kameng district,28432
arunachal-pradesh,2021,4,district,east siang district,27537
arunachal-pradesh,2021,4,district,papum pare district,26450
arunachal-pradesh,2021,4,district,changlang district,24958
arunachal-pradesh,2021,4,district,namsai district,19500
arunachal-pradesh,2021,4,district,tawang district,16045
arunachal-pradesh,2021,4,district,west siang district,14532
arunachal-pradesh,2021,4,district,lohit district,13930
arunachal-pradesh,2021,4,district,lower dibang valley district,11511
arunachal-pradesh,2022,1,district,itanagar capital complex district,99291
arunachal-pradesh,2022,1,district,west kameng district,30322
arunachal-pradesh,2022,1,district,east siang district,29377
arunachal-pradesh,2022,1,district,papum pare district,28397
arunachal-pradesh,2022,1,district,changlang district,26696
arunachal-pradesh,2022,1,district,namsai district,20908
arunachal-pradesh,2022,1,district,tawang district,17074
arunachal-pradesh,2022,1,district,west siang district,15583
arunachal-pradesh,2022,1,district,lohit district,14914
arunachal-pradesh,2022,1,district,lower dibang valley district,12405
arunachal-pradesh,2022,2,district,itanagar capital complex district,106371
arunachal-pradesh,2022,2,district,west kameng district,32425
arunachal-pradesh,2022,2,district,east siang district,31475
arunachal-pradesh,2022,2,district,papum pare district,30777
arunachal-pradesh,2022,2,district,changlang district,28685
arunachal-pradesh,2022,2,district,namsai district,22504
arunachal-pradesh,2022,2,district,tawang district,18206
arunachal-pradesh,2022,2,district,west siang district,16885
arunachal-pradesh,2022,2,district,lohit district,15955
arunachal-pradesh,2022,2,district,lower dibang valley district,13368
arunachal-pradesh,2022,3,district,itanagar capital complex district,113971
arunachal-pradesh,2022,3,district,west kameng district,34668
arunachal-pradesh,2022,3,district,east siang district,33456
arunachal-pradesh,2022,3,district,papum pare district,33234
arunachal-pradesh,2022,3,district,changlang district,30818
arunachal-pradesh,2022,3,district,namsai district,24156
arunachal-pradesh,2022,3,district,tawang district,19322
arunachal-pradesh,2022,3,district,west siang district,18242
arunachal-pradesh,2022,3,district,lohit district,17063
arunachal-pradesh,2022,3,district,lower dibang valley district,14394
arunachal-pradesh,2022,4,district,itanagar capital complex district,121040
arunachal-pradesh,2022,4,district,west kameng district,36767
arunachal-pradesh,2022,4,district,papum pare district,35675
arunachal-pradesh,2022,4,district,east siang district,35304
arunachal-pradesh,2022,4,district,changlang district,32932
arunachal-pradesh,2022,4,district,namsai district,25690
arunachal-pradesh,2022,4,district,tawang district,20561
arunachal-pradesh,2022,4,district,west siang district,19492
arunachal-pradesh,2022,4,district,lohit district,18111
arunachal-pradesh,2022,4,district,lower dibang valley district,15366
arunachal-pradesh,2023,1,district,itanagar capital complex district,127856
arunachal-pradesh,2023,1,district,west kameng district,38741
arunachal-pradesh,2023,1,district,papum pare district,37996
arunachal-pradesh,2023,1,district,east siang district,37164
arunachal-pradesh,2023,1,district,changlang district,35051
arunachal-pradesh,2023,1,district,namsai district,27265
arunachal-pradesh,2023,1,district,tawang district,21611
arunachal-pradesh,2023,1,district,west siang district,20729
arunachal-pradesh,2023,1,district,lohit district,19171
arunachal-pradesh,2023,1,district,lower dibang valley district,16328
arunachal-pradesh,2023,2,district,itanagar capital complex district,134827
arunachal-pradesh,2023,2,district,west kameng district,40673
arunachal-pradesh,2023,2,district,papum pare district,40279
arunachal-pradesh,2023,2,district,east siang district,39168
arunachal-pradesh,2023,2,district,changlang district,37115
arunachal-pradesh,2023,2,district,namsai district,28870
arunachal-pradesh,2023,2,district,tawang district,22731
arunachal-pradesh,2023,2,district,west siang district,22038
arunachal-pradesh,2023,2,district,lohit district,20142
arunachal-pradesh,2023,2,district,lower dibang valley district,17258
arunachal-pradesh,2023,3,district,itanagar capital complex district,142102
arunachal-pradesh,2023,3,district,papum pare district,42900
arunachal-pradesh,2023,3,district,west kameng district,42626
arunachal-pradesh,2023,3,district,east siang district,41312
arunachal-pradesh,2023,3,district,changlang district,39317
arunachal-pradesh,2023,3,district,namsai district,30581
arunachal-pradesh,2023,3,district,tawang district,23812
arunachal-pradesh,2023,3,district,west siang district,23485
arunachal-pradesh,2023,3,district,lohit district,21106
arunachal-pradesh,2023,3,district,lower dibang valley district,18306
arunachal-pradesh,2023,4,district,itanagar capital complex district,149621
arunachal-pradesh,2023,4,district,papum pare district,45389
arunachal-pradesh,2023,4,district,west kameng district,44735
arunachal-pradesh,2023,4,district,east siang district,43572
arunachal-pradesh,2023,4,district,changlang district,41518
arunachal-pradesh,2023,4,district,namsai district,32401
arunachal-pradesh,2023,4,district,west siang district,24984
arunachal-pradesh,2023,4,district,tawang district,24965
arunachal-pradesh,2023,4,district,lohit district,22189
arunachal-pradesh,2023,4,district,lower dibang valley district,19399
arunachal-pradesh,2024,1,district,itanagar capital complex district,158335
arunachal-pradesh,2024,1,district,papum pare district,48302
arunachal-pradesh,2024,1,district,west kameng district,46935
arunachal-pradesh,2024,1,district,east siang district,46324
arunachal-pradesh,2024,1,district,changlang district,44432
arunachal-pradesh,2024,1,district,namsai district,34732
arunachal-pradesh,2024,1,district,west siang district,26875
arunachal-pradesh,2024,1,district,tawang district,26143
arunachal-pradesh,2024,1,district,lohit district,23643
arunachal-pradesh,2024,1,district,lower dibang valley district,20712
arunachal-pradesh,2024,2,district,itanagar capital complex district,168640
arunachal-pradesh,2024,2,district,papum pare district,51772
arunachal-pradesh,2024,2,district,east siang district,49889
arunachal-pradesh,2024,2,district,west kameng district,49717
arunachal-pradesh,2024,2,district,changlang district,47520
arunachal-pradesh,2024,2,district,namsai district,37344
arunachal-pradesh,2024,2,district,west siang district,29116
arunachal-pradesh,2024,2,district,tawang district,27570
arunachal-pradesh,2024,2,district,lohit district,25323
arunachal-pradesh,2024,2,district,lower dibang valley district,22293
arunachal-pradesh,2024,3,district,itanagar capital complex district,178516
arunachal-pradesh,2024,3,district,papum pare district,55056
arunachal-pradesh,2024,3,district,east siang district,53164
arunachal-pradesh,2024,3,district,west kameng district,52288
arunachal-pradesh,2024,3,district,changlang district,50271
arunachal-pradesh,2024,3,district,namsai district,39765
arunachal-pradesh,2024,3,district,west siang district,31082
arunachal-pradesh,2024,3,district,tawang district,28909
arunachal-pradesh,2024,3,district,lohit district,26755
arunachal-pradesh,2024,3,district,lower dibang valley district,23696
arunachal-pradesh,2024,4,district,itanagar capital complex district,185179
arunachal-pradesh,2024,4,district,papum pare district,57394
arunachal-pradesh,2024,4,district,east siang district,55439
arunachal-pradesh,2024,4,district,west kameng district,54359
arunachal-pradesh,2024,4,district,changlang district,52255
arunachal-pradesh,2024,4,district,namsai district,41544
arunachal-pradesh,2024,4,district,west siang district,32516
arunachal-pradesh,2024,4,district,tawang district,30003
arunachal-pradesh,2024,4,district,lohit district,27844
arunachal-pradesh,2024,4,district,lower dibang valley district,24735
arunachal-pradesh,2025,1,district,itanagar capital complex district,191668
arunachal-pradesh,2025,1,district,papum pare district,59598
arunachal-pradesh,2025,1,district,east siang district,57588
arunachal-pradesh,2025,1,district,west kameng district,56273
arunachal-pradesh,2025,1,district,changlang district,54433
arunachal-pradesh,2025,1,district,namsai district,43411
arunachal-pradesh,2025,1,district,west siang district,33837
arunachal-pradesh,2025,1,district,tawang district,31065
arunachal-pradesh,2025,1,district,lohit district,28865
arunachal-pradesh,2025,1,district,lower dibang valley district,25820
arunachal-pradesh,2025,2,district,itanagar capital complex district,198147
arunachal-pradesh,2025,2,district,papum pare district,61828
arunachal-pradesh,2025,2,district,east siang district,59818
arunachal-pradesh,2025,2,district,west kameng district,58434
arunachal-pradesh,2025,2,district,changlang district,56569
arunachal-pradesh,2025,2,district,namsai district,45316
arunachal-pradesh,2025,2,district,west siang district,35270
arunachal-pradesh,2025,2,district,tawang district,32249
arunachal-pradesh,2025,2,district,lohit district,29943
arunachal-pradesh,2025,2,district,lower dibang valley district,26952
arunachal-pradesh,2025,3,district,itanagar capital complex district,204722
arunachal-pradesh,2025,3,district,papum pare district,64082
arunachal-pradesh,2025,3,district,east siang district,62197
arunachal-pradesh,2025,3,district,west kameng district,60385
arunachal-pradesh,2025,3,district,changlang district,58823
arunachal-pradesh,2025,3,district,namsai district,47106
arunachal-pradesh,2025,3,district,west siang district,36725
arunachal-pradesh,2025,3,district,tawang district,33427
arunachal-pradesh,2025,3,district,lohit district,31015
arunachal-pradesh,2025,3,district,lower dibang valley district,28030
arunachal-pradesh,2025,4,district,itanagar capital complex district,211177
arunachal-pradesh,2025,4,district,papum pare district,66333
arunachal-pradesh,2025,4,district,east siang district,64648
arunachal-pradesh,2025,4,district,west kameng district,62324
arunachal-pradesh,2025,4,district,changlang district,61033
arunachal-pradesh,2025,4,district,namsai district,49023
arunachal-pradesh,2025,4,district,west siang district,38052
arunachal-pradesh,2025,4,district,tawang district,34484
arunachal-pradesh,2025,4,district,lohit district,32092
arunachal-pradesh,2025,4,district,lower dibang valley district,29216
arunachal-pradesh,2026,1,district,itanagar capital complex district,217274
arunachal-pradesh,2026,1,district,papum pare district,68409
arunachal-pradesh,2026,1,district,east siang district,66878
arunachal-pradesh,2026,1,district,west kameng district,64072
arunachal-pradesh,2026,1,district,changlang district,63197
arunachal-pradesh,2026,1,district,namsai district,50852
arunachal-pradesh,2026,1,district,west siang district,39320
arunachal-pradesh,2026,1,district,tawang district,35486
arunachal-pradesh,2026,1,district,lohit district,33119
arunachal-pradesh,2026,1,district,lower dibang valley district,30303
arunachal-pradesh,2026,2,district,itanagar capital complex district,229815
arunachal-pradesh,2026,2,district,papum pare district,72310
arunachal-pradesh,2026,2,district,east siang district,71075
arunachal-pradesh,2026,2,district,west kameng district,67363
arunachal-pradesh,2026,2,district,changlang district,65944
arunachal-pradesh,2026,2,district,namsai district,53954
arunachal-pradesh,2026,2,district,west siang district,42005
arunachal-pradesh,2026,2,district,tawang district,37510
arunachal-pradesh,2026,2,district,lohit district,34707
arunachal-pradesh,2026,2,district,lower dibang valley district,32326
assam,2018,1,district,kamrup metropolitan district,93538
assam,2018,1,district,dibrugarh district,23051
assam,2018,1,district,cachar district,22446
assam,2018,1,district,nagaon district,21563
assam,2018,1,district,kamrup district,20516
assam,2018,1,district,barpeta district,19532
assam,2018,1,district,sonitpur district,18906
assam,2018,1,district,tinsukia district,17750
assam,2018,1,district,jorhat district,17402
assam,2018,1,district,dhubri district,15981
assam,2018,2,district,kamrup metropolitan district,133206
assam,2018,2,district,cachar district,33686
assam,2018,2,district,dibrugarh district,33070
assam,2018,2,district,nagaon district,32722
assam,2018,2,district,kamrup district,31624
assam,2018,2,district,barpeta district,28788
assam,2018,2,district,sonitpur district,28170
assam,2018,2,district,tinsukia district,26762
assam,2018,2,district,jorhat district,25115
assam,2018,2,district,dhubri district,24188
assam,2018,3,district,kamrup metropolitan district,173486
assam,2018,3,district,cachar district,45931
assam,2018,3,district,nagaon district,43743
assam,2018,3,district,dibrugarh district,43666
assam,2018,3,district,kamrup district,42842
assam,2018,3,district,barpeta district,38558
assam,2018,3,district,sonitpur district,37942
assam,2018,3,district,tinsukia district,36279
assam,2018,3,district,jorhat district,33499
assam,2018,3,district,dhubri district,31836
assam,2018,4,district,kamrup metropolitan district,227318
assam,2018,4,district,cachar district,60571
assam,2018,4,district,nagaon district,58654
assam,2018,4,district,kamrup district,58196
assam,2018,4,district,dibrugarh district,56867
assam,2018,4,district,barpeta district,52406
assam,2018,4,district,sonitpur district,50465
assam,2018,4,district,tinsukia district,47512
assam,2018,4,district,jorhat district,43537
assam,2018,4,district,dhubri district,42536
assam,2019,1,district,kamrup metropolitan district,272181
assam,2019,1,district,cachar district,73362
assam,2019,1,district,kamrup district,71377
assam,2019,1,district,nagaon district,71262
assam,2019,1,district,dibrugarh district,68278
assam,2019,1,district,barpeta district,64699
assam,2019,1,district,sonitpur district,61176
assam,2019,1,district,tinsukia district,57407
assam,2019,1,district,dhubri district,52166
assam,2019,1,district,jorhat district,51817
assam,2019,2,district,kamrup metropolitan district,318074
assam,2019,2,district,cachar district,86771
assam,2019,2,district,kamrup district,84259
assam,2019,2,district,nagaon district,83830
assam,2019,2,district,dibrugarh district,80014
assam,2019,2,district,barpeta district,75938
assam,2019,2,district,sonitpur district,71701
assam,2019,2,district,tinsukia district,67475
assam,2019,2,district,dhubri district,60799
assam,2019,2,district,jorhat district,60121
assam,2019,3,district,kamrup metropolitan district,361921
assam,2019,3,district,nagaon district,105548
assam,2019,3,district,cachar district,100279
assam,2019,3,district,kamrup district,96845
assam,2019,3,district,dibrugarh district,91177
assam,2019,3,district,barpeta district,87402
assam,2019,3,district,sonitpur district,82604
assam,2019,3,district,tinsukia district,77650
assam,2019,3,district,dhubri district,69186
assam,2019,3,district,jorhat district,68402
assam,2019,4,district,kamrup metropolitan district,398180
assam,2019,4,district,nagaon district,119048
assam,2019,4,district,cachar district,112804
assam,2019,4,district,kamrup district,109025
assam,2019,4,district,dibrugarh district,101434
assam,2019,4,district,barpeta district,97833
assam,2019,4,district,sonitpur district,92251
assam,2019,4,district,tinsukia district,86856
assam,2019,4,district,dhubri district,77624
assam,2019,4,district,jorhat district,76075
assam,2020,1,district,kamrup metropolitan district,439738
assam,2020,1,district,nagaon district,135305
assam,2020,1,district,cachar district,127487
assam,2020,1,district,kamrup district,123885
assam,2020,1,district,dibrugarh district,113896
assam,2020,1,district,barpeta district,110371
assam,2020,1,district,sonitpur district,103842
assam,2020,1,district,tinsukia district,98531
assam,2020,1,district,dhubri district,88708
assam,2020,1,district,jorhat district,85211
assam,2020,2,district,kamrup metropolitan district,489469
assam,2020,2,district,nagaon district,156643
assam,2020,2,district,cachar district,146696
assam,2020,2,district,kamrup district,144439
assam,2020,2,district,dibrugarh district,131095
assam,2020,2,district,barpeta district,127670
assam,2020,2,district,sonitpur district,119639
assam,2020,2,district,tinsukia district,115269
assam,2020,2,district,dhubri district,106503
assam,2020,2,district,jorhat district,97876
assam,2020,3,district,kamrup metropolitan district,535939
assam,2020,3,district,nagaon district,174193
assam,2020,3,district,cachar district,163623
assam,2020,3,district,kamrup district,160062
assam,2020,3,district,dibrugarh district,146133
assam,2020,3,district,barpeta district,141450
assam,2020,3,district,sonitpur district,132537
assam,2020,3,district,tinsukia district,128585
assam,2020,3,district,dhubri district,119222
assam,2020,3,district,jorhat district,108071
assam,2020,4,district,kamrup metropolitan district,587123
assam,2020,4,district,nagaon district,192631
assam,2020,4,district,cachar district,182058
assam,2020,4,district,kamrup district,176838
assam,2020,4,district,dibrugarh district,161140
assam,2020,4,district,barpeta district,156182
assam,2020,4,district,sonitpur district,146231
assam,2020,4,district,tinsukia district,142020
assam,2020,4,district,dhubri district,133661
assam,2020,4,district,jorhat district,118374
assam,2021,1,district,kamrup metropolitan district,631570
assam,2021,1,district,nagaon district,209313
assam,2021,1,district,cachar district,197504
assam,2021,1,district,kamrup district,192373
assam,2021,1,district,dibrugarh district,173242
assam,2021,1,district,barpeta district,171849
assam,2021,1,district,sonitpur district,158365
assam,2021,1,district,tinsukia district,153050
assam,2021,1,district,dhubri district,148904
assam,2021,1,district,jorhat district,126840
assam,2021,2,district,kamrup metropolitan district,676644
assam,2021,2,district,nagaon district,227616
assam,2021,2,district,cachar district,213315
assam,2021,2,district,kamrup district,209881
assam,2021,2,district,barpeta district,190520
assam,2021,2,district,dibrugarh district,185529
assam,2021,2,district,sonitpur district,171229
assam,2021,2,district,dhubri district,166808
assam,2021,2,district,tinsukia district,164706
assam,2021,2,district,jorhat district,135471
assam,2021,3,district,kamrup metropolitan district,726802
assam,2021,3,district,nagaon district,248819
assam,2021,3,district,cachar district,232269
assam,2021,3,district,kamrup district,230692
assam,2021,3,district,barpeta district,214480
assam,2021,3,district,dibrugarh district,199257
assam,2021,3,district,dhubri district,187303
assam,2021,3,district,sonitpur district,185443
assam,2021,3,district,tinsukia district,177275
assam,2021,3,district,jorhat district,144828
assam,2021,4,district,kamrup metropolitan district,780500
assam,2021,4,district,nagaon district,271895
assam,2021,4,district,cachar district,253994
assam,2021,4,district,kamrup district,253203
assam,2021,4,district,barpeta district,241533
assam,2021,4,district,dibrugarh district,213671
assam,2021,4,district,dhubri district,211526
assam,2021,4,district,sonitpur district,202026
assam,2021,4,district,tinsukia district,190692
assam,2021,4,district,golaghat district,155462
assam,2022,1,district,kamrup metropolitan district,832734
assam,2022,1,district,nagaon district,297037
assam,2022,1,district,kamrup district,276753
assam,2022,1,district,cachar district,275362
assam,2022,1,district,barpeta district,269507
assam,2022,1,district,dhubri district,239279
assam,2022,1,district,dibrugarh district,228131
assam,2022,1,district,sonitpur district,218680
assam,2022,1,district,tinsukia district,204533
assam,2022,1,district,goalpara district,171291
assam,2022,2,district,kamrup metropolitan district,885310
assam,2022,2,district,nagaon district,323453
assam,2022,2,district,kamrup district,300105
assam,2022,2,district,barpeta district,298524
assam,2022,2,district,cachar district,297368
assam,2022,2,district,dhubri district,270086
assam,2022,2,district,dibrugarh district,243224
assam,2022,2,district,sonitpur district,235835
assam,2022,2,district,tinsukia district,218987
assam,2022,2,district,goalpara district,189507
assam,2022,3,district,kamrup metropolitan district,941107
assam,2022,3,district,nagaon district,352137
assam,2022,3,district,kamrup district,324884
assam,2022,3,district,barpeta district,324465
assam,2022,3,district,cachar district,322399
assam,2022,3,district,dhubri district,303153
assam,2022,3,district,dibrugarh district,259111
assam,2022,3,district,sonitpur district,254242
assam,2022,3,district,tinsukia district,233708
assam,2022,3,district,goalpara district,208253
assam,2022,4,district,kamrup metropolitan district,992731
assam,2022,4,district,nagaon district,380501
assam,2022,4,district,barpeta district,349558
assam,2022,4,district,kamrup district,349244
assam,2022,4,district,cachar district,345976
assam,2022,4,district,dhubri district,335186
assam,2022,4,district,dibrugarh district,273513
assam,2022,4,district,sonitpur district,271757
assam,2022,4,district,tinsukia district,247967
assam,2022,4,district,goalpara district,228141
assam,2023,1,district,kamrup metropolitan district,1041130
assam,2023,1,district,nagaon district,410616
assam,2023,1,district,barpeta district,374936
assam,2023,1,district,kamrup district,373103
assam,2023,1,district,cachar district,368977
assam,2023,1,district,dhubri district,366373
assam,2023,1,district,sonitpur district,288793
assam,2023,1,district,dibrugarh district,287809
assam,2023,1,district,tinsukia district,262298
assam,2023,1,district,goalpara district,247519
assam,2023,2,district,kamrup metropolitan district,1087196
assam,2023,2,district,nagaon district,439012
assam,2023,2,district,barpeta district,398283
assam,2023,2,district,kamrup district,396044
assam,2023,2,district,dhubri district,395375
assam,2023,2,district,cachar district,391542
assam,2023,2,district,sonitpur district,305577
assam,2023,2,district,dibrugarh district,301540
assam,2023,2,district,tinsukia district,276069
assam,2023,2,district,goalpara district,265803
assam,2023,3,district,kamrup metropolitan district,1134759
assam,2023,3,district,nagaon district,471091
assam,2023,3,district,dhubri district,430704
assam,2023,3,district,barpeta district,424561
assam,2023,3,district,kamrup district,422052
assam,2023,3,district,cachar district,417657
assam,2023,3,district,sonitpur district,323664
assam,2023,3,district,dibrugarh district,317422
assam,2023,3,district,tinsukia district,291130
assam,2023,3,district,goalpara district,286594
assam,2023,4,district,kamrup metropolitan district,1183371
assam,2023,4,district,nagaon district,506382
assam,2023,4,district,dhubri district,468576
assam,2023,4,district,barpeta district,454068
assam,2023,4,district,kamrup district,449968
assam,2023,4,district,cachar district,446239
assam,2023,4,district,sonitpur district,342771
assam,2023,4,district,dibrugarh district,334157
assam,2023,4,district,goalpara district,310989
assam,2023,4,district,tinsukia district,307475
assam,2024,1,district,kamrup metropolitan district,1234342
assam,2024,1,district,nagaon district,546250
assam,2024,1,district,dhubri district,504438
assam,2024,1,district,barpeta district,485427
assam,2024,1,district,kamrup district,480425
assam,2024,1,district,cachar district,476454
assam,2024,1,district,sonitpur district,364006
assam,2024,1,district,dibrugarh district,353880
assam,2024,1,district,goalpara district,334570
assam,2024,1,district,tinsukia district,326941
assam,2024,2,district,kamrup metropolitan district,1288987
assam,2024,2,district,nagaon district,586183
assam,2024,2,district,dhubri district,535475
assam,2024,2,district,barpeta district,514772
assam,2024,2,district,kamrup district,511862
assam,2024,2,district,cachar district,509946
assam,2024,2,district,sonitpur district,387913
assam,2024,2,district,dibrugarh district,376436
assam,2024,2,district,goalpara district,356605
assam,2024,2,district,tinsukia district,349153
assam,2024,3,district,kamrup metropolitan district,1341769
assam,2024,3,district,nagaon district,624180
assam,2024,3,district,dhubri district,563753
assam,2024,3,district,cachar district,542674
assam,2024,3,district,barpeta district,542396
assam,2024,3,district,kamrup district,541029
assam,2024,3,district,sonitpur district,411347
assam,2024,3,district,dibrugarh district,397603
assam,2024,3,district,goalpara district,376303
assam,2024,3,district,tinsukia district,369713
assam,2024,4,district,kamrup metropolitan district,1386943
assam,2024,4,district,nagaon district,654325
assam,2024,4,district,dhubri district,589362
assam,2024,4,district,cachar district,568232
assam,2024,4,district,barpeta district,565123
assam,2024,4,district,kamrup district,564990
assam,2024,4,district,sonitpur district,428605
assam,2024,4,district,dibrugarh district,413433
assam,2024,4,district,goalpara district,393426
assam,2024,4,district,tinsukia district,385613
assam,2025,1,district,kamrup metropolitan district,1430388
assam,2025,1,district,nagaon district,684112
assam,2025,1,district,dhubri district,615136
assam,2025,1,district,cachar district,592481
assam,2025,1,district,kamrup district,588555
assam,2025,1,district,barpeta district,587980
assam,2025,1,district,sonitpur district,445447
assam,2025,1,district,dibrugarh district,429250
assam,2025,1,district,goalpara district,410424
assam,2025,1,district,tinsukia district,401312
assam,2025,2,district,kamrup metropolitan district,1473461
assam,2025,2,district,nagaon district,712231
assam,2025,2,district,dhubri district,641328
assam,2025,2,district,cachar district,617004
assam,2025,2,district,kamrup district,611505
assam,2025,2,district,barpeta district,610321
assam,2025,2,district,sonitpur district,462339
assam,2025,2,district,dibrugarh district,444802
assam,2025,2,district,goalpara district,426674
assam,2025,2,district,tinsukia district,417038
assam,2025,3,district,kamrup metropolitan district,1513874
assam,2025,3,district,nagaon district,744188
assam,2025,3,district,dhubri district,671363
assam,2025,3,district,cachar district,644995
assam,2025,3,district,kamrup district,637226
assam,2025,3,district,barpeta district,636797
assam,2025,3,district,sonitpur district,480140
assam,2025,3,district,dibrugarh district,461799
assam,2025,3,district,goalpara district,445929
assam,2025,3,district,tinsukia district,433770
assam,2025,4,district,kamrup metropolitan district,1557624
assam,2025,4,district,nagaon district,777088
assam,2025,4,district,dhubri district,699296
assam,2025,4,district,cachar district,672867
assam,2025,4,district,kamrup district,663646
assam,2025,4,district,barpeta district,660817
assam,2025,4,district,sonitpur district,498653
assam,2025,4,district,dibrugarh district,480271
assam,2025,4,district,goalpara district,464147
assam,2025,4,district,tinsukia district,451954
assam,2026,1,district,kamrup metropolitan district,1599338
assam,2026,1,district,nagaon district,807028
assam,2026,1,district,dhubri district,724438
assam,2026,1,district,cachar district,697446
assam,2026,1,district,kamrup district,688715
assam,2026,1,district,barpeta district,684642
assam,2026,1,district,sonitpur district,516056
assam,2026,1,district,dibrugarh district,498042
assam,2026,1,district,goalpara district,480940
assam,2026,1,district,tinsukia district,470142
assam,2026,2,district,kamrup metropolitan district,1676886
assam,2026,2,district,nagaon district,813711
assam,2026,2,district,cachar district,716688
assam,2026,2,district,kamrup district,710607
assam,2026,2,district,dhubri district,704855
assam,2026,2,district,barpeta district,677950
assam,2026,2,district,sonitpur district,528844
assam,2026,2,district,dibrugarh district,518303
assam,2026,2,district,tinsukia district,488784
assam,2026,2,district,goalpara district,482678
bihar,2018,1,district,patna district,383915
bihar,2018,1,district,muzaffarpur district,129536
bihar,2018,1,district,purbi champaran district,93671
bihar,2018,1,district,gaya district,92772
bihar,2018,1,district,samastipur district,80102
bihar,2018,1,district,darbhanga district,76452
bihar,2018,1,district,bhagalpur district,73208
bihar,2018,1,district,nalanda district,71170
bihar,2018,1,district,pashchim champaran district,71074
bihar,2018,1,district,vaishali district,70613
bihar,2018,2,district,patna district,520395
bihar,2018,2,district,muzaffarpur district,179622
bihar,2018,2,district,purbi champaran district,134350
bihar,2018,2,district,gaya district,129196
bihar,2018,2,district,samastipur district,112469
bihar,2018,2,district,darbhanga district,107529
bihar,2018,2,district,bhagalpur district,103454
bihar,2018,2,district,pashchim champaran district,102348
bihar,2018,2,district,vaishali district,100187
bihar,2018,2,district,madhubani district,98979
bihar,2018,3,district,patna district,635101
bihar,2018,3,district,muzaffarpur district,220199
bihar,2018,3,district,purbi champaran district,170223
bihar,2018,3,district,gaya district,162572
bihar,2018,3,district,samastipur district,140433
bihar,2018,3,district,darbhanga district,134507
bihar,2018,3,district,pashchim champaran district,129176
bihar,2018,3,district,bhagalpur district,128363
bihar,2018,3,district,vaishali district,125409
bihar,2018,3,district,saran district,125016
bihar,2018,4,district,patna district,780878
bihar,2018,4,district,muzaffarpur district,274146
bihar,2018,4,district,purbi champaran district,217926
bihar,2018,4,district,gaya district,208129
bihar,2018,4,district,samastipur district,178473
bihar,2018,4,district,darbhanga district,171605
bihar,2018,4,district,pashchim champaran district,166590
bihar,2018,4,district,saran district,163790
bihar,2018,4,district,bhagalpur district,162195
bihar,2018,4,district,madhubani district,161349
bihar,2019,1,district,patna district,919357
bihar,2019,1,district,muzaffarpur district,326071
bihar,2019,1,district,purbi champaran district,265844
bihar,2019,1,district,gaya district,251960
bihar,2019,1,district,samastipur district,215167
bihar,2019,1,district,darbhanga district,208015
bihar,2019,1,district,pashchim champaran district,203449
bihar,2019,1,district,saran district,200842
bihar,2019,1,district,madhubani district,197514
bihar,2019,1,district,vaishali district,194717
bihar,2019,2,district,patna district,1035516
bihar,2019,2,district,muzaffarpur district,371119
bihar,2019,2,district,purbi champaran district,305814
bihar,2019,2,district,gaya district,287963
bihar,2019,2,district,samastipur district,244590
bihar,2019,2,district,darbhanga district,238304
bihar,2019,2,district,pashchim champaran district,232735
bihar,2019,2,district,saran district,232225
bihar,2019,2,district,madhubani district,227165
bihar,2019,2,district,vaishali district,223802
bihar,2019,3,district,patna district,1145922
bihar,2019,3,district,muzaffarpur district,416859
bihar,2019,3,district,purbi champaran district,345546
bihar,2019,3,district,gaya district,324647
bihar,2019,3,district,samastipur district,275161
bihar,2019,3,district,darbhanga district,269033
bihar,2019,3,district,saran district,263729
bihar,2019,3,district,pashchim champaran district,262063
bihar,2019,3,district,madhubani district,257634
bihar,2019,3,district,vaishali district,253014
bihar,2019,4,district,patna district,1261178
bihar,2019,4,district,muzaffarpur district,467273
bihar,2019,4,district,purbi champaran district,392631
bihar,2019,4,district,gaya district,365002
bihar,2019,4,district,samastipur district,310771
bihar,2019,4,district,darbhanga district,302454
bihar,2019,4,district,saran district,299059
bihar,2019,4,district,pashchim champaran district,297451
bihar,2019,4,district,madhubani district,291503
bihar,2019,4,district,vaishali district,285844
bihar,2020,1,district,patna district,1374912
bihar,2020,1,district,muzaffarpur district,522528
bihar,2020,1,district,purbi champaran district,444362
bihar,2020,1,district,gaya district,408442
bihar,2020,1,district,samastipur district,348755
bihar,2020,1,district,darbhanga district,338812
bihar,2020,1,district,pashchim champaran district,336993
bihar,2020,1,district,saran district,336366
bihar,2020,1,district,madhubani district,326764
bihar,2020,1,district,vaishali district,319287
bihar,2020,2,district,patna district,1493423
bihar,2020,2,district,muzaffarpur district,583265
bihar,2020,2,district,purbi champaran district,514088
bihar,2020,2,district,gaya district,457624
bihar,2020,2,district,samastipur district,394565
bihar,2020,2,district,pashchim champaran district,388226
bihar,2020,2,district,darbhanga district,383827
bihar,2020,2,district,saran district,380837
bihar,2020,2,district,madhubani district,372383
bihar,2020,2,district,vaishali district,358073
bihar,2020,3,district,patna district,1619258
bihar,2020,3,district,muzaffarpur district,644301
bihar,2020,3,district,purbi champaran district,577199
bihar,2020,3,district,gaya district,503873
bihar,2020,3,district,samastipur district,437226
bihar,2020,3,district,pashchim champaran district,431146
bihar,2020,3,district,darbhanga district,427285
bihar,2020,3,district,saran district,422479
bihar,2020,3,district,madhubani district,414240
bihar,2020,3,district,vaishali district,396148
bihar,2020,4,district,patna district,1749506
bihar,2020,4,district,muzaffarpur district,701905
bihar,2020,4,district,purbi champaran district,633072
bihar,2020,4,district,gaya district,550681
bihar,2020,4,district,samastipur district,480048
bihar,2020,4,district,pashchim champaran district,470871
bihar,2020,4,district,darbhanga district,470838
bihar,2020,4,district,saran district,465848
bihar,2020,4,district,madhubani district,455343
bihar,2020,4,district,vaishali district,433033
bihar,2021,1,district,patna district,1873716
bihar,2021,1,district,muzaffarpur district,761567
bihar,2021,1,district,purbi champaran district,692578
bihar,2021,1,district,gaya district,597717
bihar,2021,1,district,samastipur district,523669
bihar,2021,1,district,pashchim champaran district,513939
bihar,2021,1,district,darbhanga district,512961
bihar,2021,1,district,saran district,508855
bihar,2021,1,district,madhubani district,495383
bihar,2021,1,district,vaishali district,471113
bihar,2021,2,district,patna district,1995313
bihar,2021,2,district,muzaffarpur district,819182
bihar,2021,2,district,purbi champaran district,753486
bihar,2021,2,district,gaya district,643046
bihar,2021,2,district,samastipur district,566527
bihar,2021,2,district,pashchim champaran district,556640
bihar,2021,2,district,darbhanga district,555275
bihar,2021,2,district,saran district,549267
bihar,2021,2,district,madhubani district,535037
bihar,2021,2,district,vaishali district,507746
bihar,2021,3,district,patna district,2133186
bihar,2021,3,district,muzaffarpur district,885927
bihar,2021,3,district,purbi champaran district,821100
bihar,2021,3,district,gaya district,695229
bihar,2021,3,district,samastipur district,614951
bihar,2021,3,district,pashchim champaran district,604976
bihar,2021,3,district,darbhanga district,603834
bihar,2021,3,district,saran district,595164
bihar,2021,3,district,madhubani district,580172
bihar,2021,3,district,vaishali district,550108
bihar,2021,4,district,patna district,2268607
bihar,2021,4,district,muzaffarpur district,951777
bihar,2021,4,district,purbi champaran district,886402
bihar,2021,4,district,gaya district,747830
bihar,2021,4,district,samastipur district,664252
bihar,2021,4,district,pashchim champaran district,653536
bihar,2021,4,district,darbhanga district,651865
bihar,2021,4,district,saran district,640931
bihar,2021,4,district,madhubani district,625803
bihar,2021,4,district,vaishali district,593008
bihar,2022,1,district,patna district,2403657
bihar,2022,1,district,muzaffarpur district,1020293
bihar,2022,1,district,purbi champaran district,958634
bihar,2022,1,district,gaya district,803677
bihar,2022,1,district,samastipur district,715926
bihar,2022,1,district,pashchim champaran district,706740
bihar,2022,1,district,darbhanga district,701325
bihar,2022,1,district,saran district,688101
bihar,2022,1,district,madhubani district,672287
bihar,2022,1,district,vaishali district,638122
bihar,2022,2,district,patna district,2534888
bihar,2022,2,district,muzaffarpur district,1086615
bihar,2022,2,district,purbi champaran district,1027662
bihar,2022,2,district,gaya district,856478
bihar,2022,2,district,samastipur district,764856
bihar,2022,2,district,pashchim champaran district,756198
bihar,2022,2,district,darbhanga district,749021
bihar,2022,2,district,saran district,733879
bihar,2022,2,district,madhubani district,717413
bihar,2022,2,district,vaishali district,681273
bihar,2022,3,district,patna district,2667890
bihar,2022,3,district,muzaffarpur district,1156798
bihar,2022,3,district,purbi champaran district,1101036
bihar,2022,3,district,gaya district,914103
bihar,2022,3,district,samastipur district,817055
bihar,2022,3,district,pashchim champaran district,810435
bihar,2022,3,district,darbhanga district,799148
bihar,2022,3,district,saran district,782533
bihar,2022,3,district,madhubani district,765010
bihar,2022,3,district,vaishali district,726637
bihar,2022,4,district,patna district,2796808
bihar,2022,4,district,muzaffarpur district,1226891
bihar,2022,4,district,purbi champaran district,1176012
bihar,2022,4,district,gaya district,973316
bihar,2022,4,district,samastipur district,870270
bihar,2022,4,district,pashchim champaran district,866989
bihar,2022,4,district,darbhanga district,848483
bihar,2022,4,district,saran district,831007
bihar,2022,4,district,madhubani district,813348
bihar,2022,4,district,vaishali district,771693
bihar,2023,1,district,patna district,2922156
bihar,2023,1,district,muzaffarpur district,1296051
bihar,2023,1,district,purbi champaran district,1252858
bihar,2023,1,district,gaya district,1032302
bihar,2023,1,district,pashchim champaran district,924138
bihar,2023,1,district,samastipur district,922763
bihar,2023,1,district,darbhanga district,896221
bihar,2023,1,district,saran district,878072
bihar,2023,1,district,madhubani district,860147
bihar,2023,1,district,vaishali district,816156
bihar,2023,2,district,patna district,3041674
bihar,2023,2,district,muzaffarpur district,1363064
bihar,2023,2,district,purbi champaran district,1325681
bihar,2023,2,district,gaya district,1087046
bihar,2023,2,district,pashchim champaran district,977263
bihar,2023,2,district,samastipur district,973287
bihar,2023,2,district,darbhanga district,941543
bihar,2023,2,district,saran district,924589
bihar,2023,2,district,madhubani district,905777
bihar,2023,2,district,vaishali district,858628
bihar,2023,3,district,patna district,3163897
bihar,2023,3,district,muzaffarpur district,1432885
bihar,2023,3,district,purbi champaran district,1401834
bihar,2023,3,district,gaya district,1145565
bihar,2023,3,district,pashchim champaran district,1034634
bihar,2023,3,district,samastipur district,1025407
bihar,2023,3,district,darbhanga district,989825
bihar,2023,3,district,saran district,973489
bihar,2023,3,district,madhubani district,952762
bihar,2023,3,district,vaishali district,903968
bihar,2023,4,district,patna district,3287195
bihar,2023,4,district,muzaffarpur district,1508388
bihar,2023,4,district,purbi champaran district,1485143
bihar,2023,4,district,gaya district,1210684
bihar,2023,4,district,pashchim champaran district,1099533
bihar,2023,4,district,samastipur district,1084712
bihar,2023,4,district,darbhanga district,1042017
bihar,2023,4,district,saran district,1025652
bihar,2023,4,district,madhubani district,1006041
bihar,2023,4,district,vaishali district,952981
bihar,2024,1,district,patna district,3433182
bihar,2024,1,district,muzaffarpur district,1592872
bihar,2024,1,district,purbi champaran district,1576221
bihar,2024,1,district,gaya district,1284514
bihar,2024,1,district,pashchim champaran district,1170458
bihar,2024,1,district,samastipur district,1150473
bihar,2024,1,district,darbhanga district,1098317
bihar,2024,1,district,saran district,1086200
bihar,2024,1,district,madhubani district,1064265
bihar,2024,1,district,vaishali district,1008089
bihar,2024,2,district,patna district,3586629
bihar,2024,2,district,muzaffarpur district,1681214
bihar,2024,2,district,purbi champaran district,1669615
bihar,2024,2,district,gaya district,1358758
bihar,2024,2,district,pashchim champaran district,1242729
bihar,2024,2,district,samastipur district,1217799
bihar,2024,2,district,darbhanga district,1159226
bihar,2024,2,district,saran district,1147339
bihar,2024,2,district,madhubani district,1126003
bihar,2024,2,district,vaishali district,1064908
bihar,2024,3,district,patna district,3727638
bihar,2024,3,district,muzaffarpur district,1756864
bihar,2024,3,district,purbi champaran district,1750723
bihar,2024,3,district,gaya district,1424528
bihar,2024,3,district,pashchim champaran district,1305071
bihar,2024,3,district,samastipur district,1276843
bihar,2024,3,district,darbhanga district,1213248
bihar,2024,3,district,saran district,1200569
bihar,2024,3,district,madhubani district,1178350
bihar,2024,3,district,vaishali district,1113890
bihar,2024,4,district,patna district,3859085
bihar,2024,4,district,purbi champaran district,1829286
bihar,2024,4,district,muzaffarpur district,1828102
bihar,2024,4,district,gaya district,1484615
bihar,2024,4,district,pashchim champaran district,1366717
bihar,2024,4,district,samastipur district,1333074
bihar,2024,4,district,darbhanga district,1264886
bihar,2024,4,district,saran district,1252461
bihar,2024,4,district,madhubani district,1229437
bihar,2024,4,district,vaishali district,1161206
bihar,2025,1,district,patna district,3994822
bihar,2025,1,district,purbi champaran district,1917628
bihar,2025,1,district,muzaffarpur district,1903512
bihar,2025,1,district,gaya district,1549504
bihar,2025,1,district,pashchim champaran district,1436304
bihar,2025,1,district,samastipur district,1393983
bihar,2025,1,district,darbhanga district,1320192
bihar,2025,1,district,saran district,1308233
bihar,2025,1,district,madhubani district,1285619
bihar,2025,1,district,vaishali district,1213293
bihar,2025,2,district,patna district,4129330
bihar,2025,2,district,purbi champaran district,2003694
bihar,2025,2,district,muzaffarpur district,1977762
bihar,2025,2,district,gaya district,1609655
bihar,2025,2,district,pashchim champaran district,1501274
bihar,2025,2,district,samastipur district,1452319
bihar,2025,2,district,darbhanga district,1376024
bihar,2025,2,district,saran district,1361332
bihar,2025,2,district,madhubani district,1341189
bihar,2025,2,district,purnea district,1265659
bihar,2025,3,district,patna district,4269288
bihar,2025,3,district,purbi champaran district,2096370
bihar,2025,3,district,muzaffarpur district,2061086
bihar,2025,3,district,gaya district,1678525
bihar,2025,3,district,pashchim champaran district,1574106
bihar,2025,3,district,samastipur district,1516225
bihar,2025,3,district,darbhanga district,1435408
bihar,2025,3,district,saran district,1419584
bihar,2025,3,district,madhubani district,1398504
bihar,2025,3,district,purnea district,1330543
bihar,2025,4,district,patna district,4410721
bihar,2025,4,district,purbi champaran district,2202380
bihar,2025,4,district,muzaffarpur district,2150268
bihar,2025,4,district,gaya district,1747672
bihar,2025,4,district,pashchim champaran district,1661241
bihar,2025,4,district,samastipur district,1586961
bihar,2025,4,district,darbhanga district,1501133
bihar,2025,4,district,saran district,1484285
bihar,2025,4,district,madhubani district,1466270
bihar,2025,4,district,purnea district,1396181
bihar,2026,1,district,patna district,4538938
bihar,2026,1,district,purbi champaran district,2284748
bihar,2026,1,district,muzaffarpur district,2220779
bihar,2026,1,district,gaya district,1808853
bihar,2026,1,district,pashchim champaran district,1725092
bihar,2026,1,district,samastipur district,1644229
bihar,2026,1,district,darbhanga district,1553479
bihar,2026,1,district,saran district,1535533
bihar,2026,1,district,madhubani district,1518041
bihar,2026,1,district,purnea district,1448799
bihar,2026,2,district,patna district,4677723
bihar,2026,2,district,purbi champaran district,2309199
bihar,2026,2,district,muzaffarpur district,2261303
bihar,2026,2,district,gaya district,1850142
bihar,2026,2,district,pashchim champaran district,1743350
bihar,2026,2,district,samastipur district,1693494
bihar,2026,2,district,darbhanga district,1583605
bihar,2026,2,district,saran district,1566925
bihar,2026,2,district,madhubani district,1548198
bihar,2026,2,district,purnea district,1472576
chandigarh,2018,1,district,chandigarh district,84504
chandigarh,2018,2,district,chandigarh district,113150
chandigarh,2018,3,district,chandigarh district,141119
chandigarh,2018,4,district,chandigarh district,175644
chandigarh,2019,1,district,chandigarh district,207673
chandigarh,2019,2,district,chandigarh district,240155
chandigarh,2019,3,district,chandigarh district,268117
chandigarh,2019,4,district,chandigarh district,292017
chandigarh,2020,1,district,chandigarh district,316683
chandigarh,2020,2,district,chandigarh district,341687
chandigarh,2020,3,district,chandigarh district,368783
chandigarh,2020,4,district,chandigarh district,396747
chandigarh,2021,1,district,chandigarh district,420246
chandigarh,2021,2,district,chandigarh district,442163
chandigarh,2021,3,district,chandigarh district,465065
chandigarh,2021,4,district,chandigarh district,487572
chandigarh,2022,1,district,chandigarh district,509170
chandigarh,2022,2,district,chandigarh district,529517
chandigarh,2022,3,district,chandigarh district,550651
chandigarh,2022,4,district,chandigarh district,569949
chandigarh,2023,1,district,chandigarh district,587987
chandigarh,2023,2,district,chandigarh district,605280
chandigarh,2023,3,district,chandigarh district,622265
chandigarh,2023,4,district,chandigarh district,639168
chandigarh,2024,1,district,chandigarh district,660057
chandigarh,2024,2,district,chandigarh district,682073
chandigarh,2024,3,district,chandigarh district,703169
chandigarh,2024,4,district,chandigarh district,721374
chandigarh,2025,1,district,chandigarh district,739749
chandigarh,2025,2,district,chandigarh district,757963
chandigarh,2025,3,district,chandigarh district,776162
chandigarh,2025,4,district,chandigarh district,794106
chandigarh,2026,1,district,chandigarh district,811491
chandigarh,2026,2,district,chandigarh district,829123
chhattisgarh,2018,1,district,raipur district,142941
chhattisgarh,2018,1,district,durg district,80892
chhattisgarh,2018,1,district,bilaspur district,64461
chhattisgarh,2018,1,district,raigarh district,44292
chhattisgarh,2018,1,district,korba district,39721
chhattisgarh,2018,1,district,janjgir champa district,25314
chhattisgarh,2018,1,district,surguja district,22487
chhattisgarh,2018,1,district,mahasamund district,20953
chhattisgarh,2018,1,district,rajnandgaon district,20739
chhattisgarh,2018,1,district,balodabazar bhatapara district,17799
chhattisgarh,2018,2,district,raipur district,198132
chhattisgarh,2018,2,district,durg district,111498
chhattisgarh,2018,2,district,bilaspur district,89222
chhattisgarh,2018,2,district,raigarh district,61004
chhattisgarh,2018,2,district,korba district,55437
chhattisgarh,2018,2,district,janjgir champa district,35915
chhattisgarh,2018,2,district,surguja district,31655
chhattisgarh,2018,2,district,mahasamund district,30067
chhattisgarh,2018,2,district,rajnandgaon district,29663
chhattisgarh,2018,2,district,balodabazar bhatapara district,26015
chhattisgarh,2018,3,district,raipur district,245981
chhattisgarh,2018,3,district,durg district,136603
chhattisgarh,2018,3,district,bilaspur district,111530
chhattisgarh,2018,3,district,raigarh district,76641
chhattisgarh,2018,3,district,korba district,69990
chhattisgarh,2018,3,district,janjgir champa district,45722
chhattisgarh,2018,3,district,surguja district,41116
chhattisgarh,2018,3,district,mahasamund district,38294
chhattisgarh,2018,3,district,rajnandgaon district,37877
chhattisgarh,2018,3,district,balodabazar bhatapara district,34111
chhattisgarh,2018,4,district,raipur district,307979
chhattisgarh,2018,4,district,durg district,169700
chhattisgarh,2018,4,district,bilaspur district,142802
chhattisgarh,2018,4,district,raigarh district,98785
chhattisgarh,2018,4,district,korba district,89995
chhattisgarh,2018,4,district,janjgir champa district,60623
chhattisgarh,2018,4,district,surguja district,53226
chhattisgarh,2018,4,district,mahasamund district,49278
chhattisgarh,2018,4,district,rajnandgaon district,48092
chhattisgarh,2018,4,district,balodabazar bhatapara district,45235
chhattisgarh,2019,1,district,raipur district,376341
chhattisgarh,2019,1,district,durg district,206531
chhattisgarh,2019,1,district,bilaspur district,171685
chhattisgarh,2019,1,district,raigarh district,118408
chhattisgarh,2019,1,district,korba district,108019
chhattisgarh,2019,1,district,janjgir champa district,73632
chhattisgarh,2019,1,district,surguja district,64547
chhattisgarh,2019,1,district,mahasamund district,59235
chhattisgarh,2019,1,district,rajnandgaon district,58125
chhattisgarh,2019,1,district,balodabazar bhatapara district,55586
chhattisgarh,2019,2,district,raipur district,434149
chhattisgarh,2019,2,district,durg district,238884
chhattisgarh,2019,2,district,bilaspur district,194977
chhattisgarh,2019,2,district,raigarh district,133522
chhattisgarh,2019,2,district,korba district,122330
chhattisgarh,2019,2,district,janjgir champa district,83343
chhattisgarh,2019,2,district,surguja district,73967
chhattisgarh,2019,2,district,mahasamund district,67995
chhattisgarh,2019,2,district,rajnandgaon district,67261
chhattisgarh,2019,2,district,balodabazar bhatapara district,64528
chhattisgarh,2019,3,district,raipur district,488052
chhattisgarh,2019,3,district,durg district,270098
chhattisgarh,2019,3,district,bilaspur district,217126
chhattisgarh,2019,3,district,raigarh district,148134
chhattisgarh,2019,3,district,korba district,136225
chhattisgarh,2019,3,district,janjgir champa district,92506
chhattisgarh,2019,3,district,surguja district,83262
chhattisgarh,2019,3,district,mahasamund district,76266
chhattisgarh,2019,3,district,rajnandgaon district,75898
chhattisgarh,2019,3,district,balodabazar bhatapara district,73053
chhattisgarh,2019,4,district,raipur district,541838
chhattisgarh,2019,4,district,durg district,300722
chhattisgarh,2019,4,district,bilaspur district,241769
chhattisgarh,2019,4,district,raigarh district,164606
chhattisgarh,2019,4,district,korba district,152508
chhattisgarh,2019,4,district,janjgir champa district,103254
chhattisgarh,2019,4,district,surguja district,93545
chhattisgarh,2019,4,district,mahasamund district,85106
chhattisgarh,2019,4,district,rajnandgaon district,84661
chhattisgarh,2019,4,district,balodabazar bhatapara district,81615
chhattisgarh,2020,1,district,raipur district,599161
chhattisgarh,2020,1,district,durg district,332183
chhattisgarh,2020,1,district,bilaspur district,267597
chhattisgarh,2020,1,district,raigarh district,181886
chhattisgarh,2020,1,district,korba district,169351
chhattisgarh,2020,1,district,janjgir champa district,114554
chhattisgarh,2020,1,district,surguja district,104069
chhattisgarh,2020,1,district,mahasamund district,95142
chhattisgarh,2020,1,district,rajnandgaon district,94417
chhattisgarh,2020,1,district,balodabazar bhatapara district,91397
chhattisgarh,2020,2,district,raipur district,662553
chhattisgarh,2020,2,district,durg district,366658
chhattisgarh,2020,2,district,bilaspur district,298008
chhattisgarh,2020,2,district,raigarh district,202504
chhattisgarh,2020,2,district,korba district,190606
chhattisgarh,2020,2,district,janjgir champa district,129432
chhattisgarh,2020,2,district,surguja district,116794
chhattisgarh,2020,2,district,mahasamund district,108482
chhattisgarh,2020,2,district,rajnandgaon district,107498
chhattisgarh,2020,2,district,balodabazar bhatapara district,105514
chhattisgarh,2020,3,district,raipur district,731510
chhattisgarh,2020,3,district,durg district,405290
chhattisgarh,2020,3,district,bilaspur district,329810
chhattisgarh,2020,3,district,raigarh district,225403
chhattisgarh,2020,3,district,korba district,211517
chhattisgarh,2020,3,district,janjgir champa district,144502
chhattisgarh,2020,3,district,surguja district,130928
chhattisgarh,2020,3,district,mahasamund district,122069
chhattisgarh,2020,3,district,rajnandgaon district,121598
chhattisgarh,2020,3,district,balodabazar bhatapara district,118854
chhattisgarh,2020,4,district,raipur district,801566
chhattisgarh,2020,4,district,durg district,443678
chhattisgarh,2020,4,district,bilaspur district,363021
chhattisgarh,2020,4,district,raigarh district,247415
chhattisgarh,2020,4,district,korba district,233356
chhattisgarh,2020,4,district,janjgir champa district,159107
chhattisgarh,2020,4,district,surguja district,145309
chhattisgarh,2020,4,district,rajnandgaon district,135510
chhattisgarh,2020,4,district,mahasamund district,135418
chhattisgarh,2020,4,district,balodabazar bhatapara district,131035
chhattisgarh,2021,1,district,raipur district,866670
chhattisgarh,2021,1,district,durg district,478000
chhattisgarh,2021,1,district,bilaspur district,395337
chhattisgarh,2021,1,district,raigarh district,268335
chhattisgarh,2021,1,district,korba district,253591
chhattisgarh,2021,1,district,janjgir champa district,173273
chhattisgarh,2021,1,district,surguja district,158682
chhattisgarh,2021,1,district,rajnandgaon district,148433
chhattisgarh,2021,1,district,mahasamund district,148232
chhattisgarh,2021,1,district,balodabazar bhatapara district,143162
chhattisgarh,2021,2,district,raipur district,934679
chhattisgarh,2021,2,district,durg district,514439
chhattisgarh,2021,2,district,bilaspur district,428844
chhattisgarh,2021,2,district,raigarh district,289173
chhattisgarh,2021,2,district,korba district,273881
chhattisgarh,2021,2,district,janjgir champa district,187566
chhattisgarh,2021,2,district,surguja district,171291
chhattisgarh,2021,2,district,rajnandgaon district,162232
chhattisgarh,2021,2,district,mahasamund district,161591
chhattisgarh,2021,2,district,balodabazar bhatapara district,156694
chhattisgarh,2021,3,district,raipur district,1006575
chhattisgarh,2021,3,district,durg district,552355
chhattisgarh,2021,3,district,bilaspur district,465737
chhattisgarh,2021,3,district,raigarh district,313504
chhattisgarh,2021,3,district,korba district,297463
chhattisgarh,2021,3,district,janjgir champa district,203783
chhattisgarh,2021,3,district,surguja district,186498
chhattisgarh,2021,3,district,mahasamund district,177029
chhattisgarh,2021,3,district,rajnandgaon district,176946
chhattisgarh,2021,3,district,balodabazar bhatapara district,171238
chhattisgarh,2021,4,district,raipur district,1077337
chhattisgarh,2021,4,district,durg district,588927
chhattisgarh,2021,4,district,bilaspur district,503542
chhattisgarh,2021,4,district,raigarh district,337698
chhattisgarh,2021,4,district,korba district,321432
chhattisgarh,2021,4,district,janjgir champa district,219453
chhattisgarh,2021,4,district,surguja district,202619
chhattisgarh,2021,4,district,mahasamund district,192698
chhattisgarh,2021,4,district,rajnandgaon district,190946
chhattisgarh,2021,4,district,balodabazar bhatapara district,185783
chhattisgarh,2022,1,district,raipur district,1146298
chhattisgarh,2022,1,district,durg district,624230
chhattisgarh,2022,1,district,bilaspur district,539905
chhattisgarh,2022,1,district,raigarh district,361114
chhattisgarh,2022,1,district,korba district,343967
chhattisgarh,2022,1,district,janjgir champa district,235687
chhattisgarh,2022,1,district,surguja district,218366
chhattisgarh,2022,1,district,mahasamund district,207873
chhattisgarh,2022,1,district,rajnandgaon district,205078
chhattisgarh,2022,1,district,balodabazar bhatapara district,200643
chhattisgarh,2022,2,district,raipur district,1212244
chhattisgarh,2022,2,district,durg district,658217
chhattisgarh,2022,2,district,bilaspur district,573927
chhattisgarh,2022,2,district,raigarh district,381600
chhattisgarh,2022,2,district,korba district,363913
chhattisgarh,2022,2,district,janjgir champa district,249777
chhattisgarh,2022,2,district,surguja district,232064
chhattisgarh,2022,2,district,mahasamund district,222124
chhattisgarh,2022,2,district,rajnandgaon district,219023
chhattisgarh,2022,2,district,balodabazar bhatapara district,215361
chhattisgarh,2022,3,district,raipur district,1279250
chhattisgarh,2022,3,district,durg district,692922
chhattisgarh,2022,3,district,bilaspur district,609534
chhattisgarh,2022,3,district,raigarh district,404017
chhattisgarh,2022,3,district,korba district,385372
chhattisgarh,2022,3,district,janjgir champa district,264743
chhattisgarh,2022,3,district,surguja district,247951
chhattisgarh,2022,3,district,mahasamund district,237509
chhattisgarh,2022,3,district,rajnandgaon district,233558
chhattisgarh,2022,3,district,balodabazar bhatapara district,231063
chhattisgarh,2022,4,district,raipur district,1341723
chhattisgarh,2022,4,district,durg district,725029
chhattisgarh,2022,4,district,bilaspur district,642750
chhattisgarh,2022,4,district,raigarh district,425783
chhattisgarh,2022,4,district,korba district,406029
chhattisgarh,2022,4,district,janjgir champa district,279152
chhattisgarh,2022,4,district,surguja district,264018
chhattisgarh,2022,4,district,mahasamund district,251984
chhattisgarh,2022,4,district,rajnandgaon district,246443
chhattisgarh,2022,4,district,balodabazar bhatapara district,245820
chhattisgarh,2023,1,district,raipur district,1399392
chhattisgarh,2023,1,district,durg district,754276
chhattisgarh,2023,1,district,bilaspur district,674094
chhattisgarh,2023,1,district,raigarh district,446039
chhattisgarh,2023,1,district,korba district,425579
chhattisgarh,2023,1,district,janjgir champa district,292722
chhattisgarh,2023,1,district,surguja district,280167
chhattisgarh,2023,1,district,mahasamund district,266109
chhattisgarh,2023,1,district,balodabazar bhatapara district,260056
chhattisgarh,2023,1,district,rajnandgaon district,259095
chhattisgarh,2023,2,district,raipur district,1456998
chhattisgarh,2023,2,district,durg district,783881
chhattisgarh,2023,2,district,bilaspur district,704796
chhattisgarh,2023,2,district,raigarh district,464623
chhattisgarh,2023,2,district,korba district,443369
chhattisgarh,2023,2,district,janjgir champa district,305727
chhattisgarh,2023,2,district,surguja district,294437
chhattisgarh,2023,2,district,mahasamund district,279109
chhattisgarh,2023,2,district,balodabazar bhatapara district,273921
chhattisgarh,2023,2,district,rajnandgaon district,271657
chhattisgarh,2023,3,district,raipur district,1512963
chhattisgarh,2023,3,district,durg district,813560
chhattisgarh,2023,3,district,bilaspur district,736623
chhattisgarh,2023,3,district,raigarh district,484957
chhattisgarh,2023,3,district,korba district,462881
chhattisgarh,2023,3,district,janjgir champa district,319822
chhattisgarh,2023,3,district,surguja district,309541
chhattisgarh,2023,3,district,mahasamund district,293764
chhattisgarh,2023,3,district,balodabazar bhatapara district,288725
chhattisgarh,2023,3,district,rajnandgaon district,284028
chhattisgarh,2023,4,district,raipur district,1565951
chhattisgarh,2023,4,district,durg district,841198
chhattisgarh,2023,4,district,bilaspur district,767316
chhattisgarh,2023,4,district,raigarh district,505862
chhattisgarh,2023,4,district,korba district,482775
chhattisgarh,2023,4,district,janjgir champa district,334149
chhattisgarh,2023,4,district,surguja district,326705
chhattisgarh,2023,4,district,mahasamund district,309027
chhattisgarh,2023,4,district,balodabazar bhatapara district,302563
chhattisgarh,2023,4,district,rajnandgaon district,296082
chhattisgarh,2024,1,district,raipur district,1636164
chhattisgarh,2024,1,district,durg district,879377
chhattisgarh,2024,1,district,bilaspur district,808138
chhattisgarh,2024,1,district,raigarh district,533195
chhattisgarh,2024,1,district,korba district,508605
chhattisgarh,2024,1,district,janjgir champa district,352946
chhattisgarh,2024,1,district,surguja district,347214
chhattisgarh,2024,1,district,mahasamund district,328775
chhattisgarh,2024,1,district,balodabazar bhatapara district,321993
chhattisgarh,2024,1,district,rajnandgaon district,311672
chhattisgarh,2024,2,district,raipur district,1703440
chhattisgarh,2024,2,district,durg district,917136
chhattisgarh,2024,2,district,bilaspur district,846334
chhattisgarh,2024,2,district,raigarh district,557252
chhattisgarh,2024,2,district,korba district,533285
chhattisgarh,2024,2,district,janjgir champa district,369884
chhattisgarh,2024,2,district,surguja district,365171
chhattisgarh,2024,2,district,mahasamund district,346289
chhattisgarh,2024,2,district,balodabazar bhatapara district,339701
chhattisgarh,2024,2,district,rajnandgaon district,327023
chhattisgarh,2024,3,district,raipur district,1764546
chhattisgarh,2024,3,district,durg district,950866
chhattisgarh,2024,3,district,bilaspur district,881092
chhattisgarh,2024,3,district,raigarh district,578988
chhattisgarh,2024,3,district,korba district,553938
chhattisgarh,2024,3,district,janjgir champa district,385373
chhattisgarh,2024,3,district,surguja district,381127
chhattisgarh,2024,3,district,mahasamund district,360980
chhattisgarh,2024,3,district,balodabazar bhatapara district,355362
chhattisgarh,2024,3,district,rajnandgaon district,340399
chhattisgarh,2024,4,district,raipur district,1821985
chhattisgarh,2024,4,district,durg district,981620
chhattisgarh,2024,4,district,bilaspur district,912468
chhattisgarh,2024,4,district,raigarh district,599334
chhattisgarh,2024,4,district,korba district,573225
chhattisgarh,2024,4,district,janjgir champa district,398718
chhattisgarh,2024,4,district,surguja district,395087
chhattisgarh,2024,4,district,mahasamund district,373850
chhattisgarh,2024,4,district,balodabazar bhatapara district,368428
chhattisgarh,2024,4,district,rajnandgaon district,351923
chhattisgarh,2025,1,district,raipur district,1877229
chhattisgarh,2025,1,district,durg district,1010856
chhattisgarh,2025,1,district,bilaspur district,942967
chhattisgarh,2025,1,district,raigarh district,620232
chhattisgarh,2025,1,district,korba district,592415
chhattisgarh,2025,1,district,janjgir champa district,412277
chhattisgarh,2025,1,district,surguja district,410119
chhattisgarh,2025,1,district,mahasamund district,387052
chhattisgarh,2025,1,district,balodabazar bhatapara district,381634
chhattisgarh,2025,1,district,rajnandgaon district,363194
chhattisgarh,2025,2,district,raipur district,1933009
chhattisgarh,2025,2,district,durg district,1040185
chhattisgarh,2025,2,district,bilaspur district,973638
chhattisgarh,2025,2,district,raigarh district,640296
chhattisgarh,2025,2,district,korba district,611052
chhattisgarh,2025,2,district,janjgir champa district,425544
chhattisgarh,2025,2,district,surguja district,423945
chhattisgarh,2025,2,district,mahasamund district,399721
chhattisgarh,2025,2,district,balodabazar bhatapara district,394821
chhattisgarh,2025,2,district,rajnandgaon district,374731
chhattisgarh,2025,3,district,raipur district,1987147
chhattisgarh,2025,3,district,durg district,1070186
chhattisgarh,2025,3,district,bilaspur district,1004467
chhattisgarh,2025,3,district,raigarh district,660242
chhattisgarh,2025,3,district,korba district,629997
chhattisgarh,2025,3,district,janjgir champa district,439522
chhattisgarh,2025,3,district,surguja district,438232
chhattisgarh,2025,3,district,mahasamund district,413520
chhattisgarh,2025,3,district,balodabazar bhatapara district,408593
chhattisgarh,2025,3,district,rajnandgaon district,386455
chhattisgarh,2025,4,district,raipur district,2037484
chhattisgarh,2025,4,district,durg district,1097100
chhattisgarh,2025,4,district,bilaspur district,1033703
chhattisgarh,2025,4,district,raigarh district,680333
chhattisgarh,2025,4,district,korba district,648781
chhattisgarh,2025,4,district,surguja district,453302
chhattisgarh,2025,4,district,janjgir champa district,452249
chhattisgarh,2025,4,district,mahasamund district,426287
chhattisgarh,2025,4,district,balodabazar bhatapara district,421685
chhattisgarh,2025,4,district,rajnandgaon district,397390
chhattisgarh,2026,1,district,raipur district,2085582
chhattisgarh,2026,1,district,durg district,1123679
chhattisgarh,2026,1,district,bilaspur district,1060645
chhattisgarh,2026,1,district,raigarh district,698142
chhattisgarh,2026,1,district,korba district,666018
chhattisgarh,2026,1,district,surguja district,467375
chhattisgarh,2026,1,district,janjgir champa district,464166
chhattisgarh,2026,1,district,mahasamund district,437945
chhattisgarh,2026,1,district,balodabazar bhatapara district,433609
chhattisgarh,2026,1,district,rajnandgaon district,407749
chhattisgarh,2026,2,district,raipur district,2143139
chhattisgarh,2026,2,district,durg district,1150479
chhattisgarh,2026,2,district,bilaspur district,1094847
chhattisgarh,2026,2,district,raigarh district,721223
chhattisgarh,2026,2,district,korba district,681484
chhattisgarh,2026,2,district,surguja district,481559
chhattisgarh,2026,2,district,janjgir champa district,476214
chhattisgarh,2026,2,district,mahasamund district,450856
chhattisgarh,2026,2,district,balodabazar bhatapara district,448499
chhattisgarh,2026,2,district,rajnandgaon district,419103
dadra-&-nagar-haveli-&-daman-&-diu,2018,1,district,dadra and nagar haveli district,28767
dadra-&-nagar-haveli-&-daman-&-diu,2018,1,district,daman district,15183
dadra-&-nagar-haveli-&-daman-&-diu,2018,1,district,diu district,2555
dadra-&-nagar-haveli-&-daman-&-diu,2018,2,district,dadra and nagar haveli district,38920
dadra-&-nagar-haveli-&-daman-&-diu,2018,2,district,daman district,20452
dadra-&-nagar-haveli-&-daman-&-diu,2018,2,district,diu district,3260
dadra-&-nagar-haveli-&-daman-&-diu,2018,3,district,dadra and nagar haveli district,49890
dadra-&-nagar-haveli-&-daman-&-diu,2018,3,district,daman district,26110
dadra-&-nagar-haveli-&-daman-&-diu,2018,3,district,diu district,3851
dadra-&-nagar-haveli-&-daman-&-diu,2018,4,district,dadra and nagar haveli district,63160
dadra-&-nagar-haveli-&-daman-&-diu,2018,4,district,daman district,33888
dadra-&-nagar-haveli-&-daman-&-diu,2018,4,district,diu district,4654
dadra-&-nagar-haveli-&-daman-&-diu,2019,1,district,dadra and nagar haveli district,75790
dadra-&-nagar-haveli-&-daman-&-diu,2019,1,district,daman district,41142
dadra-&-nagar-haveli-&-daman-&-diu,2019,1,district,diu district,5481
dadra-&-nagar-haveli-&-daman-&-diu,2019,2,district,dadra and nagar haveli district,85787
dadra-&-nagar-haveli-&-daman-&-diu,2019,2,district,daman district,46960
dadra-&-nagar-haveli-&-daman-&-diu,2019,2,district,diu district,6257
dadra-&-nagar-haveli-&-daman-&-diu,2019,3,district,dadra and nagar haveli district,96388
dadra-&-nagar-haveli-&-daman-&-diu,2019,3,district,daman district,52644
dadra-&-nagar-haveli-&-daman-&-diu,2019,3,district,diu district,6841
dadra-&-nagar-haveli-&-daman-&-diu,2019,4,district,dadra and nagar haveli district,108126
dadra-&-nagar-haveli-&-daman-&-diu,2019,4,district,daman district,59075
dadra-&-nagar-haveli-&-daman-&-diu,2019,4,district,diu district,7433
dadra-&-nagar-haveli-&-daman-&-diu,2020,1,district,dadra and nagar haveli district,119726
dadra-&-nagar-haveli-&-daman-&-diu,2020,1,district,daman district,65659
dadra-&-nagar-haveli-&-daman-&-diu,2020,1,district,diu district,8068
dadra-&-nagar-haveli-&-daman-&-diu,2020,2,district,dadra and nagar haveli district,134598
dadra-&-nagar-haveli-&-daman-&-diu,2020,2,district,daman district,73827
dadra-&-nagar-haveli-&-daman-&-diu,2020,2,district,diu district,8967
dadra-&-nagar-haveli-&-daman-&-diu,2020,3,district,dadra and nagar haveli district,148373
dadra-&-nagar-haveli-&-daman-&-diu,2020,3,district,daman district,80909
dadra-&-nagar-haveli-&-daman-&-diu,2020,3,district,diu district,9879
dadra-&-nagar-haveli-&-daman-&-diu,2020,4,district,dadra and nagar haveli district,163945
dadra-&-nagar-haveli-&-daman-&-diu,2020,4,district,daman district,89349
dadra-&-nagar-haveli-&-daman-&-diu,2020,4,district,diu district,10764
dadra-&-nagar-haveli-&-daman-&-diu,2021,1,district,dadra and nagar haveli district,176715
dadra-&-nagar-haveli-&-daman-&-diu,2021,1,district,daman district,96611
dadra-&-nagar-haveli-&-daman-&-diu,2021,1,district,diu district,11454
dadra-&-nagar-haveli-&-daman-&-diu,2021,2,district,dadra and nagar haveli district,188744
dadra-&-nagar-haveli-&-daman-&-diu,2021,2,district,daman district,103414
dadra-&-nagar-haveli-&-daman-&-diu,2021,2,district,diu district,12129
dadra-&-nagar-haveli-&-daman-&-diu,2021,3,district,dadra and nagar haveli district,202822
dadra-&-nagar-haveli-&-daman-&-diu,2021,3,district,daman district,110983
dadra-&-nagar-haveli-&-daman-&-diu,2021,3,district,diu district,12863
dadra-&-nagar-haveli-&-daman-&-diu,2021,4,district,dadra and nagar haveli district,216909
dadra-&-nagar-haveli-&-daman-&-diu,2021,4,district,daman district,118753
dadra-&-nagar-haveli-&-daman-&-diu,2021,4,district,diu district,13603
dadra-&-nagar-haveli-&-daman-&-diu,2022,1,district,dadra and nagar haveli district,229699
dadra-&-nagar-haveli-&-daman-&-diu,2022,1,district,daman district,125766
dadra-&-nagar-haveli-&-daman-&-diu,2022,1,district,diu district,14325
dadra-&-nagar-haveli-&-daman-&-diu,2022,2,district,dadra and nagar haveli district,242245
dadra-&-nagar-haveli-&-daman-&-diu,2022,2,district,daman district,132682
dadra-&-nagar-haveli-&-daman-&-diu,2022,2,district,diu district,15156
dadra-&-nagar-haveli-&-daman-&-diu,2022,3,district,dadra and nagar haveli district,254841
dadra-&-nagar-haveli-&-daman-&-diu,2022,3,district,daman district,139826
dadra-&-nagar-haveli-&-daman-&-diu,2022,3,district,diu district,15866
dadra-&-nagar-haveli-&-daman-&-diu,2022,4,district,dadra and nagar haveli district,267623
dadra-&-nagar-haveli-&-daman-&-diu,2022,4,district,daman district,147098
dadra-&-nagar-haveli-&-daman-&-diu,2022,4,district,diu district,16540
dadra-&-nagar-haveli-&-daman-&-diu,2023,1,district,dadra and nagar haveli district,278953
dadra-&-nagar-haveli-&-daman-&-diu,2023,1,district,daman district,153784
dadra-&-nagar-haveli-&-daman-&-diu,2023,1,district,diu district,17152
dadra-&-nagar-haveli-&-daman-&-diu,2023,2,district,dadra and nagar haveli district,289484
dadra-&-nagar-haveli-&-daman-&-diu,2023,2,district,daman district,160032
dadra-&-nagar-haveli-&-daman-&-diu,2023,2,district,diu district,17794
dadra-&-nagar-haveli-&-daman-&-diu,2023,3,district,dadra and nagar haveli district,299941
dadra-&-nagar-haveli-&-daman-&-diu,2023,3,district,daman district,166197
dadra-&-nagar-haveli-&-daman-&-diu,2023,3,district,diu district,18383
dadra-&-nagar-haveli-&-daman-&-diu,2023,4,district,dadra and nagar haveli district,311020
dadra-&-nagar-haveli-&-daman-&-diu,2023,4,district,daman district,172904
dadra-&-nagar-haveli-&-daman-&-diu,2023,4,district,diu district,19068
dadra-&-nagar-haveli-&-daman-&-diu,2024,1,district,dadra and nagar haveli district,322899
dadra-&-nagar-haveli-&-daman-&-diu,2024,1,district,daman district,180070
dadra-&-nagar-haveli-&-daman-&-diu,2024,1,district,diu district,19769
dadra-&-nagar-haveli-&-daman-&-diu,2024,2,district,dadra and nagar haveli district,334573
dadra-&-nagar-haveli-&-daman-&-diu,2024,2,district,daman district,187106
dadra-&-nagar-haveli-&-daman-&-diu,2024,2,district,diu district,20556
dadra-&-nagar-haveli-&-daman-&-diu,2024,3,district,dadra and nagar haveli district,345696
dadra-&-nagar-haveli-&-daman-&-diu,2024,3,district,daman district,193821
dadra-&-nagar-haveli-&-daman-&-diu,2024,3,district,diu district,21336
dadra-&-nagar-haveli-&-daman-&-diu,2024,4,district,dadra and nagar haveli district,356979
dadra-&-nagar-haveli-&-daman-&-diu,2024,4,district,daman district,200405
dadra-&-nagar-haveli-&-daman-&-diu,2024,4,district,diu district,21875
dadra-&-nagar-haveli-&-daman-&-diu,2025,1,district,dadra and nagar haveli district,367671
dadra-&-nagar-haveli-&-daman-&-diu,2025,1,district,daman district,206893
dadra-&-nagar-haveli-&-daman-&-diu,2025,1,district,diu district,22451
dadra-&-nagar-haveli-&-daman-&-diu,2025,2,district,dadra and nagar haveli district,377457
dadra-&-nagar-haveli-&-daman-&-diu,2025,2,district,daman district,212830
dadra-&-nagar-haveli-&-daman-&-diu,2025,2,district,diu district,23048
dadra-&-nagar-haveli-&-daman-&-diu,2025,3,district,dadra and nagar haveli district,387518
dadra-&-nagar-haveli-&-daman-&-diu,2025,3,district,daman district,219598
dadra-&-nagar-haveli-&-daman-&-diu,2025,3,district,diu district,23737
dadra-&-nagar-haveli-&-daman-&-diu,2025,4,district,dadra and nagar haveli district,397452
dadra-&-nagar-haveli-&-daman-&-diu,2025,4,district,daman district,225462
dadra-&-nagar-haveli-&-daman-&-diu,2025,4,district,diu district,24335
dadra-&-nagar-haveli-&-daman-&-diu,2026,1,district,dadra and nagar haveli district,406244
dadra-&-nagar-haveli-&-daman-&-diu,2026,1,district,daman district,230755
dadra-&-nagar-haveli-&-daman-&-diu,2026,1,district,diu district,24948
dadra-&-nagar-haveli-&-daman-&-diu,2026,2,district,dadra and nagar haveli district,423162
dadra-&-nagar-haveli-&-daman-&-diu,2026,2,district,daman district,237457
dadra-&-nagar-haveli-&-daman-&-diu,2026,2,district,diu district,24826
delhi,2018,1,district,south west district,293411
delhi,2018,1,district,south east district,235638
delhi,2018,1,district,north west district,203358
delhi,2018,1,district,central district,196272
delhi,2018,1,district,west district,189519
delhi,2018,1,district,new delhi district,189022
delhi,2018,1,district,north district,161603
delhi,2018,1,district,south district,148595
delhi,2018,1,district,east district,144926
delhi,2018,1,district,shahdara district,106928
delhi,2018,2,district,south west district,385724
delhi,2018,2,district,south east district,313271
delhi,2018,2,district,north west district,266339
delhi,2018,2,district,central district,260068
delhi,2018,2,district,new delhi district,251899
delhi,2018,2,district,west district,250757
delhi,2018,2,district,north district,212267
delhi,2018,2,district,south district,196289
delhi,2018,2,district,east district,189943
delhi,2018,2,district,shahdara district,141432
delhi,2018,3,district,south west district,483664
delhi,2018,3,district,south east district,395605
delhi,2018,3,district,north west district,340193
delhi,2018,3,district,central district,330465
delhi,2018,3,district,new delhi district,320409
delhi,2018,3,district,west district,318382
delhi,2018,3,district,north district,269727
delhi,2018,3,district,south district,248589
delhi,2018,3,district,east district,241411
delhi,2018,3,district,shahdara district,178782
delhi,2018,4,district,south west district,639993
delhi,2018,4,district,south east district,528753
delhi,2018,4,district,north west district,451634
delhi,2018,4,district,central district,434985
delhi,2018,4,district,west district,427351
delhi,2018,4,district,new delhi district,414268
delhi,2018,4,district,north district,354980
delhi,2018,4,district,south district,324001
delhi,2018,4,district,east district,322308
delhi,2018,4,district,shahdara district,240738
delhi,2019,1,district,south west district,764533
delhi,2019,1,district,south east district,633905
delhi,2019,1,district,north west district,533776
delhi,2019,1,district,central district,520856
delhi,2019,1,district,west district,514223
delhi,2019,1,district,new delhi district,491856
delhi,2019,1,district,north district,422624
delhi,2019,1,district,south district,386037
delhi,2019,1,district,east district,383588
delhi,2019,1,district,shahdara district,291715
delhi,2019,2,district,south west district,855145
delhi,2019,2,district,south east district,712948
delhi,2019,2,district,north west district,598174
delhi,2019,2,district,central district,591313
delhi,2019,2,district,west district,580466
delhi,2019,2,district,new delhi district,560106
delhi,2019,2,district,north district,477936
delhi,2019,2,district,south district,434066
delhi,2019,2,district,east district,429796
delhi,2019,2,district,shahdara district,332256
delhi,2019,3,district,south west district,938357
delhi,2019,3,district,south east district,786013
delhi,2019,3,district,central district,657354
delhi,2019,3,district,north west district,656536
delhi,2019,3,district,west district,641266
delhi,2019,3,district,new delhi district,621280
delhi,2019,3,district,north district,530711
delhi,2019,3,district,south district,480474
delhi,2019,3,district,east district,473753
delhi,2019,3,district,shahdara district,370380
delhi,2019,4,district,south west district,1005801
delhi,2019,4,district,south east district,849312
delhi,2019,4,district,central district,713043
delhi,2019,4,district,north west district,703957
delhi,2019,4,district,west district,690886
delhi,2019,4,district,new delhi district,670458
delhi,2019,4,district,north district,576264
delhi,2019,4,district,south district,518230
delhi,2019,4,district,east district,508821
delhi,2019,4,district,shahdara district,402862
delhi,2020,1,district,south west district,1074850
delhi,2020,1,district,south east district,913860
delhi,2020,1,district,central district,770341
delhi,2020,1,district,north west district,756222
delhi,2020,1,district,west district,744315
delhi,2020,1,district,new delhi district,718747
delhi,2020,1,district,north district,625767
delhi,2020,1,district,south district,555897
delhi,2020,1,district,east district,543785
delhi,2020,1,district,shahdara district,435946
delhi,2020,2,district,south west district,1147048
delhi,2020,2,district,south east district,979323
delhi,2020,2,district,central district,831950
delhi,2020,2,district,north west district,816077
delhi,2020,2,district,west district,801383
delhi,2020,2,district,new delhi district,765071
delhi,2020,2,district,north district,682271
delhi,2020,2,district,south district,594428
delhi,2020,2,district,east district,578956
delhi,2020,2,district,shahdara district,473209
delhi,2020,3,district,south west district,1230797
delhi,2020,3,district,south east district,1054525
delhi,2020,3,district,central district,901460
delhi,2020,3,district,north west district,879994
delhi,2020,3,district,west district,866703
delhi,2020,3,district,new delhi district,815700
delhi,2020,3,district,north district,740367
delhi,2020,3,district,south district,638422
delhi,2020,3,district,east district,620485
delhi,2020,3,district,shahdara district,514894
delhi,2020,4,district,south west district,1316815
delhi,2020,4,district,south east district,1134021
delhi,2020,4,district,central district,976089
delhi,2020,4,district,north west district,944162
delhi,2020,4,district,west district,934857
delhi,2020,4,district,new delhi district,869438
delhi,2020,4,district,north district,801526
delhi,2020,4,district,south district,684754
delhi,2020,4,district,east district,663458
delhi,2020,4,district,shahdara district,557795
delhi,2021,1,district,south west district,1395223
delhi,2021,1,district,south east district,1207509
delhi,2021,1,district,central district,1044249
delhi,2021,1,district,north west district,1003955
delhi,2021,1,district,west district,996565
delhi,2021,1,district,new delhi district,920494
delhi,2021,1,district,north district,858463
delhi,2021,1,district,south district,727093
delhi,2021,1,district,east district,703796
delhi,2021,1,district,shahdara district,596767
delhi,2021,2,district,south west district,1469195
delhi,2021,2,district,south east district,1274767
delhi,2021,2,district,central district,1107735
delhi,2021,2,district,north west district,1061089
delhi,2021,2,district,west district,1054649
delhi,2021,2,district,new delhi district,969168
delhi,2021,2,district,north district,912471
delhi,2021,2,district,south district,766373
delhi,2021,2,district,east district,740876
delhi,2021,2,district,shahdara district,633714
delhi,2021,3,district,south west district,1549672
delhi,2021,3,district,south east district,1350005
delhi,2021,3,district,central district,1178133
delhi,2021,3,district,north west district,1122210
delhi,2021,3,district,west district,1117333
delhi,2021,3,district,new delhi district,1021158
delhi,2021,3,district,north district,971178
delhi,2021,3,district,south district,809875
delhi,2021,3,district,east district,781320
delhi,2021,3,district,shahdara district,674020
delhi,2021,4,district,south west district,1628951
delhi,2021,4,district,south east district,1426518
delhi,2021,4,district,central district,1251545
delhi,2021,4,district,north west district,1185009
delhi,2021,4,district,west district,1181253
delhi,2021,4,district,new delhi district,1073516
delhi,2021,4,district,north district,1032217
delhi,2021,4,district,south district,853855
delhi,2021,4,district,east district,822154
delhi,2021,4,district,shahdara district,716523
delhi,2022,1,district,south west district,1705268
delhi,2022,1,district,south east district,1500110
delhi,2022,1,district,central district,1322314
delhi,2022,1,district,north west district,1246800
delhi,2022,1,district,west district,1243772
delhi,2022,1,district,new delhi district,1122358
delhi,2022,1,district,north district,1093318
delhi,2022,1,district,south district,895622
delhi,2022,1,district,east district,861706
delhi,2022,1,district,shahdara district,758634
delhi,2022,2,district,south west district,1776509
delhi,2022,2,district,south east district,1566321
delhi,2022,2,district,central district,1386357
delhi,2022,2,district,north west district,1302488
delhi,2022,2,district,west district,1300644
delhi,2022,2,district,new delhi district,1168125
delhi,2022,2,district,north district,1149292
delhi,2022,2,district,south district,934405
delhi,2022,2,district,east district,897135
delhi,2022,2,district,shahdara district,795362
delhi,2022,3,district,south west district,1846770
delhi,2022,3,district,south east district,1633198
delhi,2022,3,district,central district,1451034
delhi,2022,3,district,north west district,1358146
delhi,2022,3,district,west district,1357763
delhi,2022,3,district,new delhi district,1213644
delhi,2022,3,district,north district,1206497
delhi,2022,3,district,south district,973223
delhi,2022,3,district,east district,932900
delhi,2022,3,district,shahdara district,833440
delhi,2022,4,district,south west district,1912218
delhi,2022,4,district,south east district,1696963
delhi,2022,4,district,central district,1513369
delhi,2022,4,district,west district,1413255
delhi,2022,4,district,north west district,1412189
delhi,2022,4,district,north district,1262781
delhi,2022,4,district,new delhi district,1256893
delhi,2022,4,district,south district,1009013
delhi,2022,4,district,east district,966791
delhi,2022,4,district,shahdara district,871557
delhi,2023,1,district,south west district,1973310
delhi,2023,1,district,south east district,1756391
delhi,2023,1,district,central district,1572556
delhi,2023,1,district,west district,1465699
delhi,2023,1,district,north west district,1463471
delhi,2023,1,district,north district,1317391
delhi,2023,1,district,new delhi district,1296532
delhi,2023,1,district,south district,1042714
delhi,2023,1,district,east district,998565
delhi,2023,1,district,shahdara district,908073
delhi,2023,2,district,south west district,2031762
delhi,2023,2,district,south east district,1811118
delhi,2023,2,district,central district,1627286
delhi,2023,2,district,west district,1514850
delhi,2023,2,district,north west district,1511729
delhi,2023,2,district,north district,1368721
delhi,2023,2,district,new delhi district,1332746
delhi,2023,2,district,south district,1074090
delhi,2023,2,district,east district,1027845
delhi,2023,2,district,shahdara district,941668
delhi,2023,3,district,south west district,2088125
delhi,2023,3,district,south east district,1864898
delhi,2023,3,district,central district,1681296
delhi,2023,3,district,west district,1563861
delhi,2023,3,district,north west district,1558884
delhi,2023,3,district,north district,1419763
delhi,2023,3,district,new delhi district,1367213
delhi,2023,3,district,south district,1104627
delhi,2023,3,district,east district,1056483
delhi,2023,3,district,shahdara district,975180
delhi,2023,4,district,south west district,2144387
delhi,2023,4,district,south east district,1918172
delhi,2023,4,district,central district,1734381
delhi,2023,4,district,west district,1613126
delhi,2023,4,district,north west district,1606493
delhi,2023,4,district,north district,1471577
delhi,2023,4,district,new delhi district,1400078
delhi,2023,4,district,south district,1134569
delhi,2023,4,district,east district,1084368
delhi,2023,4,district,shahdara district,1010299
delhi,2024,1,district,south west district,2217026
delhi,2024,1,district,south east district,1985763
delhi,2024,1,district,central district,1798531
delhi,2024,1,district,west district,1676186
delhi,2024,1,district,north west district,1667849
delhi,2024,1,district,north district,1535864
delhi,2024,1,district,new delhi district,1441275
delhi,2024,1,district,south district,1173533
delhi,2024,1,district,east district,1121735
delhi,2024,1,district,shahdara district,1052503
delhi,2024,2,district,south west district,2289613
delhi,2024,2,district,south east district,2051259
delhi,2024,2,district,central district,1861406
delhi,2024,2,district,west district,1738226
delhi,2024,2,district,north west district,1727818
delhi,2024,2,district,north district,1597967
delhi,2024,2,district,new delhi district,1481870
delhi,2024,2,district,south district,1211616
delhi,2024,2,district,east district,1159597
delhi,2024,2,district,shahdara district,1093003
delhi,2024,3,district,south west district,2359543
delhi,2024,3,district,south east district,2115308
delhi,2024,3,district,central district,1923478
delhi,2024,3,district,west district,1797447
delhi,2024,3,district,north west district,1784957
delhi,2024,3,district,north district,1656846
delhi,2024,3,district,new delhi district,1522277
delhi,2024,3,district,south district,1249762
delhi,2024,3,district,east district,1194950
delhi,2024,3,district,shahdara district,1131483
delhi,2024,4,district,south west district,2425561
delhi,2024,4,district,south east district,2176037
delhi,2024,4,district,central district,1981746
delhi,2024,4,district,west district,1850871
delhi,2024,4,district,north west district,1838034
delhi,2024,4,district,north district,1711195
delhi,2024,4,district,new delhi district,1562759
delhi,2024,4,district,south district,1284518
delhi,2024,4,district,east district,1228020
delhi,2024,4,district,shahdara district,1166514
delhi,2025,1,district,south west district,2488949
delhi,2025,1,district,south east district,2234985
delhi,2025,1,district,central district,2038054
delhi,2025,1,district,west district,1903735
delhi,2025,1,district,north west district,1890617
delhi,2025,1,district,north district,1766353
delhi,2025,1,district,new delhi district,1601467
delhi,2025,1,district,south district,1318346
delhi,2025,1,district,east district,1260138
delhi,2025,1,district,shahdara district,1201740
delhi,2025,2,district,south west district,2552199
delhi,2025,2,district,south east district,2292475
delhi,2025,2,district,central district,2092821
delhi,2025,2,district,west district,1955332
delhi,2025,2,district,north west district,1941908
delhi,2025,2,district,north district,1819292
delhi,2025,2,district,new delhi district,1638956
delhi,2025,2,district,south district,1351401
delhi,2025,2,district,east district,1291423
delhi,2025,2,district,shahdara district,1235019
delhi,2025,3,district,south west district,2614695
delhi,2025,3,district,south east district,2348211
delhi,2025,3,district,central district,2151090
delhi,2025,3,district,west district,2006810
delhi,2025,3,district,north west district,1995349
delhi,2025,3,district,north district,1871445
delhi,2025,3,district,new delhi district,1674029
delhi,2025,3,district,south district,1384676
delhi,2025,3,district,east district,1324487
delhi,2025,3,district,shahdara district,1268384
delhi,2025,4,district,south west district,2672135
delhi,2025,4,district,south east district,2400555
delhi,2025,4,district,central district,2201815
delhi,2025,4,district,west district,2056036
delhi,2025,4,district,north west district,2044726
delhi,2025,4,district,north district,1925200
delhi,2025,4,district,new delhi district,1706853
delhi,2025,4,district,south district,1414159
delhi,2025,4,district,east district,1352092
delhi,2025,4,district,shahdara district,1300440
delhi,2026,1,district,south west district,2729898
delhi,2026,1,district,south east district,2452239
delhi,2026,1,district,central district,2250589
delhi,2026,1,district,west district,2104731
delhi,2026,1,district,north west district,2093832
delhi,2026,1,district,north district,1976355
delhi,2026,1,district,new delhi district,1739905
delhi,2026,1,district,south district,1444212
delhi,2026,1,district,east district,1380204
delhi,2026,1,district,shahdara district,1331613
delhi,2026,2,district,south west district,2807436
delhi,2026,2,district,south east district,2525338
delhi,2026,2,district,central district,2295062
delhi,2026,2,district,west district,2163729
delhi,2026,2,district,north west district,2150430
delhi,2026,2,district,north district,2039167
delhi,2026,2,district,new delhi district,1776422
delhi,2026,2,district,south district,1483295
delhi,2026,2,district,east district,1410783
delhi,2026,2,district,shahdara district,1370880
goa,2018,1,district,north goa district,54252
goa,2018,1,district,south goa district,42984
goa,2018,2,district,north goa district,71064
goa,2018,2,district,south goa district,57295
goa,2018,3,district,north goa district,88200
goa,2018,3,district,south goa district,71929
goa,2018,4,district,north goa district,112238
goa,2018,4,district,south goa district,91991
goa,2019,1,district,north goa district,136749
goa,2019,1,district,south goa district,112076
goa,2019,2,district,north goa district,159644
goa,2019,2,district,south goa district,131157
goa,2019,3,district,north goa district,181825
goa,2019,3,district,south goa district,149269
goa,2019,4,district,north goa district,203306
goa,2019,4,district,south goa district,166709
goa,2020,1,district,north goa district,225329
goa,2020,1,district,south goa district,185612
goa,2020,2,district,north goa district,246278
goa,2020,2,district,south goa district,205561
goa,2020,3,district,north goa district,270807
goa,2020,3,district,south goa district,228551
goa,2020,4,district,north goa district,299715
goa,2020,4,district,south goa district,253964
goa,2021,1,district,north goa district,322651
goa,2021,1,district,south goa district,273755
goa,2021,2,district,north goa district,343185
goa,2021,2,district,south goa district,291764
goa,2021,3,district,north goa district,365993
goa,2021,3,district,south goa district,311733
goa,2021,4,district,north goa district,388925
goa,2021,4,district,south goa district,331510
goa,2022,1,district,north goa district,409718
goa,2022,1,district,south goa district,349561
goa,2022,2,district,north goa district,429935
goa,2022,2,district,south goa district,366936
goa,2022,3,district,north goa district,450689
goa,2022,3,district,south goa district,384568
goa,2022,4,district,north goa district,470251
goa,2022,4,district,south goa district,401586
goa,2023,1,district,north goa district,487947
goa,2023,1,district,south goa district,417006
goa,2023,2,district,north goa district,504452
goa,2023,2,district,south goa district,431250
goa,2023,3,district,north goa district,521318
goa,2023,3,district,south goa district,445715
goa,2023,4,district,north goa district,540050
goa,2023,4,district,south goa district,461477
goa,2024,1,district,north goa district,560424
goa,2024,1,district,south goa district,478706
goa,2024,2,district,north goa district,581429
goa,2024,2,district,south goa district,496826
goa,2024,3,district,north goa district,601933
goa,2024,3,district,south goa district,515116
goa,2024,4,district,north goa district,620694
goa,2024,4,district,south goa district,531030
goa,2025,1,district,north goa district,638815
goa,2025,1,district,south goa district,546735
goa,2025,2,district,north goa district,656315
goa,2025,2,district,south goa district,561799
goa,2025,3,district,north goa district,675362
goa,2025,3,district,south goa district,577343
goa,2025,4,district,north goa district,695837
goa,2025,4,district,south goa district,593219
goa,2026,1,district,north goa district,716540
goa,2026,1,district,south goa district,608749
goa,2026,2,district,north goa district,722076
goa,2026,2,district,south goa district,625864
gujarat,2018,1,district,ahmedabad district,597372
gujarat,2018,1,district,surat district,502143
gujarat,2018,1,district,vadodara district,211924
gujarat,2018,1,district,rajkot district,142846
gujarat,2018,1,district,gandhinagar district,133590
gujarat,2018,1,district,kachchh district,107381
gujarat,2018,1,district,bharuch district,104543
gujarat,2018,1,district,mahesana district,98166
gujarat,2018,1,district,valsad district,84792
gujarat,2018,1,district,bhavnagar district,83903
gujarat,2018,2,district,ahmedabad district,783111
gujarat,2018,2,district,surat district,665908
gujarat,2018,2,district,vadodara district,278932
gujarat,2018,2,district,rajkot district,188051
gujarat,2018,2,district,gandhinagar district,175272
gujarat,2018,2,district,kachchh district,141425
gujarat,2018,2,district,bharuch district,138163
gujarat,2018,2,district,mahesana district,129249
gujarat,2018,2,district,valsad district,113728
gujarat,2018,2,district,bhavnagar district,111438
gujarat,2018,3,district,ahmedabad district,954801
gujarat,2018,3,district,surat district,821955
gujarat,2018,3,district,vadodara district,342979
gujarat,2018,3,district,rajkot district,230263
gujarat,2018,3,district,gandhinagar district,213400
gujarat,2018,3,district,kachchh district,173946
gujarat,2018,3,district,bharuch district,171672
gujarat,2018,3,district,mahesana district,157890
gujarat,2018,3,district,valsad district,143379
gujarat,2018,3,district,bhavnagar district,135438
gujarat,2018,4,district,ahmedabad district,1250091
gujarat,2018,4,district,surat district,1020646
gujarat,2018,4,district,vadodara district,433904
gujarat,2018,4,district,rajkot district,279956
gujarat,2018,4,district,gandhinagar district,270095
gujarat,2018,4,district,kachchh district,215343
gujarat,2018,4,district,bharuch district,214950
gujarat,2018,4,district,mahesana district,194201
gujarat,2018,4,district,valsad district,182113
gujarat,2018,4,district,bhavnagar district,167417
gujarat,2019,1,district,ahmedabad district,1496316
gujarat,2019,1,district,surat district,1209821
gujarat,2019,1,district,vadodara district,517142
gujarat,2019,1,district,rajkot district,328020
gujarat,2019,1,district,gandhinagar district,323938
gujarat,2019,1,district,kachchh district,257101
gujarat,2019,1,district,bharuch district,256615
gujarat,2019,1,district,mahesana district,232640
gujarat,2019,1,district,valsad district,221676
gujarat,2019,1,district,bhavnagar district,196618
gujarat,2019,2,district,ahmedabad district,1711640
gujarat,2019,2,district,surat district,1376494
gujarat,2019,2,district,vadodara district,589375
gujarat,2019,2,district,rajkot district,372313
gujarat,2019,2,district,gandhinagar district,369194
gujarat,2019,2,district,kachchh district,290175
gujarat,2019,2,district,bharuch district,288913
gujarat,2019,2,district,mahesana district,261904
gujarat,2019,2,district,valsad district,252765
gujarat,2019,2,district,bhavnagar district,222671
gujarat,2019,3,district,ahmedabad district,1914591
gujarat,2019,3,district,surat district,1528818
gujarat,2019,3,district,vadodara district,660059
gujarat,2019,3,district,rajkot district,417034
gujarat,2019,3,district,gandhinagar district,413060
gujarat,2019,3,district,bharuch district,322464
gujarat,2019,3,district,kachchh district,320793
gujarat,2019,3,district,mahesana district,290597
gujarat,2019,3,district,valsad district,283184
gujarat,2019,3,district,bhavnagar district,249378
gujarat,2019,4,district,ahmedabad district,2091195
gujarat,2019,4,district,surat district,1680299
gujarat,2019,4,district,vadodara district,725925
gujarat,2019,4,district,rajkot district,461426
gujarat,2019,4,district,gandhinagar district,452477
gujarat,2019,4,district,bharuch district,357168
gujarat,2019,4,district,kachchh district,354158
gujarat,2019,4,district,mahesana district,320692
gujarat,2019,4,district,valsad district,315472
gujarat,2019,4,district,bhavnagar district,278956
gujarat,2020,1,district,ahmedabad district,2269110
gujarat,2020,1,district,surat district,1836372
gujarat,2020,1,district,vadodara district,791619
gujarat,2020,1,district,rajkot district,509249
gujarat,2020,1,district,gandhinagar district,493033
gujarat,2020,1,district,kachchh district,392136
gujarat,2020,1,district,bharuch district,391632
gujarat,2020,1,district,mahesana district,354124
gujarat,2020,1,district,valsad district,350362
gujarat,2020,1,district,bhavnagar district,307252
gujarat,2020,2,district,ahmedabad district,2480690
gujarat,2020,2,district,surat district,2015065
gujarat,2020,2,district,vadodara district,861977
gujarat,2020,2,district,rajkot district,567319
gujarat,2020,2,district,gandhinagar district,540685
gujarat,2020,2,district,kachchh district,435477
gujarat,2020,2,district,bharuch district,430067
gujarat,2020,2,district,valsad district,394638
gujarat,2020,2,district,mahesana district,394631
gujarat,2020,2,district,bhavnagar district,345331
gujarat,2020,3,district,ahmedabad district,2685067
gujarat,2020,3,district,surat district,2180961
gujarat,2020,3,district,vadodara district,935384
gujarat,2020,3,district,rajkot district,622736
gujarat,2020,3,district,gandhinagar district,586830
gujarat,2020,3,district,kachchh district,477954
gujarat,2020,3,district,bharuch district,469501
gujarat,2020,3,district,valsad district,434506
gujarat,2020,3,district,mahesana district,433497
gujarat,2020,3,district,bhavnagar district,378471
gujarat,2020,4,district,ahmedabad district,2894223
gujarat,2020,4,district,surat district,2364545
gujarat,2020,4,district,vadodara district,1013470
gujarat,2020,4,district,rajkot district,680526
gujarat,2020,4,district,gandhinagar district,632998
gujarat,2020,4,district,kachchh district,525433
gujarat,2020,4,district,bharuch district,513366
gujarat,2020,4,district,valsad district,477695
gujarat,2020,4,district,mahesana district,470189
gujarat,2020,4,district,bhavnagar district,408434
gujarat,2021,1,district,ahmedabad district,3087609
gujarat,2021,1,district,surat district,2531044
gujarat,2021,1,district,vadodara district,1077173
gujarat,2021,1,district,rajkot district,730945
gujarat,2021,1,district,gandhinagar district,675783
gujarat,2021,1,district,kachchh district,569987
gujarat,2021,1,district,bharuch district,551082
gujarat,2021,1,district,valsad district,514708
gujarat,2021,1,district,mahesana district,504280
gujarat,2021,1,district,bhavnagar district,433875
gujarat,2021,2,district,ahmedabad district,3268996
gujarat,2021,2,district,surat district,2691026
gujarat,2021,2,district,vadodara district,1135471
gujarat,2021,2,district,rajkot district,780094
gujarat,2021,2,district,gandhinagar district,716509
gujarat,2021,2,district,kachchh district,612949
gujarat,2021,2,district,bharuch district,586158
gujarat,2021,2,district,valsad district,550864
gujarat,2021,2,district,mahesana district,537027
gujarat,2021,2,district,bhavnagar district,458298
gujarat,2021,3,district,ahmedabad district,3472611
gujarat,2021,3,district,surat district,2866334
gujarat,2021,3,district,vadodara district,1200961
gujarat,2021,3,district,rajkot district,834746
gujarat,2021,3,district,gandhinagar district,763447
gujarat,2021,3,district,kachchh district,661510
gujarat,2021,3,district,bharuch district,626093
gujarat,2021,3,district,valsad district,591537
gujarat,2021,3,district,mahesana district,575982
gujarat,2021,3,district,bhavnagar district,485755
gujarat,2021,4,district,ahmedabad district,3673348
gujarat,2021,4,district,surat district,3045192
gujarat,2021,4,district,vadodara district,1265846
gujarat,2021,4,district,rajkot district,889155
gujarat,2021,4,district,gandhinagar district,807720
gujarat,2021,4,district,kachchh district,709938
gujarat,2021,4,district,bharuch district,665982
gujarat,2021,4,district,valsad district,632433
gujarat,2021,4,district,mahesana district,612476
gujarat,2021,4,district,bhavnagar district,512929
gujarat,2022,1,district,ahmedabad district,3864413
gujarat,2022,1,district,surat district,3216277
gujarat,2022,1,district,vadodara district,1324357
gujarat,2022,1,district,rajkot district,942158
gujarat,2022,1,district,gandhinagar district,849800
gujarat,2022,1,district,kachchh district,757098
gujarat,2022,1,district,bharuch district,703069
gujarat,2022,1,district,valsad district,669821
gujarat,2022,1,district,mahesana district,647014
gujarat,2022,1,district,bhavnagar district,538105
gujarat,2022,2,district,ahmedabad district,4045419
gujarat,2022,2,district,surat district,3381192
gujarat,2022,2,district,vadodara district,1379215
gujarat,2022,2,district,rajkot district,994391
gujarat,2022,2,district,gandhinagar district,890145
gujarat,2022,2,district,kachchh district,802691
gujarat,2022,2,district,bharuch district,738019
gujarat,2022,2,district,valsad district,705518
gujarat,2022,2,district,mahesana district,679252
gujarat,2022,2,district,bhavnagar district,564293
gujarat,2022,3,district,ahmedabad district,4236390
gujarat,2022,3,district,surat district,3549450
gujarat,2022,3,district,vadodara district,1438202
gujarat,2022,3,district,rajkot district,1048806
gujarat,2022,3,district,gandhinagar district,934191
gujarat,2022,3,district,kachchh district,850531
gujarat,2022,3,district,bharuch district,774669
gujarat,2022,3,district,valsad district,742931
gujarat,2022,3,district,mahesana district,715164
gujarat,2022,3,district,bhavnagar district,591852
gujarat,2022,4,district,ahmedabad district,4417732
gujarat,2022,4,district,surat district,3716173
gujarat,2022,4,district,vadodara district,1492982
gujarat,2022,4,district,rajkot district,1101010
gujarat,2022,4,district,gandhinagar district,975430
gujarat,2022,4,district,kachchh district,896699
gujarat,2022,4,district,bharuch district,810133
gujarat,2022,4,district,valsad district,779169
gujarat,2022,4,district,mahesana district,749103
gujarat,2022,4,district,bhavnagar district,617460
gujarat,2023,1,district,ahmedabad district,4583020
gujarat,2023,1,district,surat district,3869757
gujarat,2023,1,district,vadodara district,1541392
gujarat,2023,1,district,rajkot district,1149650
gujarat,2023,1,district,gandhinagar district,1013453
gujarat,2023,1,district,kachchh district,939450
gujarat,2023,1,district,bharuch district,842720
gujarat,2023,1,district,valsad district,812515
gujarat,2023,1,district,mahesana district,780091
gujarat,2023,1,district,bhavnagar district,640941
gujarat,2023,2,district,ahmedabad district,4738948
gujarat,2023,2,district,surat district,4017486
gujarat,2023,2,district,vadodara district,1586821
gujarat,2023,2,district,rajkot district,1198347
gujarat,2023,2,district,gandhinagar district,1049369
gujarat,2023,2,district,kachchh district,979437
gujarat,2023,2,district,bharuch district,872883
gujarat,2023,2,district,valsad district,843643
gujarat,2023,2,district,mahesana district,808488
gujarat,2023,2,district,bhavnagar district,664602
gujarat,2023,3,district,ahmedabad district,4898285
gujarat,2023,3,district,surat district,4160670
gujarat,2023,3,district,vadodara district,1632581
gujarat,2023,3,district,rajkot district,1248395
gujarat,2023,3,district,gandhinagar district,1086848
gujarat,2023,3,district,kachchh district,1020841
gujarat,2023,3,district,bharuch district,903240
gujarat,2023,3,district,valsad district,875240
gujarat,2023,3,district,mahesana district,839580
gujarat,2023,3,district,bhavnagar district,688248
gujarat,2023,4,district,ahmedabad district,5053856
gujarat,2023,4,district,surat district,4309536
gujarat,2023,4,district,vadodara district,1679927
gujarat,2023,4,district,rajkot district,1301785
gujarat,2023,4,district,gandhinagar district,1123169
gujarat,2023,4,district,kachchh district,1063586
gujarat,2023,4,district,bharuch district,934166
gujarat,2023,4,district,valsad district,908118
gujarat,2023,4,district,mahesana district,870686
gujarat,2023,4,district,bhavnagar district,714594
gujarat,2024,1,district,ahmedabad district,5228753
gujarat,2024,1,district,surat district,4478539
gujarat,2024,1,district,vadodara district,1731684
gujarat,2024,1,district,rajkot district,1360795
gujarat,2024,1,district,gandhinagar district,1163292
gujarat,2024,1,district,kachchh district,1111727
gujarat,2024,1,district,bharuch district,968178
gujarat,2024,1,district,valsad district,945126
gujarat,2024,1,district,mahesana district,904247
gujarat,2024,1,district,bhavnagar district,742216
gujarat,2024,2,district,ahmedabad district,5403727
gujarat,2024,2,district,surat district,4646182
gujarat,2024,2,district,vadodara district,1785052
gujarat,2024,2,district,rajkot district,1422817
gujarat,2024,2,district,gandhinagar district,1204204
gujarat,2024,2,district,kachchh district,1160957
gujarat,2024,2,district,bharuch district,1001871
gujarat,2024,2,district,valsad district,982473
gujarat,2024,2,district,mahesana district,937189
gujarat,2024,2,district,bhavnagar district,771626
gujarat,2024,3,district,ahmedabad district,5576159
gujarat,2024,3,district,surat district,4807017
gujarat,2024,3,district,vadodara district,1838577
gujarat,2024,3,district,rajkot district,1482066
gujarat,2024,3,district,gandhinagar district,1245816
gujarat,2024,3,district,kachchh district,1205552
gujarat,2024,3,district,bharuch district,1034825
gujarat,2024,3,district,valsad district,1018391
gujarat,2024,3,district,mahesana district,971860
gujarat,2024,3,district,bhavnagar district,800023
gujarat,2024,4,district,ahmedabad district,5741315
gujarat,2024,4,district,surat district,4961681
gujarat,2024,4,district,vadodara district,1889664
gujarat,2024,4,district,rajkot district,1530688
gujarat,2024,4,district,gandhinagar district,1283943
gujarat,2024,4,district,kachchh district,1245337
gujarat,2024,4,district,bharuch district,1067365
gujarat,2024,4,district,valsad district,1052234
gujarat,2024,4,district,mahesana district,1003459
gujarat,2024,4,district,bhavnagar district,824189
gujarat,2025,1,district,ahmedabad district,5900612
gujarat,2025,1,district,surat district,5112721
gujarat,2025,1,district,vadodara district,1938584
gujarat,2025,1,district,rajkot district,1579487
gujarat,2025,1,district,gandhinagar district,1320421
gujarat,2025,1,district,kachchh district,1286243
gujarat,2025,1,district,bharuch district,1099257
gujarat,2025,1,district,valsad district,1085667
gujarat,2025,1,district,mahesana district,1033866
gujarat,2025,1,district,bhavnagar district,846818
gujarat,2025,2,district,ahmedabad district,6056231
gujarat,2025,2,district,surat district,5257347
gujarat,2025,2,district,vadodara district,1985703
gujarat,2025,2,district,rajkot district,1626686
gujarat,2025,2,district,gandhinagar district,1356042
gujarat,2025,2,district,kachchh district,1325287
gujarat,2025,2,district,bharuch district,1129033
gujarat,2025,2,district,valsad district,1116875
gujarat,2025,2,district,mahesana district,1062673
gujarat,2025,2,district,bhavnagar district,869065
gujarat,2025,3,district,ahmedabad district,6217256
gujarat,2025,3,district,surat district,5401681
gujarat,2025,3,district,vadodara district,2036497
gujarat,2025,3,district,rajkot district,1674661
gujarat,2025,3,district,gandhinagar district,1394797
gujarat,2025,3,district,kachchh district,1364138
gujarat,2025,3,district,bharuch district,1159426
gujarat,2025,3,district,valsad district,1147952
gujarat,2025,3,district,mahesana district,1094911
gujarat,2025,3,district,bhavnagar district,892746
gujarat,2025,4,district,ahmedabad district,6371060
gujarat,2025,4,district,surat district,5548019
gujarat,2025,4,district,vadodara district,2086659
gujarat,2025,4,district,rajkot district,1727315
gujarat,2025,4,district,gandhinagar district,1430300
gujarat,2025,4,district,kachchh district,1405284
gujarat,2025,4,district,bharuch district,1189978
gujarat,2025,4,district,valsad district,1180736
gujarat,2025,4,district,mahesana district,1124095
gujarat,2025,4,district,bhavnagar district,917105
gujarat,2026,1,district,ahmedabad district,6510110
gujarat,2026,1,district,surat district,5678566
gujarat,2026,1,district,vadodara district,2131647
gujarat,2026,1,district,rajkot district,1771030
gujarat,2026,1,district,gandhinagar district,1462040
gujarat,2026,1,district,kachchh district,1442061
gujarat,2026,1,district,bharuch district,1216696
gujarat,2026,1,district,valsad district,1210516
gujarat,2026,1,district,mahesana district,1150074
gujarat,2026,1,district,bhavnagar district,937105
gujarat,2026,2,district,ahmedabad district,6724772
gujarat,2026,2,district,surat district,5936087
gujarat,2026,2,district,vadodara district,2202693
gujarat,2026,2,district,rajkot district,1844876
gujarat,2026,2,district,kachchh district,1507864
gujarat,2026,2,district,gandhinagar district,1507310
gujarat,2026,2,district,bharuch district,1267931
gujarat,2026,2,district,valsad district,1252554
gujarat,2026,2,district,mahesana district,1174556
gujarat,2026,2,district,bhavnagar district,956952
haryana,2018,1,district,gurugram district,542519
haryana,2018,1,district,faridabad district,230349
haryana,2018,1,district,hisar district,116113
haryana,2018,1,district,sonipat district,92646
haryana,2018,1,district,rewari district,83945
haryana,2018,1,district,panipat district,81878
haryana,2018,1,district,karnal district,78257
haryana,2018,1,district,sirsa district,73933
haryana,2018,1,district,rohtak district,66834
haryana,2018,1,district,jhajjar district,61661
haryana,2018,2,district,gurugram district,704695
haryana,2018,2,district,faridabad district,303732
haryana,2018,2,district,hisar district,150620
haryana,2018,2,district,sonipat district,123632
haryana,2018,2,district,rewari district,110132
haryana,2018,2,district,panipat district,110072
haryana,2018,2,district,karnal district,104097
haryana,2018,2,district,sirsa district,96094
haryana,2018,2,district,rohtak district,88355
haryana,2018,2,district,jhajjar district,82553
haryana,2018,3,district,gurugram district,859195
haryana,2018,3,district,faridabad district,378649
haryana,2018,3,district,hisar district,177934
haryana,2018,3,district,sonipat district,152272
haryana,2018,3,district,rewari district,134003
haryana,2018,3,district,panipat district,133883
haryana,2018,3,district,karnal district,126873
haryana,2018,3,district,sirsa district,111634
haryana,2018,3,district,rohtak district,107091
haryana,2018,3,district,jhajjar district,101843
haryana,2018,4,district,gurugram district,1076594
haryana,2018,4,district,faridabad district,513495
haryana,2018,4,district,hisar district,211968
haryana,2018,4,district,sonipat district,190028
haryana,2018,4,district,rewari district,167530
haryana,2018,4,district,panipat district,164310
haryana,2018,4,district,karnal district,155068
haryana,2018,4,district,rohtak district,130822
haryana,2018,4,district,sirsa district,130086
haryana,2018,4,district,jhajjar district,128325
haryana,2019,1,district,gurugram district,1280853
haryana,2019,1,district,faridabad district,625101
haryana,2019,1,district,hisar district,245778
haryana,2019,1,district,sonipat district,228642
haryana,2019,1,district,rewari district,201500
haryana,2019,1,district,panipat district,194558
haryana,2019,1,district,karnal district,183383
haryana,2019,1,district,jhajjar district,155724
haryana,2019,1,district,rohtak district,154753
haryana,2019,1,district,sirsa district,148293
haryana,2019,2,district,gurugram district,1442137
haryana,2019,2,district,faridabad district,707938
haryana,2019,2,district,hisar district,279465
haryana,2019,2,district,sonipat district,262882
haryana,2019,2,district,rewari district,231356
haryana,2019,2,district,panipat district,222371
haryana,2019,2,district,karnal district,210477
haryana,2019,2,district,jhajjar district,179763
haryana,2019,2,district,rohtak district,177326
haryana,2019,2,district,palwal district,171679
haryana,2019,3,district,gurugram district,1597878
haryana,2019,3,district,faridabad district,785697
haryana,2019,3,district,hisar district,310233
haryana,2019,3,district,sonipat district,296856
haryana,2019,3,district,rewari district,259843
haryana,2019,3,district,panipat district,250536
haryana,2019,3,district,karnal district,239400
haryana,2019,3,district,jhajjar district,203035
haryana,2019,3,district,rohtak district,198927
haryana,2019,3,district,palwal district,194473
haryana,2019,4,district,gurugram district,1735780
haryana,2019,4,district,faridabad district,855383
haryana,2019,4,district,hisar district,340715
haryana,2019,4,district,sonipat district,328964
haryana,2019,4,district,rewari district,286235
haryana,2019,4,district,panipat district,278132
haryana,2019,4,district,karnal district,263706
haryana,2019,4,district,jhajjar district,224740
haryana,2019,4,district,rohtak district,218640
haryana,2019,4,district,palwal district,215571
haryana,2020,1,district,gurugram district,1872551
haryana,2020,1,district,faridabad district,927648
haryana,2020,1,district,hisar district,382803
haryana,2020,1,district,sonipat district,364978
haryana,2020,1,district,rewari district,314538
haryana,2020,1,district,panipat district,310131
haryana,2020,1,district,karnal district,291953
haryana,2020,1,district,jhajjar district,249254
haryana,2020,1,district,rohtak district,240574
haryana,2020,1,district,palwal district,238863
haryana,2020,2,district,gurugram district,1995134
haryana,2020,2,district,faridabad district,1002599
haryana,2020,2,district,hisar district,416473
haryana,2020,2,district,sonipat district,405528
haryana,2020,2,district,rewari district,345282
haryana,2020,2,district,panipat district,341879
haryana,2020,2,district,karnal district,322564
haryana,2020,2,district,jhajjar district,276265
haryana,2020,2,district,rohtak district,264554
haryana,2020,2,district,palwal district,264521
haryana,2020,3,district,gurugram district,2141816
haryana,2020,3,district,faridabad district,1083320
haryana,2020,3,district,hisar district,451853
haryana,2020,3,district,sonipat district,447816
haryana,2020,3,district,rewari district,377998
haryana,2020,3,district,panipat district,374756
haryana,2020,3,district,karnal district,352854
haryana,2020,3,district,jhajjar district,304916
haryana,2020,3,district,rohtak district,290526
haryana,2020,3,district,palwal district,289280
haryana,2020,4,district,gurugram district,2300487
haryana,2020,4,district,faridabad district,1166018
haryana,2020,4,district,sonipat district,489496
haryana,2020,4,district,hisar district,486723
haryana,2020,4,district,rewari district,408810
haryana,2020,4,district,panipat district,408246
haryana,2020,4,district,karnal district,382001
haryana,2020,4,district,jhajjar district,332792
haryana,2020,4,district,rohtak district,316024
haryana,2020,4,district,palwal district,313531
haryana,2021,1,district,gurugram district,2453163
haryana,2021,1,district,faridabad district,1245297
haryana,2021,1,district,sonipat district,526491
haryana,2021,1,district,hisar district,517848
haryana,2021,1,district,panipat district,438721
haryana,2021,1,district,rewari district,437524
haryana,2021,1,district,karnal district,406949
haryana,2021,1,district,jhajjar district,357549
haryana,2021,1,district,rohtak district,338120
haryana,2021,1,district,palwal district,337007
haryana,2021,2,district,gurugram district,2596191
haryana,2021,2,district,faridabad district,1320176
haryana,2021,2,district,sonipat district,563671
haryana,2021,2,district,hisar district,549253
haryana,2021,2,district,panipat district,468221
haryana,2021,2,district,rewari district,466218
haryana,2021,2,district,karnal district,432145
haryana,2021,2,district,jhajjar district,382563
haryana,2021,2,district,rohtak district,361200
haryana,2021,2,district,palwal district,359794
haryana,2021,3,district,gurugram district,2754963
haryana,2021,3,district,faridabad district,1400536
haryana,2021,3,district,sonipat district,603582
haryana,2021,3,district,hisar district,583159
haryana,2021,3,district,panipat district,500778
haryana,2021,3,district,rewari district,497050
haryana,2021,3,district,karnal district,458821
haryana,2021,3,district,jhajjar district,409866
haryana,2021,3,district,rohtak district,385731
haryana,2021,3,district,palwal district,384296
haryana,2021,4,district,gurugram district,2913851
haryana,2021,4,district,faridabad district,1482813
haryana,2021,4,district,sonipat district,643566
haryana,2021,4,district,hisar district,615517
haryana,2021,4,district,panipat district,533544
haryana,2021,4,district,rewari district,526000
haryana,2021,4,district,karnal district,484526
haryana,2021,4,district,jhajjar district,436630
haryana,2021,4,district,rohtak district,409373
haryana,2021,4,district,palwal district,408538
haryana,2022,1,district,gurugram district,3068056
haryana,2022,1,district,faridabad district,1564262
haryana,2022,1,district,sonipat district,684637
haryana,2022,1,district,hisar district,647800
haryana,2022,1,district,panipat district,567271
haryana,2022,1,district,rewari district,554308
haryana,2022,1,district,karnal district,510957
haryana,2022,1,district,jhajjar district,463215
haryana,2022,1,district,palwal district,433277
haryana,2022,1,district,rohtak district,432695
haryana,2022,2,district,gurugram district,3210551
haryana,2022,2,district,faridabad district,1636959
haryana,2022,2,district,sonipat district,721823
haryana,2022,2,district,hisar district,677444
haryana,2022,2,district,panipat district,597118
haryana,2022,2,district,rewari district,580683
haryana,2022,2,district,karnal district,534921
haryana,2022,2,district,jhajjar district,488077
haryana,2022,2,district,palwal district,454757
haryana,2022,2,district,rohtak district,454409
haryana,2022,3,district,gurugram district,3358651
haryana,2022,3,district,faridabad district,1711501
haryana,2022,3,district,sonipat district,761937
haryana,2022,3,district,hisar district,708790
haryana,2022,3,district,panipat district,629467
haryana,2022,3,district,rewari district,607923
haryana,2022,3,district,karnal district,560853
haryana,2022,3,district,jhajjar district,513804
haryana,2022,3,district,palwal district,477968
haryana,2022,3,district,rohtak district,477156
haryana,2022,4,district,gurugram district,3497063
haryana,2022,4,district,faridabad district,1783213
haryana,2022,4,district,sonipat district,799981
haryana,2022,4,district,hisar district,736616
haryana,2022,4,district,panipat district,659960
haryana,2022,4,district,rewari district,632949
haryana,2022,4,district,karnal district,584485
haryana,2022,4,district,jhajjar district,538077
haryana,2022,4,district,palwal district,499095
haryana,2022,4,district,rohtak district,498190
haryana,2023,1,district,gurugram district,3626749
haryana,2023,1,district,faridabad district,1851910
haryana,2023,1,district,sonipat district,837611
haryana,2023,1,district,hisar district,765323
haryana,2023,1,district,panipat district,690534
haryana,2023,1,district,rewari district,657164
haryana,2023,1,district,karnal district,608041
haryana,2023,1,district,jhajjar district,561865
haryana,2023,1,district,palwal district,520960
haryana,2023,1,district,rohtak district,518786
haryana,2023,2,district,gurugram district,3746263
haryana,2023,2,district,faridabad district,1914678
haryana,2023,2,district,sonipat district,871839
haryana,2023,2,district,hisar district,790803
haryana,2023,2,district,panipat district,718687
haryana,2023,2,district,rewari district,680168
haryana,2023,2,district,karnal district,630274
haryana,2023,2,district,jhajjar district,584483
haryana,2023,2,district,palwal district,540446
haryana,2023,2,district,rohtak district,537861
haryana,2023,3,district,gurugram district,3861840
haryana,2023,3,district,faridabad district,1975616
haryana,2023,3,district,sonipat district,907185
haryana,2023,3,district,hisar district,817271
haryana,2023,3,district,panipat district,748635
haryana,2023,3,district,rewari district,702859
haryana,2023,3,district,karnal district,652772
haryana,2023,3,district,jhajjar district,607598
haryana,2023,3,district,palwal district,560257
haryana,2023,3,district,rohtak district,557313
haryana,2023,4,district,gurugram district,3972323
haryana,2023,4,district,faridabad district,2038427
haryana,2023,4,district,sonipat district,943557
haryana,2023,4,district,hisar district,842514
haryana,2023,4,district,panipat district,779807
haryana,2023,4,district,rewari district,723894
haryana,2023,4,district,karnal district,675368
haryana,2023,4,district,jhajjar district,630140
haryana,2023,4,district,palwal district,581682
haryana,2023,4,district,rohtak district,576981
haryana,2024,1,district,gurugram district,4109945
haryana,2024,1,district,faridabad district,2118654
haryana,2024,1,district,sonipat district,986926
haryana,2024,1,district,hisar district,870278
haryana,2024,1,district,panipat district,816286
haryana,2024,1,district,rewari district,748102
haryana,2024,1,district,karnal district,702958
haryana,2024,1,district,jhajjar district,656584
haryana,2024,1,district,palwal district,605283
haryana,2024,1,district,nuh district,600239
haryana,2024,2,district,gurugram district,4245511
haryana,2024,2,district,faridabad district,2199318
haryana,2024,2,district,sonipat district,1029346
haryana,2024,2,district,hisar district,902109
haryana,2024,2,district,panipat district,850820
haryana,2024,2,district,rewari district,773254
haryana,2024,2,district,karnal district,730273
haryana,2024,2,district,jhajjar district,683357
haryana,2024,2,district,nuh district,630875
haryana,2024,2,district,palwal district,628007
haryana,2024,3,district,gurugram district,4376383
haryana,2024,3,district,faridabad district,2274083
haryana,2024,3,district,sonipat district,1071529
haryana,2024,3,district,hisar district,934152
haryana,2024,3,district,panipat district,884550
haryana,2024,3,district,rewari district,797816
haryana,2024,3,district,karnal district,757451
haryana,2024,3,district,jhajjar district,709610
haryana,2024,3,district,nuh district,662592
haryana,2024,3,district,palwal district,650561
haryana,2024,4,district,gurugram district,4506387
haryana,2024,4,district,faridabad district,2345679
haryana,2024,4,district,sonipat district,1109189
haryana,2024,4,district,hisar district,962598
haryana,2024,4,district,panipat district,914713
haryana,2024,4,district,rewari district,821947
haryana,2024,4,district,karnal district,781239
haryana,2024,4,district,jhajjar district,733311
haryana,2024,4,district,nuh district,686599
haryana,2024,4,district,palwal district,672311
haryana,2025,1,district,gurugram district,4635231
haryana,2025,1,district,faridabad district,2415848
haryana,2025,1,district,sonipat district,1147542
haryana,2025,1,district,hisar district,991560
haryana,2025,1,district,panipat district,946319
haryana,2025,1,district,rewari district,846112
haryana,2025,1,district,karnal district,805517
haryana,2025,1,district,jhajjar district,757263
haryana,2025,1,district,nuh district,713790
haryana,2025,1,district,palwal district,694609
haryana,2025,2,district,gurugram district,4760259
haryana,2025,2,district,faridabad district,2484460
haryana,2025,2,district,sonipat district,1183464
haryana,2025,2,district,hisar district,1019176
haryana,2025,2,district,panipat district,975536
haryana,2025,2,district,rewari district,869676
haryana,2025,2,district,karnal district,828515
haryana,2025,2,district,jhajjar district,779958
haryana,2025,2,district,nuh district,736173
haryana,2025,2,district,palwal district,715249
haryana,2025,3,district,gurugram district,4880312
haryana,2025,3,district,faridabad district,2552410
haryana,2025,3,district,sonipat district,1220800
haryana,2025,3,district,hisar district,1048066
haryana,2025,3,district,panipat district,1005032
haryana,2025,3,district,rewari district,892983
haryana,2025,3,district,karnal district,852558
haryana,2025,3,district,jhajjar district,803637
haryana,2025,3,district,nuh district,765764
haryana,2025,3,district,palwal district,739099
haryana,2025,4,district,gurugram district,4992390
haryana,2025,4,district,faridabad district,2618131
haryana,2025,4,district,sonipat district,1257789
haryana,2025,4,district,hisar district,1075049
haryana,2025,4,district,panipat district,1035873
haryana,2025,4,district,rewari district,913359
haryana,2025,4,district,karnal district,875960
haryana,2025,4,district,jhajjar district,825926
haryana,2025,4,district,nuh district,797133
haryana,2025,4,district,palwal district,760211
haryana,2026,1,district,gurugram district,5103569
haryana,2026,1,district,faridabad district,2682683
haryana,2026,1,district,sonipat district,1292309
haryana,2026,1,district,hisar district,1101021
haryana,2026,1,district,panipat district,1064781
haryana,2026,1,district,rewari district,933311
haryana,2026,1,district,karnal district,898384
haryana,2026,1,district,jhajjar district,846998
haryana,2026,1,district,nuh district,829734
haryana,2026,1,district,palwal district,780396
haryana,2026,2,district,gurugram district,5282943
haryana,2026,2,district,faridabad district,2760927
haryana,2026,2,district,sonipat district,1337266
haryana,2026,2,district,hisar district,1127535
haryana,2026,2,district,panipat district,1103364
haryana,2026,2,district,rewari district,959217
haryana,2026,2,district,karnal district,925983
haryana,2026,2,district,jhajjar district,876045
haryana,2026,2,district,nuh district,858037
haryana,2026,2,district,palwal district,797664
himachal-pradesh,2018,1,district,solan district,45062
himachal-pradesh,2018,1,district,kangra district,41451
himachal-pradesh,2018,1,district,shimla district,28672
himachal-pradesh,2018,1,district,mandi district,25113
himachal-pradesh,2018,1,district,kullu district,21264
himachal-pradesh,2018,1,district,sirmaur district,16307
himachal-pradesh,2018,1,district,hamirpur district,14957
himachal-pradesh,2018,1,district,una district,13939
himachal-pradesh,2018,1,district,bilaspur district,11891
himachal-pradesh,2018,1,district,chamba district,8662
himachal-pradesh,2018,2,district,solan district,62440
himachal-pradesh,2018,2,district,kangra district,57416
himachal-pradesh,2018,2,district,shimla district,39230
himachal-pradesh,2018,2,district,mandi district,34735
himachal-pradesh,2018,2,district,kullu district,28587
himachal-pradesh,2018,2,district,sirmaur district,23024
himachal-pradesh,2018,2,district,hamirpur district,20548
himachal-pradesh,2018,2,district,una district,19424
himachal-pradesh,2018,2,district,bilaspur district,16411
himachal-pradesh,2018,2,district,chamba district,12214
himachal-pradesh,2018,3,district,solan district,80432
himachal-pradesh,2018,3,district,kangra district,73906
himachal-pradesh,2018,3,district,shimla district,50180
himachal-pradesh,2018,3,district,mandi district,44063
himachal-pradesh,2018,3,district,kullu district,35371
himachal-pradesh,2018,3,district,sirmaur district,29675
himachal-pradesh,2018,3,district,hamirpur district,26618
himachal-pradesh,2018,3,district,una district,25383
himachal-pradesh,2018,3,district,bilaspur district,20699
himachal-pradesh,2018,3,district,chamba district,15812
himachal-pradesh,2018,4,district,solan district,104458
himachal-pradesh,2018,4,district,kangra district,97082
himachal-pradesh,2018,4,district,shimla district,65497
himachal-pradesh,2018,4,district,mandi district,57207
himachal-pradesh,2018,4,district,kullu district,45165
himachal-pradesh,2018,4,district,sirmaur district,39564
himachal-pradesh,2018,4,district,hamirpur district,34510
himachal-pradesh,2018,4,district,una district,33263
himachal-pradesh,2018,4,district,bilaspur district,26646
himachal-pradesh,2018,4,district,chamba district,21312
himachal-pradesh,2019,1,district,solan district,129200
himachal-pradesh,2019,1,district,kangra district,119573
himachal-pradesh,2019,1,district,shimla district,81884
himachal-pradesh,2019,1,district,mandi district,71065
himachal-pradesh,2019,1,district,kullu district,55759
himachal-pradesh,2019,1,district,sirmaur district,49311
himachal-pradesh,2019,1,district,hamirpur district,42345
himachal-pradesh,2019,1,district,una district,40938
himachal-pradesh,2019,1,district,bilaspur district,32690
himachal-pradesh,2019,1,district,chamba district,27168
himachal-pradesh,2019,2,district,solan district,149715
himachal-pradesh,2019,2,district,kangra district,144029
himachal-pradesh,2019,2,district,shimla district,97244
himachal-pradesh,2019,2,district,mandi district,83812
himachal-pradesh,2019,2,district,kullu district,65288
himachal-pradesh,2019,2,district,sirmaur district,57402
himachal-pradesh,2019,2,district,hamirpur district,49569
himachal-pradesh,2019,2,district,una district,48088
himachal-pradesh,2019,2,district,bilaspur district,38137
himachal-pradesh,2019,2,district,chamba district,32709
himachal-pradesh,2019,3,district,solan district,169516
himachal-pradesh,2019,3,district,kangra district,166102
himachal-pradesh,2019,3,district,shimla district,112064
himachal-pradesh,2019,3,district,mandi district,96319
himachal-pradesh,2019,3,district,kullu district,74231
himachal-pradesh,2019,3,district,sirmaur district,65217
himachal-pradesh,2019,3,district,hamirpur district,56935
himachal-pradesh,2019,3,district,una district,55113
himachal-pradesh,2019,3,district,bilaspur district,43520
himachal-pradesh,2019,3,district,chamba district,37715
himachal-pradesh,2019,4,district,solan district,189644
himachal-pradesh,2019,4,district,kangra district,186749
himachal-pradesh,2019,4,district,shimla district,126584
himachal-pradesh,2019,4,district,mandi district,108186
himachal-pradesh,2019,4,district,kullu district,83084
himachal-pradesh,2019,4,district,sirmaur district,73244
himachal-pradesh,2019,4,district,hamirpur district,63832
himachal-pradesh,2019,4,district,una district,61701
himachal-pradesh,2019,4,district,bilaspur district,48709
himachal-pradesh,2019,4,district,chamba district,43154
himachal-pradesh,2020,1,district,kangra district,211816
himachal-pradesh,2020,1,district,solan district,211602
himachal-pradesh,2020,1,district,shimla district,142603
himachal-pradesh,2020,1,district,mandi district,122451
himachal-pradesh,2020,1,district,kullu district,92467
himachal-pradesh,2020,1,district,sirmaur district,82584
himachal-pradesh,2020,1,district,hamirpur district,71497
himachal-pradesh,2020,1,district,una district,69516
himachal-pradesh,2020,1,district,bilaspur district,54587
himachal-pradesh,2020,1,district,chamba district,49796
himachal-pradesh,2020,2,district,kangra district,242086
himachal-pradesh,2020,2,district,solan district,234787
himachal-pradesh,2020,2,district,shimla district,159220
himachal-pradesh,2020,2,district,mandi district,139291
himachal-pradesh,2020,2,district,kullu district,101465
himachal-pradesh,2020,2,district,sirmaur district,93140
himachal-pradesh,2020,2,district,hamirpur district,81374
himachal-pradesh,2020,2,district,una district,79154
himachal-pradesh,2020,2,district,bilaspur district,61419
himachal-pradesh,2020,2,district,chamba district,57610
himachal-pradesh,2020,3,district,kangra district,268572
himachal-pradesh,2020,3,district,solan district,256754
himachal-pradesh,2020,3,district,shimla district,175622
himachal-pradesh,2020,3,district,mandi district,154639
himachal-pradesh,2020,3,district,kullu district,110934
himachal-pradesh,2020,3,district,sirmaur district,103261
himachal-pradesh,2020,3,district,hamirpur district,90407
himachal-pradesh,2020,3,district,una district,87292
himachal-pradesh,2020,3,district,bilaspur district,67709
himachal-pradesh,2020,3,district,chamba district,64397
himachal-pradesh,2020,4,district,kangra district,291934
himachal-pradesh,2020,4,district,solan district,279271
himachal-pradesh,2020,4,district,shimla district,192052
himachal-pradesh,2020,4,district,mandi district,168606
himachal-pradesh,2020,4,district,kullu district,121039
himachal-pradesh,2020,4,district,sirmaur district,113036
himachal-pradesh,2020,4,district,hamirpur district,98045
himachal-pradesh,2020,4,district,una district,94510
himachal-pradesh,2020,4,district,bilaspur district,73446
himachal-pradesh,2020,4,district,chamba district,71024
himachal-pradesh,2021,1,district,kangra district,311462
himachal-pradesh,2021,1,district,solan district,298779
himachal-pradesh,2021,1,district,shimla district,204500
himachal-pradesh,2021,1,district,mandi district,179449
himachal-pradesh,2021,1,district,kullu district,129444
himachal-pradesh,2021,1,district,sirmaur district,121681
himachal-pradesh,2021,1,district,hamirpur district,104247
himachal-pradesh,2021,1,district,una district,100683
himachal-pradesh,2021,1,district,bilaspur district,78198
himachal-pradesh,2021,1,district,chamba district,76541
himachal-pradesh,2021,2,district,kangra district,330643
himachal-pradesh,2021,2,district,solan district,317156
himachal-pradesh,2021,2,district,shimla district,216626
himachal-pradesh,2021,2,district,mandi district,190266
himachal-pradesh,2021,2,district,kullu district,137232
himachal-pradesh,2021,2,district,sirmaur district,129741
himachal-pradesh,2021,2,district,hamirpur district,110955
himachal-pradesh,2021,2,district,una district,107235
himachal-pradesh,2021,2,district,bilaspur district,82951
himachal-pradesh,2021,2,district,chamba district,81990
himachal-pradesh,2021,3,district,kangra district,350767
himachal-pradesh,2021,3,district,solan district,336700
himachal-pradesh,2021,3,district,shimla district,228826
himachal-pradesh,2021,3,district,mandi district,201201
himachal-pradesh,2021,3,district,kullu district,145458
himachal-pradesh,2021,3,district,sirmaur district,138359
himachal-pradesh,2021,3,district,hamirpur district,117446
himachal-pradesh,2021,3,district,una district,114058
himachal-pradesh,2021,3,district,bilaspur district,87673
himachal-pradesh,2021,3,district,chamba district,87544
himachal-pradesh,2021,4,district,kangra district,370426
himachal-pradesh,2021,4,district,solan district,356312
himachal-pradesh,2021,4,district,shimla district,241085
himachal-pradesh,2021,4,district,mandi district,211821
himachal-pradesh,2021,4,district,kullu district,153721
himachal-pradesh,2021,4,district,sirmaur district,146659
himachal-pradesh,2021,4,district,hamirpur district,123523
himachal-pradesh,2021,4,district,una district,120660
himachal-pradesh,2021,4,district,chamba district,93000
himachal-pradesh,2021,4,district,bilaspur district,92232
himachal-pradesh,2022,1,district,kangra district,389140
himachal-pradesh,2022,1,district,solan district,375806
himachal-pradesh,2022,1,district,shimla district,252639
himachal-pradesh,2022,1,district,mandi district,221815
himachal-pradesh,2022,1,district,kullu district,161630
himachal-pradesh,2022,1,district,sirmaur district,154921
himachal-pradesh,2022,1,district,hamirpur district,129199
himachal-pradesh,2022,1,district,una district,127026
himachal-pradesh,2022,1,district,chamba district,98457
himachal-pradesh,2022,1,district,bilaspur district,96546
himachal-pradesh,2022,2,district,kangra district,407134
himachal-pradesh,2022,2,district,solan district,394010
himachal-pradesh,2022,2,district,shimla district,263764
himachal-pradesh,2022,2,district,mandi district,231520
himachal-pradesh,2022,2,district,kullu district,169236
himachal-pradesh,2022,2,district,sirmaur district,162856
himachal-pradesh,2022,2,district,hamirpur district,134962
himachal-pradesh,2022,2,district,una district,133118
himachal-pradesh,2022,2,district,chamba district,103602
himachal-pradesh,2022,2,district,bilaspur district,100656
himachal-pradesh,2022,3,district,kangra district,425244
himachal-pradesh,2022,3,district,solan district,413167
himachal-pradesh,2022,3,district,shimla district,274924
himachal-pradesh,2022,3,district,mandi district,241432
himachal-pradesh,2022,3,district,kullu district,176691
himachal-pradesh,2022,3,district,sirmaur district,171403
himachal-pradesh,2022,3,district,hamirpur district,140785
himachal-pradesh,2022,3,district,una district,139687
himachal-pradesh,2022,3,district,chamba district,108619
himachal-pradesh,2022,3,district,bilaspur district,104890
himachal-pradesh,2022,4,district,kangra district,442114
himachal-pradesh,2022,4,district,solan district,431543
himachal-pradesh,2022,4,district,shimla district,285586
himachal-pradesh,2022,4,district,mandi district,250081
himachal-pradesh,2022,4,district,kullu district,183460
himachal-pradesh,2022,4,district,sirmaur district,179312
himachal-pradesh,2022,4,district,hamirpur district,146067
himachal-pradesh,2022,4,district,una district,145329
himachal-pradesh,2022,4,district,chamba district,113724
himachal-pradesh,2022,4,district,bilaspur district,108730
himachal-pradesh,2023,1,district,kangra district,458162
himachal-pradesh,2023,1,district,solan district,448892
himachal-pradesh,2023,1,district,shimla district,295322
himachal-pradesh,2023,1,district,mandi district,258556
himachal-pradesh,2023,1,district,kullu district,189917
himachal-pradesh,2023,1,district,sirmaur district,186544
himachal-pradesh,2023,1,district,hamirpur district,151029
himachal-pradesh,2023,1,district,una district,151020
himachal-pradesh,2023,1,district,chamba district,118677
himachal-pradesh,2023,1,district,bilaspur district,112144
himachal-pradesh,2023,2,district,kangra district,473760
himachal-pradesh,2023,2,district,solan district,465105
himachal-pradesh,2023,2,district,shimla district,304453
himachal-pradesh,2023,2,district,mandi district,266509
himachal-pradesh,2023,2,district,kullu district,195923
himachal-pradesh,2023,2,district,sirmaur district,193345
himachal-pradesh,2023,2,district,una district,156481
himachal-pradesh,2023,2,district,hamirpur district,155921
himachal-pradesh,2023,2,district,chamba district,123488
himachal-pradesh,2023,2,district,bilaspur district,115512
himachal-pradesh,2023,3,district,kangra district,489561
himachal-pradesh,2023,3,district,solan district,481354
himachal-pradesh,2023,3,district,shimla district,313771
himachal-pradesh,2023,3,district,mandi district,274500
himachal-pradesh,2023,3,district,kullu district,201314
himachal-pradesh,2023,3,district,sirmaur district,200443
himachal-pradesh,2023,3,district,una district,162201
himachal-pradesh,2023,3,district,hamirpur district,160822
himachal-pradesh,2023,3,district,chamba district,127853
himachal-pradesh,2023,3,district,bilaspur district,119014
himachal-pradesh,2023,4,district,kangra district,506736
himachal-pradesh,2023,4,district,solan district,498957
himachal-pradesh,2023,4,district,shimla district,324906
himachal-pradesh,2023,4,district,mandi district,283990
himachal-pradesh,2023,4,district,sirmaur district,208266
himachal-pradesh,2023,4,district,kullu district,208251
himachal-pradesh,2023,4,district,una district,168168
himachal-pradesh,2023,4,district,hamirpur district,166443
himachal-pradesh,2023,4,district,chamba district,133272
himachal-pradesh,2023,4,district,bilaspur district,122967
himachal-pradesh,2024,1,district,kangra district,526386
himachal-pradesh,2024,1,district,solan district,518813
himachal-pradesh,2024,1,district,shimla district,337727
himachal-pradesh,2024,1,district,mandi district,294891
himachal-pradesh,2024,1,district,sirmaur district,217032
himachal-pradesh,2024,1,district,kullu district,216549
himachal-pradesh,2024,1,district,una district,175334
himachal-pradesh,2024,1,district,hamirpur district,172547
himachal-pradesh,2024,1,district,chamba district,139651
himachal-pradesh,2024,1,district,bilaspur district,127411
himachal-pradesh,2024,2,district,kangra district,549068
himachal-pradesh,2024,2,district,solan district,539653
himachal-pradesh,2024,2,district,shimla district,351965
himachal-pradesh,2024,2,district,mandi district,307884
himachal-pradesh,2024,2,district,kullu district,226671
himachal-pradesh,2024,2,district,sirmaur district,226405
himachal-pradesh,2024,2,district,una district,183392
himachal-pradesh,2024,2,district,hamirpur district,179421
himachal-pradesh,2024,2,district,chamba district,147488
himachal-pradesh,2024,2,district,bilaspur district,132974
himachal-pradesh,2024,3,district,kangra district,569014
himachal-pradesh,2024,3,district,solan district,559135
himachal-pradesh,2024,3,district,shimla district,365178
himachal-pradesh,2024,3,district,mandi district,319684
himachal-pradesh,2024,3,district,kullu district,235326
himachal-pradesh,2024,3,district,sirmaur district,235178
himachal-pradesh,2024,3,district,una district,190620
himachal-pradesh,2024,3,district,hamirpur district,185994
himachal-pradesh,2024,3,district,chamba district,152982
himachal-pradesh,2024,3,district,bilaspur district,137615
himachal-pradesh,2024,4,district,kangra district,584987
himachal-pradesh,2024,4,district,solan district,576259
himachal-pradesh,2024,4,district,shimla district,375186
himachal-pradesh,2024,4,district,mandi district,328269
himachal-pradesh,2024,4,district,kullu district,242306
himachal-pradesh,2024,4,district,sirmaur district,242280
himachal-pradesh,2024,4,district,una district,196310
himachal-pradesh,2024,4,district,hamirpur district,191068
himachal-pradesh,2024,4,district,chamba district,157458
himachal-pradesh,2024,4,district,bilaspur district,141151
himachal-pradesh,2025,1,district,kangra district,601114
himachal-pradesh,2025,1,district,solan district,593523
himachal-pradesh,2025,1,district,shimla district,385483
himachal-pradesh,2025,1,district,mandi district,337008
himachal-pradesh,2025,1,district,sirmaur district,249546
himachal-pradesh,2025,1,district,kullu district,249469
himachal-pradesh,2025,1,district,una district,201998
himachal-pradesh,2025,1,district,hamirpur district,196138
himachal-pradesh,2025,1,district,chamba district,162113
himachal-pradesh,2025,1,district,bilaspur district,144767
himachal-pradesh,2025,2,district,kangra district,616673
himachal-pradesh,2025,2,district,solan district,610077
himachal-pradesh,2025,2,district,shimla district,395077
himachal-pradesh,2025,2,district,mandi district,345223
himachal-pradesh,2025,2,district,sirmaur district,256486
himachal-pradesh,2025,2,district,kullu district,256051
himachal-pradesh,2025,2,district,una district,207510
himachal-pradesh,2025,2,district,hamirpur district,201019
himachal-pradesh,2025,2,district,chamba district,166335
himachal-pradesh,2025,2,district,bilaspur district,148213
himachal-pradesh,2025,3,district,kangra district,632328
himachal-pradesh,2025,3,district,solan district,627048
himachal-pradesh,2025,3,district,shimla district,404714
himachal-pradesh,2025,3,district,mandi district,353866
himachal-pradesh,2025,3,district,sirmaur district,263970
himachal-pradesh,2025,3,district,kullu district,261672
himachal-pradesh,2025,3,district,una district,213435
himachal-pradesh,2025,3,district,hamirpur district,206429
himachal-pradesh,2025,3,district,chamba district,170221
himachal-pradesh,2025,3,district,bilaspur district,152340
himachal-pradesh,2025,4,district,kangra district,648349
himachal-pradesh,2025,4,district,solan district,644048
himachal-pradesh,2025,4,district,shimla district,415756
himachal-pradesh,2025,4,district,mandi district,362924
himachal-pradesh,2025,4,district,sirmaur district,271495
himachal-pradesh,2025,4,district,kullu district,268839
himachal-pradesh,2025,4,district,una district,219283
himachal-pradesh,2025,4,district,hamirpur district,211539
himachal-pradesh,2025,4,district,chamba district,174589
himachal-pradesh,2025,4,district,bilaspur district,155973
himachal-pradesh,2026,1,district,kangra district,663905
himachal-pradesh,2026,1,district,solan district,660245
himachal-pradesh,2026,1,district,shimla district,426075
himachal-pradesh,2026,1,district,mandi district,371900
himachal-pradesh,2026,1,district,sirmaur district,278577
himachal-pradesh,2026,1,district,kullu district,276186
himachal-pradesh,2026,1,district,una district,224843
himachal-pradesh,2026,1,district,hamirpur district,216250
himachal-pradesh,2026,1,district,chamba district,178960
himachal-pradesh,2026,1,district,bilaspur district,159306
himachal-pradesh,2026,2,district,solan district,679941
himachal-pradesh,2026,2,district,kangra district,678305
himachal-pradesh,2026,2,district,shimla district,434661
himachal-pradesh,2026,2,district,mandi district,378762
himachal-pradesh,2026,2,district,sirmaur district,286899
himachal-pradesh,2026,2,district,kullu district,266297
himachal-pradesh,2026,2,district,una district,229301
himachal-pradesh,2026,2,district,hamirpur district,220830
himachal-pradesh,2026,2,district,chamba district,182594
himachal-pradesh,2026,2,district,bilaspur district,162388
jammu-&-kashmir,2018,1,district,jammu district,52706
jammu-&-kashmir,2018,1,district,srinagar district,33795
jammu-&-kashmir,2018,1,district,baramulla district,24965
jammu-&-kashmir,2018,1,district,anantnag district,20034
jammu-&-kashmir,2018,1,district,budgam district,16003
jammu-&-kashmir,2018,1,district,pulwama district,12107
jammu-&-kashmir,2018,1,district,kupwara district,10890
jammu-&-kashmir,2018,1,district,kathua district,10755
jammu-&-kashmir,2018,1,district,udhampur district,10255
jammu-&-kashmir,2018,1,district,samba district,9708
jammu-&-kashmir,2018,2,district,jammu district,75552
jammu-&-kashmir,2018,2,district,srinagar district,49114
jammu-&-kashmir,2018,2,district,baramulla district,39626
jammu-&-kashmir,2018,2,district,anantnag district,28698
jammu-&-kashmir,2018,2,district,budgam district,24393
jammu-&-kashmir,2018,2,district,pulwama district,17262
jammu-&-kashmir,2018,2,district,kupwara district,17175
jammu-&-kashmir,2018,2,district,kathua district,15807
jammu-&-kashmir,2018,2,district,udhampur district,14778
jammu-&-kashmir,2018,2,district,samba district,14052
jammu-&-kashmir,2018,3,district,jammu district,98768
jammu-&-kashmir,2018,3,district,srinagar district,61446
jammu-&-kashmir,2018,3,district,baramulla district,46128
jammu-&-kashmir,2018,3,district,anantnag district,34315
jammu-&-kashmir,2018,3,district,budgam district,29342
jammu-&-kashmir,2018,3,district,kupwara district,22077
jammu-&-kashmir,2018,3,district,pulwama district,20835
jammu-&-kashmir,2018,3,district,kathua district,20530
jammu-&-kashmir,2018,3,district,udhampur district,19225
jammu-&-kashmir,2018,3,district,samba district,18497
jammu-&-kashmir,2018,4,district,jammu district,128457
jammu-&-kashmir,2018,4,district,srinagar district,76181
jammu-&-kashmir,2018,4,district,baramulla district,55062
jammu-&-kashmir,2018,4,district,anantnag district,41306
jammu-&-kashmir,2018,4,district,budgam district,36061
jammu-&-kashmir,2018,4,district,kupwara district,28420
jammu-&-kashmir,2018,4,district,kathua district,26931
jammu-&-kashmir,2018,4,district,pulwama district,25203
jammu-&-kashmir,2018,4,district,udhampur district,25109
jammu-&-kashmir,2018,4,district,samba district,24454
jammu-&-kashmir,2019,1,district,jammu district,154431
jammu-&-kashmir,2019,1,district,srinagar district,91672
jammu-&-kashmir,2019,1,district,baramulla district,66427
jammu-&-kashmir,2019,1,district,anantnag district,51445
jammu-&-kashmir,2019,1,district,budgam district,45203
jammu-&-kashmir,2019,1,district,kupwara district,36038
jammu-&-kashmir,2019,1,district,kathua district,32938
jammu-&-kashmir,2019,1,district,pulwama district,31405
jammu-&-kashmir,2019,1,district,udhampur district,30591
jammu-&-kashmir,2019,1,district,samba district,29949
jammu-&-kashmir,2019,2,district,jammu district,182685
jammu-&-kashmir,2019,2,district,srinagar district,105246
jammu-&-kashmir,2019,2,district,baramulla district,76592
jammu-&-kashmir,2019,2,district,anantnag district,59020
jammu-&-kashmir,2019,2,district,budgam district,52128
jammu-&-kashmir,2019,2,district,kupwara district,42853
jammu-&-kashmir,2019,2,district,kathua district,38630
jammu-&-kashmir,2019,2,district,pulwama district,36037
jammu-&-kashmir,2019,2,district,samba district,35623
jammu-&-kashmir,2019,2,district,udhampur district,35534
jammu-&-kashmir,2019,3,district,jammu district,195601
jammu-&-kashmir,2019,3,district,srinagar district,110132
jammu-&-kashmir,2019,3,district,baramulla district,79037
jammu-&-kashmir,2019,3,district,anantnag district,61089
jammu-&-kashmir,2019,3,district,budgam district,54114
jammu-&-kashmir,2019,3,district,kupwara district,45497
jammu-&-kashmir,2019,3,district,kathua district,41468
jammu-&-kashmir,2019,3,district,samba district,38284
jammu-&-kashmir,2019,3,district,udhampur district,37950
jammu-&-kashmir,2019,3,district,pulwama district,37429
jammu-&-kashmir,2019,4,district,jammu district,202280
jammu-&-kashmir,2019,4,district,srinagar district,112724
jammu-&-kashmir,2019,4,district,baramulla district,79921
jammu-&-kashmir,2019,4,district,anantnag district,61860
jammu-&-kashmir,2019,4,district,budgam district,54964
jammu-&-kashmir,2019,4,district,kupwara district,46703
jammu-&-kashmir,2019,4,district,kathua district,43158
jammu-&-kashmir,2019,4,district,samba district,39653
jammu-&-kashmir,2019,4,district,udhampur district,39355
jammu-&-kashmir,2019,4,district,pulwama district,37988
jammu-&-kashmir,2020,1,district,jammu district,219685
jammu-&-kashmir,2020,1,district,srinagar district,120629
jammu-&-kashmir,2020,1,district,baramulla district,84961
jammu-&-kashmir,2020,1,district,anantnag district,65951
jammu-&-kashmir,2020,1,district,budgam district,58655
jammu-&-kashmir,2020,1,district,kupwara district,50975
jammu-&-kashmir,2020,1,district,kathua district,47578
jammu-&-kashmir,2020,1,district,samba district,43500
jammu-&-kashmir,2020,1,district,udhampur district,43035
jammu-&-kashmir,2020,1,district,pulwama district,40729
jammu-&-kashmir,2020,2,district,jammu district,250290
jammu-&-kashmir,2020,2,district,srinagar district,131600
jammu-&-kashmir,2020,2,district,baramulla district,92721
jammu-&-kashmir,2020,2,district,anantnag district,72104
jammu-&-kashmir,2020,2,district,budgam district,64061
jammu-&-kashmir,2020,2,district,kupwara district,56773
jammu-&-kashmir,2020,2,district,kathua district,55216
jammu-&-kashmir,2020,2,district,samba district,50392
jammu-&-kashmir,2020,2,district,udhampur district,49820
jammu-&-kashmir,2020,2,district,pulwama district,44565
jammu-&-kashmir,2020,3,district,jammu district,279934
jammu-&-kashmir,2020,3,district,srinagar district,143817
jammu-&-kashmir,2020,3,district,baramulla district,100618
jammu-&-kashmir,2020,3,district,anantnag district,78300
jammu-&-kashmir,2020,3,district,budgam district,69184
jammu-&-kashmir,2020,3,district,kupwara district,62961
jammu-&-kashmir,2020,3,district,kathua district,61897
jammu-&-kashmir,2020,3,district,samba district,56583
jammu-&-kashmir,2020,3,district,udhampur district,55886
jammu-&-kashmir,2020,3,district,rajouri district,49903
jammu-&-kashmir,2020,4,district,jammu district,314872
jammu-&-kashmir,2020,4,district,srinagar district,160257
jammu-&-kashmir,2020,4,district,baramulla district,111992
jammu-&-kashmir,2020,4,district,anantnag district,86848
jammu-&-kashmir,2020,4,district,budgam district,76227
jammu-&-kashmir,2020,4,district,kupwara district,71337
jammu-&-kashmir,2020,4,district,kathua district,69219
jammu-&-kashmir,2020,4,district,samba district,63122
jammu-&-kashmir,2020,4,district,udhampur district,62919
jammu-&-kashmir,2020,4,district,rajouri district,55652
jammu-&-kashmir,2021,1,district,jammu district,347159
jammu-&-kashmir,2021,1,district,srinagar district,177158
jammu-&-kashmir,2021,1,district,baramulla district,124317
jammu-&-kashmir,2021,1,district,anantnag district,97270
jammu-&-kashmir,2021,1,district,budgam district,84591
jammu-&-kashmir,2021,1,district,kupwara district,80177
jammu-&-kashmir,2021,1,district,kathua district,76354
jammu-&-kashmir,2021,1,district,udhampur district,69608
jammu-&-kashmir,2021,1,district,samba district,69525
jammu-&-kashmir,2021,1,district,rajouri district,61498
jammu-&-kashmir,2021,2,district,jammu district,380033
jammu-&-kashmir,2021,2,district,srinagar district,193284
jammu-&-kashmir,2021,2,district,baramulla district,135568
jammu-&-kashmir,2021,2,district,anantnag district,107215
jammu-&-kashmir,2021,2,district,budgam district,91777
jammu-&-kashmir,2021,2,district,kupwara district,88161
jammu-&-kashmir,2021,2,district,kathua district,83729
jammu-&-kashmir,2021,2,district,udhampur district,76654
jammu-&-kashmir,2021,2,district,samba district,76318
jammu-&-kashmir,2021,2,district,rajouri district,67842
jammu-&-kashmir,2021,3,district,jammu district,414220
jammu-&-kashmir,2021,3,district,srinagar district,209140
jammu-&-kashmir,2021,3,district,baramulla district,146288
jammu-&-kashmir,2021,3,district,anantnag district,117388
jammu-&-kashmir,2021,3,district,budgam district,99112
jammu-&-kashmir,2021,3,district,kupwara district,96584
jammu-&-kashmir,2021,3,district,kathua district,91583
jammu-&-kashmir,2021,3,district,udhampur district,83733
jammu-&-kashmir,2021,3,district,samba district,83466
jammu-&-kashmir,2021,3,district,rajouri district,74690
jammu-&-kashmir,2021,4,district,jammu district,451102
jammu-&-kashmir,2021,4,district,srinagar district,229485
jammu-&-kashmir,2021,4,district,baramulla district,160761
jammu-&-kashmir,2021,4,district,anantnag district,130844
jammu-&-kashmir,2021,4,district,budgam district,108137
jammu-&-kashmir,2021,4,district,kupwara district,107928
jammu-&-kashmir,2021,4,district,kathua district,100073
jammu-&-kashmir,2021,4,district,udhampur district,91312
jammu-&-kashmir,2021,4,district,samba district,91308
jammu-&-kashmir,2021,4,district,rajouri district,82093
jammu-&-kashmir,2022,1,district,jammu district,488845
jammu-&-kashmir,2022,1,district,srinagar district,250365
jammu-&-kashmir,2022,1,district,baramulla district,176158
jammu-&-kashmir,2022,1,district,anantnag district,144626
jammu-&-kashmir,2022,1,district,kupwara district,119770
jammu-&-kashmir,2022,1,district,budgam district,117824
jammu-&-kashmir,2022,1,district,kathua district,108676
jammu-&-kashmir,2022,1,district,udhampur district,99040
jammu-&-kashmir,2022,1,district,samba district,99016
jammu-&-kashmir,2022,1,district,rajouri district,89720
jammu-&-kashmir,2022,2,district,jammu district,525557
jammu-&-kashmir,2022,2,district,srinagar district,271402
jammu-&-kashmir,2022,2,district,baramulla district,191132
jammu-&-kashmir,2022,2,district,anantnag district,158131
jammu-&-kashmir,2022,2,district,kupwara district,131208
jammu-&-kashmir,2022,2,district,budgam district,126882
jammu-&-kashmir,2022,2,district,kathua district,117607
jammu-&-kashmir,2022,2,district,samba district,106761
jammu-&-kashmir,2022,2,district,udhampur district,106572
jammu-&-kashmir,2022,2,district,rajouri district,97988
jammu-&-kashmir,2022,3,district,jammu district,561397
jammu-&-kashmir,2022,3,district,srinagar district,290639
jammu-&-kashmir,2022,3,district,baramulla district,204816
jammu-&-kashmir,2022,3,district,anantnag district,170416
jammu-&-kashmir,2022,3,district,kupwara district,141482
jammu-&-kashmir,2022,3,district,budgam district,135447
jammu-&-kashmir,2022,3,district,kathua district,126183
jammu-&-kashmir,2022,3,district,samba district,114461
jammu-&-kashmir,2022,3,district,udhampur district,113919
jammu-&-kashmir,2022,3,district,rajouri district,106108
jammu-&-kashmir,2022,4,district,jammu district,596933
jammu-&-kashmir,2022,4,district,srinagar district,312654
jammu-&-kashmir,2022,4,district,baramulla district,220831
jammu-&-kashmir,2022,4,district,anantnag district,184161
jammu-&-kashmir,2022,4,district,kupwara district,153558
jammu-&-kashmir,2022,4,district,budgam district,145485
jammu-&-kashmir,2022,4,district,kathua district,134971
jammu-&-kashmir,2022,4,district,samba district,122327
jammu-&-kashmir,2022,4,district,udhampur district,121920
jammu-&-kashmir,2022,4,district,rajouri district,114944
jammu-&-kashmir,2023,1,district,jammu district,630322
jammu-&-kashmir,2023,1,district,srinagar district,334241
jammu-&-kashmir,2023,1,district,baramulla district,237917
jammu-&-kashmir,2023,1,district,anantnag district,197413
jammu-&-kashmir,2023,1,district,kupwara district,166026
jammu-&-kashmir,2023,1,district,budgam district,155524
jammu-&-kashmir,2023,1,district,kathua district,143108
jammu-&-kashmir,2023,1,district,udhampur district,129621
jammu-&-kashmir,2023,1,district,samba district,129599
jammu-&-kashmir,2023,1,district,rajouri district,123428
jammu-&-kashmir,2023,2,district,jammu district,666109
jammu-&-kashmir,2023,2,district,srinagar district,353596
jammu-&-kashmir,2023,2,district,baramulla district,252161
jammu-&-kashmir,2023,2,district,anantnag district,208685
jammu-&-kashmir,2023,2,district,kupwara district,176366
jammu-&-kashmir,2023,2,district,budgam district,163691
jammu-&-kashmir,2023,2,district,kathua district,151914
jammu-&-kashmir,2023,2,district,samba district,137587
jammu-&-kashmir,2023,2,district,udhampur district,137336
jammu-&-kashmir,2023,2,district,rajouri district,132782
jammu-&-kashmir,2023,3,district,jammu district,699956
jammu-&-kashmir,2023,3,district,srinagar district,373406
jammu-&-kashmir,2023,3,district,baramulla district,265894
jammu-&-kashmir,2023,3,district,anantnag district,220015
jammu-&-kashmir,2023,3,district,kupwara district,186100
jammu-&-kashmir,2023,3,district,budgam district,172252
jammu-&-kashmir,2023,3,district,kathua district,160680
jammu-&-kashmir,2023,3,district,samba district,144971
jammu-&-kashmir,2023,3,district,udhampur district,144558
jammu-&-kashmir,2023,3,district,rajouri district,142014
jammu-&-kashmir,2023,4,district,jammu district,739141
jammu-&-kashmir,2023,4,district,srinagar district,400184
jammu-&-kashmir,2023,4,district,baramulla district,284922
jammu-&-kashmir,2023,4,district,anantnag district,236274
jammu-&-kashmir,2023,4,district,kupwara district,199958
jammu-&-kashmir,2023,4,district,budgam district,184249
jammu-&-kashmir,2023,4,district,kathua district,171673
jammu-&-kashmir,2023,4,district,samba district,153836
jammu-&-kashmir,2023,4,district,udhampur district,153353
jammu-&-kashmir,2023,4,district,rajouri district,152619
jammu-&-kashmir,2024,1,district,jammu district,780333
jammu-&-kashmir,2024,1,district,srinagar district,428130
jammu-&-kashmir,2024,1,district,baramulla district,306737
jammu-&-kashmir,2024,1,district,anantnag district,253679
jammu-&-kashmir,2024,1,district,kupwara district,214422
jammu-&-kashmir,2024,1,district,budgam district,197336
jammu-&-kashmir,2024,1,district,kathua district,182658
jammu-&-kashmir,2024,1,district,rajouri district,165089
jammu-&-kashmir,2024,1,district,samba district,163097
jammu-&-kashmir,2024,1,district,udhampur district,162650
jammu-&-kashmir,2024,2,district,jammu district,822918
jammu-&-kashmir,2024,2,district,srinagar district,456178
jammu-&-kashmir,2024,2,district,baramulla district,328883
jammu-&-kashmir,2024,2,district,anantnag district,272168
jammu-&-kashmir,2024,2,district,kupwara district,229337
jammu-&-kashmir,2024,2,district,budgam district,211687
jammu-&-kashmir,2024,2,district,kathua district,194145
jammu-&-kashmir,2024,2,district,rajouri district,178843
jammu-&-kashmir,2024,2,district,udhampur district,172646
jammu-&-kashmir,2024,2,district,samba district,172435
jammu-&-kashmir,2024,3,district,jammu district,861600
jammu-&-kashmir,2024,3,district,srinagar district,482404
jammu-&-kashmir,2024,3,district,baramulla district,347897
jammu-&-kashmir,2024,3,district,anantnag district,288637
jammu-&-kashmir,2024,3,district,kupwara district,242195
jammu-&-kashmir,2024,3,district,budgam district,225027
jammu-&-kashmir,2024,3,district,kathua district,204355
jammu-&-kashmir,2024,3,district,rajouri district,190076
jammu-&-kashmir,2024,3,district,udhampur district,181389
jammu-&-kashmir,2024,3,district,samba district,180945
jammu-&-kashmir,2024,4,district,jammu district,891694
jammu-&-kashmir,2024,4,district,srinagar district,502227
jammu-&-kashmir,2024,4,district,baramulla district,363878
jammu-&-kashmir,2024,4,district,anantnag district,301447
jammu-&-kashmir,2024,4,district,kupwara district,253713
jammu-&-kashmir,2024,4,district,budgam district,234856
jammu-&-kashmir,2024,4,district,kathua district,211889
jammu-&-kashmir,2024,4,district,rajouri district,198580
jammu-&-kashmir,2024,4,district,udhampur district,187976
jammu-&-kashmir,2024,4,district,samba district,187572
jammu-&-kashmir,2025,1,district,jammu district,923031
jammu-&-kashmir,2025,1,district,srinagar district,521714
jammu-&-kashmir,2025,1,district,baramulla district,379819
jammu-&-kashmir,2025,1,district,anantnag district,313786
jammu-&-kashmir,2025,1,district,kupwara district,264907
jammu-&-kashmir,2025,1,district,budgam district,244843
jammu-&-kashmir,2025,1,district,kathua district,219842
jammu-&-kashmir,2025,1,district,rajouri district,207507
jammu-&-kashmir,2025,1,district,udhampur district,194741
jammu-&-kashmir,2025,1,district,samba district,194508
jammu-&-kashmir,2025,2,district,jammu district,952586
jammu-&-kashmir,2025,2,district,srinagar district,539447
jammu-&-kashmir,2025,2,district,baramulla district,393629
jammu-&-kashmir,2025,2,district,anantnag district,324783
jammu-&-kashmir,2025,2,district,kupwara district,275382
jammu-&-kashmir,2025,2,district,budgam district,253563
jammu-&-kashmir,2025,2,district,kathua district,227156
jammu-&-kashmir,2025,2,district,rajouri district,216139
jammu-&-kashmir,2025,2,district,udhampur district,201240
jammu-&-kashmir,2025,2,district,samba district,200786
jammu-&-kashmir,2025,3,district,jammu district,981845
jammu-&-kashmir,2025,3,district,srinagar district,555034
jammu-&-kashmir,2025,3,district,baramulla district,406906
jammu-&-kashmir,2025,3,district,anantnag district,335423
jammu-&-kashmir,2025,3,district,kupwara district,285928
jammu-&-kashmir,2025,3,district,budgam district,262296
jammu-&-kashmir,2025,3,district,kathua district,234267
jammu-&-kashmir,2025,3,district,rajouri district,224958
jammu-&-kashmir,2025,3,district,udhampur district,207708
jammu-&-kashmir,2025,3,district,samba district,207024
jammu-&-kashmir,2025,4,district,jammu district,1011724
jammu-&-kashmir,2025,4,district,srinagar district,574365
jammu-&-kashmir,2025,4,district,baramulla district,421916
jammu-&-kashmir,2025,4,district,anantnag district,348126
jammu-&-kashmir,2025,4,district,kupwara district,296821
jammu-&-kashmir,2025,4,district,budgam district,272540
jammu-&-kashmir,2025,4,district,kathua district,241808
jammu-&-kashmir,2025,4,district,rajouri district,233730
jammu-&-kashmir,2025,4,district,udhampur district,214209
jammu-&-kashmir,2025,4,district,samba district,213378
jammu-&-kashmir,2026,1,district,jammu district,1040435
jammu-&-kashmir,2026,1,district,srinagar district,593604
jammu-&-kashmir,2026,1,district,baramulla district,437307
jammu-&-kashmir,2026,1,district,anantnag district,360303
jammu-&-kashmir,2026,1,district,kupwara district,307315
jammu-&-kashmir,2026,1,district,budgam district,282533
jammu-&-kashmir,2026,1,district,kathua district,249489
jammu-&-kashmir,2026,1,district,rajouri district,241945
jammu-&-kashmir,2026,1,district,udhampur district,220581
jammu-&-kashmir,2026,1,district,samba district,219448
jammu-&-kashmir,2026,2,district,jammu district,1077002
jammu-&-kashmir,2026,2,district,srinagar district,628879
jammu-&-kashmir,2026,2,district,baramulla district,452576
jammu-&-kashmir,2026,2,district,anantnag district,396835
jammu-&-kashmir,2026,2,district,kupwara district,314641
jammu-&-kashmir,2026,2,district,budgam district,295344
jammu-&-kashmir,2026,2,district,kathua district,260377
jammu-&-kashmir,2026,2,district,rajouri district,249474
jammu-&-kashmir,2026,2,district,pulwama district,230528
jammu-&-kashmir,2026,2,district,udhampur district,229751
jharkhand,2018,1,district,ranchi district,156052
jharkhand,2018,1,district,dhanbad district,114613
jharkhand,2018,1,district,east singhbhum district,93121
jharkhand,2018,1,district,bokaro district,88592
jharkhand,2018,1,district,hazaribag district,54838
jharkhand,2018,1,district,giridih district,52111
jharkhand,2018,1,district,deoghar district,44055
jharkhand,2018,1,district,ramgarh district,36515
jharkhand,2018,1,district,palamu district,33816
jharkhand,2018,1,district,seraikela kharsawan district,31773
jharkhand,2018,2,district,ranchi district,214498
jharkhand,2018,2,district,dhanbad district,161434
jharkhand,2018,2,district,east singhbhum district,129694
jharkhand,2018,2,district,bokaro district,122829
jharkhand,2018,2,district,hazaribag district,77627
jharkhand,2018,2,district,giridih district,72603
jharkhand,2018,2,district,deoghar district,64051
jharkhand,2018,2,district,ramgarh district,50412
jharkhand,2018,2,district,palamu district,49049
jharkhand,2018,2,district,seraikela kharsawan district,44726
jharkhand,2018,3,district,ranchi district,265511
jharkhand,2018,3,district,dhanbad district,196398
jharkhand,2018,3,district,east singhbhum district,162379
jharkhand,2018,3,district,bokaro district,148539
jharkhand,2018,3,district,hazaribag district,97842
jharkhand,2018,3,district,giridih district,90828
jharkhand,2018,3,district,deoghar district,80046
jharkhand,2018,3,district,palamu district,62938
jharkhand,2018,3,district,ramgarh district,62205
jharkhand,2018,3,district,seraikela kharsawan district,56549
jharkhand,2018,4,district,ranchi district,331080
jharkhand,2018,4,district,dhanbad district,243301
jharkhand,2018,4,district,east singhbhum district,202508
jharkhand,2018,4,district,bokaro district,182565
jharkhand,2018,4,district,hazaribag district,125471
jharkhand,2018,4,district,giridih district,117168
jharkhand,2018,4,district,deoghar district,102144
jharkhand,2018,4,district,palamu district,82715
jharkhand,2018,4,district,ramgarh district,77602
jharkhand,2018,4,district,seraikela kharsawan district,71981
jharkhand,2019,1,district,ranchi district,395392
jharkhand,2019,1,district,dhanbad district,285303
jharkhand,2019,1,district,east singhbhum district,240786
jharkhand,2019,1,district,bokaro district,214292
jharkhand,2019,1,district,hazaribag district,151814
jharkhand,2019,1,district,giridih district,141617
jharkhand,2019,1,district,deoghar district,123781
jharkhand,2019,1,district,palamu district,101641
jharkhand,2019,1,district,ramgarh district,92457
jharkhand,2019,1,district,seraikela kharsawan district,85819
jharkhand,2019,2,district,ranchi district,453401
jharkhand,2019,2,district,dhanbad district,321480
jharkhand,2019,2,district,east singhbhum district,277099
jharkhand,2019,2,district,bokaro district,240523
jharkhand,2019,2,district,hazaribag district,173903
jharkhand,2019,2,district,giridih district,160135
jharkhand,2019,2,district,deoghar district,144198
jharkhand,2019,2,district,palamu district,116421
jharkhand,2019,2,district,ramgarh district,105324
jharkhand,2019,2,district,seraikela kharsawan district,97660
jharkhand,2019,3,district,ranchi district,510821
jharkhand,2019,3,district,dhanbad district,358152
jharkhand,2019,3,district,east singhbhum district,312721
jharkhand,2019,3,district,bokaro district,266825
jharkhand,2019,3,district,hazaribag district,197081
jharkhand,2019,3,district,giridih district,178816
jharkhand,2019,3,district,deoghar district,165166
jharkhand,2019,3,district,palamu district,132259
jharkhand,2019,3,district,ramgarh district,118767
jharkhand,2019,3,district,seraikela kharsawan district,109375
jharkhand,2019,4,district,ranchi district,567586
jharkhand,2019,4,district,dhanbad district,402381
jharkhand,2019,4,district,east singhbhum district,346855
jharkhand,2019,4,district,bokaro district,296955
jharkhand,2019,4,district,hazaribag district,221979
jharkhand,2019,4,district,giridih district,199851
jharkhand,2019,4,district,deoghar district,190030
jharkhand,2019,4,district,palamu district,151015
jharkhand,2019,4,district,ramgarh district,133310
jharkhand,2019,4,district,seraikela kharsawan district,121979
jharkhand,2020,1,district,ranchi district,626365
jharkhand,2020,1,district,dhanbad district,442743
jharkhand,2020,1,district,east singhbhum district,380595
jharkhand,2020,1,district,bokaro district,324813
jharkhand,2020,1,district,hazaribag district,248249
jharkhand,2020,1,district,giridih district,221889
jharkhand,2020,1,district,deoghar district,217250
jharkhand,2020,1,district,palamu district,171234
jharkhand,2020,1,district,ramgarh district,148225
jharkhand,2020,1,district,seraikela kharsawan district,134695
jharkhand,2020,2,district,ranchi district,687606
jharkhand,2020,2,district,dhanbad district,480845
jharkhand,2020,2,district,east singhbhum district,415605
jharkhand,2020,2,district,bokaro district,351633
jharkhand,2020,2,district,hazaribag district,275953
jharkhand,2020,2,district,deoghar district,249729
jharkhand,2020,2,district,giridih district,246559
jharkhand,2020,2,district,palamu district,193101
jharkhand,2020,2,district,ramgarh district,163850
jharkhand,2020,2,district,seraikela kharsawan district,148355
jharkhand,2020,3,district,ranchi district,755848
jharkhand,2020,3,district,dhanbad district,522436
jharkhand,2020,3,district,east singhbhum district,457128
jharkhand,2020,3,district,bokaro district,380768
jharkhand,2020,3,district,hazaribag district,304616
jharkhand,2020,3,district,deoghar district,279460
jharkhand,2020,3,district,giridih district,269454
jharkhand,2020,3,district,palamu district,214379
jharkhand,2020,3,district,ramgarh district,180125
jharkhand,2020,3,district,seraikela kharsawan district,163002
jharkhand,2020,4,district,ranchi district,830669
jharkhand,2020,4,district,dhanbad district,567646
jharkhand,2020,4,district,east singhbhum district,499511
jharkhand,2020,4,district,bokaro district,411945
jharkhand,2020,4,district,hazaribag district,335158
jharkhand,2020,4,district,deoghar district,305416
jharkhand,2020,4,district,giridih district,295077
jharkhand,2020,4,district,palamu district,238133
jharkhand,2020,4,district,ramgarh district,197385
jharkhand,2020,4,district,seraikela kharsawan district,178807
jharkhand,2021,1,district,ranchi district,900511
jharkhand,2021,1,district,dhanbad district,606809
jharkhand,2021,1,district,east singhbhum district,535568
jharkhand,2021,1,district,bokaro district,440164
jharkhand,2021,1,district,hazaribag district,366274
jharkhand,2021,1,district,deoghar district,328308
jharkhand,2021,1,district,giridih district,321808
jharkhand,2021,1,district,palamu district,262747
jharkhand,2021,1,district,ramgarh district,213744
jharkhand,2021,1,district,seraikela kharsawan district,192849
jharkhand,2021,2,district,ranchi district,966212
jharkhand,2021,2,district,dhanbad district,644775
jharkhand,2021,2,district,east singhbhum district,570278
jharkhand,2021,2,district,bokaro district,467134
jharkhand,2021,2,district,hazaribag district,394256
jharkhand,2021,2,district,deoghar district,350574
jharkhand,2021,2,district,giridih district,346826
jharkhand,2021,2,district,palamu district,285722
jharkhand,2021,2,district,ramgarh district,228838
jharkhand,2021,2,district,seraikela kharsawan district,206519
jharkhand,2021,3,district,ranchi district,1042578
jharkhand,2021,3,district,dhanbad district,688323
jharkhand,2021,3,district,east singhbhum district,608575
jharkhand,2021,3,district,bokaro district,497830
jharkhand,2021,3,district,hazaribag district,427680
jharkhand,2021,3,district,giridih district,377216
jharkhand,2021,3,district,deoghar district,375768
jharkhand,2021,3,district,palamu district,312623
jharkhand,2021,3,district,ramgarh district,246367
jharkhand,2021,3,district,seraikela kharsawan district,222174
jharkhand,2021,4,district,ranchi district,1122253
jharkhand,2021,4,district,dhanbad district,733414
jharkhand,2021,4,district,east singhbhum district,647380
jharkhand,2021,4,district,bokaro district,529952
jharkhand,2021,4,district,hazaribag district,462397
jharkhand,2021,4,district,giridih district,411559
jharkhand,2021,4,district,deoghar district,402128
jharkhand,2021,4,district,palamu district,341806
jharkhand,2021,4,district,ramgarh district,264682
jharkhand,2021,4,district,seraikela kharsawan district,238324
jharkhand,2022,1,district,ranchi district,1196933
jharkhand,2022,1,district,dhanbad district,776206
jharkhand,2022,1,district,east singhbhum district,682926
jharkhand,2022,1,district,bokaro district,559914
jharkhand,2022,1,district,hazaribag district,495479
jharkhand,2022,1,district,giridih district,445981
jharkhand,2022,1,district,deoghar district,428860
jharkhand,2022,1,district,palamu district,371332
jharkhand,2022,1,district,ramgarh district,281814
jharkhand,2022,1,district,seraikela kharsawan district,253319
jharkhand,2022,2,district,ranchi district,1263590
jharkhand,2022,2,district,dhanbad district,813989
jharkhand,2022,2,district,east singhbhum district,716127
jharkhand,2022,2,district,bokaro district,586064
jharkhand,2022,2,district,hazaribag district,524248
jharkhand,2022,2,district,giridih district,476641
jharkhand,2022,2,district,deoghar district,453521
jharkhand,2022,2,district,palamu district,397051
jharkhand,2022,2,district,ramgarh district,296573
jharkhand,2022,2,district,seraikela kharsawan district,267076
jharkhand,2022,3,district,ranchi district,1338054
jharkhand,2022,3,district,dhanbad district,855242
jharkhand,2022,3,district,east singhbhum district,751482
jharkhand,2022,3,district,bokaro district,614576
jharkhand,2022,3,district,hazaribag district,557094
jharkhand,2022,3,district,giridih district,511567
jharkhand,2022,3,district,deoghar district,482018
jharkhand,2022,3,district,palamu district,426681
jharkhand,2022,3,district,ramgarh district,312969
jharkhand,2022,3,district,seraikela kharsawan district,282706
jharkhand,2022,4,district,ranchi district,1410780
jharkhand,2022,4,district,dhanbad district,895254
jharkhand,2022,4,district,east singhbhum district,785882
jharkhand,2022,4,district,bokaro district,643135
jharkhand,2022,4,district,hazaribag district,589557
jharkhand,2022,4,district,giridih district,546716
jharkhand,2022,4,district,deoghar district,511272
jharkhand,2022,4,district,palamu district,457058
jharkhand,2022,4,district,ramgarh district,329103
jharkhand,2022,4,district,seraikela kharsawan district,298367
jharkhand,2023,1,district,ranchi district,1478687
jharkhand,2023,1,district,dhanbad district,933782
jharkhand,2023,1,district,east singhbhum district,817438
jharkhand,2023,1,district,bokaro district,670135
jharkhand,2023,1,district,hazaribag district,619425
jharkhand,2023,1,district,giridih district,578539
jharkhand,2023,1,district,deoghar district,538816
jharkhand,2023,1,district,palamu district,485357
jharkhand,2023,1,district,ramgarh district,343865
jharkhand,2023,1,district,seraikela kharsawan district,312491
jharkhand,2023,2,district,ranchi district,1541607
jharkhand,2023,2,district,dhanbad district,968941
jharkhand,2023,2,district,east singhbhum district,847325
jharkhand,2023,2,district,bokaro district,694329
jharkhand,2023,2,district,hazaribag district,647276
jharkhand,2023,2,district,giridih district,608516
jharkhand,2023,2,district,deoghar district,564735
jharkhand,2023,2,district,palamu district,512047
jharkhand,2023,2,district,ramgarh district,357367
jharkhand,2023,2,district,seraikela kharsawan district,325795
jharkhand,2023,3,district,ranchi district,1607352
jharkhand,2023,3,district,dhanbad district,1007122
jharkhand,2023,3,district,east singhbhum district,878273
jharkhand,2023,3,district,bokaro district,719385
jharkhand,2023,3,district,hazaribag district,676887
jharkhand,2023,3,district,giridih district,640724
jharkhand,2023,3,district,deoghar district,595722
jharkhand,2023,3,district,palamu district,540476
jharkhand,2023,3,district,ramgarh district,371824
jharkhand,2023,3,district,seraikela kharsawan district,340150
jharkhand,2023,4,district,ranchi district,1673446
jharkhand,2023,4,district,dhanbad district,1046805
jharkhand,2023,4,district,east singhbhum district,910581
jharkhand,2023,4,district,bokaro district,747393
jharkhand,2023,4,district,hazaribag district,707643
jharkhand,2023,4,district,giridih district,677439
jharkhand,2023,4,district,deoghar district,628881
jharkhand,2023,4,district,palamu district,573450
jharkhand,2023,4,district,ramgarh district,386181
jharkhand,2023,4,district,garhwa district,357883
jharkhand,2024,1,district,ranchi district,1751519
jharkhand,2024,1,district,dhanbad district,1092084
jharkhand,2024,1,district,east singhbhum district,947923
jharkhand,2024,1,district,bokaro district,780466
jharkhand,2024,1,district,hazaribag district,743100
jharkhand,2024,1,district,giridih district,717782
jharkhand,2024,1,district,deoghar district,668101
jharkhand,2024,1,district,palamu district,609052
jharkhand,2024,1,district,ramgarh district,403060
jharkhand,2024,1,district,garhwa district,382899
jharkhand,2024,2,district,ranchi district,1826681
jharkhand,2024,2,district,dhanbad district,1135047
jharkhand,2024,2,district,east singhbhum district,985266
jharkhand,2024,2,district,bokaro district,811138
jharkhand,2024,2,district,hazaribag district,777544
jharkhand,2024,2,district,giridih district,756520
jharkhand,2024,2,district,deoghar district,706757
jharkhand,2024,2,district,palamu district,642422
jharkhand,2024,2,district,ramgarh district,418780
jharkhand,2024,2,district,garhwa district,406358
jharkhand,2024,3,district,ranchi district,1905797
jharkhand,2024,3,district,dhanbad district,1180502
jharkhand,2024,3,district,east singhbhum district,1024580
jharkhand,2024,3,district,bokaro district,843016
jharkhand,2024,3,district,hazaribag district,811810
jharkhand,2024,3,district,giridih district,794400
jharkhand,2024,3,district,deoghar district,742617
jharkhand,2024,3,district,palamu district,676138
jharkhand,2024,3,district,ramgarh district,434925
jharkhand,2024,3,district,garhwa district,428581
jharkhand,2024,4,district,ranchi district,1978921
jharkhand,2024,4,district,dhanbad district,1223695
jharkhand,2024,4,district,east singhbhum district,1060574
jharkhand,2024,4,district,bokaro district,874554
jharkhand,2024,4,district,hazaribag district,845266
jharkhand,2024,4,district,giridih district,831635
jharkhand,2024,4,district,deoghar district,771527
jharkhand,2024,4,district,palamu district,708244
jharkhand,2024,4,district,ramgarh district,450953
jharkhand,2024,4,district,garhwa district,450174
jharkhand,2025,1,district,ranchi district,2050114
jharkhand,2025,1,district,dhanbad district,1267053
jharkhand,2025,1,district,east singhbhum district,1096479
jharkhand,2025,1,district,bokaro district,906450
jharkhand,2025,1,district,hazaribag district,880789
jharkhand,2025,1,district,giridih district,872880
jharkhand,2025,1,district,deoghar district,801846
jharkhand,2025,1,district,palamu district,742801
jharkhand,2025,1,district,garhwa district,473423
jharkhand,2025,1,district,ramgarh district,467223
jharkhand,2025,2,district,ranchi district,2116310
jharkhand,2025,2,district,dhanbad district,1307012
jharkhand,2025,2,district,east singhbhum district,1130046
jharkhand,2025,2,district,bokaro district,935372
jharkhand,2025,2,district,hazaribag district,913716
jharkhand,2025,2,district,giridih district,909357
jharkhand,2025,2,district,deoghar district,828638
jharkhand,2025,2,district,palamu district,773601
jharkhand,2025,2,district,garhwa district,493979
jharkhand,2025,2,district,ramgarh district,481512
jharkhand,2025,3,district,ranchi district,2186063
jharkhand,2025,3,district,dhanbad district,1350497
jharkhand,2025,3,district,east singhbhum district,1165285
jharkhand,2025,3,district,bokaro district,966367
jharkhand,2025,3,district,giridih district,951387
jharkhand,2025,3,district,hazaribag district,948281
jharkhand,2025,3,district,deoghar district,860367
jharkhand,2025,3,district,palamu district,806832
jharkhand,2025,3,district,garhwa district,516107
jharkhand,2025,3,district,ramgarh district,497897
jharkhand,2025,4,district,ranchi district,2248278
jharkhand,2025,4,district,dhanbad district,1390952
jharkhand,2025,4,district,east singhbhum district,1199629
jharkhand,2025,4,district,bokaro district,994266
jharkhand,2025,4,district,giridih district,991882
jharkhand,2025,4,district,hazaribag district,979315
jharkhand,2025,4,district,deoghar district,893570
jharkhand,2025,4,district,palamu district,838716
jharkhand,2025,4,district,garhwa district,538373
jharkhand,2025,4,district,ramgarh district,512109
jharkhand,2026,1,district,ranchi district,2305962
jharkhand,2026,1,district,dhanbad district,1428465
jharkhand,2026,1,district,east singhbhum district,1230573
jharkhand,2026,1,district,giridih district,1026972
jharkhand,2026,1,district,bokaro district,1019738
jharkhand,2026,1,district,hazaribag district,1007599
jharkhand,2026,1,district,deoghar district,921905
jharkhand,2026,1,district,palamu district,866396
jharkhand,2026,1,district,garhwa district,557156
jharkhand,2026,1,district,ramgarh district,524979
jharkhand,2026,2,district,ranchi district,2376732
jharkhand,2026,2,district,dhanbad district,1460404
jharkhand,2026,2,district,east singhbhum district,1272271
jharkhand,2026,2,district,giridih district,1062615
jharkhand,2026,2,district,bokaro district,1045849
jharkhand,2026,2,district,hazaribag district,1040823
jharkhand,2026,2,district,deoghar district,942391
jharkhand,2026,2,district,palamu district,872834
jharkhand,2026,2,district,garhwa district,555347
jharkhand,2026,2,district,ramgarh district,535722
karnataka,2018,1,district,bengaluru urban district,2169190
karnataka,2018,1,district,mysuru district,144808
karnataka,2018,1,district,belagavi district,131828
karnataka,2018,1,district,bengaluru rural district,96124
karnataka,2018,1,district,dharwad district,93703
karnataka,2018,1,district,tumakuru district,81093
karnataka,2018,1,district,dakshina kannada district,81061
karnataka,2018,1,district,kalaburagi district,78708
karnataka,2018,1,district,vijayapura district,68011
karnataka,2018,1,district,ballari district,65840
karnataka,2018,2,district,bengaluru urban district,2834980
karnataka,2018,2,district,mysuru district,196969
karnataka,2018,2,district,belagavi district,183315
karnataka,2018,2,district,bengaluru rural district,131819
karnataka,2018,2,district,dharwad district,127820
karnataka,2018,2,district,tumakuru district,113907
karnataka,2018,2,district,dakshina kannada district,108915
karnataka,2018,2,district,kalaburagi district,108709
karnataka,2018,2,district,vijayapura district,94476
karnataka,2018,2,district,ballari district,88367
karnataka,2018,3,district,bengaluru urban district,3471675
karnataka,2018,3,district,mysuru district,250622
karnataka,2018,3,district,belagavi district,235569
karnataka,2018,3,district,bengaluru rural district,168162
karnataka,2018,3,district,dharwad district,160631
karnataka,2018,3,district,tumakuru district,148453
karnataka,2018,3,district,dakshina kannada district,139783
karnataka,2018,3,district,kalaburagi district,138284
karnataka,2018,3,district,vijayapura district,121966
karnataka,2018,3,district,ballari district,109544
karnataka,2018,4,district,bengaluru urban district,4468754
karnataka,2018,4,district,mysuru district,327469
karnataka,2018,4,district,belagavi district,306208
karnataka,2018,4,district,bengaluru rural district,224653
karnataka,2018,4,district,dharwad district,205630
karnataka,2018,4,district,tumakuru district,196168
karnataka,2018,4,district,dakshina kannada district,184307
karnataka,2018,4,district,kalaburagi district,177665
karnataka,2018,4,district,vijayapura district,156488
karnataka,2018,4,district,kolar district,149552
karnataka,2019,1,district,bengaluru urban district,5370853
karnataka,2019,1,district,mysuru district,414198
karnataka,2019,1,district,belagavi district,384853
karnataka,2019,1,district,bengaluru rural district,282855
karnataka,2019,1,district,dharwad district,257389
karnataka,2019,1,district,tumakuru district,247561
karnataka,2019,1,district,dakshina kannada district,230749
karnataka,2019,1,district,kalaburagi district,218872
karnataka,2019,1,district,vijayapura district,194162
karnataka,2019,1,district,kolar district,190610
karnataka,2019,2,district,bengaluru urban district,6092620
karnataka,2019,2,district,mysuru district,495996
karnataka,2019,2,district,belagavi district,457569
karnataka,2019,2,district,bengaluru rural district,331669
karnataka,2019,2,district,dharwad district,307792
karnataka,2019,2,district,tumakuru district,297392
karnataka,2019,2,district,dakshina kannada district,277380
karnataka,2019,2,district,kalaburagi district,253812
karnataka,2019,2,district,vijayapura district,229350
karnataka,2019,2,district,kolar district,225883
karnataka,2019,3,district,bengaluru urban district,6811223
karnataka,2019,3,district,mysuru district,577061
karnataka,2019,3,district,belagavi district,530923
karnataka,2019,3,district,bengaluru rural district,381231
karnataka,2019,3,district,dharwad district,358273
karnataka,2019,3,district,tumakuru district,350899
karnataka,2019,3,district,dakshina kannada district,329028
karnataka,2019,3,district,kalaburagi district,292827
karnataka,2019,3,district,vijayapura district,264684
karnataka,2019,3,district,kolar district,262530
karnataka,2019,4,district,bengaluru urban district,7475332
karnataka,2019,4,district,mysuru district,658124
karnataka,2019,4,district,belagavi district,612497
karnataka,2019,4,district,bengaluru rural district,432970
karnataka,2019,4,district,dharwad district,409339
karnataka,2019,4,district,tumakuru district,408239
karnataka,2019,4,district,dakshina kannada district,382433
karnataka,2019,4,district,kalaburagi district,337252
karnataka,2019,4,district,vijayapura district,303572
karnataka,2019,4,district,kolar district,302946
karnataka,2020,1,district,bengaluru urban district,8046026
karnataka,2020,1,district,mysuru district,734675
karnataka,2020,1,district,belagavi district,697018
karnataka,2020,1,district,bengaluru rural district,479108
karnataka,2020,1,district,tumakuru district,465616
karnataka,2020,1,district,dharwad district,457082
karnataka,2020,1,district,dakshina kannada district,436759
karnataka,2020,1,district,kalaburagi district,382283
karnataka,2020,1,district,vijayapura district,345265
karnataka,2020,1,district,kolar district,340697
karnataka,2020,2,district,bengaluru urban district,8534281
karnataka,2020,2,district,mysuru district,806422
karnataka,2020,2,district,belagavi district,795009
karnataka,2020,2,district,tumakuru district,526001
karnataka,2020,2,district,bengaluru rural district,523119
karnataka,2020,2,district,dharwad district,507863
karnataka,2020,2,district,dakshina kannada district,495460
karnataka,2020,2,district,kalaburagi district,433116
karnataka,2020,2,district,vijayapura district,393539
karnataka,2020,2,district,kolar district,380438
karnataka,2020,3,district,bengaluru urban district,9146963
karnataka,2020,3,district,belagavi district,893008
karnataka,2020,3,district,mysuru district,890955
karnataka,2020,3,district,tumakuru district,588995
karnataka,2020,3,district,bengaluru rural district,574294
karnataka,2020,3,district,dakshina kannada district,565496
karnataka,2020,3,district,dharwad district,561166
karnataka,2020,3,district,kalaburagi district,482308
karnataka,2020,3,district,vijayapura district,442428
karnataka,2020,3,district,kolar district,423233
karnataka,2020,4,district,bengaluru urban district,9838692
karnataka,2020,4,district,belagavi district,991457
karnataka,2020,4,district,mysuru district,983841
karnataka,2020,4,district,tumakuru district,652489
karnataka,2020,4,district,dakshina kannada district,634806
karnataka,2020,4,district,bengaluru rural district,626962
karnataka,2020,4,district,dharwad district,616325
karnataka,2020,4,district,kalaburagi district,532834
karnataka,2020,4,district,vijayapura district,489518
karnataka,2020,4,district,kolar district,466233
karnataka,2021,1,district,bengaluru urban district,10473985
karnataka,2021,1,district,belagavi district,1076119
karnataka,2021,1,district,mysuru district,1063197
karnataka,2021,1,district,tumakuru district,708130
karnataka,2021,1,district,dakshina kannada district,686890
karnataka,2021,1,district,bengaluru rural district,675066
karnataka,2021,1,district,dharwad district,663420
karnataka,2021,1,district,kalaburagi district,579266
karnataka,2021,1,district,vijayapura district,531311
karnataka,2021,1,district,kolar district,503463
karnataka,2021,2,district,bengaluru urban district,11053431
karnataka,2021,2,district,belagavi district,1160389
karnataka,2021,2,district,mysuru district,1136675
karnataka,2021,2,district,tumakuru district,761019
karnataka,2021,2,district,dakshina kannada district,737195
karnataka,2021,2,district,bengaluru rural district,719411
karnataka,2021,2,district,dharwad district,709278
karnataka,2021,2,district,kalaburagi district,624452
karnataka,2021,2,district,vijayapura district,572779
karnataka,2021,2,district,kolar district,537855
karnataka,2021,3,district,bengaluru urban district,11710080
karnataka,2021,3,district,belagavi district,1255670
karnataka,2021,3,district,mysuru district,1219912
karnataka,2021,3,district,tumakuru district,820415
karnataka,2021,3,district,dakshina kannada district,794002
karnataka,2021,3,district,bengaluru rural district,771564
karnataka,2021,3,district,dharwad district,760080
karnataka,2021,3,district,kalaburagi district,674951
karnataka,2021,3,district,vijayapura district,621092
karnataka,2021,3,district,kolar district,577803
karnataka,2021,4,district,bengaluru urban district,12355791
karnataka,2021,4,district,belagavi district,1346792
karnataka,2021,4,district,mysuru district,1302755
karnataka,2021,4,district,tumakuru district,877106
karnataka,2021,4,district,dakshina kannada district,847617
karnataka,2021,4,district,bengaluru rural district,821706
karnataka,2021,4,district,dharwad district,809311
karnataka,2021,4,district,kalaburagi district,724902
karnataka,2021,4,district,vijayapura district,665201
karnataka,2021,4,district,kolar district,615917
karnataka,2022,1,district,bengaluru urban district,12952500
karnataka,2022,1,district,belagavi district,1430682
karnataka,2022,1,district,mysuru district,1381889
karnataka,2022,1,district,tumakuru district,931531
karnataka,2022,1,district,dakshina kannada district,896359
karnataka,2022,1,district,bengaluru rural district,868865
karnataka,2022,1,district,dharwad district,855983
karnataka,2022,1,district,kalaburagi district,772504
karnataka,2022,1,district,vijayapura district,707612
karnataka,2022,1,district,kolar district,651265
karnataka,2022,2,district,bengaluru urban district,13518361
karnataka,2022,2,district,belagavi district,1512749
karnataka,2022,2,district,mysuru district,1460142
karnataka,2022,2,district,tumakuru district,984939
karnataka,2022,2,district,dakshina kannada district,944383
karnataka,2022,2,district,bengaluru rural district,914270
karnataka,2022,2,district,dharwad district,900111
karnataka,2022,2,district,kalaburagi district,817153
karnataka,2022,2,district,vijayapura district,748324
karnataka,2022,2,district,kolar district,684621
karnataka,2022,3,district,bengaluru urban district,14082692
karnataka,2022,3,district,belagavi district,1595460
karnataka,2022,3,district,mysuru district,1537248
karnataka,2022,3,district,tumakuru district,1039135
karnataka,2022,3,district,dakshina kannada district,995824
karnataka,2022,3,district,bengaluru rural district,960125
karnataka,2022,3,district,dharwad district,945698
karnataka,2022,3,district,kalaburagi district,863527
karnataka,2022,3,district,vijayapura district,790307
karnataka,2022,3,district,kolar district,719124
karnataka,2022,4,district,bengaluru urban district,14614995
karnataka,2022,4,district,belagavi district,1674212
karnataka,2022,4,district,mysuru district,1610803
karnataka,2022,4,district,tumakuru district,1090459
karnataka,2022,4,district,dakshina kannada district,1043192
karnataka,2022,4,district,bengaluru rural district,1004970
karnataka,2022,4,district,dharwad district,988396
karnataka,2022,4,district,kalaburagi district,908099
karnataka,2022,4,district,vijayapura district,829673
karnataka,2022,4,district,kolar district,753236
karnataka,2023,1,district,bengaluru urban district,15084713
karnataka,2023,1,district,belagavi district,1741997
karnataka,2023,1,district,mysuru district,1675538
karnataka,2023,1,district,tumakuru district,1136380
karnataka,2023,1,district,dakshina kannada district,1084190
karnataka,2023,1,district,bengaluru rural district,1045408
karnataka,2023,1,district,dharwad district,1024720
karnataka,2023,1,district,kalaburagi district,947480
karnataka,2023,1,district,vijayapura district,863899
karnataka,2023,1,district,kolar district,783479
karnataka,2023,2,district,bengaluru urban district,15532383
karnataka,2023,2,district,belagavi district,1808730
karnataka,2023,2,district,mysuru district,1737979
karnataka,2023,2,district,tumakuru district,1180500
karnataka,2023,2,district,dakshina kannada district,1123189
karnataka,2023,2,district,bengaluru rural district,1083939
karnataka,2023,2,district,dharwad district,1059863
karnataka,2023,2,district,kalaburagi district,984154
karnataka,2023,2,district,vijayapura district,897833
karnataka,2023,2,district,kolar district,813273
karnataka,2023,3,district,bengaluru urban district,15982795
karnataka,2023,3,district,belagavi district,1884443
karnataka,2023,3,district,mysuru district,1806761
karnataka,2023,3,district,tumakuru district,1229593
karnataka,2023,3,district,dakshina kannada district,1167774
karnataka,2023,3,district,bengaluru rural district,1124644
karnataka,2023,3,district,dharwad district,1098240
karnataka,2023,3,district,kalaburagi district,1028945
karnataka,2023,3,district,vijayapura district,937345
karnataka,2023,3,district,kolar district,846369
karnataka,2023,4,district,bengaluru urban district,16358871
karnataka,2023,4,district,belagavi district,1953882
karnataka,2023,4,district,mysuru district,1865238
karnataka,2023,4,district,tumakuru district,1271250
karnataka,2023,4,district,dakshina kannada district,1207529
karnataka,2023,4,district,bengaluru rural district,1159192
karnataka,2023,4,district,dharwad district,1132674
karnataka,2023,4,district,kalaburagi district,1069776
karnataka,2023,4,district,vijayapura district,974091
karnataka,2023,4,district,kolar district,875369
karnataka,2024,1,district,bengaluru urban district,16755751
karnataka,2024,1,district,belagavi district,2030014
karnataka,2024,1,district,mysuru district,1927110
karnataka,2024,1,district,tumakuru district,1317474
karnataka,2024,1,district,dakshina kannada district,1246366
karnataka,2024,1,district,bengaluru rural district,1197204
karnataka,2024,1,district,dharwad district,1169955
karnataka,2024,1,district,kalaburagi district,1115085
karnataka,2024,1,district,vijayapura district,1015396
karnataka,2024,1,district,kolar district,906562
karnataka,2024,2,district,bengaluru urban district,17160972
karnataka,2024,2,district,belagavi district,2104109
karnataka,2024,2,district,mysuru district,1985536
karnataka,2024,2,district,tumakuru district,1360437
karnataka,2024,2,district,dakshina kannada district,1286540
karnataka,2024,2,district,bengaluru rural district,1234454
karnataka,2024,2,district,dharwad district,1206956
karnataka,2024,2,district,kalaburagi district,1157312
karnataka,2024,2,district,vijayapura district,1056257
karnataka,2024,2,district,kolar district,936664
karnataka,2024,3,district,bengaluru urban district,17564444
karnataka,2024,3,district,belagavi district,2171841
karnataka,2024,3,district,mysuru district,2040637
karnataka,2024,3,district,tumakuru district,1400166
karnataka,2024,3,district,dakshina kannada district,1327678
karnataka,2024,3,district,bengaluru rural district,1271071
karnataka,2024,3,district,dharwad district,1241420
karnataka,2024,3,district,kalaburagi district,1196469
karnataka,2024,3,district,vijayapura district,1092382
karnataka,2024,3,district,kolar district,965524
karnataka,2024,4,district,bengaluru urban district,18033329
karnataka,2024,4,district,belagavi district,2243244
karnataka,2024,4,district,mysuru district,2102769
karnataka,2024,4,district,tumakuru district,1443886
karnataka,2024,4,district,dakshina kannada district,1369571
karnataka,2024,4,district,bengaluru rural district,1311258
karnataka,2024,4,district,dharwad district,1279866
karnataka,2024,4,district,kalaburagi district,1236742
karnataka,2024,4,district,vijayapura district,1128814
karnataka,2024,4,district,kolar district,996749
karnataka,2025,1,district,bengaluru urban district,18464082
karnataka,2025,1,district,belagavi district,2306923
karnataka,2025,1,district,mysuru district,2158536
karnataka,2025,1,district,tumakuru district,1483989
karnataka,2025,1,district,dakshina kannada district,1406187
karnataka,2025,1,district,bengaluru rural district,1349102
karnataka,2025,1,district,dharwad district,1313763
karnataka,2025,1,district,kalaburagi district,1273620
karnataka,2025,1,district,vijayapura district,1162231
karnataka,2025,1,district,kolar district,1025342
karnataka,2025,2,district,bengaluru urban district,18909617
karnataka,2025,2,district,belagavi district,2371189
karnataka,2025,2,district,mysuru district,2215805
karnataka,2025,2,district,tumakuru district,1524241
karnataka,2025,2,district,dakshina kannada district,1443359
karnataka,2025,2,district,bengaluru rural district,1387894
karnataka,2025,2,district,dharwad district,1348931
karnataka,2025,2,district,kalaburagi district,1310442
karnataka,2025,2,district,vijayapura district,1196299
karnataka,2025,2,district,kolar district,1053986
karnataka,2025,3,district,bengaluru urban district,19319519
karnataka,2025,3,district,belagavi district,2434619
karnataka,2025,3,district,mysuru district,2271886
karnataka,2025,3,district,tumakuru district,1564670
karnataka,2025,3,district,dakshina kannada district,1483549
karnataka,2025,3,district,bengaluru rural district,1426049
karnataka,2025,3,district,dharwad district,1382920
karnataka,2025,3,district,kalaburagi district,1346674
karnataka,2025,3,district,vijayapura district,1229934
karnataka,2025,3,district,kolar district,1083621
karnataka,2025,4,district,bengaluru urban district,19670391
karnataka,2025,4,district,belagavi district,2493740
karnataka,2025,4,district,mysuru district,2320080
karnataka,2025,4,district,tumakuru district,1599539
karnataka,2025,4,district,dakshina kannada district,1517714
karnataka,2025,4,district,bengaluru rural district,1458918
karnataka,2025,4,district,dharwad district,1413067
karnataka,2025,4,district,kalaburagi district,1382714
karnataka,2025,4,district,vijayapura district,1261845
karnataka,2025,4,district,kolar district,1108180
karnataka,2026,1,district,bengaluru urban district,20007804
karnataka,2026,1,district,belagavi district,2545605
karnataka,2026,1,district,mysuru district,2364693
karnataka,2026,1,district,tumakuru district,1631203
karnataka,2026,1,district,dakshina kannada district,1548592
karnataka,2026,1,district,bengaluru rural district,1489653
karnataka,2026,1,district,dharwad district,1439934
karnataka,2026,1,district,kalaburagi district,1414261
karnataka,2026,1,district,vijayapura district,1289802
karnataka,2026,1,district,kolar district,1131209
karnataka,2026,2,district,bengaluru urban district,20543058
karnataka,2026,2,district,belagavi district,2597822
karnataka,2026,2,district,mysuru district,2414508
karnataka,2026,2,district,tumakuru district,1670563
karnataka,2026,2,district,dakshina kannada district,1572822
karnataka,2026,2,district,bengaluru rural district,1550735
karnataka,2026,2,district,dharwad district,1462055
karnataka,2026,2,district,kalaburagi district,1442143
karnataka,2026,2,district,vijayapura district,1324162
karnataka,2026,2,district,kolar district,1166361
kerala,2018,1,district,ernakulam district,163211
kerala,2018,1,district,thiruvananthapuram district,85058
kerala,2018,1,district,malappuram district,82401
kerala,2018,1,district,kozhikode district,79878
kerala,2018,1,district,thrissur district,65077
kerala,2018,1,district,kannur district,51550
kerala,2018,1,district,palakkad district,50071
kerala,2018,1,district,kottayam district,42861
kerala,2018,1,district,kollam district,39935
kerala,2018,1,district,alappuzha district,38892
kerala,2018,2,district,ernakulam district,216206
kerala,2018,2,district,thiruvananthapuram district,118797
kerala,2018,2,district,malappuram district,106507
kerala,2018,2,district,kozhikode district,105535
kerala,2018,2,district,thrissur district,87710
kerala,2018,2,district,palakkad district,69438
kerala,2018,2,district,kannur district,69239
kerala,2018,2,district,kottayam district,59162
kerala,2018,2,district,kollam district,56455
kerala,2018,2,district,alappuzha district,53892
kerala,2018,3,district,ernakulam district,266777
kerala,2018,3,district,thiruvananthapuram district,149648
kerala,2018,3,district,kozhikode district,129633
kerala,2018,3,district,malappuram district,127798
kerala,2018,3,district,thrissur district,109297
kerala,2018,3,district,palakkad district,86791
kerala,2018,3,district,kannur district,86358
kerala,2018,3,district,kottayam district,74565
kerala,2018,3,district,kollam district,71857
kerala,2018,3,district,alappuzha district,68650
kerala,2018,4,district,ernakulam district,345226
kerala,2018,4,district,thiruvananthapuram district,197045
kerala,2018,4,district,kozhikode district,167642
kerala,2018,4,district,malappuram district,163722
kerala,2018,4,district,thrissur district,143637
kerala,2018,4,district,palakkad district,113754
kerala,2018,4,district,kannur district,111696
kerala,2018,4,district,kottayam district,97645
kerala,2018,4,district,kollam district,95937
kerala,2018,4,district,alappuzha district,90395
kerala,2019,1,district,ernakulam district,413584
kerala,2019,1,district,thiruvananthapuram district,241060
kerala,2019,1,district,kozhikode district,201472
kerala,2019,1,district,malappuram district,195199
kerala,2019,1,district,thrissur district,174661
kerala,2019,1,district,palakkad district,138717
kerala,2019,1,district,kannur district,135229
kerala,2019,1,district,kottayam district,117694
kerala,2019,1,district,kollam district,116825
kerala,2019,1,district,alappuzha district,110433
kerala,2019,2,district,ernakulam district,482733
kerala,2019,2,district,thiruvananthapuram district,287779
kerala,2019,2,district,kozhikode district,237463
kerala,2019,2,district,malappuram district,227578
kerala,2019,2,district,thrissur district,208071
kerala,2019,2,district,palakkad district,164890
kerala,2019,2,district,kannur district,161700
kerala,2019,2,district,kollam district,141207
kerala,2019,2,district,kottayam district,139191
kerala,2019,2,district,alappuzha district,132506
kerala,2019,3,district,ernakulam district,556918
kerala,2019,3,district,thiruvananthapuram district,338754
kerala,2019,3,district,kozhikode district,277977
kerala,2019,3,district,malappuram district,263590
kerala,2019,3,district,thrissur district,244633
kerala,2019,3,district,palakkad district,192711
kerala,2019,3,district,kannur district,191189
kerala,2019,3,district,kollam district,169556
kerala,2019,3,district,kottayam district,162577
kerala,2019,3,district,alappuzha district,158601
kerala,2019,4,district,ernakulam district,636348
kerala,2019,4,district,thiruvananthapuram district,395690
kerala,2019,4,district,kozhikode district,325192
kerala,2019,4,district,malappuram district,309187
kerala,2019,4,district,thrissur district,283973
kerala,2019,4,district,palakkad district,224135
kerala,2019,4,district,kannur district,223813
kerala,2019,4,district,kollam district,203360
kerala,2019,4,district,kottayam district,188343
kerala,2019,4,district,alappuzha district,187877
kerala,2020,1,district,ernakulam district,720210
kerala,2020,1,district,thiruvananthapuram district,458866
kerala,2020,1,district,kozhikode district,379802
kerala,2020,1,district,malappuram district,357474
kerala,2020,1,district,thrissur district,327599
kerala,2020,1,district,kannur district,263002
kerala,2020,1,district,palakkad district,261938
kerala,2020,1,district,kollam district,243222
kerala,2020,1,district,alappuzha district,221314
kerala,2020,1,district,kottayam district,218498
kerala,2020,2,district,ernakulam district,802382
kerala,2020,2,district,thiruvananthapuram district,527086
kerala,2020,2,district,kozhikode district,441823
kerala,2020,2,district,malappuram district,412210
kerala,2020,2,district,thrissur district,379173
kerala,2020,2,district,kannur district,315701
kerala,2020,2,district,palakkad district,306457
kerala,2020,2,district,kollam district,292544
kerala,2020,2,district,alappuzha district,258882
kerala,2020,2,district,kottayam district,253406
kerala,2020,3,district,ernakulam district,922579
kerala,2020,3,district,thiruvananthapuram district,613396
kerala,2020,3,district,kozhikode district,522310
kerala,2020,3,district,malappuram district,492828
kerala,2020,3,district,thrissur district,451014
kerala,2020,3,district,kannur district,373217
kerala,2020,3,district,palakkad district,363284
kerala,2020,3,district,kollam district,355433
kerala,2020,3,district,alappuzha district,311613
kerala,2020,3,district,kottayam district,297914
kerala,2020,4,district,ernakulam district,1042563
kerala,2020,4,district,thiruvananthapuram district,695713
kerala,2020,4,district,kozhikode district,599267
kerala,2020,4,district,malappuram district,573489
kerala,2020,4,district,thrissur district,515899
kerala,2020,4,district,kannur district,427662
kerala,2020,4,district,palakkad district,415869
kerala,2020,4,district,kollam district,409469
kerala,2020,4,district,alappuzha district,356684
kerala,2020,4,district,kottayam district,341746
kerala,2021,1,district,ernakulam district,1126017
kerala,2021,1,district,thiruvananthapuram district,752631
kerala,2021,1,district,kozhikode district,655358
kerala,2021,1,district,malappuram district,634193
kerala,2021,1,district,thrissur district,558932
kerala,2021,1,district,kannur district,465701
kerala,2021,1,district,palakkad district,453966
kerala,2021,1,district,kollam district,447272
kerala,2021,1,district,alappuzha district,387002
kerala,2021,1,district,kottayam district,371510
kerala,2021,2,district,ernakulam district,1201759
kerala,2021,2,district,thiruvananthapuram district,807667
kerala,2021,2,district,kozhikode district,708766
kerala,2021,2,district,malappuram district,691408
kerala,2021,2,district,thrissur district,600082
kerala,2021,2,district,kannur district,502049
kerala,2021,2,district,palakkad district,489589
kerala,2021,2,district,kollam district,486229
kerala,2021,2,district,alappuzha district,416700
kerala,2021,2,district,kottayam district,400466
kerala,2021,3,district,ernakulam district,1283851
kerala,2021,3,district,thiruvananthapuram district,863020
kerala,2021,3,district,kozhikode district,766856
kerala,2021,3,district,malappuram district,757564
kerala,2021,3,district,thrissur district,643716
kerala,2021,3,district,kannur district,542016
kerala,2021,3,district,palakkad district,529899
kerala,2021,3,district,kollam district,526429
kerala,2021,3,district,alappuzha district,447842
kerala,2021,3,district,kottayam district,430658
kerala,2021,4,district,ernakulam district,1371020
kerala,2021,4,district,thiruvananthapuram district,919688
kerala,2021,4,district,malappuram district,830421
kerala,2021,4,district,kozhikode district,828713
kerala,2021,4,district,thrissur district,692175
kerala,2021,4,district,kannur district,584568
kerala,2021,4,district,palakkad district,574178
kerala,2021,4,district,kollam district,568470
kerala,2021,4,district,alappuzha district,481424
kerala,2021,4,district,kottayam district,462456
kerala,2022,1,district,ernakulam district,1450415
kerala,2022,1,district,thiruvananthapuram district,972551
kerala,2022,1,district,malappuram district,893546
kerala,2022,1,district,kozhikode district,883362
kerala,2022,1,district,thrissur district,735204
kerala,2022,1,district,kannur district,622377
kerala,2022,1,district,palakkad district,611778
kerala,2022,1,district,kollam district,605719
kerala,2022,1,district,alappuzha district,511867
kerala,2022,1,district,kottayam district,491040
kerala,2022,2,district,ernakulam district,1523820
kerala,2022,2,district,thiruvananthapuram district,1022299
kerala,2022,2,district,malappuram district,951212
kerala,2022,2,district,kozhikode district,933440
kerala,2022,2,district,thrissur district,774153
kerala,2022,2,district,kannur district,657230
kerala,2022,2,district,palakkad district,645540
kerala,2022,2,district,kollam district,640922
kerala,2022,2,district,alappuzha district,539879
kerala,2022,2,district,kottayam district,517317
kerala,2022,3,district,ernakulam district,1600404
kerala,2022,3,district,thiruvananthapuram district,1073427
kerala,2022,3,district,malappuram district,1013562
kerala,2022,3,district,kozhikode district,988353
kerala,2022,3,district,thrissur district,815000
kerala,2022,3,district,kannur district,695800
kerala,2022,3,district,palakkad district,681889
kerala,2022,3,district,kollam district,677225
kerala,2022,3,district,alappuzha district,568974
kerala,2022,3,district,kottayam district,544544
kerala,2022,4,district,ernakulam district,1670016
kerala,2022,4,district,thiruvananthapuram district,1120549
kerala,2022,4,district,malappuram district,1072045
kerala,2022,4,district,kozhikode district,1038875
kerala,2022,4,district,thrissur district,851228
kerala,2022,4,district,kannur district,731994
kerala,2022,4,district,palakkad district,714906
kerala,2022,4,district,kollam district,711271
kerala,2022,4,district,alappuzha district,595719
kerala,2022,4,district,kottayam district,569010
kerala,2023,1,district,ernakulam district,1731466
kerala,2023,1,district,thiruvananthapuram district,1162419
kerala,2023,1,district,malappuram district,1123270
kerala,2023,1,district,kozhikode district,1082142
kerala,2023,1,district,thrissur district,883140
kerala,2023,1,district,kannur district,763148
kerala,2023,1,district,palakkad district,743897
kerala,2023,1,district,kollam district,741311
kerala,2023,1,district,alappuzha district,618675
kerala,2023,1,district,kottayam district,590682
kerala,2023,2,district,ernakulam district,1786785
kerala,2023,2,district,thiruvananthapuram district,1199805
kerala,2023,2,district,malappuram district,1167643
kerala,2023,2,district,kozhikode district,1120214
kerala,2023,2,district,thrissur district,912527
kerala,2023,2,district,kannur district,791033
kerala,2023,2,district,palakkad district,769826
kerala,2023,2,district,kollam district,768458
kerala,2023,2,district,alappuzha district,639559
kerala,2023,2,district,kottayam district,610465
kerala,2023,3,district,ernakulam district,1843202
kerala,2023,3,district,thiruvananthapuram district,1238368
kerala,2023,3,district,malappuram district,1218480
kerala,2023,3,district,kozhikode district,1162090
kerala,2023,3,district,thrissur district,943596
kerala,2023,3,district,kannur district,821647
kerala,2023,3,district,palakkad district,797681
kerala,2023,3,district,kollam district,796826
kerala,2023,3,district,alappuzha district,661408
kerala,2023,3,district,kottayam district,631006
kerala,2023,4,district,ernakulam district,1905658
kerala,2023,4,district,thiruvananthapuram district,1281142
kerala,2023,4,district,malappuram district,1277364
kerala,2023,4,district,kozhikode district,1207566
kerala,2023,4,district,thrissur district,979820
kerala,2023,4,district,kannur district,855182
kerala,2023,4,district,palakkad district,831000
kerala,2023,4,district,kollam district,828108
kerala,2023,4,district,alappuzha district,686177
kerala,2023,4,district,kottayam district,655024
kerala,2024,1,district,ernakulam district,1964651
kerala,2024,1,district,malappuram district,1331293
kerala,2024,1,district,thiruvananthapuram district,1321492
kerala,2024,1,district,kozhikode district,1248566
kerala,2024,1,district,thrissur district,1012791
kerala,2024,1,district,kannur district,886039
kerala,2024,1,district,palakkad district,860427
kerala,2024,1,district,kollam district,856669
kerala,2024,1,district,alappuzha district,708219
kerala,2024,1,district,kottayam district,677231
kerala,2024,2,district,ernakulam district,2030106
kerala,2024,2,district,malappuram district,1392444
kerala,2024,2,district,thiruvananthapuram district,1365443
kerala,2024,2,district,kozhikode district,1293505
kerala,2024,2,district,thrissur district,1049564
kerala,2024,2,district,kannur district,920070
kerala,2024,2,district,palakkad district,892993
kerala,2024,2,district,kollam district,887494
kerala,2024,2,district,alappuzha district,732412
kerala,2024,2,district,kottayam district,701759
kerala,2024,3,district,ernakulam district,2100082
kerala,2024,3,district,malappuram district,1460281
kerala,2024,3,district,thiruvananthapuram district,1411548
kerala,2024,3,district,kozhikode district,1343103
kerala,2024,3,district,thrissur district,1090403
kerala,2024,3,district,kannur district,957712
kerala,2024,3,district,palakkad district,929332
kerala,2024,3,district,kollam district,921127
kerala,2024,3,district,alappuzha district,758613
kerala,2024,3,district,kottayam district,727926
kerala,2024,4,district,ernakulam district,2163989
kerala,2024,4,district,malappuram district,1516942
kerala,2024,4,district,thiruvananthapuram district,1454532
kerala,2024,4,district,kozhikode district,1387304
kerala,2024,4,district,thrissur district,1125158
kerala,2024,4,district,kannur district,990114
kerala,2024,4,district,palakkad district,960663
kerala,2024,4,district,kollam district,950840
kerala,2024,4,district,alappuzha district,782056
kerala,2024,4,district,kottayam district,750410
kerala,2025,1,district,ernakulam district,2225074
kerala,2025,1,district,malappuram district,1569319
kerala,2025,1,district,thiruvananthapuram district,1495435
kerala,2025,1,district,kozhikode district,1428301
kerala,2025,1,district,thrissur district,1158402
kerala,2025,1,district,kannur district,1020314
kerala,2025,1,district,palakkad district,990125
kerala,2025,1,district,kollam district,978230
kerala,2025,1,district,alappuzha district,803482
kerala,2025,1,district,kottayam district,771947
kerala,2025,2,district,ernakulam district,2283692
kerala,2025,2,district,malappuram district,1618740
kerala,2025,2,district,thiruvananthapuram district,1534461
kerala,2025,2,district,kozhikode district,1467755
kerala,2025,2,district,thrissur district,1189105
kerala,2025,2,district,kannur district,1049383
kerala,2025,2,district,palakkad district,1017792
kerala,2025,2,district,kollam district,1005074
kerala,2025,2,district,alappuzha district,824462
kerala,2025,2,district,kottayam district,793288
kerala,2025,3,district,ernakulam district,2343714
kerala,2025,3,district,malappuram district,1672599
kerala,2025,3,district,thiruvananthapuram district,1574872
kerala,2025,3,district,kozhikode district,1510397
kerala,2025,3,district,thrissur district,1222809
kerala,2025,3,district,kannur district,1080167
kerala,2025,3,district,palakkad district,1048213
kerala,2025,3,district,kollam district,1033825
kerala,2025,3,district,alappuzha district,846967
kerala,2025,3,district,kottayam district,815743
kerala,2025,4,district,ernakulam district,2404986
kerala,2025,4,district,malappuram district,1730109
kerala,2025,4,district,thiruvananthapuram district,1617824
kerala,2025,4,district,kozhikode district,1552758
kerala,2025,4,district,thrissur district,1259099
kerala,2025,4,district,kannur district,1111869
kerala,2025,4,district,palakkad district,1080457
kerala,2025,4,district,kollam district,1062951
kerala,2025,4,district,alappuzha district,870116
kerala,2025,4,district,kottayam district,839663
kerala,2026,1,district,ernakulam district,2459330
kerala,2026,1,district,malappuram district,1779858
kerala,2026,1,district,thiruvananthapuram district,1655492
kerala,2026,1,district,kozhikode district,1589307
kerala,2026,1,district,thrissur district,1291029
kerala,2026,1,district,kannur district,1138404
kerala,2026,1,district,palakkad district,1107803
kerala,2026,1,district,kollam district,1088656
kerala,2026,1,district,alappuzha district,890610
kerala,2026,1,district,kottayam district,860264
kerala,2026,2,district,ernakulam district,2553505
kerala,2026,2,district,malappuram district,1843408
kerala,2026,2,district,thiruvananthapuram district,1697961
kerala,2026,2,district,kozhikode district,1633191
kerala,2026,2,district,thrissur district,1327312
kerala,2026,2,district,kannur district,1167934
kerala,2026,2,district,palakkad district,1136377
kerala,2026,2,district,kollam district,1114869
kerala,2026,2,district,alappuzha district,910417
kerala,2026,2,district,kottayam district,888447
ladakh,2018,1,district,leh ladakh district,12151
ladakh,2018,1,district,kargil district,2644
ladakh,2018,2,district,leh ladakh district,17271
ladakh,2018,2,district,kargil district,3740
ladakh,2018,3,district,leh ladakh district,22379
ladakh,2018,3,district,kargil district,4895
ladakh,2018,4,district,leh ladakh district,29364
ladakh,2018,4,district,kargil district,6625
ladakh,2019,1,district,leh ladakh district,35599
ladakh,2019,1,district,kargil district,8459
ladakh,2019,2,district,leh ladakh district,41381
ladakh,2019,2,district,kargil district,10104
ladakh,2019,3,district,leh ladakh district,45923
ladakh,2019,3,district,kargil district,11070
ladakh,2019,4,district,leh ladakh district,50254
ladakh,2019,4,district,kargil district,11892
ladakh,2020,1,district,leh ladakh district,54870
ladakh,2020,1,district,kargil district,13553
ladakh,2020,2,district,leh ladakh district,59579
ladakh,2020,2,district,kargil district,15228
ladakh,2020,3,district,leh ladakh district,64556
ladakh,2020,3,district,kargil district,16961
ladakh,2020,4,district,leh ladakh district,70363
ladakh,2020,4,district,kargil district,19155
ladakh,2021,1,district,leh ladakh district,75273
ladakh,2021,1,district,kargil district,20873
ladakh,2021,2,district,leh ladakh district,80257
ladakh,2021,2,district,kargil district,22657
ladakh,2021,3,district,leh ladakh district,85273
ladakh,2021,3,district,kargil district,24586
ladakh,2021,4,district,leh ladakh district,90787
ladakh,2021,4,district,kargil district,26910
ladakh,2022,1,district,leh ladakh district,95936
ladakh,2022,1,district,kargil district,29183
ladakh,2022,2,district,leh ladakh district,100748
ladakh,2022,2,district,kargil district,31097
ladakh,2022,3,district,leh ladakh district,105375
ladakh,2022,3,district,kargil district,33149
ladakh,2022,4,district,leh ladakh district,110509
ladakh,2022,4,district,kargil district,35519
ladakh,2023,1,district,leh ladakh district,114943
ladakh,2023,1,district,kargil district,37693
ladakh,2023,2,district,leh ladakh district,119061
ladakh,2023,2,district,kargil district,39895
ladakh,2023,3,district,leh ladakh district,122977
ladakh,2023,3,district,kargil district,41985
ladakh,2023,4,district,leh ladakh district,128161
ladakh,2023,4,district,kargil district,44970
ladakh,2024,1,district,leh ladakh district,132870
ladakh,2024,1,district,kargil district,47895
ladakh,2024,2,district,leh ladakh district,139096
ladakh,2024,2,district,kargil district,51572
ladakh,2024,3,district,leh ladakh district,144402
ladakh,2024,3,district,kargil district,54864
ladakh,2024,4,district,leh ladakh district,149066
ladakh,2024,4,district,kargil district,57384
ladakh,2025,1,district,leh ladakh district,153424
ladakh,2025,1,district,kargil district,59765
ladakh,2025,2,district,leh ladakh district,158026
ladakh,2025,2,district,kargil district,61969
ladakh,2025,3,district,leh ladakh district,161573
ladakh,2025,3,district,kargil district,63579
ladakh,2025,4,district,leh ladakh district,165789
ladakh,2025,4,district,kargil district,65867
ladakh,2026,1,district,leh ladakh district,169942
ladakh,2026,1,district,kargil district,67764
ladakh,2026,2,district,leh ladakh district,177949
ladakh,2026,2,district,kargil district,72972
lakshadweep,2018,1,district,lakshadweep district,862
lakshadweep,2018,2,district,lakshadweep district,1172
lakshadweep,2018,3,district,lakshadweep district,1491
lakshadweep,2018,4,district,lakshadweep district,1903
lakshadweep,2019,1,district,lakshadweep district,2320
lakshadweep,2019,2,district,lakshadweep district,2763
lakshadweep,2019,3,district,lakshadweep district,3275
lakshadweep,2019,4,district,lakshadweep district,3708
lakshadweep,2020,1,district,lakshadweep district,4140
lakshadweep,2020,2,district,lakshadweep district,4578
lakshadweep,2020,3,district,lakshadweep district,5137
lakshadweep,2020,4,district,lakshadweep district,5775
lakshadweep,2021,1,district,lakshadweep district,6336
lakshadweep,2021,2,district,lakshadweep district,6816
lakshadweep,2021,3,district,lakshadweep district,7374
lakshadweep,2021,4,district,lakshadweep district,7965
lakshadweep,2022,1,district,lakshadweep district,8435
lakshadweep,2022,2,district,lakshadweep district,8885
lakshadweep,2022,3,district,lakshadweep district,9374
lakshadweep,2022,4,district,lakshadweep district,9808
lakshadweep,2023,1,district,lakshadweep district,10183
lakshadweep,2023,2,district,lakshadweep district,10584
lakshadweep,2023,3,district,lakshadweep district,11059
lakshadweep,2023,4,district,lakshadweep district,11676
lakshadweep,2024,1,district,lakshadweep district,12330
lakshadweep,2024,2,district,lakshadweep district,13251
lakshadweep,2024,3,district,lakshadweep district,14065
lakshadweep,2024,4,district,lakshadweep district,14725
lakshadweep,2025,1,district,lakshadweep district,15368
lakshadweep,2025,2,district,lakshadweep district,15987
lakshadweep,2025,3,district,lakshadweep district,16553
lakshadweep,2025,4,district,lakshadweep district,17251
lakshadweep,2026,1,district,lakshadweep district,17882
lakshadweep,2026,2,district,lakshadweep district,18419
madhya-pradesh,2018,1,district,indore district,362785
madhya-pradesh,2018,1,district,bhopal district,275909
madhya-pradesh,2018,1,district,gwalior district,132743
madhya-pradesh,2018,1,district,jabalpur district,110557
madhya-pradesh,2018,1,district,ujjain district,90677
madhya-pradesh,2018,1,district,sagar district,68235
madhya-pradesh,2018,1,district,dhar district,62913
madhya-pradesh,2018,1,district,dewas district,61874
madhya-pradesh,2018,1,district,sehore district,61063
madhya-pradesh,2018,1,district,rewa district,59960
madhya-pradesh,2018,2,district,indore district,478548
madhya-pradesh,2018,2,district,bhopal district,361965
madhya-pradesh,2018,2,district,gwalior district,181272
madhya-pradesh,2018,2,district,jabalpur district,148902
madhya-pradesh,2018,2,district,ujjain district,122337
madhya-pradesh,2018,2,district,sagar district,93089
madhya-pradesh,2018,2,district,dhar district,86098
madhya-pradesh,2018,2,district,dewas district,83383
madhya-pradesh,2018,2,district,sehore district,82183
madhya-pradesh,2018,2,district,rewa district,80271
madhya-pradesh,2018,3,district,indore district,586402
madhya-pradesh,2018,3,district,bhopal district,437062
madhya-pradesh,2018,3,district,gwalior district,224937
madhya-pradesh,2018,3,district,jabalpur district,185355
madhya-pradesh,2018,3,district,ujjain district,153775
madhya-pradesh,2018,3,district,sagar district,116895
madhya-pradesh,2018,3,district,dhar district,109890
madhya-pradesh,2018,3,district,dewas district,104403
madhya-pradesh,2018,3,district,sehore district,102315
madhya-pradesh,2018,3,district,rewa district,99422
madhya-pradesh,2018,4,district,indore district,720110
madhya-pradesh,2018,4,district,bhopal district,535700
madhya-pradesh,2018,4,district,gwalior district,273730
madhya-pradesh,2018,4,district,jabalpur district,238038
madhya-pradesh,2018,4,district,ujjain district,191719
madhya-pradesh,2018,4,district,sagar district,149524
madhya-pradesh,2018,4,district,dhar district,137387
madhya-pradesh,2018,4,district,dewas district,128830
madhya-pradesh,2018,4,district,rewa district,127484
madhya-pradesh,2018,4,district,sehore district,124538
madhya-pradesh,2019,1,district,indore district,857895
madhya-pradesh,2019,1,district,bhopal district,634507
madhya-pradesh,2019,1,district,gwalior district,321444
madhya-pradesh,2019,1,district,jabalpur district,284858
madhya-pradesh,2019,1,district,ujjain district,232073
madhya-pradesh,2019,1,district,sagar district,181171
madhya-pradesh,2019,1,district,dhar district,166415
madhya-pradesh,2019,1,district,dewas district,154894
madhya-pradesh,2019,1,district,rewa district,151721
madhya-pradesh,2019,1,district,sehore district,148006
madhya-pradesh,2019,2,district,indore district,976174
madhya-pradesh,2019,2,district,bhopal district,722996
madhya-pradesh,2019,2,district,gwalior district,364906
madhya-pradesh,2019,2,district,jabalpur district,326913
madhya-pradesh,2019,2,district,ujjain district,265550
madhya-pradesh,2019,2,district,sagar district,206116
madhya-pradesh,2019,2,district,dhar district,190500
madhya-pradesh,2019,2,district,dewas district,175766
madhya-pradesh,2019,2,district,rewa district,170212
madhya-pradesh,2019,2,district,sehore district,166012
madhya-pradesh,2019,3,district,indore district,1098873
madhya-pradesh,2019,3,district,bhopal district,812728
madhya-pradesh,2019,3,district,gwalior district,410182
madhya-pradesh,2019,3,district,jabalpur district,371196
madhya-pradesh,2019,3,district,ujjain district,302856
madhya-pradesh,2019,3,district,sagar district,232504
madhya-pradesh,2019,3,district,dhar district,216477
madhya-pradesh,2019,3,district,dewas district,198648
madhya-pradesh,2019,3,district,rewa district,189257
madhya-pradesh,2019,3,district,sehore district,185736
madhya-pradesh,2019,4,district,indore district,1214574
madhya-pradesh,2019,4,district,bhopal district,895687
madhya-pradesh,2019,4,district,gwalior district,454117
madhya-pradesh,2019,4,district,jabalpur district,417049
madhya-pradesh,2019,4,district,ujjain district,338058
madhya-pradesh,2019,4,district,sagar district,260226
madhya-pradesh,2019,4,district,dhar district,243720
madhya-pradesh,2019,4,district,dewas district,220947
madhya-pradesh,2019,4,district,rewa district,210036
madhya-pradesh,2019,4,district,sehore district,205464
madhya-pradesh,2020,1,district,indore district,1327742
madhya-pradesh,2020,1,district,bhopal district,976175
madhya-pradesh,2020,1,district,gwalior district,499977
madhya-pradesh,2020,1,district,jabalpur district,459658
madhya-pradesh,2020,1,district,ujjain district,375717
madhya-pradesh,2020,1,district,sagar district,289774
madhya-pradesh,2020,1,district,dhar district,273240
madhya-pradesh,2020,1,district,dewas district,245127
madhya-pradesh,2020,1,district,rewa district,231363
madhya-pradesh,2020,1,district,sehore district,225832
madhya-pradesh,2020,2,district,indore district,1461759
madhya-pradesh,2020,2,district,bhopal district,1059763
madhya-pradesh,2020,2,district,gwalior district,550254
madhya-pradesh,2020,2,district,jabalpur district,507877
madhya-pradesh,2020,2,district,ujjain district,424233
madhya-pradesh,2020,2,district,sagar district,324960
madhya-pradesh,2020,2,district,dhar district,313647
madhya-pradesh,2020,2,district,dewas district,275097
madhya-pradesh,2020,2,district,rewa district,253147
madhya-pradesh,2020,2,district,sehore district,247864
madhya-pradesh,2020,3,district,indore district,1588538
madhya-pradesh,2020,3,district,bhopal district,1149418
madhya-pradesh,2020,3,district,gwalior district,600218
madhya-pradesh,2020,3,district,jabalpur district,558441
madhya-pradesh,2020,3,district,ujjain district,469266
madhya-pradesh,2020,3,district,sagar district,361379
madhya-pradesh,2020,3,district,dhar district,350165
madhya-pradesh,2020,3,district,dewas district,302500
madhya-pradesh,2020,3,district,rewa district,277870
madhya-pradesh,2020,3,district,sehore district,271299
madhya-pradesh,2020,4,district,indore district,1718981
madhya-pradesh,2020,4,district,bhopal district,1239970
madhya-pradesh,2020,4,district,gwalior district,649465
madhya-pradesh,2020,4,district,jabalpur district,608712
madhya-pradesh,2020,4,district,ujjain district,510866
madhya-pradesh,2020,4,district,sagar district,393830
madhya-pradesh,2020,4,district,dhar district,386269
madhya-pradesh,2020,4,district,dewas district,328881
madhya-pradesh,2020,4,district,rewa district,302193
madhya-pradesh,2020,4,district,chhindwara district,297963
madhya-pradesh,2021,1,district,indore district,1849870
madhya-pradesh,2021,1,district,bhopal district,1328628
madhya-pradesh,2021,1,district,gwalior district,699472
madhya-pradesh,2021,1,district,jabalpur district,655928
madhya-pradesh,2021,1,district,ujjain district,554534
madhya-pradesh,2021,1,district,sagar district,426706
madhya-pradesh,2021,1,district,dhar district,424574
madhya-pradesh,2021,1,district,dewas district,356546
madhya-pradesh,2021,1,district,rewa district,325896
madhya-pradesh,2021,1,district,chhindwara district,325833
madhya-pradesh,2021,2,district,indore district,1967518
madhya-pradesh,2021,2,district,bhopal district,1408533
madhya-pradesh,2021,2,district,gwalior district,746338
madhya-pradesh,2021,2,district,jabalpur district,698330
madhya-pradesh,2021,2,district,ujjain district,594789
madhya-pradesh,2021,2,district,dhar district,460475
madhya-pradesh,2021,2,district,sagar district,458179
madhya-pradesh,2021,2,district,dewas district,381685
madhya-pradesh,2021,2,district,chhindwara district,350590
madhya-pradesh,2021,2,district,rewa district,347066
madhya-pradesh,2021,3,district,indore district,2106958
madhya-pradesh,2021,3,district,bhopal district,1503838
madhya-pradesh,2021,3,district,gwalior district,798287
madhya-pradesh,2021,3,district,jabalpur district,746928
madhya-pradesh,2021,3,district,ujjain district,643820
madhya-pradesh,2021,3,district,dhar district,502956
madhya-pradesh,2021,3,district,sagar district,494001
madhya-pradesh,2021,3,district,dewas district,411916
madhya-pradesh,2021,3,district,chhindwara district,380368
madhya-pradesh,2021,3,district,ratlam district,372736
madhya-pradesh,2021,4,district,indore district,2241469
madhya-pradesh,2021,4,district,bhopal district,1596878
madhya-pradesh,2021,4,district,gwalior district,849313
madhya-pradesh,2021,4,district,jabalpur district,794592
madhya-pradesh,2021,4,district,ujjain district,688405
madhya-pradesh,2021,4,district,dhar district,542532
madhya-pradesh,2021,4,district,sagar district,528642
madhya-pradesh,2021,4,district,dewas district,439745
madhya-pradesh,2021,4,district,chhindwara district,409040
madhya-pradesh,2021,4,district,ratlam district,399745
madhya-pradesh,2022,1,district,indore district,2368303
madhya-pradesh,2022,1,district,bhopal district,1683773
madhya-pradesh,2022,1,district,gwalior district,900265
madhya-pradesh,2022,1,district,jabalpur district,840994
madhya-pradesh,2022,1,district,ujjain district,732762
madhya-pradesh,2022,1,district,dhar district,580621
madhya-pradesh,2022,1,district,sagar district,564158
madhya-pradesh,2022,1,district,dewas district,466860
madhya-pradesh,2022,1,district,chhindwara district,437993
madhya-pradesh,2022,1,district,ratlam district,427305
madhya-pradesh,2022,2,district,indore district,2485986
madhya-pradesh,2022,2,district,bhopal district,1763288
madhya-pradesh,2022,2,district,gwalior district,946612
madhya-pradesh,2022,2,district,jabalpur district,884720
madhya-pradesh,2022,2,district,ujjain district,773039
madhya-pradesh,2022,2,district,dhar district,616743
madhya-pradesh,2022,2,district,sagar district,597128
madhya-pradesh,2022,2,district,dewas district,491625
madhya-pradesh,2022,2,district,chhindwara district,463994
madhya-pradesh,2022,2,district,ratlam district,453523
madhya-pradesh,2022,3,district,indore district,2609284
madhya-pradesh,2022,3,district,bhopal district,1846558
madhya-pradesh,2022,3,district,gwalior district,996090
madhya-pradesh,2022,3,district,jabalpur district,930681
madhya-pradesh,2022,3,district,ujjain district,817481
madhya-pradesh,2022,3,district,dhar district,657120
madhya-pradesh,2022,3,district,sagar district,636276
madhya-pradesh,2022,3,district,dewas district,519198
madhya-pradesh,2022,3,district,chhindwara district,492692
madhya-pradesh,2022,3,district,ratlam district,482723
madhya-pradesh,2022,4,district,indore district,2724883
madhya-pradesh,2022,4,district,bhopal district,1925686
madhya-pradesh,2022,4,district,gwalior district,1043384
madhya-pradesh,2022,4,district,jabalpur district,974506
madhya-pradesh,2022,4,district,ujjain district,858677
madhya-pradesh,2022,4,district,dhar district,695621
madhya-pradesh,2022,4,district,sagar district,671439
madhya-pradesh,2022,4,district,dewas district,544970
madhya-pradesh,2022,4,district,chhindwara district,519981
madhya-pradesh,2022,4,district,ratlam district,509621
madhya-pradesh,2023,1,district,indore district,2831367
madhya-pradesh,2023,1,district,bhopal district,1998072
madhya-pradesh,2023,1,district,gwalior district,1088540
madhya-pradesh,2023,1,district,jabalpur district,1018278
madhya-pradesh,2023,1,district,ujjain district,898607
madhya-pradesh,2023,1,district,dhar district,731435
madhya-pradesh,2023,1,district,sagar district,705843
madhya-pradesh,2023,1,district,dewas district,569132
madhya-pradesh,2023,1,district,chhindwara district,547709
madhya-pradesh,2023,1,district,ratlam district,535532
madhya-pradesh,2023,2,district,indore district,2940499
madhya-pradesh,2023,2,district,bhopal district,2071071
madhya-pradesh,2023,2,district,gwalior district,1137784
madhya-pradesh,2023,2,district,jabalpur district,1061904
madhya-pradesh,2023,2,district,ujjain district,940324
madhya-pradesh,2023,2,district,dhar district,767360
madhya-pradesh,2023,2,district,sagar district,740327
madhya-pradesh,2023,2,district,dewas district,594930
madhya-pradesh,2023,2,district,chhindwara district,573183
madhya-pradesh,2023,2,district,ratlam district,563711
madhya-pradesh,2023,3,district,indore district,3049805
madhya-pradesh,2023,3,district,bhopal district,2149465
madhya-pradesh,2023,3,district,gwalior district,1187548
madhya-pradesh,2023,3,district,jabalpur district,1109279
madhya-pradesh,2023,3,district,ujjain district,985509
madhya-pradesh,2023,3,district,dhar district,806663
madhya-pradesh,2023,3,district,sagar district,778227
madhya-pradesh,2023,3,district,dewas district,623077
madhya-pradesh,2023,3,district,chhindwara district,602194
madhya-pradesh,2023,3,district,ratlam district,594760
madhya-pradesh,2023,4,district,indore district,3141263
madhya-pradesh,2023,4,district,bhopal district,2227059
madhya-pradesh,2023,4,district,gwalior district,1229850
madhya-pradesh,2023,4,district,jabalpur district,1153272
madhya-pradesh,2023,4,district,ujjain district,1021493
madhya-pradesh,2023,4,district,dhar district,842411
madhya-pradesh,2023,4,district,sagar district,814022
madhya-pradesh,2023,4,district,dewas district,646915
madhya-pradesh,2023,4,district,chhindwara district,628325
madhya-pradesh,2023,4,district,ratlam district,619070
madhya-pradesh,2024,1,district,indore district,3246333
madhya-pradesh,2024,1,district,bhopal district,2311185
madhya-pradesh,2024,1,district,gwalior district,1281495
madhya-pradesh,2024,1,district,jabalpur district,1207696
madhya-pradesh,2024,1,district,ujjain district,1061675
madhya-pradesh,2024,1,district,dhar district,883178
madhya-pradesh,2024,1,district,sagar district,854023
madhya-pradesh,2024,1,district,dewas district,672566
madhya-pradesh,2024,1,district,chhindwara district,661270
madhya-pradesh,2024,1,district,ratlam district,645068
madhya-pradesh,2024,2,district,indore district,3350339
madhya-pradesh,2024,2,district,bhopal district,2388982
madhya-pradesh,2024,2,district,gwalior district,1331836
madhya-pradesh,2024,2,district,jabalpur district,1259371
madhya-pradesh,2024,2,district,ujjain district,1099343
madhya-pradesh,2024,2,district,dhar district,921128
madhya-pradesh,2024,2,district,sagar district,892676
madhya-pradesh,2024,2,district,dewas district,696915
madhya-pradesh,2024,2,district,chhindwara district,690881
madhya-pradesh,2024,2,district,ratlam district,670934
madhya-pradesh,2024,3,district,indore district,3452252
madhya-pradesh,2024,3,district,bhopal district,2463389
madhya-pradesh,2024,3,district,gwalior district,1380321
madhya-pradesh,2024,3,district,jabalpur district,1307535
madhya-pradesh,2024,3,district,ujjain district,1137207
madhya-pradesh,2024,3,district,dhar district,958739
madhya-pradesh,2024,3,district,sagar district,928745
madhya-pradesh,2024,3,district,dewas district,721065
madhya-pradesh,2024,3,district,chhindwara district,719509
madhya-pradesh,2024,3,district,ratlam district,696081
madhya-pradesh,2024,4,district,indore district,3550882
madhya-pradesh,2024,4,district,bhopal district,2532781
madhya-pradesh,2024,4,district,gwalior district,1424209
madhya-pradesh,2024,4,district,jabalpur district,1350759
madhya-pradesh,2024,4,district,ujjain district,1171496
madhya-pradesh,2024,4,district,dhar district,990746
madhya-pradesh,2024,4,district,sagar district,959469
madhya-pradesh,2024,4,district,chhindwara district,744255
madhya-pradesh,2024,4,district,dewas district,742985
madhya-pradesh,2024,4,district,morena district,720000
madhya-pradesh,2025,1,district,indore district,3647836
madhya-pradesh,2025,1,district,bhopal district,2602140
madhya-pradesh,2025,1,district,gwalior district,1469606
madhya-pradesh,2025,1,district,jabalpur district,1394818
madhya-pradesh,2025,1,district,ujjain district,1206877
madhya-pradesh,2025,1,district,dhar district,1024266
madhya-pradesh,2025,1,district,sagar district,992538
madhya-pradesh,2025,1,district,chhindwara district,770477
madhya-pradesh,2025,1,district,dewas district,765770
madhya-pradesh,2025,1,district,morena district,747917
madhya-pradesh,2025,2,district,indore district,3745508
madhya-pradesh,2025,2,district,bhopal district,2670332
madhya-pradesh,2025,2,district,gwalior district,1512767
madhya-pradesh,2025,2,district,jabalpur district,1436522
madhya-pradesh,2025,2,district,ujjain district,1241881
madhya-pradesh,2025,2,district,dhar district,1056776
madhya-pradesh,2025,2,district,sagar district,1024003
madhya-pradesh,2025,2,district,chhindwara district,794622
madhya-pradesh,2025,2,district,dewas district,787933
madhya-pradesh,2025,2,district,morena district,774298
madhya-pradesh,2025,3,district,indore district,3848223
madhya-pradesh,2025,3,district,bhopal district,2740671
madhya-pradesh,2025,3,district,gwalior district,1559171
madhya-pradesh,2025,3,district,jabalpur district,1480584
madhya-pradesh,2025,3,district,ujjain district,1278798
madhya-pradesh,2025,3,district,dhar district,1092108
madhya-pradesh,2025,3,district,sagar district,1058599
madhya-pradesh,2025,3,district,chhindwara district,821380
madhya-pradesh,2025,3,district,dewas district,812049
madhya-pradesh,2025,3,district,morena district,804158
madhya-pradesh,2025,4,district,indore district,3934555
madhya-pradesh,2025,4,district,bhopal district,2802306
madhya-pradesh,2025,4,district,gwalior district,1600649
madhya-pradesh,2025,4,district,jabalpur district,1521965
madhya-pradesh,2025,4,district,ujjain district,1311444
madhya-pradesh,2025,4,district,dhar district,1123631
madhya-pradesh,2025,4,district,sagar district,1089939
madhya-pradesh,2025,4,district,chhindwara district,846009
madhya-pradesh,2025,4,district,dewas district,833065
madhya-pradesh,2025,4,district,morena district,831766
madhya-pradesh,2026,1,district,indore district,4015409
madhya-pradesh,2026,1,district,bhopal district,2860563
madhya-pradesh,2026,1,district,gwalior district,1641928
madhya-pradesh,2026,1,district,jabalpur district,1560994
madhya-pradesh,2026,1,district,ujjain district,1340299
madhya-pradesh,2026,1,district,dhar district,1152074
madhya-pradesh,2026,1,district,sagar district,1119147
madhya-pradesh,2026,1,district,chhindwara district,868953
madhya-pradesh,2026,1,district,morena district,856989
madhya-pradesh,2026,1,district,dewas district,851759
madhya-pradesh,2026,2,district,indore district,4118995
madhya-pradesh,2026,2,district,bhopal district,2930803
madhya-pradesh,2026,2,district,gwalior district,1674749
madhya-pradesh,2026,2,district,jabalpur district,1602539
madhya-pradesh,2026,2,district,ujjain district,1368511
madhya-pradesh,2026,2,district,dhar district,1178501
madhya-pradesh,2026,2,district,sagar district,1149850
madhya-pradesh,2026,2,district,morena district,883974
madhya-pradesh,2026,2,district,chhindwara district,882155
madhya-pradesh,2026,2,district,dewas district,865214
maharashtra,2018,1,district,pune district,1345147
maharashtra,2018,1,district,mumbai suburban district,716230
maharashtra,2018,1,district,thane district,650285
maharashtra,2018,1,district,nashik district,309145
maharashtra,2018,1,district,nagpur district,274776
maharashtra,2018,1,district,chhatrapati sambhaji nagar district,243754
maharashtra,2018,1,district,mumbai district,225832
maharashtra,2018,1,district,raigad district,190713
maharashtra,2018,1,district,ahilyanagar district,189633
maharashtra,2018,1,district,solapur district,180547
maharashtra,2018,2,district,pune district,1755120
maharashtra,2018,2,district,mumbai suburban district,946655
maharashtra,2018,2,district,thane district,878743
maharashtra,2018,2,district,nashik district,420405
maharashtra,2018,2,district,nagpur district,374870
maharashtra,2018,2,district,chhatrapati sambhaji nagar district,319392
maharashtra,2018,2,district,mumbai district,306694
maharashtra,2018,2,district,raigad district,259774
maharashtra,2018,2,district,ahilyanagar district,258132
maharashtra,2018,2,district,solapur district,246476
maharashtra,2018,3,district,pune district,2159958
maharashtra,2018,3,district,mumbai suburban district,1196144
maharashtra,2018,3,district,thane district,1120359
maharashtra,2018,3,district,nashik district,530365
maharashtra,2018,3,district,nagpur district,479762
maharashtra,2018,3,district,chhatrapati sambhaji nagar district,395768
maharashtra,2018,3,district,mumbai district,392128
maharashtra,2018,3,district,raigad district,332421
maharashtra,2018,3,district,ahilyanagar district,328533
maharashtra,2018,3,district,solapur district,312967
maharashtra,2018,4,district,pune district,2726422
maharashtra,2018,4,district,mumbai suburban district,1552550
maharashtra,2018,4,district,thane district,1492841
maharashtra,2018,4,district,nashik district,673262
maharashtra,2018,4,district,nagpur district,622241
maharashtra,2018,4,district,mumbai district,520051
maharashtra,2018,4,district,chhatrapati sambhaji nagar district,498206
maharashtra,2018,4,district,raigad district,435890
maharashtra,2018,4,district,ahilyanagar district,419552
maharashtra,2018,4,district,palghar district,415334
maharashtra,2019,1,district,pune district,3303140
maharashtra,2019,1,district,mumbai suburban district,1874677
maharashtra,2019,1,district,thane district,1855651
maharashtra,2019,1,district,nashik district,825703
maharashtra,2019,1,district,nagpur district,764727
maharashtra,2019,1,district,mumbai district,641819
maharashtra,2019,1,district,chhatrapati sambhaji nagar district,604845
maharashtra,2019,1,district,raigad district,543561
maharashtra,2019,1,district,palghar district,523076
maharashtra,2019,1,district,ahilyanagar district,509023
maharashtra,2019,2,district,pune district,3807419
maharashtra,2019,2,district,thane district,2141979
maharashtra,2019,2,district,mumbai suburban district,2130269
maharashtra,2019,2,district,nashik district,961469
maharashtra,2019,2,district,nagpur district,885539
maharashtra,2019,2,district,mumbai district,750859
maharashtra,2019,2,district,chhatrapati sambhaji nagar district,693013
maharashtra,2019,2,district,raigad district,631371
maharashtra,2019,2,district,palghar district,609460
maharashtra,2019,2,district,ahilyanagar district,585566
maharashtra,2019,3,district,pune district,4329920
maharashtra,2019,3,district,thane district,2425688
maharashtra,2019,3,district,mumbai suburban district,2389036
maharashtra,2019,3,district,nashik district,1117111
maharashtra,2019,3,district,nagpur district,1014100
maharashtra,2019,3,district,mumbai district,851045
maharashtra,2019,3,district,chhatrapati sambhaji nagar district,794838
maharashtra,2019,3,district,raigad district,720509
maharashtra,2019,3,district,palghar district,694319
maharashtra,2019,3,district,ahilyanagar district,675367
maharashtra,2019,4,district,pune district,4776727
maharashtra,2019,4,district,thane district,2672186
maharashtra,2019,4,district,mumbai suburban district,2612475
maharashtra,2019,4,district,nashik district,1260275
maharashtra,2019,4,district,nagpur district,1133476
maharashtra,2019,4,district,mumbai district,933175
maharashtra,2019,4,district,chhatrapati sambhaji nagar district,895860
maharashtra,2019,4,district,raigad district,799070
maharashtra,2019,4,district,palghar district,772049
maharashtra,2019,4,district,ahilyanagar district,768258
maharashtra,2020,1,district,pune district,5193216
maharashtra,2020,1,district,thane district,2913418
maharashtra,2020,1,district,mumbai suburban district,2823652
maharashtra,2020,1,district,nashik district,1401028
maharashtra,2020,1,district,nagpur district,1253504
maharashtra,2020,1,district,mumbai district,1013271
maharashtra,2020,1,district,chhatrapati sambhaji nagar district,992549
maharashtra,2020,1,district,raigad district,877463
maharashtra,2020,1,district,ahilyanagar district,865380
maharashtra,2020,1,district,palghar district,852685
maharashtra,2020,2,district,pune district,5570928
maharashtra,2020,2,district,thane district,3173737
maharashtra,2020,2,district,mumbai suburban district,3042691
maharashtra,2020,2,district,nashik district,1554772
maharashtra,2020,2,district,nagpur district,1384261
maharashtra,2020,2,district,mumbai district,1101075
maharashtra,2020,2,district,chhatrapati sambhaji nagar district,1090557
maharashtra,2020,2,district,ahilyanagar district,971243
maharashtra,2020,2,district,raigad district,964163
maharashtra,2020,2,district,palghar district,951405
maharashtra,2020,3,district,pune district,6007999
maharashtra,2020,3,district,thane district,3439414
maharashtra,2020,3,district,mumbai suburban district,3280632
maharashtra,2020,3,district,nashik district,1703901
maharashtra,2020,3,district,nagpur district,1513023
maharashtra,2020,3,district,mumbai district,1191807
maharashtra,2020,3,district,chhatrapati sambhaji nagar district,1191751
maharashtra,2020,3,district,ahilyanagar district,1076122
maharashtra,2020,3,district,raigad district,1052362
maharashtra,2020,3,district,palghar district,1038210
maharashtra,2020,4,district,pune district,6523033
maharashtra,2020,4,district,thane district,3747496
maharashtra,2020,4,district,mumbai suburban district,3564425
maharashtra,2020,4,district,nashik district,1858794
maharashtra,2020,4,district,nagpur district,1650291
maharashtra,2020,4,district,chhatrapati sambhaji nagar district,1302024
maharashtra,2020,4,district,mumbai district,1296857
maharashtra,2020,4,district,ahilyanagar district,1186310
maharashtra,2020,4,district,raigad district,1153813
maharashtra,2020,4,district,palghar district,1136119
maharashtra,2021,1,district,pune district,6983609
maharashtra,2021,1,district,thane district,4000919
maharashtra,2021,1,district,mumbai suburban district,3798699
maharashtra,2021,1,district,nashik district,1998109
maharashtra,2021,1,district,nagpur district,1774666
maharashtra,2021,1,district,chhatrapati sambhaji nagar district,1402065
maharashtra,2021,1,district,mumbai district,1382741
maharashtra,2021,1,district,ahilyanagar district,1283070
maharashtra,2021,1,district,raigad district,1236325
maharashtra,2021,1,district,palghar district,1217484
maharashtra,2021,2,district,pune district,7404846
maharashtra,2021,2,district,thane district,4230440
maharashtra,2021,2,district,mumbai suburban district,4004148
maharashtra,2021,2,district,nashik district,2132715
maharashtra,2021,2,district,nagpur district,1893429
maharashtra,2021,2,district,chhatrapati sambhaji nagar district,1496843
maharashtra,2021,2,district,mumbai district,1461468
maharashtra,2021,2,district,ahilyanagar district,1375595
maharashtra,2021,2,district,raigad district,1313837
maharashtra,2021,2,district,palghar district,1292495
maharashtra,2021,3,district,pune district,7876385
maharashtra,2021,3,district,thane district,4481604
maharashtra,2021,3,district,mumbai suburban district,4229372
maharashtra,2021,3,district,nashik district,2283553
maharashtra,2021,3,district,nagpur district,2026291
maharashtra,2021,3,district,chhatrapati sambhaji nagar district,1606018
maharashtra,2021,3,district,mumbai district,1546583
maharashtra,2021,3,district,ahilyanagar district,1481429
maharashtra,2021,3,district,raigad district,1397640
maharashtra,2021,3,district,palghar district,1376596
maharashtra,2021,4,district,pune district,8349587
maharashtra,2021,4,district,thane district,4734078
maharashtra,2021,4,district,mumbai suburban district,4454505
maharashtra,2021,4,district,nashik district,2435790
maharashtra,2021,4,district,nagpur district,2159267
maharashtra,2021,4,district,chhatrapati sambhaji nagar district,1718179
maharashtra,2021,4,district,mumbai district,1631779
maharashtra,2021,4,district,ahilyanagar district,1584704
maharashtra,2021,4,district,raigad district,1481017
maharashtra,2021,4,district,palghar district,1461499
maharashtra,2022,1,district,pune district,8790122
maharashtra,2022,1,district,thane district,4972862
maharashtra,2022,1,district,mumbai suburban district,4669255
maharashtra,2022,1,district,nashik district,2581937
maharashtra,2022,1,district,nagpur district,2285287
maharashtra,2022,1,district,chhatrapati sambhaji nagar district,1822594
maharashtra,2022,1,district,mumbai district,1713311
maharashtra,2022,1,district,ahilyanagar district,1680406
maharashtra,2022,1,district,raigad district,1557557
maharashtra,2022,1,district,palghar district,1542271
maharashtra,2022,2,district,pune district,9192683
maharashtra,2022,2,district,thane district,5189060
maharashtra,2022,2,district,mumbai suburban district,4865037
maharashtra,2022,2,district,nashik district,2714674
maharashtra,2022,2,district,nagpur district,2401668
maharashtra,2022,2,district,chhatrapati sambhaji nagar district,1914060
maharashtra,2022,2,district,mumbai district,1787758
maharashtra,2022,2,district,ahilyanagar district,1766599
maharashtra,2022,2,district,raigad district,1628136
maharashtra,2022,2,district,palghar district,1615880
maharashtra,2022,3,district,pune district,9602960
maharashtra,2022,3,district,thane district,5411111
maharashtra,2022,3,district,mumbai suburban district,5064320
maharashtra,2022,3,district,nashik district,2851735
maharashtra,2022,3,district,nagpur district,2518400
maharashtra,2022,3,district,chhatrapati sambhaji nagar district,2013116
maharashtra,2022,3,district,mumbai district,1864263
maharashtra,2022,3,district,ahilyanagar district,1856601
maharashtra,2022,3,district,raigad district,1702169
maharashtra,2022,3,district,palghar district,1691058
maharashtra,2022,4,district,pune district,9999733
maharashtra,2022,4,district,thane district,5623538
maharashtra,2022,4,district,mumbai suburban district,5254945
maharashtra,2022,4,district,nashik district,2984923
maharashtra,2022,4,district,nagpur district,2629496
maharashtra,2022,4,district,chhatrapati sambhaji nagar district,2106323
maharashtra,2022,4,district,ahilyanagar district,1944526
maharashtra,2022,4,district,mumbai district,1938439
maharashtra,2022,4,district,raigad district,1772723
maharashtra,2022,4,district,palghar district,1764729
maharashtra,2023,1,district,pune district,10350238
maharashtra,2023,1,district,thane district,5817274
maharashtra,2023,1,district,mumbai suburban district,5428540
maharashtra,2023,1,district,nashik district,3107839
maharashtra,2023,1,district,nagpur district,2731483
maharashtra,2023,1,district,chhatrapati sambhaji nagar district,2186909
maharashtra,2023,1,district,ahilyanagar district,2022804
maharashtra,2023,1,district,mumbai district,2006043
maharashtra,2023,1,district,raigad district,1835846
maharashtra,2023,1,district,palghar district,1831847
maharashtra,2023,2,district,pune district,10673555
maharashtra,2023,2,district,thane district,5993583
maharashtra,2023,2,district,mumbai suburban district,5585580
maharashtra,2023,2,district,nashik district,3220894
maharashtra,2023,2,district,nagpur district,2826557
maharashtra,2023,2,district,chhatrapati sambhaji nagar district,2261668
maharashtra,2023,2,district,ahilyanagar district,2096802
maharashtra,2023,2,district,mumbai district,2067462
maharashtra,2023,2,district,palghar district,1894840
maharashtra,2023,2,district,raigad district,1894529
maharashtra,2023,3,district,pune district,10987432
maharashtra,2023,3,district,thane district,6166921
maharashtra,2023,3,district,mumbai suburban district,5740528
maharashtra,2023,3,district,nashik district,3337525
maharashtra,2023,3,district,nagpur district,2921767
maharashtra,2023,3,district,chhatrapati sambhaji nagar district,2338681
maharashtra,2023,3,district,ahilyanagar district,2173115
maharashtra,2023,3,district,mumbai district,2128394
maharashtra,2023,3,district,palghar district,1956737
maharashtra,2023,3,district,raigad district,1952200
maharashtra,2023,4,district,pune district,11285939
maharashtra,2023,4,district,thane district,6344411
maharashtra,2023,4,district,mumbai suburban district,5897672
maharashtra,2023,4,district,nashik district,3454396
maharashtra,2023,4,district,nagpur district,3014623
maharashtra,2023,4,district,chhatrapati sambhaji nagar district,2415771
maharashtra,2023,4,district,ahilyanagar district,2247682
maharashtra,2023,4,district,mumbai district,2189660
maharashtra,2023,4,district,palghar district,2021354
maharashtra,2023,4,district,raigad district,2010334
maharashtra,2024,1,district,pune district,11602425
maharashtra,2024,1,district,thane district,6534387
maharashtra,2024,1,district,mumbai suburban district,6068912
maharashtra,2024,1,district,nashik district,3579929
maharashtra,2024,1,district,nagpur district,3118384
maharashtra,2024,1,district,chhatrapati sambhaji nagar district,2496077
maharashtra,2024,1,district,ahilyanagar district,2327865
maharashtra,2024,1,district,mumbai district,2256411
maharashtra,2024,1,district,palghar district,2092427
maharashtra,2024,1,district,raigad district,2072462
maharashtra,2024,2,district,pune district,11919857
maharashtra,2024,2,district,thane district,6720297
maharashtra,2024,2,district,mumbai suburban district,6239872
maharashtra,2024,2,district,nashik district,3698328
maharashtra,2024,2,district,nagpur district,3219739
maharashtra,2024,2,district,chhatrapati sambhaji nagar district,2573535
maharashtra,2024,2,district,ahilyanagar district,2403420
maharashtra,2024,2,district,mumbai district,2320449
maharashtra,2024,2,district,palghar district,2161931
maharashtra,2024,2,district,raigad district,2135667
maharashtra,2024,3,district,pune district,12328555
maharashtra,2024,3,district,thane district,6945804
maharashtra,2024,3,district,mumbai suburban district,6425984
maharashtra,2024,3,district,nashik district,3873080
maharashtra,2024,3,district,nagpur district,3356574
maharashtra,2024,3,district,chhatrapati sambhaji nagar district,2698978
maharashtra,2024,3,district,ahilyanagar district,2520403
maharashtra,2024,3,district,mumbai district,2387549
maharashtra,2024,3,district,palghar district,2238342
maharashtra,2024,3,district,solapur district,2220743
maharashtra,2024,4,district,pune district,12715486
maharashtra,2024,4,district,thane district,7162111
maharashtra,2024,4,district,mumbai suburban district,6609887
maharashtra,2024,4,district,nashik district,4026325
maharashtra,2024,4,district,nagpur district,3471230
maharashtra,2024,4,district,chhatrapati sambhaji nagar district,2801574
maharashtra,2024,4,district,ahilyanagar district,2616224
maharashtra,2024,4,district,mumbai district,2455562
maharashtra,2024,4,district,palghar district,2311866
maharashtra,2024,4,district,solapur district,2303888
maharashtra,2025,1,district,pune district,13056149
maharashtra,2025,1,district,thane district,7352716
maharashtra,2025,1,district,mumbai suburban district,6778820
maharashtra,2025,1,district,nashik district,4155499
maharashtra,2025,1,district,nagpur district,3571493
maharashtra,2025,1,district,chhatrapati sambhaji nagar district,2886306
maharashtra,2025,1,district,ahilyanagar district,2698186
maharashtra,2025,1,district,mumbai district,2519116
maharashtra,2025,1,district,palghar district,2380431
maharashtra,2025,1,district,solapur district,2376186
maharashtra,2025,2,district,pune district,13390379
maharashtra,2025,2,district,thane district,7535837
maharashtra,2025,2,district,mumbai suburban district,6941298
maharashtra,2025,2,district,nashik district,4276874
maharashtra,2025,2,district,nagpur district,3667608
maharashtra,2025,2,district,chhatrapati sambhaji nagar district,2967812
maharashtra,2025,2,district,ahilyanagar district,2776440
maharashtra,2025,2,district,mumbai district,2579448
maharashtra,2025,2,district,solapur district,2446303
maharashtra,2025,2,district,palghar district,2444778
maharashtra,2025,3,district,pune district,13718054
maharashtra,2025,3,district,thane district,7717442
maharashtra,2025,3,district,mumbai suburban district,7098528
maharashtra,2025,3,district,nashik district,4404190
maharashtra,2025,3,district,nagpur district,3765226
maharashtra,2025,3,district,chhatrapati sambhaji nagar district,3055151
maharashtra,2025,3,district,ahilyanagar district,2858748
maharashtra,2025,3,district,mumbai district,2638838
maharashtra,2025,3,district,solapur district,2517045
maharashtra,2025,3,district,palghar district,2511976
maharashtra,2025,4,district,pune district,14000876
maharashtra,2025,4,district,thane district,7891565
maharashtra,2025,4,district,mumbai suburban district,7251015
maharashtra,2025,4,district,nashik district,4516972
maharashtra,2025,4,district,nagpur district,3852822
maharashtra,2025,4,district,chhatrapati sambhaji nagar district,3132777
maharashtra,2025,4,district,ahilyanagar district,2934163
maharashtra,2025,4,district,mumbai district,2697834
maharashtra,2025,4,district,solapur district,2584591
maharashtra,2025,4,district,palghar district,2580770
maharashtra,2026,1,district,pune district,14260176
maharashtra,2026,1,district,thane district,8052974
maharashtra,2026,1,district,mumbai suburban district,7392981
maharashtra,2026,1,district,nashik district,4614253
maharashtra,2026,1,district,nagpur district,3932942
maharashtra,2026,1,district,chhatrapati sambhaji nagar district,3197336
maharashtra,2026,1,district,ahilyanagar district,2996198
maharashtra,2026,1,district,mumbai district,2749911
maharashtra,2026,1,district,palghar district,2642473
maharashtra,2026,1,district,solapur district,2639327
maharashtra,2026,2,district,pune district,14753740
maharashtra,2026,2,district,thane district,8346491
maharashtra,2026,2,district,mumbai suburban district,7625449
maharashtra,2026,2,district,nashik district,4715835
maharashtra,2026,2,district,nagpur district,4040766
maharashtra,2026,2,district,chhatrapati sambhaji nagar district,3285314
maharashtra,2026,2,district,ahilyanagar district,3056663
maharashtra,2026,2,district,mumbai district,2820660
maharashtra,2026,2,district,palghar district,2729334
maharashtra,2026,2,district,solapur district,2688732
manipur,2018,1,district,imphal west district,12485
manipur,2018,1,district,imphal east district,6999
manipur,2018,1,district,thoubal district,4953
manipur,2018,1,district,bishnupur district,3023
manipur,2018,1,district,churachandpur district,1938
manipur,2018,1,district,kakching district,1154
manipur,2018,1,district,kangpokpi district,1118
manipur,2018,1,district,ukhrul district,780
manipur,2018,1,district,jiribam district,713
manipur,2018,1,district,senapati district,595
manipur,2018,2,district,imphal west district,18194
manipur,2018,2,district,imphal east district,10788
manipur,2018,2,district,thoubal district,8351
manipur,2018,2,district,bishnupur district,4520
manipur,2018,2,district,churachandpur district,2913
manipur,2018,2,district,kakching district,1860
manipur,2018,2,district,kangpokpi district,1695
manipur,2018,2,district,ukhrul district,1132
manipur,2018,2,district,jiribam district,1123
manipur,2018,2,district,senapati district,946
manipur,2018,3,district,imphal west district,23648
manipur,2018,3,district,imphal east district,13751
manipur,2018,3,district,thoubal district,10239
manipur,2018,3,district,bishnupur district,6012
manipur,2018,3,district,churachandpur district,4104
manipur,2018,3,district,kakching district,2644
manipur,2018,3,district,kangpokpi district,2342
manipur,2018,3,district,ukhrul district,1549
manipur,2018,3,district,jiribam district,1549
manipur,2018,3,district,senapati district,1270
manipur,2018,4,district,imphal west district,30977
manipur,2018,4,district,imphal east district,17915
manipur,2018,4,district,thoubal district,13006
manipur,2018,4,district,bishnupur district,8224
manipur,2018,4,district,churachandpur district,5829
manipur,2018,4,district,kakching district,3527
manipur,2018,4,district,kangpokpi district,3147
manipur,2018,4,district,ukhrul district,2028
manipur,2018,4,district,jiribam district,1984
manipur,2018,4,district,senapati district,1775
manipur,2019,1,district,imphal west district,37025
manipur,2019,1,district,imphal east district,21209
manipur,2019,1,district,thoubal district,15197
manipur,2019,1,district,bishnupur district,9881
manipur,2019,1,district,churachandpur district,7163
manipur,2019,1,district,kakching district,4265
manipur,2019,1,district,kangpokpi district,3867
manipur,2019,1,district,ukhrul district,2573
manipur,2019,1,district,jiribam district,2409
manipur,2019,1,district,senapati district,2227
manipur,2019,2,district,imphal west district,43016
manipur,2019,2,district,imphal east district,24396
manipur,2019,2,district,thoubal district,17258
manipur,2019,2,district,bishnupur district,11418
manipur,2019,2,district,churachandpur district,8712
manipur,2019,2,district,kakching district,4990
manipur,2019,2,district,kangpokpi district,4569
manipur,2019,2,district,ukhrul district,3110
manipur,2019,2,district,jiribam district,2736
manipur,2019,2,district,senapati district,2679
manipur,2019,3,district,imphal west district,49471
manipur,2019,3,district,imphal east district,27957
manipur,2019,3,district,thoubal district,19480
manipur,2019,3,district,bishnupur district,13080
manipur,2019,3,district,churachandpur district,10225
manipur,2019,3,district,kakching district,5787
manipur,2019,3,district,kangpokpi district,5340
manipur,2019,3,district,ukhrul district,3714
manipur,2019,3,district,senapati district,3248
manipur,2019,3,district,jiribam district,3155
manipur,2019,4,district,imphal west district,55563
manipur,2019,4,district,imphal east district,31425
manipur,2019,4,district,thoubal district,21856
manipur,2019,4,district,bishnupur district,14782
manipur,2019,4,district,churachandpur district,11741
manipur,2019,4,district,kakching district,6567
manipur,2019,4,district,kangpokpi district,6048
manipur,2019,4,district,ukhrul district,4336
manipur,2019,4,district,senapati district,3720
manipur,2019,4,district,jiribam district,3481
manipur,2020,1,district,imphal west district,62190
manipur,2020,1,district,imphal east district,35362
manipur,2020,1,district,thoubal district,24743
manipur,2020,1,district,bishnupur district,16725
manipur,2020,1,district,churachandpur district,13811
manipur,2020,1,district,kakching district,7561
manipur,2020,1,district,kangpokpi district,6904
manipur,2020,1,district,ukhrul district,5099
manipur,2020,1,district,senapati district,4310
manipur,2020,1,district,jiribam district,3847
manipur,2020,2,district,imphal west district,72965
manipur,2020,2,district,imphal east district,42000
manipur,2020,2,district,thoubal district,30407
manipur,2020,2,district,bishnupur district,20157
manipur,2020,2,district,churachandpur district,17090
manipur,2020,2,district,kakching district,9505
manipur,2020,2,district,kangpokpi district,8493
manipur,2020,2,district,ukhrul district,6360
manipur,2020,2,district,senapati district,5256
manipur,2020,2,district,jiribam district,4514
manipur,2020,3,district,imphal west district,85582
manipur,2020,3,district,imphal east district,49739
manipur,2020,3,district,thoubal district,35808
manipur,2020,3,district,bishnupur district,23910
manipur,2020,3,district,churachandpur district,21323
manipur,2020,3,district,kakching district,11321
manipur,2020,3,district,kangpokpi district,10289
manipur,2020,3,district,ukhrul district,7752
manipur,2020,3,district,senapati district,6396
manipur,2020,3,district,jiribam district,5089
manipur,2020,4,district,imphal west district,94762
manipur,2020,4,district,imphal east district,55140
manipur,2020,4,district,thoubal district,39514
manipur,2020,4,district,bishnupur district,26500
manipur,2020,4,district,churachandpur district,23939
manipur,2020,4,district,kakching district,12510
manipur,2020,4,district,kangpokpi district,11366
manipur,2020,4,district,ukhrul district,8613
manipur,2020,4,district,senapati district,7232
manipur,2020,4,district,tamenglong district,5607
manipur,2021,1,district,imphal west district,101038
manipur,2021,1,district,imphal east district,58907
manipur,2021,1,district,thoubal district,42180
manipur,2021,1,district,bishnupur district,28099
manipur,2021,1,district,churachandpur district,25552
manipur,2021,1,district,kakching district,13308
manipur,2021,1,district,kangpokpi district,12127
manipur,2021,1,district,ukhrul district,9230
manipur,2021,1,district,senapati district,7815
manipur,2021,1,district,jiribam district,6071
manipur,2021,2,district,imphal west district,106918
manipur,2021,2,district,imphal east district,62260
manipur,2021,2,district,thoubal district,44729
manipur,2021,2,district,bishnupur district,29736
manipur,2021,2,district,churachandpur district,27004
manipur,2021,2,district,kakching district,14076
manipur,2021,2,district,kangpokpi district,12952
manipur,2021,2,district,ukhrul district,9790
manipur,2021,2,district,senapati district,8447
manipur,2021,2,district,jiribam district,6532
manipur,2021,3,district,imphal west district,113278
manipur,2021,3,district,imphal east district,65950
manipur,2021,3,district,thoubal district,47657
manipur,2021,3,district,bishnupur district,31424
manipur,2021,3,district,churachandpur district,28531
manipur,2021,3,district,kakching district,14911
manipur,2021,3,district,kangpokpi district,13846
manipur,2021,3,district,ukhrul district,10334
manipur,2021,3,district,senapati district,9042
manipur,2021,3,district,jiribam district,7009
manipur,2021,4,district,imphal west district,119482
manipur,2021,4,district,imphal east district,69774
manipur,2021,4,district,thoubal district,50698
manipur,2021,4,district,bishnupur district,33130
manipur,2021,4,district,churachandpur district,30099
manipur,2021,4,district,kakching district,15735
manipur,2021,4,district,kangpokpi district,14588
manipur,2021,4,district,ukhrul district,10884
manipur,2021,4,district,senapati district,9716
manipur,2021,4,district,jiribam district,7482
manipur,2022,1,district,imphal west district,124962
manipur,2022,1,district,imphal east district,73095
manipur,2022,1,district,thoubal district,53331
manipur,2022,1,district,bishnupur district,34614
manipur,2022,1,district,churachandpur district,31374
manipur,2022,1,district,kakching district,16463
manipur,2022,1,district,kangpokpi district,15285
manipur,2022,1,district,ukhrul district,11332
manipur,2022,1,district,senapati district,10303
manipur,2022,1,district,jiribam district,7979
manipur,2022,2,district,imphal west district,130731
manipur,2022,2,district,imphal east district,76646
manipur,2022,2,district,thoubal district,56345
manipur,2022,2,district,bishnupur district,36311
manipur,2022,2,district,churachandpur district,32932
manipur,2022,2,district,kakching district,17259
manipur,2022,2,district,kangpokpi district,16079
manipur,2022,2,district,ukhrul district,11822
manipur,2022,2,district,senapati district,10966
manipur,2022,2,district,jiribam district,8479
manipur,2022,3,district,imphal west district,137130
manipur,2022,3,district,imphal east district,80417
manipur,2022,3,district,thoubal district,59712
manipur,2022,3,district,bishnupur district,38049
manipur,2022,3,district,churachandpur district,34432
manipur,2022,3,district,kakching district,18169
manipur,2022,3,district,kangpokpi district,16901
manipur,2022,3,district,ukhrul district,12338
manipur,2022,3,district,senapati district,11664
manipur,2022,3,district,jiribam district,9065
manipur,2022,4,district,imphal west district,142590
manipur,2022,4,district,imphal east district,83849
manipur,2022,4,district,thoubal district,62675
manipur,2022,4,district,bishnupur district,39659
manipur,2022,4,district,churachandpur district,35816
manipur,2022,4,district,kakching district,18836
manipur,2022,4,district,kangpokpi district,17674
manipur,2022,4,district,ukhrul district,12793
manipur,2022,4,district,senapati district,12317
manipur,2022,4,district,jiribam district,9656
manipur,2023,1,district,imphal west district,148197
manipur,2023,1,district,imphal east district,87301
manipur,2023,1,district,thoubal district,65427
manipur,2023,1,district,bishnupur district,41388
manipur,2023,1,district,churachandpur district,37125
manipur,2023,1,district,kakching district,19541
manipur,2023,1,district,kangpokpi district,18368
manipur,2023,1,district,ukhrul district,13232
manipur,2023,1,district,senapati district,12980
manipur,2023,1,district,jiribam district,10199
manipur,2023,2,district,imphal west district,151220
manipur,2023,2,district,imphal east district,89182
manipur,2023,2,district,thoubal district,66898
manipur,2023,2,district,bishnupur district,42235
manipur,2023,2,district,churachandpur district,37988
manipur,2023,2,district,kakching district,19903
manipur,2023,2,district,kangpokpi district,18794
manipur,2023,2,district,ukhrul district,13533
manipur,2023,2,district,senapati district,13401
manipur,2023,2,district,jiribam district,10498
manipur,2023,3,district,imphal west district,154262
manipur,2023,3,district,imphal east district,90997
manipur,2023,3,district,thoubal district,68097
manipur,2023,3,district,bishnupur district,42927
manipur,2023,3,district,churachandpur district,38915
manipur,2023,3,district,kakching district,20165
manipur,2023,3,district,kangpokpi district,19249
manipur,2023,3,district,ukhrul district,13808
manipur,2023,3,district,senapati district,13750
manipur,2023,3,district,jiribam district,10845
manipur,2023,4,district,imphal west district,160589
manipur,2023,4,district,imphal east district,95076
manipur,2023,4,district,thoubal district,71612
manipur,2023,4,district,bishnupur district,44435
manipur,2023,4,district,churachandpur district,40564
manipur,2023,4,district,kakching district,20880
manipur,2023,4,district,kangpokpi district,20080
manipur,2023,4,district,senapati district,14598
manipur,2023,4,district,ukhrul district,14283
manipur,2023,4,district,jiribam district,11453
manipur,2024,1,district,imphal west district,170407
manipur,2024,1,district,imphal east district,101528
manipur,2024,1,district,thoubal district,77725
manipur,2024,1,district,bishnupur district,47638
manipur,2024,1,district,churachandpur district,42643
manipur,2024,1,district,kakching district,22171
manipur,2024,1,district,kangpokpi district,21322
manipur,2024,1,district,senapati district,15918
manipur,2024,1,district,ukhrul district,15256
manipur,2024,1,district,jiribam district,12490
manipur,2024,2,district,imphal west district,180743
manipur,2024,2,district,imphal east district,108491
manipur,2024,2,district,thoubal district,84667
manipur,2024,2,district,bishnupur district,51201
manipur,2024,2,district,churachandpur district,45207
manipur,2024,2,district,kakching district,23647
manipur,2024,2,district,kangpokpi district,22750
manipur,2024,2,district,senapati district,17364
manipur,2024,2,district,ukhrul district,16478
manipur,2024,2,district,jiribam district,13462
manipur,2024,3,district,imphal west district,191473
manipur,2024,3,district,imphal east district,115610
manipur,2024,3,district,thoubal district,91583
manipur,2024,3,district,bishnupur district,54992
manipur,2024,3,district,churachandpur district,48246
manipur,2024,3,district,kakching district,25231
manipur,2024,3,district,kangpokpi district,24270
manipur,2024,3,district,senapati district,18792
manipur,2024,3,district,ukhrul district,17748
manipur,2024,3,district,jiribam district,14441
manipur,2024,4,district,imphal west district,198128
manipur,2024,4,district,imphal east district,119925
manipur,2024,4,district,thoubal district,95252
manipur,2024,4,district,bishnupur district,57185
manipur,2024,4,district,churachandpur district,49850
manipur,2024,4,district,kakching district,26108
manipur,2024,4,district,kangpokpi district,25186
manipur,2024,4,district,senapati district,19709
manipur,2024,4,district,ukhrul district,18434
manipur,2024,4,district,jiribam district,15139
manipur,2025,1,district,imphal west district,205570
manipur,2025,1,district,imphal east district,124703
manipur,2025,1,district,thoubal district,99110
manipur,2025,1,district,bishnupur district,59557
manipur,2025,1,district,churachandpur district,51558
manipur,2025,1,district,kakching district,26965
manipur,2025,1,district,kangpokpi district,26084
manipur,2025,1,district,senapati district,20643
manipur,2025,1,district,ukhrul district,19079
manipur,2025,1,district,jiribam district,15849
manipur,2025,2,district,imphal west district,212699
manipur,2025,2,district,imphal east district,129101
manipur,2025,2,district,thoubal district,103047
manipur,2025,2,district,bishnupur district,61907
manipur,2025,2,district,churachandpur district,53494
manipur,2025,2,district,kakching district,27947
manipur,2025,2,district,kangpokpi district,27127
manipur,2025,2,district,senapati district,21467
manipur,2025,2,district,ukhrul district,19754
manipur,2025,2,district,jiribam district,16493
manipur,2025,3,district,imphal west district,221588
manipur,2025,3,district,imphal east district,134432
manipur,2025,3,district,thoubal district,107798
manipur,2025,3,district,bishnupur district,64860
manipur,2025,3,district,churachandpur district,55699
manipur,2025,3,district,kakching district,29209
manipur,2025,3,district,kangpokpi district,28004
manipur,2025,3,district,senapati district,22434
manipur,2025,3,district,ukhrul district,20478
manipur,2025,3,district,jiribam district,17246
manipur,2025,4,district,imphal west district,230643
manipur,2025,4,district,imphal east district,140410
manipur,2025,4,district,thoubal district,112371
manipur,2025,4,district,bishnupur district,67897
manipur,2025,4,district,churachandpur district,58704
manipur,2025,4,district,kakching district,30547
manipur,2025,4,district,kangpokpi district,29329
manipur,2025,4,district,senapati district,23645
manipur,2025,4,district,ukhrul district,21536
manipur,2025,4,district,jiribam district,18036
manipur,2026,1,district,imphal west district,239189
manipur,2026,1,district,imphal east district,145925
manipur,2026,1,district,thoubal district,116625
manipur,2026,1,district,bishnupur district,70513
manipur,2026,1,district,churachandpur district,61582
manipur,2026,1,district,kakching district,31702
manipur,2026,1,district,kangpokpi district,30481
manipur,2026,1,district,senapati district,24745
manipur,2026,1,district,ukhrul district,22328
manipur,2026,1,district,jiribam district,18650
manipur,2026,2,district,imphal west district,250480
manipur,2026,2,district,imphal east district,152751
manipur,2026,2,district,thoubal district,121356
manipur,2026,2,district,bishnupur district,74212
manipur,2026,2,district,churachandpur district,65041
manipur,2026,2,district,kakching district,33406
manipur,2026,2,district,kangpokpi district,31832
manipur,2026,2,district,senapati district,26306
manipur,2026,2,district,ukhrul district,23605
manipur,2026,2,district,jiribam district,19461
meghalaya,2018,1,district,east khasi hills district,11300
meghalaya,2018,1,district,west garo hills district,3838
meghalaya,2018,1,district,ri bhoi district,2421
meghalaya,2018,1,district,east jaintia hills district,1599
meghalaya,2018,1,district,west jaintia hills district,964
meghalaya,2018,1,district,south west garo hills district,534
meghalaya,2018,1,district,north garo hills district,435
meghalaya,2018,1,district,south garo hills district,394
meghalaya,2018,1,district,east garo hills district,345
meghalaya,2018,1,district,west khasi hills district,270
meghalaya,2018,2,district,east khasi hills district,15476
meghalaya,2018,2,district,west garo hills district,5548
meghalaya,2018,2,district,ri bhoi district,3559
meghalaya,2018,2,district,east jaintia hills district,2305
meghalaya,2018,2,district,west jaintia hills district,1317
meghalaya,2018,2,district,south west garo hills district,891
meghalaya,2018,2,district,north garo hills district,677
meghalaya,2018,2,district,east garo hills district,577
meghalaya,2018,2,district,south garo hills district,573
meghalaya,2018,2,district,west khasi hills district,400
meghalaya,2018,3,district,east khasi hills district,20206
meghalaya,2018,3,district,west garo hills district,7690
meghalaya,2018,3,district,ri bhoi district,4728
meghalaya,2018,3,district,east jaintia hills district,3139
meghalaya,2018,3,district,west jaintia hills district,1841
meghalaya,2018,3,district,south west garo hills district,1382
meghalaya,2018,3,district,north garo hills district,1075
meghalaya,2018,3,district,east garo hills district,875
meghalaya,2018,3,district,south garo hills district,854
meghalaya,2018,3,district,west khasi hills district,583
meghalaya,2018,4,district,east khasi hills district,26154
meghalaya,2018,4,district,west garo hills district,10608
meghalaya,2018,4,district,ri bhoi district,6252
meghalaya,2018,4,district,east jaintia hills district,4117
meghalaya,2018,4,district,west jaintia hills district,2396
meghalaya,2018,4,district,south west garo hills district,1919
meghalaya,2018,4,district,north garo hills district,1527
meghalaya,2018,4,district,east garo hills district,1286
meghalaya,2018,4,district,south garo hills district,1155
meghalaya,2018,4,district,west khasi hills district,776
meghalaya,2019,1,district,east khasi hills district,31700
meghalaya,2019,1,district,west garo hills district,13103
meghalaya,2019,1,district,ri bhoi district,7777
meghalaya,2019,1,district,east jaintia hills district,5045
meghalaya,2019,1,district,west jaintia hills district,2889
meghalaya,2019,1,district,south west garo hills district,2380
meghalaya,2019,1,district,north garo hills district,1960
meghalaya,2019,1,district,east garo hills district,1681
meghalaya,2019,1,district,south garo hills district,1443
meghalaya,2019,1,district,west khasi hills district,973
meghalaya,2019,2,district,east khasi hills district,37394
meghalaya,2019,2,district,west garo hills district,15789
meghalaya,2019,2,district,ri bhoi district,9270
meghalaya,2019,2,district,east jaintia hills district,5928
meghalaya,2019,2,district,west jaintia hills district,3508
meghalaya,2019,2,district,south west garo hills district,3040
meghalaya,2019,2,district,north garo hills district,2476
meghalaya,2019,2,district,east garo hills district,2143
meghalaya,2019,2,district,south garo hills district,1772
meghalaya,2019,2,district,west khasi hills district,1191
meghalaya,2019,3,district,east khasi hills district,43180
meghalaya,2019,3,district,west garo hills district,19033
meghalaya,2019,3,district,ri bhoi district,10756
meghalaya,2019,3,district,east jaintia hills district,6844
meghalaya,2019,3,district,west jaintia hills district,4202
meghalaya,2019,3,district,south west garo hills district,3781
meghalaya,2019,3,district,north garo hills district,3168
meghalaya,2019,3,district,east garo hills district,2734
meghalaya,2019,3,district,south garo hills district,2245
meghalaya,2019,3,district,west khasi hills district,1413
meghalaya,2019,4,district,east khasi hills district,48479
meghalaya,2019,4,district,west garo hills district,21834
meghalaya,2019,4,district,ri bhoi district,12228
meghalaya,2019,4,district,east jaintia hills district,7845
meghalaya,2019,4,district,west jaintia hills district,4929
meghalaya,2019,4,district,south west garo hills district,4461
meghalaya,2019,4,district,north garo hills district,3828
meghalaya,2019,4,district,east garo hills district,3285
meghalaya,2019,4,district,south garo hills district,2701
meghalaya,2019,4,district,west khasi hills district,1664
meghalaya,2020,1,district,east khasi hills district,54766
meghalaya,2020,1,district,west garo hills district,24949
meghalaya,2020,1,district,ri bhoi district,13875
meghalaya,2020,1,district,east jaintia hills district,8981
meghalaya,2020,1,district,west jaintia hills district,5754
meghalaya,2020,1,district,south west garo hills district,5227
meghalaya,2020,1,district,north garo hills district,4532
meghalaya,2020,1,district,east garo hills district,3850
meghalaya,2020,1,district,south garo hills district,3165
meghalaya,2020,1,district,west khasi hills district,1910
meghalaya,2020,2,district,east khasi hills district,62970
meghalaya,2020,2,district,west garo hills district,30270
meghalaya,2020,2,district,ri bhoi district,16018
meghalaya,2020,2,district,east jaintia hills district,10412
meghalaya,2020,2,district,west jaintia hills district,7013
meghalaya,2020,2,district,south west garo hills district,6689
meghalaya,2020,2,district,north garo hills district,5703
meghalaya,2020,2,district,east garo hills district,4703
meghalaya,2020,2,district,south garo hills district,3928
meghalaya,2020,2,district,west khasi hills district,2377
meghalaya,2020,3,district,east khasi hills district,71683
meghalaya,2020,3,district,west garo hills district,35073
meghalaya,2020,3,district,ri bhoi district,18168
meghalaya,2020,3,district,east jaintia hills district,11833
meghalaya,2020,3,district,west jaintia hills district,8526
meghalaya,2020,3,district,south west garo hills district,7834
meghalaya,2020,3,district,north garo hills district,6944
meghalaya,2020,3,district,east garo hills district,5628
meghalaya,2020,3,district,south garo hills district,4717
meghalaya,2020,3,district,west khasi hills district,2893
meghalaya,2020,4,district,east khasi hills district,79927
meghalaya,2020,4,district,west garo hills district,39183
meghalaya,2020,4,district,ri bhoi district,20258
meghalaya,2020,4,district,east jaintia hills district,13126
meghalaya,2020,4,district,west jaintia hills district,9695
meghalaya,2020,4,district,south west garo hills district,8766
meghalaya,2020,4,district,north garo hills district,7958
meghalaya,2020,4,district,east garo hills district,6411
meghalaya,2020,4,district,south garo hills district,5350
meghalaya,2020,4,district,west khasi hills district,3334
meghalaya,2021,1,district,east khasi hills district,85765
meghalaya,2021,1,district,west garo hills district,42753
meghalaya,2021,1,district,ri bhoi district,21970
meghalaya,2021,1,district,east jaintia hills district,14225
meghalaya,2021,1,district,west jaintia hills district,10466
meghalaya,2021,1,district,south west garo hills district,9525
meghalaya,2021,1,district,north garo hills district,8560
meghalaya,2021,1,district,east garo hills district,6976
meghalaya,2021,1,district,south garo hills district,5823
meghalaya,2021,1,district,west khasi hills district,3632
meghalaya,2021,2,district,east khasi hills district,91638
meghalaya,2021,2,district,west garo hills district,46590
meghalaya,2021,2,district,ri bhoi district,23760
meghalaya,2021,2,district,east jaintia hills district,15372
meghalaya,2021,2,district,west jaintia hills district,11185
meghalaya,2021,2,district,south west garo hills district,10396
meghalaya,2021,2,district,north garo hills district,9209
meghalaya,2021,2,district,east garo hills district,7572
meghalaya,2021,2,district,south garo hills district,6286
meghalaya,2021,2,district,west khasi hills district,3922
meghalaya,2021,3,district,east khasi hills district,97639
meghalaya,2021,3,district,west garo hills district,50972
meghalaya,2021,3,district,ri bhoi district,25600
meghalaya,2021,3,district,east jaintia hills district,16553
meghalaya,2021,3,district,west jaintia hills district,11973
meghalaya,2021,3,district,south west garo hills district,11431
meghalaya,2021,3,district,north garo hills district,9982
meghalaya,2021,3,district,east garo hills district,8277
meghalaya,2021,3,district,south garo hills district,6832
meghalaya,2021,3,district,west khasi hills district,4205
meghalaya,2021,4,district,east khasi hills district,104117
meghalaya,2021,4,district,west garo hills district,55843
meghalaya,2021,4,district,ri bhoi district,27713
meghalaya,2021,4,district,east jaintia hills district,18014
meghalaya,2021,4,district,west jaintia hills district,12845
meghalaya,2021,4,district,south west garo hills district,12559
meghalaya,2021,4,district,north garo hills district,10969
meghalaya,2021,4,district,east garo hills district,9059
meghalaya,2021,4,district,south garo hills district,7452
meghalaya,2021,4,district,west khasi hills district,4511
meghalaya,2022,1,district,east khasi hills district,110275
meghalaya,2022,1,district,west garo hills district,60951
meghalaya,2022,1,district,ri bhoi district,29810
meghalaya,2022,1,district,east jaintia hills district,19448
meghalaya,2022,1,district,west jaintia hills district,13698
meghalaya,2022,1,district,south west garo hills district,13617
meghalaya,2022,1,district,north garo hills district,11846
meghalaya,2022,1,district,east garo hills district,9879
meghalaya,2022,1,district,south garo hills district,8041
meghalaya,2022,1,district,west khasi hills district,4840
meghalaya,2022,2,district,east khasi hills district,116426
meghalaya,2022,2,district,west garo hills district,66206
meghalaya,2022,2,district,ri bhoi district,31955
meghalaya,2022,2,district,east jaintia hills district,20963
meghalaya,2022,2,district,south west garo hills district,14774
meghalaya,2022,2,district,west jaintia hills district,14594
meghalaya,2022,2,district,north garo hills district,12812
meghalaya,2022,2,district,east garo hills district,10721
meghalaya,2022,2,district,south garo hills district,8589
meghalaya,2022,2,district,west khasi hills district,5201
meghalaya,2022,3,district,east khasi hills district,122902
meghalaya,2022,3,district,west garo hills district,72461
meghalaya,2022,3,district,ri bhoi district,34244
meghalaya,2022,3,district,east jaintia hills district,22589
meghalaya,2022,3,district,south west garo hills district,16240
meghalaya,2022,3,district,west jaintia hills district,15473
meghalaya,2022,3,district,north garo hills district,14025
meghalaya,2022,3,district,east garo hills district,11778
meghalaya,2022,3,district,south garo hills district,9451
meghalaya,2022,3,district,west khasi hills district,5580
meghalaya,2022,4,district,east khasi hills district,128778
meghalaya,2022,4,district,west garo hills district,78888
meghalaya,2022,4,district,ri bhoi district,36471
meghalaya,2022,4,district,east jaintia hills district,24063
meghalaya,2022,4,district,south west garo hills district,17694
meghalaya,2022,4,district,west jaintia hills district,16376
meghalaya,2022,4,district,north garo hills district,15153
meghalaya,2022,4,district,east garo hills district,12726
meghalaya,2022,4,district,south garo hills district,10281
meghalaya,2022,4,district,west khasi hills district,5936
meghalaya,2023,1,district,east khasi hills district,134468
meghalaya,2023,1,district,west garo hills district,84919
meghalaya,2023,1,district,ri bhoi district,38615
meghalaya,2023,1,district,east jaintia hills district,25602
meghalaya,2023,1,district,south west garo hills district,19134
meghalaya,2023,1,district,west jaintia hills district,17176
meghalaya,2023,1,district,north garo hills district,16160
meghalaya,2023,1,district,east garo hills district,13649
meghalaya,2023,1,district,south garo hills district,11014
meghalaya,2023,1,district,west khasi hills district,6289
meghalaya,2023,2,district,east khasi hills district,140098
meghalaya,2023,2,district,west garo hills district,90589
meghalaya,2023,2,district,ri bhoi district,40760
meghalaya,2023,2,district,east jaintia hills district,27078
meghalaya,2023,2,district,south west garo hills district,20615
meghalaya,2023,2,district,west jaintia hills district,18088
meghalaya,2023,2,district,north garo hills district,17202
meghalaya,2023,2,district,east garo hills district,14591
meghalaya,2023,2,district,south garo hills district,11719
meghalaya,2023,2,district,west khasi hills district,6721
meghalaya,2023,3,district,east khasi hills district,146432
meghalaya,2023,3,district,west garo hills district,97487
meghalaya,2023,3,district,ri bhoi district,43018
meghalaya,2023,3,district,east jaintia hills district,28806
meghalaya,2023,3,district,south west garo hills district,22425
meghalaya,2023,3,district,west jaintia hills district,19179
meghalaya,2023,3,district,north garo hills district,18592
meghalaya,2023,3,district,east garo hills district,15769
meghalaya,2023,3,district,south garo hills district,12674
meghalaya,2023,3,district,west khasi hills district,7328
meghalaya,2023,4,district,east khasi hills district,153955
meghalaya,2023,4,district,west garo hills district,106749
meghalaya,2023,4,district,ri bhoi district,45736
meghalaya,2023,4,district,east jaintia hills district,30839
meghalaya,2023,4,district,south west garo hills district,24583
meghalaya,2023,4,district,west jaintia hills district,20621
meghalaya,2023,4,district,north garo hills district,20220
meghalaya,2023,4,district,east garo hills district,17270
meghalaya,2023,4,district,south garo hills district,13831
meghalaya,2023,4,district,west khasi hills district,8127
meghalaya,2024,1,district,east khasi hills district,163506
meghalaya,2024,1,district,west garo hills district,117044
meghalaya,2024,1,district,ri bhoi district,49165
meghalaya,2024,1,district,east jaintia hills district,33390
meghalaya,2024,1,district,south west garo hills district,27206
meghalaya,2024,1,district,north garo hills district,22526
meghalaya,2024,1,district,west jaintia hills district,22504
meghalaya,2024,1,district,east garo hills district,19411
meghalaya,2024,1,district,south garo hills district,15352
meghalaya,2024,1,district,west khasi hills district,9045
meghalaya,2024,2,district,east khasi hills district,175865
meghalaya,2024,2,district,west garo hills district,130304
meghalaya,2024,2,district,ri bhoi district,52989
meghalaya,2024,2,district,east jaintia hills district,35955
meghalaya,2024,2,district,south west garo hills district,30300
meghalaya,2024,2,district,north garo hills district,26002
meghalaya,2024,2,district,west jaintia hills district,24797
meghalaya,2024,2,district,east garo hills district,22222
meghalaya,2024,2,district,south garo hills district,17768
meghalaya,2024,2,district,west khasi hills district,10168
meghalaya,2024,3,district,east khasi hills district,188811
meghalaya,2024,3,district,west garo hills district,141608
meghalaya,2024,3,district,ri bhoi district,56921
meghalaya,2024,3,district,east jaintia hills district,38286
meghalaya,2024,3,district,south west garo hills district,33175
meghalaya,2024,3,district,north garo hills district,28683
meghalaya,2024,3,district,west jaintia hills district,27040
meghalaya,2024,3,district,east garo hills district,24909
meghalaya,2024,3,district,south garo hills district,19870
meghalaya,2024,3,district,west khasi hills district,11397
meghalaya,2024,4,district,east khasi hills district,196308
meghalaya,2024,4,district,west garo hills district,149606
meghalaya,2024,4,district,ri bhoi district,59557
meghalaya,2024,4,district,east jaintia hills district,39821
meghalaya,2024,4,district,south west garo hills district,35102
meghalaya,2024,4,district,north garo hills district,30377
meghalaya,2024,4,district,west jaintia hills district,28287
meghalaya,2024,4,district,east garo hills district,26564
meghalaya,2024,4,district,south garo hills district,21130
meghalaya,2024,4,district,west khasi hills district,11974
meghalaya,2025,1,district,east khasi hills district,203904
meghalaya,2025,1,district,west garo hills district,157612
meghalaya,2025,1,district,ri bhoi district,62058
meghalaya,2025,1,district,east jaintia hills district,41436
meghalaya,2025,1,district,south west garo hills district,37224
meghalaya,2025,1,district,north garo hills district,32071
meghalaya,2025,1,district,west jaintia hills district,29655
meghalaya,2025,1,district,east garo hills district,28270
meghalaya,2025,1,district,south garo hills district,22356
meghalaya,2025,1,district,west khasi hills district,12590
meghalaya,2025,2,district,east khasi hills district,211744
meghalaya,2025,2,district,west garo hills district,165792
meghalaya,2025,2,district,ri bhoi district,64573
meghalaya,2025,2,district,east jaintia hills district,43114
meghalaya,2025,2,district,south west garo hills district,39740
meghalaya,2025,2,district,north garo hills district,33848
meghalaya,2025,2,district,west jaintia hills district,31018
meghalaya,2025,2,district,east garo hills district,29993
meghalaya,2025,2,district,south garo hills district,23822
meghalaya,2025,2,district,west khasi hills district,13240
meghalaya,2025,3,district,east khasi hills district,220104
meghalaya,2025,3,district,west garo hills district,175099
meghalaya,2025,3,district,ri bhoi district,67185
meghalaya,2025,3,district,east jaintia hills district,44691
meghalaya,2025,3,district,south west garo hills district,42611
meghalaya,2025,3,district,north garo hills district,35885
meghalaya,2025,3,district,west jaintia hills district,32634
meghalaya,2025,3,district,east garo hills district,31943
meghalaya,2025,3,district,south garo hills district,25323
meghalaya,2025,3,district,west khasi hills district,13974
meghalaya,2025,4,district,east khasi hills district,230070
meghalaya,2025,4,district,west garo hills district,184327
meghalaya,2025,4,district,ri bhoi district,70382
meghalaya,2025,4,district,east jaintia hills district,46675
meghalaya,2025,4,district,south west garo hills district,45351
meghalaya,2025,4,district,north garo hills district,38216
meghalaya,2025,4,district,west jaintia hills district,35244
meghalaya,2025,4,district,east garo hills district,34347
meghalaya,2025,4,district,south garo hills district,27094
meghalaya,2025,4,district,west khasi hills district,14980
meghalaya,2026,1,district,east khasi hills district,240220
meghalaya,2026,1,district,west garo hills district,191115
meghalaya,2026,1,district,ri bhoi district,73442
meghalaya,2026,1,district,east jaintia hills district,48954
meghalaya,2026,1,district,south west garo hills district,47378
meghalaya,2026,1,district,north garo hills district,40136
meghalaya,2026,1,district,west jaintia hills district,39430
meghalaya,2026,1,district,east garo hills district,36194
meghalaya,2026,1,district,south garo hills district,28432
meghalaya,2026,1,district,west khasi hills district,15997
meghalaya,2026,2,district,east khasi hills district,253230
meghalaya,2026,2,district,west garo hills district,198200
meghalaya,2026,2,district,ri bhoi district,77873
meghalaya,2026,2,district,east jaintia hills district,51614
meghalaya,2026,2,district,south west garo hills district,49696
meghalaya,2026,2,district,west jaintia hills district,43171
meghalaya,2026,2,district,north garo hills district,42420
meghalaya,2026,2,district,east garo hills district,38695
meghalaya,2026,2,district,south garo hills district,30453
meghalaya,2026,2,district,west khasi hills district,17274
mizoram,2018,1,district,aizawl district,5704
mizoram,2018,1,district,lunglei district,956
mizoram,2018,1,district,kolasib district,578
mizoram,2018,1,district,lawngtlai district,542
mizoram,2018,1,district,mamit district,364
mizoram,2018,1,district,champhai district,332
mizoram,2018,1,district,serchhip district,316
mizoram,2018,1,district,siaha district,249
mizoram,2018,1,district,saitual district,118
mizoram,2018,1,district,khawzawl district,78
mizoram,2018,2,district,aizawl district,7559
mizoram,2018,2,district,lunglei district,1270
mizoram,2018,2,district,kolasib district,836
mizoram,2018,2,district,lawngtlai district,708
mizoram,2018,2,district,mamit district,501
mizoram,2018,2,district,serchhip district,481
mizoram,2018,2,district,champhai district,413
mizoram,2018,2,district,siaha district,330
mizoram,2018,2,district,saitual district,169
mizoram,2018,2,district,khawzawl district,108
mizoram,2018,3,district,aizawl district,9844
mizoram,2018,3,district,lunglei district,1754
mizoram,2018,3,district,kolasib district,1141
mizoram,2018,3,district,lawngtlai district,1061
mizoram,2018,3,district,mamit district,732
mizoram,2018,3,district,serchhip district,666
mizoram,2018,3,district,champhai district,541
mizoram,2018,3,district,siaha district,454
mizoram,2018,3,district,saitual district,249
mizoram,2018,3,district,khawzawl district,154
mizoram,2018,4,district,aizawl district,12908
mizoram,2018,4,district,lunglei district,2366
mizoram,2018,4,district,kolasib district,1560
mizoram,2018,4,district,lawngtlai district,1433
mizoram,2018,4,district,mamit district,995
mizoram,2018,4,district,serchhip district,899
mizoram,2018,4,district,champhai district,764
mizoram,2018,4,district,siaha district,578
mizoram,2018,4,district,saitual district,311
mizoram,2018,4,district,khawzawl district,202
mizoram,2019,1,district,aizawl district,15456
mizoram,2019,1,district,lunglei district,2874
mizoram,2019,1,district,kolasib district,1975
mizoram,2019,1,district,lawngtlai district,1898
mizoram,2019,1,district,mamit district,1257
mizoram,2019,1,district,serchhip district,1129
mizoram,2019,1,district,champhai district,931
mizoram,2019,1,district,siaha district,743
mizoram,2019,1,district,saitual district,401
mizoram,2019,1,district,khawzawl district,259
mizoram,2019,2,district,aizawl district,17970
mizoram,2019,2,district,lunglei district,3436
mizoram,2019,2,district,lawngtlai district,2408
mizoram,2019,2,district,kolasib district,2389
mizoram,2019,2,district,mamit district,1588
mizoram,2019,2,district,serchhip district,1352
mizoram,2019,2,district,champhai district,1108
mizoram,2019,2,district,siaha district,890
mizoram,2019,2,district,saitual district,473
mizoram,2019,2,district,khawzawl district,297
mizoram,2019,3,district,aizawl district,21366
mizoram,2019,3,district,lunglei district,4090
mizoram,2019,3,district,lawngtlai district,3011
mizoram,2019,3,district,kolasib district,2858
mizoram,2019,3,district,mamit district,1976
mizoram,2019,3,district,serchhip district,1605
mizoram,2019,3,district,champhai district,1341
mizoram,2019,3,district,siaha district,1063
mizoram,2019,3,district,saitual district,561
mizoram,2019,3,district,khawzawl district,371
mizoram,2019,4,district,aizawl district,24549
mizoram,2019,4,district,lunglei district,4746
mizoram,2019,4,district,lawngtlai district,3635
mizoram,2019,4,district,kolasib district,3277
mizoram,2019,4,district,mamit district,2373
mizoram,2019,4,district,serchhip district,1818
mizoram,2019,4,district,champhai district,1611
mizoram,2019,4,district,siaha district,1234
mizoram,2019,4,district,saitual district,652
mizoram,2019,4,district,khawzawl district,470
mizoram,2020,1,district,aizawl district,28341
mizoram,2020,1,district,lunglei district,5616
mizoram,2020,1,district,lawngtlai district,4496
mizoram,2020,1,district,kolasib district,3855
mizoram,2020,1,district,mamit district,2829
mizoram,2020,1,district,serchhip district,2102
mizoram,2020,1,district,champhai district,1936
mizoram,2020,1,district,siaha district,1520
mizoram,2020,1,district,saitual district,795
mizoram,2020,1,district,khawzawl district,570
mizoram,2020,2,district,aizawl district,32924
mizoram,2020,2,district,lunglei district,6737
mizoram,2020,2,district,lawngtlai district,5477
mizoram,2020,2,district,kolasib district,4571
mizoram,2020,2,district,mamit district,3439
mizoram,2020,2,district,serchhip district,2515
mizoram,2020,2,district,champhai district,2342
mizoram,2020,2,district,siaha district,1822
mizoram,2020,2,district,saitual district,1007
mizoram,2020,2,district,khawzawl district,686
mizoram,2020,3,district,aizawl district,40118
mizoram,2020,3,district,lunglei district,8094
mizoram,2020,3,district,lawngtlai district,6850
mizoram,2020,3,district,kolasib district,5529
mizoram,2020,3,district,mamit district,4168
mizoram,2020,3,district,serchhip district,3054
mizoram,2020,3,district,champhai district,2967
mizoram,2020,3,district,siaha district,2202
mizoram,2020,3,district,saitual district,1287
mizoram,2020,3,district,khawzawl district,903
mizoram,2020,4,district,aizawl district,45774
mizoram,2020,4,district,lunglei district,9345
mizoram,2020,4,district,lawngtlai district,8046
mizoram,2020,4,district,kolasib district,6283
mizoram,2020,4,district,mamit district,4727
mizoram,2020,4,district,serchhip district,3570
mizoram,2020,4,district,champhai district,3414
mizoram,2020,4,district,siaha district,2526
mizoram,2020,4,district,saitual district,1494
mizoram,2020,4,district,khawzawl district,1055
mizoram,2021,1,district,aizawl district,49305
mizoram,2021,1,district,lunglei district,10199
mizoram,2021,1,district,lawngtlai district,8924
mizoram,2021,1,district,kolasib district,6798
mizoram,2021,1,district,mamit district,5148
mizoram,2021,1,district,serchhip district,3812
mizoram,2021,1,district,champhai district,3707
mizoram,2021,1,district,siaha district,2767
mizoram,2021,1,district,saitual district,1621
mizoram,2021,1,district,khawzawl district,1154
mizoram,2021,2,district,aizawl district,52834
mizoram,2021,2,district,lunglei district,11052
mizoram,2021,2,district,lawngtlai district,9821
mizoram,2021,2,district,kolasib district,7347
mizoram,2021,2,district,mamit district,5610
mizoram,2021,2,district,serchhip district,4101
mizoram,2021,2,district,champhai district,3982
mizoram,2021,2,district,siaha district,2983
mizoram,2021,2,district,saitual district,1741
mizoram,2021,2,district,khawzawl district,1254
mizoram,2021,3,district,aizawl district,56487
mizoram,2021,3,district,lunglei district,11982
mizoram,2021,3,district,lawngtlai district,10713
mizoram,2021,3,district,kolasib district,7936
mizoram,2021,3,district,mamit district,6096
mizoram,2021,3,district,serchhip district,4419
mizoram,2021,3,district,champhai district,4265
mizoram,2021,3,district,siaha district,3248
mizoram,2021,3,district,saitual district,1888
mizoram,2021,3,district,khawzawl district,1341
mizoram,2021,4,district,aizawl district,60012
mizoram,2021,4,district,lunglei district,12822
mizoram,2021,4,district,lawngtlai district,11464
mizoram,2021,4,district,kolasib district,8497
mizoram,2021,4,district,mamit district,6565
mizoram,2021,4,district,serchhip district,4683
mizoram,2021,4,district,champhai district,4522
mizoram,2021,4,district,siaha district,3498
mizoram,2021,4,district,saitual district,2014
mizoram,2021,4,district,khawzawl district,1414
mizoram,2022,1,district,aizawl district,63182
mizoram,2022,1,district,lunglei district,13652
mizoram,2022,1,district,lawngtlai district,12255
mizoram,2022,1,district,kolasib district,9058
mizoram,2022,1,district,mamit district,7025
mizoram,2022,1,district,serchhip district,4938
mizoram,2022,1,district,champhai district,4712
mizoram,2022,1,district,siaha district,3702
mizoram,2022,1,district,saitual district,2127
mizoram,2022,1,district,khawzawl district,1509
mizoram,2022,2,district,aizawl district,66353
mizoram,2022,2,district,lunglei district,14401
mizoram,2022,2,district,lawngtlai district,13014
mizoram,2022,2,district,kolasib district,9729
mizoram,2022,2,district,mamit district,7552
mizoram,2022,2,district,serchhip district,5196
mizoram,2022,2,district,champhai district,4950
mizoram,2022,2,district,siaha district,3931
mizoram,2022,2,district,saitual district,2255
mizoram,2022,2,district,khawzawl district,1584
mizoram,2022,3,district,aizawl district,69931
mizoram,2022,3,district,lunglei district,15308
mizoram,2022,3,district,lawngtlai district,13968
mizoram,2022,3,district,kolasib district,10476
mizoram,2022,3,district,mamit district,8165
mizoram,2022,3,district,serchhip district,5463
mizoram,2022,3,district,champhai district,5208
mizoram,2022,3,district,siaha district,4191
mizoram,2022,3,district,saitual district,2388
mizoram,2022,3,district,khawzawl district,1682
mizoram,2022,4,district,aizawl district,73688
mizoram,2022,4,district,lunglei district,16186
mizoram,2022,4,district,lawngtlai district,14874
mizoram,2022,4,district,kolasib district,11096
mizoram,2022,4,district,mamit district,8744
mizoram,2022,4,district,serchhip district,5703
mizoram,2022,4,district,champhai district,5444
mizoram,2022,4,district,siaha district,4480
mizoram,2022,4,district,saitual district,2504
mizoram,2022,4,district,khawzawl district,1756
mizoram,2023,1,district,aizawl district,76984
mizoram,2023,1,district,lunglei district,16964
mizoram,2023,1,district,lawngtlai district,15644
mizoram,2023,1,district,kolasib district,11784
mizoram,2023,1,district,mamit district,9285
mizoram,2023,1,district,serchhip district,5952
mizoram,2023,1,district,champhai district,5655
mizoram,2023,1,district,siaha district,4738
mizoram,2023,1,district,saitual district,2651
mizoram,2023,1,district,khawzawl district,1821
mizoram,2023,2,district,aizawl district,80355
mizoram,2023,2,district,lunglei district,17786
mizoram,2023,2,district,lawngtlai district,16502
mizoram,2023,2,district,kolasib district,12446
mizoram,2023,2,district,mamit district,9888
mizoram,2023,2,district,serchhip district,6180
mizoram,2023,2,district,champhai district,5927
mizoram,2023,2,district,siaha district,5050
mizoram,2023,2,district,saitual district,2792
mizoram,2023,2,district,khawzawl district,1901
mizoram,2023,3,district,aizawl district,84155
mizoram,2023,3,district,lunglei district,18678
mizoram,2023,3,district,lawngtlai district,17473
mizoram,2023,3,district,kolasib district,13222
mizoram,2023,3,district,mamit district,10542
mizoram,2023,3,district,serchhip district,6469
mizoram,2023,3,district,champhai district,6229
mizoram,2023,3,district,siaha district,5370
mizoram,2023,3,district,saitual district,2921
mizoram,2023,3,district,khawzawl district,2028
mizoram,2023,4,district,aizawl district,88944
mizoram,2023,4,district,lunglei district,19839
mizoram,2023,4,district,lawngtlai district,18610
mizoram,2023,4,district,kolasib district,14212
mizoram,2023,4,district,mamit district,11434
mizoram,2023,4,district,serchhip district,6775
mizoram,2023,4,district,champhai district,6579
mizoram,2023,4,district,siaha district,5758
mizoram,2023,4,district,saitual district,3106
mizoram,2023,4,district,khawzawl district,2142
mizoram,2024,1,district,aizawl district,95266
mizoram,2024,1,district,lunglei district,21370
mizoram,2024,1,district,lawngtlai district,20857
mizoram,2024,1,district,kolasib district,15428
mizoram,2024,1,district,mamit district,12765
mizoram,2024,1,district,serchhip district,7226
mizoram,2024,1,district,champhai district,7156
mizoram,2024,1,district,siaha district,6282
mizoram,2024,1,district,saitual district,3384
mizoram,2024,1,district,khawzawl district,2383
mizoram,2024,2,district,aizawl district,103628
mizoram,2024,2,district,lunglei district,23568
mizoram,2024,2,district,lawngtlai district,23406
mizoram,2024,2,district,kolasib district,16969
mizoram,2024,2,district,mamit district,14093
mizoram,2024,2,district,serchhip district,7958
mizoram,2024,2,district,champhai district,7899
mizoram,2024,2,district,siaha district,7044
mizoram,2024,2,district,saitual district,3777
mizoram,2024,2,district,khawzawl district,2650
mizoram,2024,3,district,aizawl district,118757
mizoram,2024,3,district,lunglei district,27400
mizoram,2024,3,district,lawngtlai district,26320
mizoram,2024,3,district,kolasib district,19458
mizoram,2024,3,district,mamit district,16089
mizoram,2024,3,district,serchhip district,9871
mizoram,2024,3,district,champhai district,9423
mizoram,2024,3,district,siaha district,8238
mizoram,2024,3,district,saitual district,4622
mizoram,2024,3,district,khawzawl district,3220
mizoram,2024,4,district,aizawl district,123887
mizoram,2024,4,district,lunglei district,28726
mizoram,2024,4,district,lawngtlai district,27868
mizoram,2024,4,district,kolasib district,20371
mizoram,2024,4,district,mamit district,16911
mizoram,2024,4,district,serchhip district,10244
mizoram,2024,4,district,champhai district,9838
mizoram,2024,4,district,siaha district,8788
mizoram,2024,4,district,saitual district,4855
mizoram,2024,4,district,khawzawl district,3431
mizoram,2025,1,district,aizawl district,129116
mizoram,2025,1,district,lunglei district,30101
mizoram,2025,1,district,lawngtlai district,29415
mizoram,2025,1,district,kolasib district,21268
mizoram,2025,1,district,mamit district,17823
mizoram,2025,1,district,serchhip district,10677
mizoram,2025,1,district,champhai district,10267
mizoram,2025,1,district,siaha district,9381
mizoram,2025,1,district,saitual district,5100
mizoram,2025,1,district,khawzawl district,3643
mizoram,2025,2,district,aizawl district,134399
mizoram,2025,2,district,lunglei district,31432
mizoram,2025,2,district,lawngtlai district,30840
mizoram,2025,2,district,kolasib district,22267
mizoram,2025,2,district,mamit district,18640
mizoram,2025,2,district,serchhip district,11047
mizoram,2025,2,district,champhai district,10697
mizoram,2025,2,district,siaha district,9889
mizoram,2025,2,district,saitual district,5338
mizoram,2025,2,district,khawzawl district,3827
mizoram,2025,3,district,aizawl district,140041
mizoram,2025,3,district,lunglei district,33182
mizoram,2025,3,district,lawngtlai district,32560
mizoram,2025,3,district,kolasib district,23343
mizoram,2025,3,district,mamit district,19555
mizoram,2025,3,district,serchhip district,11508
mizoram,2025,3,district,champhai district,11395
mizoram,2025,3,district,siaha district,10647
mizoram,2025,3,district,saitual district,5604
mizoram,2025,3,district,khawzawl district,4055
mizoram,2025,4,district,aizawl district,147288
mizoram,2025,4,district,lunglei district,35163
mizoram,2025,4,district,lawngtlai district,34458
mizoram,2025,4,district,kolasib district,24578
mizoram,2025,4,district,mamit district,20707
mizoram,2025,4,district,champhai district,12133
mizoram,2025,4,district,serchhip district,12091
mizoram,2025,4,district,siaha district,11424
mizoram,2025,4,district,saitual district,6042
mizoram,2025,4,district,khawzawl district,4490
mizoram,2026,1,district,aizawl district,153960
mizoram,2026,1,district,lunglei district,36827
mizoram,2026,1,district,lawngtlai district,36159
mizoram,2026,1,district,kolasib district,25664
mizoram,2026,1,district,mamit district,21751
mizoram,2026,1,district,champhai district,12875
mizoram,2026,1,district,serchhip district,12678
mizoram,2026,1,district,siaha district,12179
mizoram,2026,1,district,saitual district,6403
mizoram,2026,1,district,khawzawl district,4808
mizoram,2026,2,district,aizawl district,164163
mizoram,2026,2,district,lunglei district,38804
mizoram,2026,2,district,lawngtlai district,38269
mizoram,2026,2,district,kolasib district,27161
mizoram,2026,2,district,mamit district,23308
mizoram,2026,2,district,champhai district,13914
mizoram,2026,2,district,serchhip district,13472
mizoram,2026,2,district,siaha district,13204
mizoram,2026,2,district,saitual district,6864
mizoram,2026,2,district,khawzawl district,5181
nagaland,2018,1,district,dimapur district,6423
nagaland,2018,1,district,kohima district,3062
nagaland,2018,1,district,chumoukedima district,2673
nagaland,2018,1,district,mokokchung district,990
nagaland,2018,1,district,mon district,578
nagaland,2018,1,district,wokha district,449
nagaland,2018,1,district,tuensang district,368
nagaland,2018,1,district,phek district,345
nagaland,2018,1,district,peren district,300
nagaland,2018,1,district,zunheboto district,297
nagaland,2018,2,district,dimapur district,9367
nagaland,2018,2,district,kohima district,4341
nagaland,2018,2,district,chumoukedima district,3932
nagaland,2018,2,district,mokokchung district,1597
nagaland,2018,2,district,mon district,974
nagaland,2018,2,district,wokha district,677
nagaland,2018,2,district,tuensang district,541
nagaland,2018,2,district,phek district,522
nagaland,2018,2,district,zunheboto district,520
nagaland,2018,2,district,peren district,476
nagaland,2018,3,district,dimapur district,12771
nagaland,2018,3,district,kohima district,6020
nagaland,2018,3,district,chumoukedima district,5573
nagaland,2018,3,district,mokokchung district,2214
nagaland,2018,3,district,mon district,1388
nagaland,2018,3,district,wokha district,942
nagaland,2018,3,district,tuensang district,797
nagaland,2018,3,district,phek district,760
nagaland,2018,3,district,zunheboto district,716
nagaland,2018,3,district,peren district,648
nagaland,2018,4,district,dimapur district,16873
nagaland,2018,4,district,kohima district,8188
nagaland,2018,4,district,chumoukedima district,7514
nagaland,2018,4,district,mokokchung district,2937
nagaland,2018,4,district,mon district,1992
nagaland,2018,4,district,wokha district,1245
nagaland,2018,4,district,tuensang district,1094
nagaland,2018,4,district,phek district,1005
nagaland,2018,4,district,zunheboto district,1004
nagaland,2018,4,district,peren district,872
nagaland,2019,1,district,dimapur district,20855
nagaland,2019,1,district,kohima district,10294
nagaland,2019,1,district,chumoukedima district,9391
nagaland,2019,1,district,mokokchung district,3678
nagaland,2019,1,district,mon district,2608
nagaland,2019,1,district,wokha district,1605
nagaland,2019,1,district,tuensang district,1414
nagaland,2019,1,district,zunheboto district,1283
nagaland,2019,1,district,phek district,1256
nagaland,2019,1,district,peren district,1106
nagaland,2019,2,district,dimapur district,25232
nagaland,2019,2,district,kohima district,12473
nagaland,2019,2,district,chumoukedima district,11498
nagaland,2019,2,district,mokokchung district,4580
nagaland,2019,2,district,mon district,3329
nagaland,2019,2,district,wokha district,2059
nagaland,2019,2,district,tuensang district,1752
nagaland,2019,2,district,zunheboto district,1569
nagaland,2019,2,district,phek district,1542
nagaland,2019,2,district,peren district,1397
nagaland,2019,3,district,dimapur district,29728
nagaland,2019,3,district,kohima district,15006
nagaland,2019,3,district,chumoukedima district,13906
nagaland,2019,3,district,mokokchung district,5649
nagaland,2019,3,district,mon district,4128
nagaland,2019,3,district,wokha district,2549
nagaland,2019,3,district,tuensang district,2090
nagaland,2019,3,district,phek district,1957
nagaland,2019,3,district,zunheboto district,1953
nagaland,2019,3,district,peren district,1693
nagaland,2019,4,district,dimapur district,33876
nagaland,2019,4,district,kohima district,17462
nagaland,2019,4,district,chumoukedima district,16078
nagaland,2019,4,district,mokokchung district,6591
nagaland,2019,4,district,mon district,5039
nagaland,2019,4,district,wokha district,3046
nagaland,2019,4,district,tuensang district,2482
nagaland,2019,4,district,phek district,2337
nagaland,2019,4,district,zunheboto district,2302
nagaland,2019,4,district,peren district,1945
nagaland,2020,1,district,dimapur district,38464
nagaland,2020,1,district,kohima district,19936
nagaland,2020,1,district,chumoukedima district,18537
nagaland,2020,1,district,mokokchung district,7605
nagaland,2020,1,district,mon district,5947
nagaland,2020,1,district,wokha district,3575
nagaland,2020,1,district,tuensang district,2886
nagaland,2020,1,district,phek district,2742
nagaland,2020,1,district,zunheboto district,2717
nagaland,2020,1,district,peren district,2277
nagaland,2020,2,district,dimapur district,44919
nagaland,2020,2,district,kohima district,23288
nagaland,2020,2,district,chumoukedima district,21952
nagaland,2020,2,district,mokokchung district,9434
nagaland,2020,2,district,mon district,8055
nagaland,2020,2,district,wokha district,4629
nagaland,2020,2,district,tuensang district,3691
nagaland,2020,2,district,zunheboto district,3432
nagaland,2020,2,district,phek district,3379
nagaland,2020,2,district,peren district,2966
nagaland,2020,3,district,dimapur district,55470
nagaland,2020,3,district,kohima district,30482
nagaland,2020,3,district,chumoukedima district,27925
nagaland,2020,3,district,mon district,13284
nagaland,2020,3,district,mokokchung district,12929
nagaland,2020,3,district,wokha district,7096
nagaland,2020,3,district,tuensang district,5444
nagaland,2020,3,district,zunheboto district,4657
nagaland,2020,3,district,phek district,4645
nagaland,2020,3,district,peren district,3908
nagaland,2020,4,district,dimapur district,61552
nagaland,2020,4,district,kohima district,33608
nagaland,2020,4,district,chumoukedima district,30961
nagaland,2020,4,district,mon district,14554
nagaland,2020,4,district,mokokchung district,14205
nagaland,2020,4,district,wokha district,7858
nagaland,2020,4,district,tuensang district,6097
nagaland,2020,4,district,zunheboto district,5181
nagaland,2020,4,district,phek district,5146
nagaland,2020,4,district,peren district,4345
nagaland,2021,1,district,dimapur district,66095
nagaland,2021,1,district,kohima district,35876
nagaland,2021,1,district,chumoukedima district,33305
nagaland,2021,1,district,mon district,15550
nagaland,2021,1,district,mokokchung district,15092
nagaland,2021,1,district,wokha district,8390
nagaland,2021,1,district,tuensang district,6593
nagaland,2021,1,district,zunheboto district,5545
nagaland,2021,1,district,phek district,5469
nagaland,2021,1,district,peren district,4674
nagaland,2021,2,district,dimapur district,70561
nagaland,2021,2,district,kohima district,38138
nagaland,2021,2,district,chumoukedima district,35588
nagaland,2021,2,district,mon district,16571
nagaland,2021,2,district,mokokchung district,16055
nagaland,2021,2,district,wokha district,8983
nagaland,2021,2,district,tuensang district,7079
nagaland,2021,2,district,zunheboto district,5894
nagaland,2021,2,district,phek district,5759
nagaland,2021,2,district,peren district,4975
nagaland,2021,3,district,dimapur district,75350
nagaland,2021,3,district,kohima district,40551
nagaland,2021,3,district,chumoukedima district,38147
nagaland,2021,3,district,mon district,17554
nagaland,2021,3,district,mokokchung district,17061
nagaland,2021,3,district,wokha district,9553
nagaland,2021,3,district,tuensang district,7545
nagaland,2021,3,district,zunheboto district,6234
nagaland,2021,3,district,phek district,6114
nagaland,2021,3,district,peren district,5317
nagaland,2021,4,district,dimapur district,80187
nagaland,2021,4,district,kohima district,42979
nagaland,2021,4,district,chumoukedima district,40707
nagaland,2021,4,district,mon district,18422
nagaland,2021,4,district,mokokchung district,17996
nagaland,2021,4,district,wokha district,10144
nagaland,2021,4,district,tuensang district,8045
nagaland,2021,4,district,zunheboto district,6570
nagaland,2021,4,district,phek district,6464
nagaland,2021,4,district,peren district,5646
nagaland,2022,1,district,dimapur district,85200
nagaland,2022,1,district,kohima district,45199
nagaland,2022,1,district,chumoukedima district,43380
nagaland,2022,1,district,mon district,19381
nagaland,2022,1,district,mokokchung district,18881
nagaland,2022,1,district,wokha district,10724
nagaland,2022,1,district,tuensang district,8532
nagaland,2022,1,district,zunheboto district,6915
nagaland,2022,1,district,phek district,6797
nagaland,2022,1,district,peren district,6022
nagaland,2022,2,district,dimapur district,90243
nagaland,2022,2,district,kohima district,47601
nagaland,2022,2,district,chumoukedima district,46317
nagaland,2022,2,district,mon district,20453
nagaland,2022,2,district,mokokchung district,19818
nagaland,2022,2,district,wokha district,11327
nagaland,2022,2,district,tuensang district,9016
nagaland,2022,2,district,zunheboto district,7247
nagaland,2022,2,district,phek district,7062
nagaland,2022,2,district,peren district,6423
nagaland,2022,3,district,dimapur district,95557
nagaland,2022,3,district,kohima district,49932
nagaland,2022,3,district,chumoukedima district,49327
nagaland,2022,3,district,mon district,21484
nagaland,2022,3,district,mokokchung district,20831
nagaland,2022,3,district,wokha district,11937
nagaland,2022,3,district,tuensang district,9528
nagaland,2022,3,district,zunheboto district,7558
nagaland,2022,3,district,phek district,7384
nagaland,2022,3,district,peren district,6828
nagaland,2022,4,district,dimapur district,100460
nagaland,2022,4,district,chumoukedima district,52172
nagaland,2022,4,district,kohima district,52129
nagaland,2022,4,district,mon district,22412
nagaland,2022,4,district,mokokchung district,21645
nagaland,2022,4,district,wokha district,12515
nagaland,2022,4,district,tuensang district,9990
nagaland,2022,4,district,zunheboto district,7886
nagaland,2022,4,district,phek district,7642
nagaland,2022,4,district,peren district,7186
nagaland,2023,1,district,dimapur district,105110
nagaland,2023,1,district,chumoukedima district,54821
nagaland,2023,1,district,kohima district,54204
nagaland,2023,1,district,mon district,23330
nagaland,2023,1,district,mokokchung district,22383
nagaland,2023,1,district,wokha district,13039
nagaland,2023,1,district,tuensang district,10391
nagaland,2023,1,district,zunheboto district,8191
nagaland,2023,1,district,phek district,7899
nagaland,2023,1,district,peren district,7589
nagaland,2023,2,district,dimapur district,109634
nagaland,2023,2,district,chumoukedima district,57481
nagaland,2023,2,district,kohima district,56339
nagaland,2023,2,district,mon district,24430
nagaland,2023,2,district,mokokchung district,23059
nagaland,2023,2,district,wokha district,13556
nagaland,2023,2,district,tuensang district,10801
nagaland,2023,2,district,zunheboto district,8517
nagaland,2023,2,district,phek district,8152
nagaland,2023,2,district,peren district,7975
nagaland,2023,3,district,dimapur district,114296
nagaland,2023,3,district,chumoukedima district,60368
nagaland,2023,3,district,kohima district,58608
nagaland,2023,3,district,mon district,25563
nagaland,2023,3,district,mokokchung district,23823
nagaland,2023,3,district,wokha district,14101
nagaland,2023,3,district,tuensang district,11272
nagaland,2023,3,district,zunheboto district,8939
nagaland,2023,3,district,phek district,8442
nagaland,2023,3,district,peren district,8405
nagaland,2023,4,district,dimapur district,119435
nagaland,2023,4,district,chumoukedima district,63543
nagaland,2023,4,district,kohima district,61129
nagaland,2023,4,district,mon district,26694
nagaland,2023,4,district,mokokchung district,24809
nagaland,2023,4,district,wokha district,14705
nagaland,2023,4,district,tuensang district,11768
nagaland,2023,4,district,zunheboto district,9386
nagaland,2023,4,district,peren district,8963
nagaland,2023,4,district,phek district,8851
nagaland,2024,1,district,dimapur district,125788
nagaland,2024,1,district,chumoukedima district,67556
nagaland,2024,1,district,kohima district,64216
nagaland,2024,1,district,mon district,28057
nagaland,2024,1,district,mokokchung district,26090
nagaland,2024,1,district,wokha district,15632
nagaland,2024,1,district,tuensang district,12487
nagaland,2024,1,district,zunheboto district,9952
nagaland,2024,1,district,peren district,9610
nagaland,2024,1,district,phek district,9371
nagaland,2024,2,district,dimapur district,134535
nagaland,2024,2,district,chumoukedima district,72878
nagaland,2024,2,district,kohima district,69366
nagaland,2024,2,district,mon district,30155
nagaland,2024,2,district,mokokchung district,29002
nagaland,2024,2,district,wokha district,17173
nagaland,2024,2,district,tuensang district,14128
nagaland,2024,2,district,zunheboto district,10868
nagaland,2024,2,district,peren district,10524
nagaland,2024,2,district,phek district,10126
nagaland,2024,3,district,dimapur district,143338
nagaland,2024,3,district,chumoukedima district,78598
nagaland,2024,3,district,kohima district,74978
nagaland,2024,3,district,mon district,32314
nagaland,2024,3,district,mokokchung district,31369
nagaland,2024,3,district,wokha district,18510
nagaland,2024,3,district,tuensang district,15967
nagaland,2024,3,district,zunheboto district,12199
nagaland,2024,3,district,peren district,11469
nagaland,2024,3,district,phek district,10866
nagaland,2024,4,district,dimapur district,148966
nagaland,2024,4,district,chumoukedima district,82142
nagaland,2024,4,district,kohima district,77818
nagaland,2024,4,district,mon district,33680
nagaland,2024,4,district,mokokchung district,32556
nagaland,2024,4,district,wokha district,19234
nagaland,2024,4,district,tuensang district,16763
nagaland,2024,4,district,zunheboto district,12793
nagaland,2024,4,district,peren district,12102
nagaland,2024,4,district,phek district,11335
nagaland,2025,1,district,dimapur district,154297
nagaland,2025,1,district,chumoukedima district,85463
nagaland,2025,1,district,kohima district,80700
nagaland,2025,1,district,mon district,35013
nagaland,2025,1,district,mokokchung district,33654
nagaland,2025,1,district,wokha district,19982
nagaland,2025,1,district,tuensang district,17478
nagaland,2025,1,district,zunheboto district,13264
nagaland,2025,1,district,peren district,12736
nagaland,2025,1,district,phek district,11790
nagaland,2025,2,district,dimapur district,159708
nagaland,2025,2,district,chumoukedima district,88940
nagaland,2025,2,district,kohima district,83641
nagaland,2025,2,district,mon district,36451
nagaland,2025,2,district,mokokchung district,34803
nagaland,2025,2,district,wokha district,20685
nagaland,2025,2,district,tuensang district,18257
nagaland,2025,2,district,zunheboto district,13750
nagaland,2025,2,district,peren district,13432
nagaland,2025,2,district,phek district,12273
nagaland,2025,3,district,dimapur district,165762
nagaland,2025,3,district,chumoukedima district,92606
nagaland,2025,3,district,kohima district,87201
nagaland,2025,3,district,mon district,38138
nagaland,2025,3,district,mokokchung district,36097
nagaland,2025,3,district,wokha district,21407
nagaland,2025,3,district,tuensang district,19165
nagaland,2025,3,district,zunheboto district,14390
nagaland,2025,3,district,peren district,14198
nagaland,2025,3,district,phek district,12785
nagaland,2025,4,district,dimapur district,171484
nagaland,2025,4,district,chumoukedima district,96357
nagaland,2025,4,district,kohima district,90597
nagaland,2025,4,district,mon district,40061
nagaland,2025,4,district,mokokchung district,37360
nagaland,2025,4,district,wokha district,22230
nagaland,2025,4,district,tuensang district,20116
nagaland,2025,4,district,peren district,15157
nagaland,2025,4,district,zunheboto district,15032
nagaland,2025,4,district,phek district,13530
nagaland,2026,1,district,dimapur district,176929
nagaland,2026,1,district,chumoukedima district,99896
nagaland,2026,1,district,kohima district,93837
nagaland,2026,1,district,mon district,41806
nagaland,2026,1,district,mokokchung district,38580
nagaland,2026,1,district,wokha district,23065
nagaland,2026,1,district,tuensang district,21045
nagaland,2026,1,district,peren district,16048
nagaland,2026,1,district,zunheboto district,15669
nagaland,2026,1,district,phek district,14104
nagaland,2026,2,district,dimapur district,183603
nagaland,2026,2,district,chumoukedima district,104347
nagaland,2026,2,district,kohima district,98267
nagaland,2026,2,district,mon district,44304
nagaland,2026,2,district,mokokchung district,40232
nagaland,2026,2,district,wokha district,24100
nagaland,2026,2,district,tuensang district,22132
nagaland,2026,2,district,peren district,17052
nagaland,2026,2,district,zunheboto district,16367
nagaland,2026,2,district,phek district,15007
odisha,2018,1,district,khordha district,300424
odisha,2018,1,district,cuttack district,134317
odisha,2018,1,district,ganjam district,119802
odisha,2018,1,district,balasore district,94452
odisha,2018,1,district,jajpur district,82565
odisha,2018,1,district,sundargarh district,73627
odisha,2018,1,district,puri district,70911
odisha,2018,1,district,angul district,60165
odisha,2018,1,district,kendujhar district,58358
odisha,2018,1,district,bhadrak district,54014
odisha,2018,2,district,khordha district,400067
odisha,2018,2,district,cuttack district,184850
odisha,2018,2,district,ganjam district,162568
odisha,2018,2,district,balasore district,131017
odisha,2018,2,district,jajpur district,113512
odisha,2018,2,district,sundargarh district,101673
odisha,2018,2,district,puri district,98489
odisha,2018,2,district,kendujhar district,82515
odisha,2018,2,district,angul district,81465
odisha,2018,2,district,bhadrak district,74964
odisha,2018,3,district,khordha district,494676
odisha,2018,3,district,cuttack district,233910
odisha,2018,3,district,ganjam district,206682
odisha,2018,3,district,balasore district,167528
odisha,2018,3,district,jajpur district,144079
odisha,2018,3,district,sundargarh district,128869
odisha,2018,3,district,puri district,124287
odisha,2018,3,district,kendujhar district,106533
odisha,2018,3,district,angul district,101712
odisha,2018,3,district,bhadrak district,95637
odisha,2018,4,district,khordha district,625907
odisha,2018,4,district,cuttack district,304076
odisha,2018,4,district,ganjam district,268682
odisha,2018,4,district,balasore district,217224
odisha,2018,4,district,jajpur district,192920
odisha,2018,4,district,sundargarh district,165457
odisha,2018,4,district,puri district,163595
odisha,2018,4,district,kendujhar district,139905
odisha,2018,4,district,angul district,130288
odisha,2018,4,district,bhadrak district,129118
odisha,2019,1,district,khordha district,746240
odisha,2019,1,district,cuttack district,366462
odisha,2019,1,district,ganjam district,320039
odisha,2019,1,district,balasore district,255309
odisha,2019,1,district,jajpur district,228574
odisha,2019,1,district,sundargarh district,198654
odisha,2019,1,district,puri district,196492
odisha,2019,1,district,kendujhar district,164936
odisha,2019,1,district,angul district,157293
odisha,2019,1,district,bhadrak district,152176
odisha,2019,2,district,khordha district,831711
odisha,2019,2,district,cuttack district,411838
odisha,2019,2,district,ganjam district,359276
odisha,2019,2,district,balasore district,283231
odisha,2019,2,district,jajpur district,253627
odisha,2019,2,district,sundargarh district,226376
odisha,2019,2,district,puri district,218600
odisha,2019,2,district,kendujhar district,185254
odisha,2019,2,district,angul district,176451
odisha,2019,2,district,bhadrak district,171024
odisha,2019,3,district,khordha district,927011
odisha,2019,3,district,cuttack district,466911
odisha,2019,3,district,ganjam district,400377
odisha,2019,3,district,balasore district,313916
odisha,2019,3,district,jajpur district,285173
odisha,2019,3,district,sundargarh district,254799
odisha,2019,3,district,puri district,249127
odisha,2019,3,district,kendujhar district,206736
odisha,2019,3,district,angul district,195971
odisha,2019,3,district,bhadrak district,192339
odisha,2019,4,district,khordha district,1031172
odisha,2019,4,district,cuttack district,528230
odisha,2019,4,district,ganjam district,453616
odisha,2019,4,district,balasore district,358685
odisha,2019,4,district,jajpur district,326057
odisha,2019,4,district,sundargarh district,286704
odisha,2019,4,district,puri district,286432
odisha,2019,4,district,kendujhar district,231784
odisha,2019,4,district,bhadrak district,223692
odisha,2019,4,district,angul district,220673
odisha,2020,1,district,khordha district,1106720
odisha,2020,1,district,cuttack district,573116
odisha,2020,1,district,ganjam district,496030
odisha,2020,1,district,balasore district,389937
odisha,2020,1,district,jajpur district,354574
odisha,2020,1,district,sundargarh district,316163
odisha,2020,1,district,puri district,312780
odisha,2020,1,district,kendujhar district,252238
odisha,2020,1,district,bhadrak district,244091
odisha,2020,1,district,angul district,239432
odisha,2020,2,district,khordha district,1182758
odisha,2020,2,district,cuttack district,621078
odisha,2020,2,district,ganjam district,541858
odisha,2020,2,district,balasore district,422617
odisha,2020,2,district,jajpur district,384100
odisha,2020,2,district,sundargarh district,350065
odisha,2020,2,district,puri district,340041
odisha,2020,2,district,kendujhar district,276049
odisha,2020,2,district,bhadrak district,266399
odisha,2020,2,district,angul district,259953
odisha,2020,3,district,khordha district,1271195
odisha,2020,3,district,cuttack district,672820
odisha,2020,3,district,ganjam district,592209
odisha,2020,3,district,balasore district,457394
odisha,2020,3,district,jajpur district,413813
odisha,2020,3,district,sundargarh district,385587
odisha,2020,3,district,puri district,370951
odisha,2020,3,district,kendujhar district,300925
odisha,2020,3,district,bhadrak district,289673
odisha,2020,3,district,angul district,282546
odisha,2020,4,district,khordha district,1369692
odisha,2020,4,district,cuttack district,729943
odisha,2020,4,district,ganjam district,649710
odisha,2020,4,district,balasore district,493452
odisha,2020,4,district,jajpur district,447176
odisha,2020,4,district,sundargarh district,423066
odisha,2020,4,district,puri district,403589
odisha,2020,4,district,kendujhar district,326375
odisha,2020,4,district,bhadrak district,314797
odisha,2020,4,district,angul district,306387
odisha,2021,1,district,khordha district,1454469
odisha,2021,1,district,cuttack district,777021
odisha,2021,1,district,ganjam district,698597
odisha,2021,1,district,balasore district,523975
odisha,2021,1,district,jajpur district,475485
odisha,2021,1,district,sundargarh district,456852
odisha,2021,1,district,puri district,430820
odisha,2021,1,district,kendujhar district,349090
odisha,2021,1,district,bhadrak district,335156
odisha,2021,1,district,angul district,327606
odisha,2021,2,district,khordha district,1544190
odisha,2021,2,district,cuttack district,827833
odisha,2021,2,district,ganjam district,748147
odisha,2021,2,district,balasore district,557061
odisha,2021,2,district,jajpur district,505133
odisha,2021,2,district,sundargarh district,492134
odisha,2021,2,district,puri district,459174
odisha,2021,2,district,kendujhar district,373532
odisha,2021,2,district,bhadrak district,356720
odisha,2021,2,district,angul district,350092
odisha,2021,3,district,khordha district,1645376
odisha,2021,3,district,cuttack district,884727
odisha,2021,3,district,ganjam district,804771
odisha,2021,3,district,balasore district,596119
odisha,2021,3,district,jajpur district,540306
odisha,2021,3,district,sundargarh district,531908
odisha,2021,3,district,puri district,492767
odisha,2021,3,district,kendujhar district,401028
odisha,2021,3,district,bhadrak district,382773
odisha,2021,3,district,angul district,376014
odisha,2021,4,district,khordha district,1749410
odisha,2021,4,district,cuttack district,942473
odisha,2021,4,district,ganjam district,862323
odisha,2021,4,district,balasore district,635793
odisha,2021,4,district,jajpur district,575908
odisha,2021,4,district,sundargarh district,572075
odisha,2021,4,district,puri district,526908
odisha,2021,4,district,kendujhar district,429068
odisha,2021,4,district,bhadrak district,409900
odisha,2021,4,district,mayurbhanj district,402216
odisha,2022,1,district,khordha district,1837052
odisha,2022,1,district,cuttack district,990856
odisha,2022,1,district,ganjam district,911019
odisha,2022,1,district,balasore district,669131
odisha,2022,1,district,sundargarh district,608441
odisha,2022,1,district,jajpur district,605552
odisha,2022,1,district,puri district,554867
odisha,2022,1,district,kendujhar district,453279
odisha,2022,1,district,bhadrak district,432226
odisha,2022,1,district,mayurbhanj district,426584
odisha,2022,2,district,khordha district,1921683
odisha,2022,2,district,cuttack district,1038247
odisha,2022,2,district,ganjam district,959525
odisha,2022,2,district,balasore district,702298
odisha,2022,2,district,sundargarh district,643338
odisha,2022,2,district,jajpur district,634919
odisha,2022,2,district,puri district,582426
odisha,2022,2,district,kendujhar district,476324
odisha,2022,2,district,bhadrak district,454196
odisha,2022,2,district,mayurbhanj district,451306
odisha,2022,3,district,khordha district,2008849
odisha,2022,3,district,cuttack district,1086562
odisha,2022,3,district,ganjam district,1009914
odisha,2022,3,district,balasore district,736941
odisha,2022,3,district,sundargarh district,680316
odisha,2022,3,district,jajpur district,665343
odisha,2022,3,district,puri district,611036
odisha,2022,3,district,kendujhar district,500450
odisha,2022,3,district,mayurbhanj district,477867
odisha,2022,3,district,bhadrak district,477723
odisha,2022,4,district,khordha district,2093336
odisha,2022,4,district,cuttack district,1134024
odisha,2022,4,district,ganjam district,1061034
odisha,2022,4,district,balasore district,770736
odisha,2022,4,district,sundargarh district,716052
odisha,2022,4,district,jajpur district,695949
odisha,2022,4,district,puri district,639342
odisha,2022,4,district,kendujhar district,524982
odisha,2022,4,district,mayurbhanj district,504742
odisha,2022,4,district,bhadrak district,500630
odisha,2023,1,district,khordha district,2169363
odisha,2023,1,district,cuttack district,1178367
odisha,2023,1,district,ganjam district,1106686
odisha,2023,1,district,balasore district,802900
odisha,2023,1,district,sundargarh district,748800
odisha,2023,1,district,jajpur district,724369
odisha,2023,1,district,puri district,665671
odisha,2023,1,district,kendujhar district,548312
odisha,2023,1,district,mayurbhanj district,530233
odisha,2023,1,district,bhadrak district,521651
odisha,2023,2,district,khordha district,2241122
odisha,2023,2,district,cuttack district,1218957
odisha,2023,2,district,ganjam district,1151133
odisha,2023,2,district,balasore district,833110
odisha,2023,2,district,sundargarh district,779707
odisha,2023,2,district,jajpur district,750494
odisha,2023,2,district,puri district,689030
odisha,2023,2,district,kendujhar district,569327
odisha,2023,2,district,mayurbhanj district,554320
odisha,2023,2,district,bhadrak district,541545
odisha,2023,3,district,khordha district,2311484
odisha,2023,3,district,cuttack district,1260148
odisha,2023,3,district,ganjam district,1195352
odisha,2023,3,district,balasore district,864000
odisha,2023,3,district,sundargarh district,811365
odisha,2023,3,district,jajpur district,777188
odisha,2023,3,district,puri district,714281
odisha,2023,3,district,kendujhar district,591253
odisha,2023,3,district,mayurbhanj district,580223
odisha,2023,3,district,bhadrak district,561531
odisha,2023,4,district,khordha district,2374543
odisha,2023,4,district,cuttack district,1298417
odisha,2023,4,district,ganjam district,1238101
odisha,2023,4,district,balasore district,893756
odisha,2023,4,district,sundargarh district,841601
odisha,2023,4,district,jajpur district,803135
odisha,2023,4,district,puri district,738024
odisha,2023,4,district,kendujhar district,613146
odisha,2023,4,district,mayurbhanj district,605853
odisha,2023,4,district,bhadrak district,581252
odisha,2024,1,district,khordha district,2442433
odisha,2024,1,district,cuttack district,1340197
odisha,2024,1,district,ganjam district,1285102
odisha,2024,1,district,balasore district,926414
odisha,2024,1,district,sundargarh district,878340
odisha,2024,1,district,jajpur district,830709
odisha,2024,1,district,puri district,763148
odisha,2024,1,district,kendujhar district,638205
odisha,2024,1,district,mayurbhanj district,636815
odisha,2024,1,district,bhadrak district,601829
odisha,2024,2,district,khordha district,2512775
odisha,2024,2,district,cuttack district,1381871
odisha,2024,2,district,ganjam district,1334620
odisha,2024,2,district,balasore district,960001
odisha,2024,2,district,sundargarh district,916267
odisha,2024,2,district,jajpur district,858311
odisha,2024,2,district,puri district,788556
odisha,2024,2,district,mayurbhanj district,668353
odisha,2024,2,district,kendujhar district,664076
odisha,2024,2,district,bhadrak district,623119
odisha,2024,3,district,khordha district,2589372
odisha,2024,3,district,cuttack district,1427860
odisha,2024,3,district,ganjam district,1387015
odisha,2024,3,district,balasore district,995967
odisha,2024,3,district,sundargarh district,954278
odisha,2024,3,district,jajpur district,888288
odisha,2024,3,district,puri district,816387
odisha,2024,3,district,mayurbhanj district,700145
odisha,2024,3,district,kendujhar district,689697
odisha,2024,3,district,bhadrak district,645611
odisha,2024,4,district,khordha district,2674023
odisha,2024,4,district,cuttack district,1477327
odisha,2024,4,district,ganjam district,1443423
odisha,2024,4,district,balasore district,1033710
odisha,2024,4,district,sundargarh district,991053
odisha,2024,4,district,jajpur district,920940
odisha,2024,4,district,puri district,846444
odisha,2024,4,district,mayurbhanj district,730601
odisha,2024,4,district,kendujhar district,716540
odisha,2024,4,district,bhadrak district,671562
odisha,2025,1,district,khordha district,2747236
odisha,2025,1,district,cuttack district,1520329
odisha,2025,1,district,ganjam district,1491915
odisha,2025,1,district,balasore district,1066766
odisha,2025,1,district,sundargarh district,1024817
odisha,2025,1,district,jajpur district,948926
odisha,2025,1,district,puri district,872751
odisha,2025,1,district,mayurbhanj district,758926
odisha,2025,1,district,kendujhar district,741764
odisha,2025,1,district,bhadrak district,693632
odisha,2025,2,district,khordha district,2820238
odisha,2025,2,district,cuttack district,1562539
odisha,2025,2,district,ganjam district,1538859
odisha,2025,2,district,balasore district,1100153
odisha,2025,2,district,sundargarh district,1057323
odisha,2025,2,district,jajpur district,977086
odisha,2025,2,district,puri district,897998
odisha,2025,2,district,mayurbhanj district,787123
odisha,2025,2,district,kendujhar district,765788
odisha,2025,2,district,bhadrak district,715594
odisha,2025,3,district,khordha district,2893342
odisha,2025,3,district,cuttack district,1604627
odisha,2025,3,district,ganjam district,1587771
odisha,2025,3,district,balasore district,1134462
odisha,2025,3,district,sundargarh district,1090432
odisha,2025,3,district,jajpur district,1003411
odisha,2025,3,district,puri district,921931
odisha,2025,3,district,mayurbhanj district,815861
odisha,2025,3,district,kendujhar district,788800
odisha,2025,3,district,bhadrak district,737389
odisha,2025,4,district,khordha district,2952555
odisha,2025,4,district,cuttack district,1639336
odisha,2025,4,district,ganjam district,1630579
odisha,2025,4,district,balasore district,1163634
odisha,2025,4,district,sundargarh district,1119842
odisha,2025,4,district,jajpur district,1027006
odisha,2025,4,district,puri district,944164
odisha,2025,4,district,mayurbhanj district,842144
odisha,2025,4,district,kendujhar district,811115
odisha,2025,4,district,bhadrak district,756382
odisha,2026,1,district,khordha district,3007702
odisha,2026,1,district,cuttack district,1672405
odisha,2026,1,district,ganjam district,1669555
odisha,2026,1,district,balasore district,1191279
odisha,2026,1,district,sundargarh district,1147094
odisha,2026,1,district,jajpur district,1048621
odisha,2026,1,district,puri district,965031
odisha,2026,1,district,mayurbhanj district,867292
odisha,2026,1,district,kendujhar district,831911
odisha,2026,1,district,bhadrak district,773942
odisha,2026,2,district,khordha district,3062384
odisha,2026,2,district,cuttack district,1711793
odisha,2026,2,district,ganjam district,1688000
odisha,2026,2,district,balasore district,1217410
odisha,2026,2,district,sundargarh district,1180407
odisha,2026,2,district,jajpur district,1078499
odisha,2026,2,district,puri district,968686
odisha,2026,2,district,mayurbhanj district,897828
odisha,2026,2,district,kendujhar district,863006
odisha,2026,2,district,bhadrak district,794945
puducherry,2018,1,district,puducherry district,40447
puducherry,2018,1,district,karaikal district,3906
puducherry,2018,1,district,yanam district,2295
puducherry,2018,1,district,mahe district,1053
puducherry,2018,2,district,puducherry district,53862
puducherry,2018,2,district,karaikal district,5646
puducherry,2018,2,district,yanam district,2958
puducherry,2018,2,district,mahe district,1412
puducherry,2018,3,district,puducherry district,66461
puducherry,2018,3,district,karaikal district,7325
puducherry,2018,3,district,yanam district,3593
puducherry,2018,3,district,mahe district,1720
puducherry,2018,4,district,puducherry district,89845
puducherry,2018,4,district,karaikal district,9907
puducherry,2018,4,district,yanam district,4501
puducherry,2018,4,district,mahe district,2238
puducherry,2019,1,district,puducherry district,109778
puducherry,2019,1,district,karaikal district,12016
puducherry,2019,1,district,yanam district,5440
puducherry,2019,1,district,mahe district,2712
puducherry,2019,2,district,puducherry district,129294
puducherry,2019,2,district,karaikal district,14268
puducherry,2019,2,district,yanam district,6144
puducherry,2019,2,district,mahe district,3211
puducherry,2019,3,district,puducherry district,146955
puducherry,2019,3,district,karaikal district,16344
puducherry,2019,3,district,yanam district,6886
puducherry,2019,3,district,mahe district,3780
puducherry,2019,4,district,puducherry district,168468
puducherry,2019,4,district,karaikal district,18688
puducherry,2019,4,district,yanam district,7805
puducherry,2019,4,district,mahe district,4403
puducherry,2020,1,district,puducherry district,189951
puducherry,2020,1,district,karaikal district,21431
puducherry,2020,1,district,yanam district,8722
puducherry,2020,1,district,mahe district,5171
puducherry,2020,2,district,puducherry district,209543
puducherry,2020,2,district,karaikal district,24396
puducherry,2020,2,district,yanam district,9558
puducherry,2020,2,district,mahe district,6070
puducherry,2020,3,district,puducherry district,233047
puducherry,2020,3,district,karaikal district,27759
puducherry,2020,3,district,yanam district,10405
puducherry,2020,3,district,mahe district,7137
puducherry,2020,4,district,puducherry district,260487
puducherry,2020,4,district,karaikal district,32094
puducherry,2020,4,district,yanam district,11412
puducherry,2020,4,district,mahe district,8166
puducherry,2021,1,district,puducherry district,282150
puducherry,2021,1,district,karaikal district,35585
puducherry,2021,1,district,yanam district,12231
puducherry,2021,1,district,mahe district,8955
puducherry,2021,2,district,puducherry district,301100
puducherry,2021,2,district,karaikal district,38653
puducherry,2021,2,district,yanam district,13034
puducherry,2021,2,district,mahe district,9700
puducherry,2021,3,district,puducherry district,320567
puducherry,2021,3,district,karaikal district,41849
puducherry,2021,3,district,yanam district,13881
puducherry,2021,3,district,mahe district,10473
puducherry,2021,4,district,puducherry district,340242
puducherry,2021,4,district,karaikal district,45179
puducherry,2021,4,district,yanam district,14605
puducherry,2021,4,district,mahe district,11303
puducherry,2022,1,district,puducherry district,358126
puducherry,2022,1,district,karaikal district,48346
puducherry,2022,1,district,yanam district,15380
puducherry,2022,1,district,mahe district,11983
puducherry,2022,2,district,puducherry district,373793
puducherry,2022,2,district,karaikal district,51086
puducherry,2022,2,district,yanam district,16037
puducherry,2022,2,district,mahe district,12611
puducherry,2022,3,district,puducherry district,389371
puducherry,2022,3,district,karaikal district,53924
puducherry,2022,3,district,yanam district,16711
puducherry,2022,3,district,mahe district,13280
puducherry,2022,4,district,puducherry district,405199
puducherry,2022,4,district,karaikal district,56853
puducherry,2022,4,district,yanam district,17355
puducherry,2022,4,district,mahe district,13971
puducherry,2023,1,district,puducherry district,419218
puducherry,2023,1,district,karaikal district,59372
puducherry,2023,1,district,yanam district,17969
puducherry,2023,1,district,mahe district,14521
puducherry,2023,2,district,puducherry district,432018
puducherry,2023,2,district,karaikal district,61692
puducherry,2023,2,district,yanam district,18488
puducherry,2023,2,district,mahe district,14999
puducherry,2023,3,district,puducherry district,445216
puducherry,2023,3,district,karaikal district,64322
puducherry,2023,3,district,yanam district,19038
puducherry,2023,3,district,mahe district,15514
puducherry,2023,4,district,puducherry district,458309
puducherry,2023,4,district,karaikal district,67127
puducherry,2023,4,district,yanam district,19485
puducherry,2023,4,district,mahe district,16138
puducherry,2024,1,district,puducherry district,471283
puducherry,2024,1,district,karaikal district,69948
puducherry,2024,1,district,yanam district,20117
puducherry,2024,1,district,mahe district,16691
puducherry,2024,2,district,puducherry district,484271
puducherry,2024,2,district,karaikal district,72638
puducherry,2024,2,district,yanam district,20647
puducherry,2024,2,district,mahe district,17262
puducherry,2024,3,district,puducherry district,497655
puducherry,2024,3,district,karaikal district,75290
puducherry,2024,3,district,yanam district,21175
puducherry,2024,3,district,mahe district,17974
puducherry,2024,4,district,puducherry district,511218
puducherry,2024,4,district,karaikal district,77778
puducherry,2024,4,district,yanam district,21848
puducherry,2024,4,district,mahe district,18545
puducherry,2025,1,district,puducherry district,524193
puducherry,2025,1,district,karaikal district,80198
puducherry,2025,1,district,yanam district,22400
puducherry,2025,1,district,mahe district,19064
puducherry,2025,2,district,puducherry district,536471
puducherry,2025,2,district,karaikal district,82366
puducherry,2025,2,district,yanam district,22949
puducherry,2025,2,district,mahe district,19614
puducherry,2025,3,district,puducherry district,549190
puducherry,2025,3,district,karaikal district,84638
puducherry,2025,3,district,yanam district,23573
puducherry,2025,3,district,mahe district,20172
puducherry,2025,4,district,puducherry district,561536
puducherry,2025,4,district,karaikal district,87079
puducherry,2025,4,district,yanam district,24119
puducherry,2025,4,district,mahe district,20684
puducherry,2026,1,district,puducherry district,572785
puducherry,2026,1,district,karaikal district,89297
puducherry,2026,1,district,yanam district,24550
puducherry,2026,1,district,mahe district,21155
puducherry,2026,2,district,puducherry district,585100
puducherry,2026,2,district,karaikal district,92000
puducherry,2026,2,district,yanam district,24897
puducherry,2026,2,district,mahe district,21566
punjab,2018,1,district,ludhiana district,174463
punjab,2018,1,district,sas nagar district,137152
punjab,2018,1,district,patiala district,69279
punjab,2018,1,district,amritsar district,65512
punjab,2018,1,district,jalandhar district,59951
punjab,2018,1,district,bathinda district,52323
punjab,2018,1,district,fazilka district,41046
punjab,2018,1,district,sangrur district,32321
punjab,2018,1,district,hoshiarpur district,27253
punjab,2018,1,district,ferozepur district,25280
punjab,2018,2,district,ludhiana district,237535
punjab,2018,2,district,sas nagar district,182389
punjab,2018,2,district,patiala district,93775
punjab,2018,2,district,amritsar district,90166
punjab,2018,2,district,jalandhar district,82981
punjab,2018,2,district,bathinda district,70641
punjab,2018,2,district,fazilka district,55297
punjab,2018,2,district,sangrur district,43779
punjab,2018,2,district,hoshiarpur district,37399
punjab,2018,2,district,ferozepur district,34123
punjab,2018,3,district,ludhiana district,301796
punjab,2018,3,district,sas nagar district,225249
punjab,2018,3,district,amritsar district,116767
punjab,2018,3,district,patiala district,116414
punjab,2018,3,district,jalandhar district,107168
punjab,2018,3,district,bathinda district,87021
punjab,2018,3,district,fazilka district,66687
punjab,2018,3,district,sangrur district,54441
punjab,2018,3,district,hoshiarpur district,48521
punjab,2018,3,district,gurdaspur district,42878
punjab,2018,4,district,ludhiana district,384825
punjab,2018,4,district,sas nagar district,280114
punjab,2018,4,district,amritsar district,151568
punjab,2018,4,district,patiala district,146088
punjab,2018,4,district,jalandhar district,138743
punjab,2018,4,district,bathinda district,107514
punjab,2018,4,district,fazilka district,80892
punjab,2018,4,district,sangrur district,68366
punjab,2018,4,district,hoshiarpur district,63269
punjab,2018,4,district,gurdaspur district,55304
punjab,2019,1,district,ludhiana district,462004
punjab,2019,1,district,sas nagar district,333372
punjab,2019,1,district,amritsar district,182406
punjab,2019,1,district,patiala district,173303
punjab,2019,1,district,jalandhar district,167330
punjab,2019,1,district,bathinda district,125224
punjab,2019,1,district,fazilka district,94225
punjab,2019,1,district,sangrur district,79925
punjab,2019,1,district,hoshiarpur district,76153
punjab,2019,1,district,gurdaspur district,66622
punjab,2019,2,district,ludhiana district,537710
punjab,2019,2,district,sas nagar district,383740
punjab,2019,2,district,amritsar district,218039
punjab,2019,2,district,patiala district,202681
punjab,2019,2,district,jalandhar district,197783
punjab,2019,2,district,bathinda district,141927
punjab,2019,2,district,fazilka district,105723
punjab,2019,2,district,sangrur district,90767
punjab,2019,2,district,hoshiarpur district,89883
punjab,2019,2,district,gurdaspur district,78943
punjab,2019,3,district,ludhiana district,612244
punjab,2019,3,district,sas nagar district,431138
punjab,2019,3,district,amritsar district,251857
punjab,2019,3,district,patiala district,233186
punjab,2019,3,district,jalandhar district,228398
punjab,2019,3,district,bathinda district,160178
punjab,2019,3,district,fazilka district,118237
punjab,2019,3,district,hoshiarpur district,104280
punjab,2019,3,district,sangrur district,103331
punjab,2019,3,district,gurdaspur district,91751
punjab,2019,4,district,ludhiana district,682340
punjab,2019,4,district,sas nagar district,471524
punjab,2019,4,district,amritsar district,282330
punjab,2019,4,district,patiala district,259939
punjab,2019,4,district,jalandhar district,254686
punjab,2019,4,district,bathinda district,177099
punjab,2019,4,district,fazilka district,132304
punjab,2019,4,district,hoshiarpur district,118082
punjab,2019,4,district,sangrur district,115150
punjab,2019,4,district,gurdaspur district,104776
punjab,2020,1,district,ludhiana district,771199
punjab,2020,1,district,sas nagar district,514802
punjab,2020,1,district,amritsar district,318987
punjab,2020,1,district,patiala district,290501
punjab,2020,1,district,jalandhar district,286171
punjab,2020,1,district,bathinda district,196968
punjab,2020,1,district,fazilka district,148118
punjab,2020,1,district,hoshiarpur district,135178
punjab,2020,1,district,sangrur district,129265
punjab,2020,1,district,gurdaspur district,121276
punjab,2020,2,district,ludhiana district,869377
punjab,2020,2,district,sas nagar district,556961
punjab,2020,2,district,amritsar district,360793
punjab,2020,2,district,patiala district,327453
punjab,2020,2,district,jalandhar district,325293
punjab,2020,2,district,bathinda district,219159
punjab,2020,2,district,fazilka district,164683
punjab,2020,2,district,hoshiarpur district,159143
punjab,2020,2,district,sangrur district,145968
punjab,2020,2,district,gurdaspur district,142309
punjab,2020,3,district,ludhiana district,961849
punjab,2020,3,district,sas nagar district,604300
punjab,2020,3,district,amritsar district,403248
punjab,2020,3,district,jalandhar district,366105
punjab,2020,3,district,patiala district,362374
punjab,2020,3,district,bathinda district,241607
punjab,2020,3,district,fazilka district,181576
punjab,2020,3,district,hoshiarpur district,179689
punjab,2020,3,district,sangrur district,162219
punjab,2020,3,district,gurdaspur district,161191
punjab,2020,4,district,ludhiana district,1049506
punjab,2020,4,district,sas nagar district,652979
punjab,2020,4,district,amritsar district,443873
punjab,2020,4,district,jalandhar district,401973
punjab,2020,4,district,patiala district,394431
punjab,2020,4,district,bathinda district,261928
punjab,2020,4,district,hoshiarpur district,198257
punjab,2020,4,district,fazilka district,197351
punjab,2020,4,district,gurdaspur district,179238
punjab,2020,4,district,sangrur district,177175
punjab,2021,1,district,ludhiana district,1123549
punjab,2021,1,district,sas nagar district,695702
punjab,2021,1,district,amritsar district,475892
punjab,2021,1,district,jalandhar district,430031
punjab,2021,1,district,patiala district,419801
punjab,2021,1,district,bathinda district,278449
punjab,2021,1,district,hoshiarpur district,212965
punjab,2021,1,district,fazilka district,211370
punjab,2021,1,district,gurdaspur district,192946
punjab,2021,1,district,sangrur district,188626
punjab,2021,2,district,ludhiana district,1195088
punjab,2021,2,district,sas nagar district,736242
punjab,2021,2,district,amritsar district,507488
punjab,2021,2,district,jalandhar district,457663
punjab,2021,2,district,patiala district,444709
punjab,2021,2,district,bathinda district,295282
punjab,2021,2,district,hoshiarpur district,227432
punjab,2021,2,district,fazilka district,225473
punjab,2021,2,district,gurdaspur district,206752
punjab,2021,2,district,sangrur district,199845
punjab,2021,3,district,ludhiana district,1269928
punjab,2021,3,district,sas nagar district,779924
punjab,2021,3,district,amritsar district,540218
punjab,2021,3,district,jalandhar district,486422
punjab,2021,3,district,patiala district,471360
punjab,2021,3,district,bathinda district,313704
punjab,2021,3,district,hoshiarpur district,242835
punjab,2021,3,district,fazilka district,240727
punjab,2021,3,district,gurdaspur district,221175
punjab,2021,3,district,sangrur district,212094
punjab,2021,4,district,ludhiana district,1346810
punjab,2021,4,district,sas nagar district,822885
punjab,2021,4,district,amritsar district,573040
punjab,2021,4,district,jalandhar district,515327
punjab,2021,4,district,patiala district,497275
punjab,2021,4,district,bathinda district,331218
punjab,2021,4,district,hoshiarpur district,257759
punjab,2021,4,district,fazilka district,255297
punjab,2021,4,district,gurdaspur district,235826
punjab,2021,4,district,sangrur district,223508
punjab,2022,1,district,ludhiana district,1426247
punjab,2022,1,district,sas nagar district,864733
punjab,2022,1,district,amritsar district,605839
punjab,2022,1,district,jalandhar district,544314
punjab,2022,1,district,patiala district,522529
punjab,2022,1,district,bathinda district,348758
punjab,2022,1,district,hoshiarpur district,272956
punjab,2022,1,district,fazilka district,270447
punjab,2022,1,district,gurdaspur district,250798
punjab,2022,1,district,sangrur district,234934
punjab,2022,2,district,ludhiana district,1501097
punjab,2022,2,district,sas nagar district,905132
punjab,2022,2,district,amritsar district,638173
punjab,2022,2,district,jalandhar district,572931
punjab,2022,2,district,patiala district,546500
punjab,2022,2,district,bathinda district,365417
punjab,2022,2,district,hoshiarpur district,287815
punjab,2022,2,district,fazilka district,284333
punjab,2022,2,district,gurdaspur district,265515
punjab,2022,2,district,sangrur district,245931
punjab,2022,3,district,ludhiana district,1578983
punjab,2022,3,district,sas nagar district,948506
punjab,2022,3,district,amritsar district,672338
punjab,2022,3,district,jalandhar district,602771
punjab,2022,3,district,patiala district,572246
punjab,2022,3,district,bathinda district,383714
punjab,2022,3,district,hoshiarpur district,303241
punjab,2022,3,district,fazilka district,299264
punjab,2022,3,district,gurdaspur district,281125
punjab,2022,3,district,sangrur district,257511
punjab,2022,4,district,ludhiana district,1655193
punjab,2022,4,district,sas nagar district,987966
punjab,2022,4,district,amritsar district,703719
punjab,2022,4,district,jalandhar district,631196
punjab,2022,4,district,patiala district,595554
punjab,2022,4,district,bathinda district,399645
punjab,2022,4,district,hoshiarpur district,317776
punjab,2022,4,district,fazilka district,312297
punjab,2022,4,district,gurdaspur district,295366
punjab,2022,4,district,sangrur district,267960
punjab,2023,1,district,ludhiana district,1730193
punjab,2023,1,district,sas nagar district,1025619
punjab,2023,1,district,amritsar district,733541
punjab,2023,1,district,jalandhar district,658140
punjab,2023,1,district,patiala district,617835
punjab,2023,1,district,bathinda district,415153
punjab,2023,1,district,hoshiarpur district,332050
punjab,2023,1,district,fazilka district,325216
punjab,2023,1,district,gurdaspur district,309090
punjab,2023,1,district,sangrur district,277791
punjab,2023,2,district,ludhiana district,1802145
punjab,2023,2,district,sas nagar district,1061443
punjab,2023,2,district,amritsar district,762831
punjab,2023,2,district,jalandhar district,685681
punjab,2023,2,district,patiala district,639168
punjab,2023,2,district,bathinda district,429846
punjab,2023,2,district,hoshiarpur district,346307
punjab,2023,2,district,fazilka district,337110
punjab,2023,2,district,gurdaspur district,322783
punjab,2023,2,district,sangrur district,287446
punjab,2023,3,district,ludhiana district,1875984
punjab,2023,3,district,sas nagar district,1098433
punjab,2023,3,district,amritsar district,796881
punjab,2023,3,district,jalandhar district,715417
punjab,2023,3,district,patiala district,662594
punjab,2023,3,district,bathinda district,446848
punjab,2023,3,district,hoshiarpur district,362256
punjab,2023,3,district,fazilka district,349672
punjab,2023,3,district,gurdaspur district,338173
punjab,2023,3,district,sangrur district,298371
punjab,2023,4,district,ludhiana district,1955903
punjab,2023,4,district,sas nagar district,1135274
punjab,2023,4,district,amritsar district,835766
punjab,2023,4,district,jalandhar district,747161
punjab,2023,4,district,patiala district,686793
punjab,2023,4,district,bathinda district,463788
punjab,2023,4,district,hoshiarpur district,379495
punjab,2023,4,district,fazilka district,362048
punjab,2023,4,district,gurdaspur district,355069
punjab,2023,4,district,sangrur district,309726
punjab,2024,1,district,ludhiana district,2053297
punjab,2024,1,district,sas nagar district,1180440
punjab,2024,1,district,amritsar district,880204
punjab,2024,1,district,jalandhar district,786527
punjab,2024,1,district,patiala district,715662
punjab,2024,1,district,bathinda district,484079
punjab,2024,1,district,hoshiarpur district,400685
punjab,2024,1,district,fazilka district,377067
punjab,2024,1,district,gurdaspur district,375540
punjab,2024,1,district,sangrur district,322736
punjab,2024,2,district,ludhiana district,2153019
punjab,2024,2,district,sas nagar district,1228204
punjab,2024,2,district,amritsar district,927846
punjab,2024,2,district,jalandhar district,829168
punjab,2024,2,district,patiala district,747685
punjab,2024,2,district,bathinda district,506021
punjab,2024,2,district,hoshiarpur district,423748
punjab,2024,2,district,gurdaspur district,397295
punjab,2024,2,district,fazilka district,391838
punjab,2024,2,district,sangrur district,337315
punjab,2024,3,district,ludhiana district,2246798
punjab,2024,3,district,sas nagar district,1274946
punjab,2024,3,district,amritsar district,975188
punjab,2024,3,district,jalandhar district,871423
punjab,2024,3,district,patiala district,779705
punjab,2024,3,district,bathinda district,528316
punjab,2024,3,district,hoshiarpur district,446419
punjab,2024,3,district,gurdaspur district,419794
punjab,2024,3,district,fazilka district,406464
punjab,2024,3,district,sangrur district,352725
punjab,2024,4,district,ludhiana district,2320524
punjab,2024,4,district,sas nagar district,1312845
punjab,2024,4,district,amritsar district,1006740
punjab,2024,4,district,jalandhar district,900556
punjab,2024,4,district,patiala district,802999
punjab,2024,4,district,bathinda district,544249
punjab,2024,4,district,hoshiarpur district,461405
punjab,2024,4,district,gurdaspur district,434167
punjab,2024,4,district,fazilka district,418287
punjab,2024,4,district,sangrur district,363051
punjab,2025,1,district,ludhiana district,2398665
punjab,2025,1,district,sas nagar district,1351765
punjab,2025,1,district,amritsar district,1040023
punjab,2025,1,district,jalandhar district,930969
punjab,2025,1,district,patiala district,826686
punjab,2025,1,district,bathinda district,560362
punjab,2025,1,district,hoshiarpur district,477363
punjab,2025,1,district,gurdaspur district,449801
punjab,2025,1,district,fazilka district,430748
punjab,2025,1,district,sangrur district,373878
punjab,2025,2,district,ludhiana district,2473604
punjab,2025,2,district,sas nagar district,1389751
punjab,2025,2,district,amritsar district,1071939
punjab,2025,2,district,jalandhar district,960769
punjab,2025,2,district,patiala district,849873
punjab,2025,2,district,bathinda district,576491
punjab,2025,2,district,hoshiarpur district,492645
punjab,2025,2,district,gurdaspur district,464580
punjab,2025,2,district,fazilka district,443308
punjab,2025,2,district,sangrur district,384339
punjab,2025,3,district,ludhiana district,2551960
punjab,2025,3,district,sas nagar district,1430763
punjab,2025,3,district,amritsar district,1106531
punjab,2025,3,district,jalandhar district,992469
punjab,2025,3,district,patiala district,875872
punjab,2025,3,district,bathinda district,594543
punjab,2025,3,district,hoshiarpur district,509039
punjab,2025,3,district,gurdaspur district,481277
punjab,2025,3,district,fazilka district,457220
punjab,2025,3,district,sangrur district,396039
punjab,2025,4,district,ludhiana district,2635872
punjab,2025,4,district,sas nagar district,1470708
punjab,2025,4,district,amritsar district,1144070
punjab,2025,4,district,jalandhar district,1027249
punjab,2025,4,district,patiala district,901632
punjab,2025,4,district,bathinda district,612246
punjab,2025,4,district,hoshiarpur district,526809
punjab,2025,4,district,gurdaspur district,499594
punjab,2025,4,district,fazilka district,471886
punjab,2025,4,district,sangrur district,408040
punjab,2026,1,district,ludhiana district,2716444
punjab,2026,1,district,sas nagar district,1510688
punjab,2026,1,district,amritsar district,1181022
punjab,2026,1,district,jalandhar district,1061502
punjab,2026,1,district,patiala district,927224
punjab,2026,1,district,bathinda district,630098
punjab,2026,1,district,hoshiarpur district,544909
punjab,2026,1,district,gurdaspur district,517686
punjab,2026,1,district,fazilka district,486126
punjab,2026,1,district,sangrur district,420272
punjab,2026,2,district,ludhiana district,2834380
punjab,2026,2,district,sas nagar district,1555702
punjab,2026,2,district,amritsar district,1219911
punjab,2026,2,district,jalandhar district,1105536
punjab,2026,2,district,patiala district,962685
punjab,2026,2,district,bathinda district,652707
punjab,2026,2,district,hoshiarpur district,566617
punjab,2026,2,district,gurdaspur district,538763
punjab,2026,2,district,fazilka district,502467
punjab,2026,2,district,sangrur district,437953
rajasthan,2018,1,district,jaipur district,848946
rajasthan,2018,1,district,jodhpur district,164745
rajasthan,2018,1,district,sikar district,137213
rajasthan,2018,1,district,kota district,136035
rajasthan,2018,1,district,bhilwara district,109591
rajasthan,2018,1,district,udaipur district,107630
rajasthan,2018,1,district,ajmer district,99979
rajasthan,2018,1,district,sri ganganagar district,95035
rajasthan,2018,1,district,alwar district,93291
rajasthan,2018,1,district,jhunjhunu district,92549
rajasthan,2018,2,district,jaipur district,1117869
rajasthan,2018,2,district,jodhpur district,218163
rajasthan,2018,2,district,sikar district,182830
rajasthan,2018,2,district,kota district,179089
rajasthan,2018,2,district,bhilwara district,146118
rajasthan,2018,2,district,udaipur district,141476
rajasthan,2018,2,district,ajmer district,133483
rajasthan,2018,2,district,alwar district,128380
rajasthan,2018,2,district,sri ganganagar district,127525
rajasthan,2018,2,district,jhunjhunu district,125606
rajasthan,2018,3,district,jaipur district,1360229
rajasthan,2018,3,district,jodhpur district,262486
rajasthan,2018,3,district,sikar district,220118
rajasthan,2018,3,district,kota district,213145
rajasthan,2018,3,district,bhilwara district,178212
rajasthan,2018,3,district,udaipur district,169119
rajasthan,2018,3,district,ajmer district,162170
rajasthan,2018,3,district,alwar district,157905
rajasthan,2018,3,district,sri ganganagar district,153590
rajasthan,2018,3,district,jhunjhunu district,151556
rajasthan,2018,4,district,jaipur district,1650949
rajasthan,2018,4,district,jodhpur district,330790
rajasthan,2018,4,district,sikar district,268887
rajasthan,2018,4,district,kota district,259077
rajasthan,2018,4,district,bhilwara district,217126
rajasthan,2018,4,district,udaipur district,207248
rajasthan,2018,4,district,ajmer district,199117
rajasthan,2018,4,district,alwar district,195387
rajasthan,2018,4,district,sri ganganagar district,191270
rajasthan,2018,4,district,jhunjhunu district,184408
rajasthan,2019,1,district,jaipur district,1966244
rajasthan,2019,1,district,jodhpur district,407584
rajasthan,2019,1,district,sikar district,324604
rajasthan,2019,1,district,kota district,315197
rajasthan,2019,1,district,bhilwara district,265007
rajasthan,2019,1,district,udaipur district,248391
rajasthan,2019,1,district,ajmer district,245198
rajasthan,2019,1,district,alwar district,236345
rajasthan,2019,1,district,sri ganganagar district,229060
rajasthan,2019,1,district,jhunjhunu district,223784
rajasthan,2019,2,district,jaipur district,2194718
rajasthan,2019,2,district,jodhpur district,466169
rajasthan,2019,2,district,sikar district,371675
rajasthan,2019,2,district,kota district,356497
rajasthan,2019,2,district,bhilwara district,300659
rajasthan,2019,2,district,ajmer district,283610
rajasthan,2019,2,district,udaipur district,283312
rajasthan,2019,2,district,alwar district,270156
rajasthan,2019,2,district,bikaner district,259790
rajasthan,2019,2,district,sri ganganagar district,257722
rajasthan,2019,3,district,jaipur district,2424264
rajasthan,2019,3,district,jodhpur district,522136
rajasthan,2019,3,district,sikar district,419509
rajasthan,2019,3,district,kota district,397988
rajasthan,2019,3,district,bhilwara district,339304
rajasthan,2019,3,district,udaipur district,322216
rajasthan,2019,3,district,ajmer district,321590
rajasthan,2019,3,district,alwar district,303153
rajasthan,2019,3,district,bikaner district,294708
rajasthan,2019,3,district,jhunjhunu district,288131
rajasthan,2019,4,district,jaipur district,2644214
rajasthan,2019,4,district,jodhpur district,577924
rajasthan,2019,4,district,sikar district,469451
rajasthan,2019,4,district,kota district,439553
rajasthan,2019,4,district,bhilwara district,378044
rajasthan,2019,4,district,udaipur district,360242
rajasthan,2019,4,district,ajmer district,359792
rajasthan,2019,4,district,alwar district,337213
rajasthan,2019,4,district,bikaner district,330255
rajasthan,2019,4,district,jhunjhunu district,321182
rajasthan,2020,1,district,jaipur district,2859943
rajasthan,2020,1,district,jodhpur district,642710
rajasthan,2020,1,district,sikar district,525530
rajasthan,2020,1,district,kota district,482013
rajasthan,2020,1,district,bhilwara district,423026
rajasthan,2020,1,district,ajmer district,404530
rajasthan,2020,1,district,udaipur district,400164
rajasthan,2020,1,district,bikaner district,374461
rajasthan,2020,1,district,alwar district,374100
rajasthan,2020,1,district,jhunjhunu district,360583
rajasthan,2020,2,district,jaipur district,3073981
rajasthan,2020,2,district,jodhpur district,722252
rajasthan,2020,2,district,sikar district,591535
rajasthan,2020,2,district,kota district,530931
rajasthan,2020,2,district,bhilwara district,471519
rajasthan,2020,2,district,ajmer district,453773
rajasthan,2020,2,district,udaipur district,443744
rajasthan,2020,2,district,bikaner district,426403
rajasthan,2020,2,district,alwar district,414747
rajasthan,2020,2,district,jhunjhunu district,408429
rajasthan,2020,3,district,jaipur district,3318837
rajasthan,2020,3,district,jodhpur district,795701
rajasthan,2020,3,district,sikar district,652332
rajasthan,2020,3,district,kota district,579858
rajasthan,2020,3,district,bhilwara district,522204
rajasthan,2020,3,district,ajmer district,503626
rajasthan,2020,3,district,udaipur district,491234
rajasthan,2020,3,district,bikaner district,474324
rajasthan,2020,3,district,alwar district,456307
rajasthan,2020,3,district,jhunjhunu district,450667
rajasthan,2020,4,district,jaipur district,3550651
rajasthan,2020,4,district,jodhpur district,869817
rajasthan,2020,4,district,sikar district,709949
rajasthan,2020,4,district,kota district,628333
rajasthan,2020,4,district,bhilwara district,568813
rajasthan,2020,4,district,ajmer district,553536
rajasthan,2020,4,district,udaipur district,537201
rajasthan,2020,4,district,bikaner district,522304
rajasthan,2020,4,district,alwar district,494065
rajasthan,2020,4,district,jhunjhunu district,489329
rajasthan,2021,1,district,jaipur district,3789727
rajasthan,2021,1,district,jodhpur district,947093
rajasthan,2021,1,district,sikar district,768250
rajasthan,2021,1,district,kota district,675770
rajasthan,2021,1,district,bhilwara district,619513
rajasthan,2021,1,district,ajmer district,605648
rajasthan,2021,1,district,udaipur district,582280
rajasthan,2021,1,district,bikaner district,573586
rajasthan,2021,1,district,alwar district,533198
rajasthan,2021,1,district,jhunjhunu district,528462
rajasthan,2021,2,district,jaipur district,4016301
rajasthan,2021,2,district,jodhpur district,1022443
rajasthan,2021,2,district,sikar district,825331
rajasthan,2021,2,district,kota district,721684
rajasthan,2021,2,district,bhilwara district,666790
rajasthan,2021,2,district,ajmer district,655741
rajasthan,2021,2,district,bikaner district,623836
rajasthan,2021,2,district,udaipur district,622330
rajasthan,2021,2,district,alwar district,570498
rajasthan,2021,2,district,jhunjhunu district,568628
rajasthan,2021,3,district,jaipur district,4273475
rajasthan,2021,3,district,jodhpur district,1107047
rajasthan,2021,3,district,sikar district,889137
rajasthan,2021,3,district,kota district,773788
rajasthan,2021,3,district,bhilwara district,723800
rajasthan,2021,3,district,ajmer district,712429
rajasthan,2021,3,district,bikaner district,679831
rajasthan,2021,3,district,udaipur district,670480
rajasthan,2021,3,district,alwar district,611834
rajasthan,2021,3,district,jhunjhunu district,611668
rajasthan,2021,4,district,jaipur district,4514104
rajasthan,2021,4,district,jodhpur district,1184438
rajasthan,2021,4,district,sikar district,946886
rajasthan,2021,4,district,kota district,823208
rajasthan,2021,4,district,bhilwara district,772818
rajasthan,2021,4,district,ajmer district,763015
rajasthan,2021,4,district,bikaner district,729736
rajasthan,2021,4,district,udaipur district,715770
rajasthan,2021,4,district,jhunjhunu district,650623
rajasthan,2021,4,district,alwar district,650372
rajasthan,2022,1,district,jaipur district,4747443
rajasthan,2022,1,district,jodhpur district,1262302
rajasthan,2022,1,district,sikar district,1003447
rajasthan,2022,1,district,kota district,869937
rajasthan,2022,1,district,bhilwara district,820863
rajasthan,2022,1,district,ajmer district,813795
rajasthan,2022,1,district,bikaner district,781799
rajasthan,2022,1,district,udaipur district,760160
rajasthan,2022,1,district,jhunjhunu district,689091
rajasthan,2022,1,district,alwar district,688414
rajasthan,2022,2,district,jaipur district,4955477
rajasthan,2022,2,district,jodhpur district,1330434
rajasthan,2022,2,district,sikar district,1054797
rajasthan,2022,2,district,kota district,913661
rajasthan,2022,2,district,bhilwara district,861981
rajasthan,2022,2,district,ajmer district,858077
rajasthan,2022,2,district,bikaner district,828801
rajasthan,2022,2,district,udaipur district,799349
rajasthan,2022,2,district,jhunjhunu district,724518
rajasthan,2022,2,district,alwar district,721739
rajasthan,2022,3,district,jaipur district,5175033
rajasthan,2022,3,district,jodhpur district,1403295
rajasthan,2022,3,district,sikar district,1107651
rajasthan,2022,3,district,kota district,961375
rajasthan,2022,3,district,bhilwara district,907094
rajasthan,2022,3,district,ajmer district,904294
rajasthan,2022,3,district,bikaner district,875881
rajasthan,2022,3,district,udaipur district,841466
rajasthan,2022,3,district,jhunjhunu district,760830
rajasthan,2022,3,district,alwar district,756803
rajasthan,2022,4,district,jaipur district,5382340
rajasthan,2022,4,district,jodhpur district,1471224
rajasthan,2022,4,district,sikar district,1157670
rajasthan,2022,4,district,kota district,1004151
rajasthan,2022,4,district,bhilwara district,947679
rajasthan,2022,4,district,ajmer district,946831
rajasthan,2022,4,district,bikaner district,920326
rajasthan,2022,4,district,udaipur district,881605
rajasthan,2022,4,district,jhunjhunu district,794267
rajasthan,2022,4,district,alwar district,789083
rajasthan,2023,1,district,jaipur district,5570377
rajasthan,2023,1,district,jodhpur district,1536146
rajasthan,2023,1,district,sikar district,1205427
rajasthan,2023,1,district,kota district,1044841
rajasthan,2023,1,district,bhilwara district,986798
rajasthan,2023,1,district,ajmer district,986577
rajasthan,2023,1,district,bikaner district,965131
rajasthan,2023,1,district,udaipur district,919322
rajasthan,2023,1,district,jhunjhunu district,826701
rajasthan,2023,1,district,alwar district,821175
rajasthan,2023,2,district,jaipur district,5755162
rajasthan,2023,2,district,jodhpur district,1598604
rajasthan,2023,2,district,sikar district,1252661
rajasthan,2023,2,district,kota district,1086387
rajasthan,2023,2,district,ajmer district,1024992
rajasthan,2023,2,district,bhilwara district,1023940
rajasthan,2023,2,district,bikaner district,1006921
rajasthan,2023,2,district,udaipur district,955215
rajasthan,2023,2,district,jhunjhunu district,858331
rajasthan,2023,2,district,alwar district,852310
rajasthan,2023,3,district,jaipur district,5948541
rajasthan,2023,3,district,jodhpur district,1663692
rajasthan,2023,3,district,sikar district,1304376
rajasthan,2023,3,district,kota district,1131254
rajasthan,2023,3,district,ajmer district,1065757
rajasthan,2023,3,district,bhilwara district,1064998
rajasthan,2023,3,district,bikaner district,1050962
rajasthan,2023,3,district,udaipur district,996010
rajasthan,2023,3,district,alwar district,894012
rajasthan,2023,3,district,jhunjhunu district,893038
rajasthan,2023,4,district,jaipur district,6118795
rajasthan,2023,4,district,jodhpur district,1724923
rajasthan,2023,4,district,sikar district,1352793
rajasthan,2023,4,district,kota district,1171066
rajasthan,2023,4,district,ajmer district,1103051
rajasthan,2023,4,district,bhilwara district,1103045
rajasthan,2023,4,district,bikaner district,1092680
rajasthan,2023,4,district,udaipur district,1035075
rajasthan,2023,4,district,alwar district,938006
rajasthan,2023,4,district,jhunjhunu district,925147
rajasthan,2024,1,district,jaipur district,6318218
rajasthan,2024,1,district,jodhpur district,1797018
rajasthan,2024,1,district,sikar district,1407547
rajasthan,2024,1,district,kota district,1215687
rajasthan,2024,1,district,bhilwara district,1146598
rajasthan,2024,1,district,ajmer district,1146388
rajasthan,2024,1,district,bikaner district,1144120
rajasthan,2024,1,district,udaipur district,1081686
rajasthan,2024,1,district,alwar district,981963
rajasthan,2024,1,district,jhunjhunu district,961131
rajasthan,2024,2,district,jaipur district,6517663
rajasthan,2024,2,district,jodhpur district,1868737
rajasthan,2024,2,district,sikar district,1461657
rajasthan,2024,2,district,kota district,1262446
rajasthan,2024,2,district,bikaner district,1193400
rajasthan,2024,2,district,ajmer district,1189591
rajasthan,2024,2,district,bhilwara district,1187606
rajasthan,2024,2,district,udaipur district,1128001
rajasthan,2024,2,district,alwar district,1022666
rajasthan,2024,2,district,jhunjhunu district,996317
rajasthan,2024,3,district,jaipur district,6714000
rajasthan,2024,3,district,jodhpur district,1934337
rajasthan,2024,3,district,sikar district,1511124
rajasthan,2024,3,district,kota district,1304349
rajasthan,2024,3,district,bikaner district,1234706
rajasthan,2024,3,district,ajmer district,1229453
rajasthan,2024,3,district,bhilwara district,1225841
rajasthan,2024,3,district,udaipur district,1170679
rajasthan,2024,3,district,alwar district,1060776
rajasthan,2024,3,district,jhunjhunu district,1029429
rajasthan,2024,4,district,jaipur district,6907119
rajasthan,2024,4,district,jodhpur district,1994546
rajasthan,2024,4,district,sikar district,1557426
rajasthan,2024,4,district,kota district,1343139
rajasthan,2024,4,district,bikaner district,1272387
rajasthan,2024,4,district,ajmer district,1266764
rajasthan,2024,4,district,bhilwara district,1260782
rajasthan,2024,4,district,udaipur district,1209131
rajasthan,2024,4,district,alwar district,1091645
rajasthan,2024,4,district,jhunjhunu district,1060439
rajasthan,2025,1,district,jaipur district,7093611
rajasthan,2025,1,district,jodhpur district,2054628
rajasthan,2025,1,district,sikar district,1604758
rajasthan,2025,1,district,kota district,1382859
rajasthan,2025,1,district,bikaner district,1312680
rajasthan,2025,1,district,ajmer district,1304405
rajasthan,2025,1,district,bhilwara district,1296959
rajasthan,2025,1,district,udaipur district,1248084
rajasthan,2025,1,district,alwar district,1124964
rajasthan,2025,1,district,jhunjhunu district,1091858
rajasthan,2025,2,district,jaipur district,7281546
rajasthan,2025,2,district,jodhpur district,2114118
rajasthan,2025,2,district,sikar district,1651939
rajasthan,2025,2,district,kota district,1424377
rajasthan,2025,2,district,bikaner district,1352292
rajasthan,2025,2,district,ajmer district,1340756
rajasthan,2025,2,district,bhilwara district,1332121
rajasthan,2025,2,district,udaipur district,1284288
rajasthan,2025,2,district,alwar district,1156389
rajasthan,2025,2,district,jhunjhunu district,1122797
rajasthan,2025,3,district,jaipur district,7481570
rajasthan,2025,3,district,jodhpur district,2178023
rajasthan,2025,3,district,sikar district,1700805
rajasthan,2025,3,district,kota district,1465795
rajasthan,2025,3,district,bikaner district,1392526
rajasthan,2025,3,district,ajmer district,1379617
rajasthan,2025,3,district,bhilwara district,1371208
rajasthan,2025,3,district,udaipur district,1325176
rajasthan,2025,3,district,alwar district,1190826
rajasthan,2025,3,district,jhunjhunu district,1155135
rajasthan,2025,4,district,jaipur district,7652081
rajasthan,2025,4,district,jodhpur district,2232648
rajasthan,2025,4,district,sikar district,1744088
rajasthan,2025,4,district,kota district,1500577
rajasthan,2025,4,district,bikaner district,1428550
rajasthan,2025,4,district,ajmer district,1414060
rajasthan,2025,4,district,bhilwara district,1405327
rajasthan,2025,4,district,udaipur district,1362145
rajasthan,2025,4,district,alwar district,1224081
rajasthan,2025,4,district,jhunjhunu district,1184250
rajasthan,2026,1,district,jaipur district,7816580
rajasthan,2026,1,district,jodhpur district,2286494
rajasthan,2026,1,district,sikar district,1787384
rajasthan,2026,1,district,kota district,1536548
rajasthan,2026,1,district,bikaner district,1465442
rajasthan,2026,1,district,ajmer district,1446901
rajasthan,2026,1,district,bhilwara district,1438409
rajasthan,2026,1,district,udaipur district,1396831
rajasthan,2026,1,district,alwar district,1257597
rajasthan,2026,1,district,jhunjhunu district,1212949
rajasthan,2026,2,district,jaipur district,7999367
rajasthan,2026,2,district,jodhpur district,2341306
rajasthan,2026,2,district,sikar district,1831450
rajasthan,2026,2,district,kota district,1566004
rajasthan,2026,2,district,bikaner district,1507919
rajasthan,2026,2,district,bhilwara district,1480816
rajasthan,2026,2,district,ajmer district,1477232
rajasthan,2026,2,district,udaipur district,1439898
rajasthan,2026,2,district,alwar district,1286894
rajasthan,2026,2,district,jhunjhunu district,1242437
sikkim,2018,1,district,gangtok district,12013
sikkim,2018,1,district,pakyong district,3538
sikkim,2018,1,district,namchi district,3197
sikkim,2018,1,district,mangan district,1919
sikkim,2018,1,district,gyalshing district,1680
sikkim,2018,1,district,soreng district,985
sikkim,2018,2,district,gangtok district,16365
sikkim,2018,2,district,pakyong district,5056
sikkim,2018,2,district,namchi district,4532
sikkim,2018,2,district,mangan district,2717
sikkim,2018,2,district,gyalshing district,2285
sikkim,2018,2,district,soreng district,1351
sikkim,2018,3,district,gangtok district,20895
sikkim,2018,3,district,pakyong district,6600
sikkim,2018,3,district,namchi district,5984
sikkim,2018,3,district,mangan district,3516
sikkim,2018,3,district,gyalshing district,2943
sikkim,2018,3,district,soreng district,1804
sikkim,2018,4,district,gangtok district,26731
sikkim,2018,4,district,pakyong district,8518
sikkim,2018,4,district,namchi district,7809
sikkim,2018,4,district,mangan district,4536
sikkim,2018,4,district,gyalshing district,3829
sikkim,2018,4,district,soreng district,2376
sikkim,2019,1,district,gangtok district,32006
sikkim,2019,1,district,pakyong district,10285
sikkim,2019,1,district,namchi district,9463
sikkim,2019,1,district,mangan district,5527
sikkim,2019,1,district,gyalshing district,4588
sikkim,2019,1,district,soreng district,2859
sikkim,2019,2,district,gangtok district,37431
sikkim,2019,2,district,pakyong district,12253
sikkim,2019,2,district,namchi district,11482
sikkim,2019,2,district,mangan district,6450
sikkim,2019,2,district,gyalshing district,5424
sikkim,2019,2,district,soreng district,3481
sikkim,2019,3,district,gangtok district,42985
sikkim,2019,3,district,pakyong district,14218
sikkim,2019,3,district,namchi district,13560
sikkim,2019,3,district,mangan district,7384
sikkim,2019,3,district,gyalshing district,6396
sikkim,2019,3,district,soreng district,4177
sikkim,2019,4,district,gangtok district,47931
sikkim,2019,4,district,pakyong district,16187
sikkim,2019,4,district,namchi district,15642
sikkim,2019,4,district,mangan district,8220
sikkim,2019,4,district,gyalshing district,7224
sikkim,2019,4,district,soreng district,4824
sikkim,2020,1,district,gangtok district,53468
sikkim,2020,1,district,pakyong district,18145
sikkim,2020,1,district,namchi district,17990
sikkim,2020,1,district,mangan district,9074
sikkim,2020,1,district,gyalshing district,8141
sikkim,2020,1,district,soreng district,5576
sikkim,2020,2,district,gangtok district,59843
sikkim,2020,2,district,namchi district,21093
sikkim,2020,2,district,pakyong district,20586
sikkim,2020,2,district,mangan district,10223
sikkim,2020,2,district,gyalshing district,9336
sikkim,2020,2,district,soreng district,6566
sikkim,2020,3,district,gangtok district,66884
sikkim,2020,3,district,namchi district,24049
sikkim,2020,3,district,pakyong district,23131
sikkim,2020,3,district,mangan district,11336
sikkim,2020,3,district,gyalshing district,10524
sikkim,2020,3,district,soreng district,7538
sikkim,2020,4,district,gangtok district,73759
sikkim,2020,4,district,namchi district,26616
sikkim,2020,4,district,pakyong district,25385
sikkim,2020,4,district,mangan district,12457
sikkim,2020,4,district,gyalshing district,11551
sikkim,2020,4,district,soreng district,8213
sikkim,2021,1,district,gangtok district,79180
sikkim,2021,1,district,namchi district,28741
sikkim,2021,1,district,pakyong district,27154
sikkim,2021,1,district,mangan district,13354
sikkim,2021,1,district,gyalshing district,12383
sikkim,2021,1,district,soreng district,8896
sikkim,2021,2,district,gangtok district,84558
sikkim,2021,2,district,namchi district,30906
sikkim,2021,2,district,pakyong district,29059
sikkim,2021,2,district,mangan district,14351
sikkim,2021,2,district,gyalshing district,13295
sikkim,2021,2,district,soreng district,9556
sikkim,2021,3,district,gangtok district,90060
sikkim,2021,3,district,namchi district,33159
sikkim,2021,3,district,pakyong district,30923
sikkim,2021,3,district,mangan district,15386
sikkim,2021,3,district,gyalshing district,14221
sikkim,2021,3,district,soreng district,10193
sikkim,2021,4,district,gangtok district,95726
sikkim,2021,4,district,namchi district,35301
sikkim,2021,4,district,pakyong district,32761
sikkim,2021,4,district,mangan district,16432
sikkim,2021,4,district,gyalshing district,15126
sikkim,2021,4,district,soreng district,10892
sikkim,2022,1,district,gangtok district,101072
sikkim,2022,1,district,namchi district,37466
sikkim,2022,1,district,pakyong district,34475
sikkim,2022,1,district,mangan district,17379
sikkim,2022,1,district,gyalshing district,16022
sikkim,2022,1,district,soreng district,11580
sikkim,2022,2,district,gangtok district,106289
sikkim,2022,2,district,namchi district,39641
sikkim,2022,2,district,pakyong district,36188
sikkim,2022,2,district,mangan district,18329
sikkim,2022,2,district,gyalshing district,16968
sikkim,2022,2,district,soreng district,12225
sikkim,2022,3,district,gangtok district,111590
sikkim,2022,3,district,namchi district,41864
sikkim,2022,3,district,pakyong district,37945
sikkim,2022,3,district,mangan district,19297
sikkim,2022,3,district,gyalshing district,18026
sikkim,2022,3,district,soreng district,12898
sikkim,2022,4,district,gangtok district,116352
sikkim,2022,4,district,namchi district,43807
sikkim,2022,4,district,pakyong district,39523
sikkim,2022,4,district,mangan district,20221
sikkim,2022,4,district,gyalshing district,18945
sikkim,2022,4,district,soreng district,13510
sikkim,2023,1,district,gangtok district,121000
sikkim,2023,1,district,namchi district,45656
sikkim,2023,1,district,pakyong district,41022
sikkim,2023,1,district,mangan district,21153
sikkim,2023,1,district,gyalshing district,19749
sikkim,2023,1,district,soreng district,14075
sikkim,2023,2,district,gangtok district,125413
sikkim,2023,2,district,namchi district,47554
sikkim,2023,2,district,pakyong district,42566
sikkim,2023,2,district,mangan district,21900
sikkim,2023,2,district,gyalshing district,20633
sikkim,2023,2,district,soreng district,14702
sikkim,2023,3,district,gangtok district,129580
sikkim,2023,3,district,namchi district,49556
sikkim,2023,3,district,pakyong district,43984
sikkim,2023,3,district,mangan district,22673
sikkim,2023,3,district,gyalshing district,21545
sikkim,2023,3,district,soreng district,15341
sikkim,2023,4,district,gangtok district,133933
sikkim,2023,4,district,namchi district,51607
sikkim,2023,4,district,pakyong district,45300
sikkim,2023,4,district,mangan district,23511
sikkim,2023,4,district,gyalshing district,22457
sikkim,2023,4,district,soreng district,15987
sikkim,2024,1,district,gangtok district,139007
sikkim,2024,1,district,namchi district,53984
sikkim,2024,1,district,pakyong district,47074
sikkim,2024,1,district,mangan district,24485
sikkim,2024,1,district,gyalshing district,23605
sikkim,2024,1,district,soreng district,16760
sikkim,2024,2,district,gangtok district,144709
sikkim,2024,2,district,namchi district,56983
sikkim,2024,2,district,pakyong district,49034
sikkim,2024,2,district,mangan district,25578
sikkim,2024,2,district,gyalshing district,25095
sikkim,2024,2,district,soreng district,17672
sikkim,2024,3,district,gangtok district,151224
sikkim,2024,3,district,namchi district,59787
sikkim,2024,3,district,pakyong district,50928
sikkim,2024,3,district,gyalshing district,26610
sikkim,2024,3,district,mangan district,26569
sikkim,2024,3,district,soreng district,18614
sikkim,2024,4,district,gangtok district,156107
sikkim,2024,4,district,namchi district,61974
sikkim,2024,4,district,pakyong district,52570
sikkim,2024,4,district,gyalshing district,27754
sikkim,2024,4,district,mangan district,27526
sikkim,2024,4,district,soreng district,19392
sikkim,2025,1,district,gangtok district,161168
sikkim,2025,1,district,namchi district,64308
sikkim,2025,1,district,pakyong district,54241
sikkim,2025,1,district,gyalshing district,28922
sikkim,2025,1,district,mangan district,28405
sikkim,2025,1,district,soreng district,20171
sikkim,2025,2,district,gangtok district,166183
sikkim,2025,2,district,namchi district,66648
sikkim,2025,2,district,pakyong district,55777
sikkim,2025,2,district,gyalshing district,30001
sikkim,2025,2,district,mangan district,29279
sikkim,2025,2,district,soreng district,20876
sikkim,2025,3,district,gangtok district,170937
sikkim,2025,3,district,namchi district,68884
sikkim,2025,3,district,pakyong district,57239
sikkim,2025,3,district,gyalshing district,31182
sikkim,2025,3,district,mangan district,30052
sikkim,2025,3,district,soreng district,21620
sikkim,2025,4,district,gangtok district,175516
sikkim,2025,4,district,namchi district,71218
sikkim,2025,4,district,pakyong district,58751
sikkim,2025,4,district,gyalshing district,32297
sikkim,2025,4,district,mangan district,30902
sikkim,2025,4,district,soreng district,22367
sikkim,2026,1,district,gangtok district,180438
sikkim,2026,1,district,namchi district,73533
sikkim,2026,1,district,pakyong district,60280
sikkim,2026,1,district,gyalshing district,33432
sikkim,2026,1,district,mangan district,31743
sikkim,2026,1,district,soreng district,23225
sikkim,2026,2,district,gangtok district,178569
sikkim,2026,2,district,namchi district,76043
sikkim,2026,2,district,pakyong district,61769
sikkim,2026,2,district,gyalshing district,34405
sikkim,2026,2,district,mangan district,32027
sikkim,2026,2,district,soreng district,24290
tamil-nadu,2018,1,district,chennai district,485597
tamil-nadu,2018,1,district,chengalpattu district,211020
tamil-nadu,2018,1,district,coimbatore district,173688
tamil-nadu,2018,1,district,tiruvallur district,118704
tamil-nadu,2018,1,district,salem district,90218
tamil-nadu,2018,1,district,tiruppur district,87071
tamil-nadu,2018,1,district,madurai district,73265
tamil-nadu,2018,1,district,krishnagiri district,71576
tamil-nadu,2018,1,district,tiruchirappalli district,62795
tamil-nadu,2018,1,district,kancheepuram district,59931
tamil-nadu,2018,2,district,chennai district,664653
tamil-nadu,2018,2,district,chengalpattu district,287677
tamil-nadu,2018,2,district,coimbatore district,247930
tamil-nadu,2018,2,district,tiruvallur district,165355
tamil-nadu,2018,2,district,salem district,129894
tamil-nadu,2018,2,district,tiruppur district,126875
tamil-nadu,2018,2,district,madurai district,106873
tamil-nadu,2018,2,district,krishnagiri district,103083
tamil-nadu,2018,2,district,tiruchirappalli district,91301
tamil-nadu,2018,2,district,kancheepuram district,84112
tamil-nadu,2018,3,district,chennai district,839099
tamil-nadu,2018,3,district,chengalpattu district,358105
tamil-nadu,2018,3,district,coimbatore district,320307
tamil-nadu,2018,3,district,tiruvallur district,209777
tamil-nadu,2018,3,district,tiruppur district,167265
tamil-nadu,2018,3,district,salem district,167101
tamil-nadu,2018,3,district,madurai district,137958
tamil-nadu,2018,3,district,krishnagiri district,134584
tamil-nadu,2018,3,district,tiruchirappalli district,118390
tamil-nadu,2018,3,district,kancheepuram district,107401
tamil-nadu,2018,4,district,chennai district,1126379
tamil-nadu,2018,4,district,chengalpattu district,471728
tamil-nadu,2018,4,district,coimbatore district,420049
tamil-nadu,2018,4,district,tiruvallur district,283440
tamil-nadu,2018,4,district,tiruppur district,221689
tamil-nadu,2018,4,district,salem district,219934
tamil-nadu,2018,4,district,madurai district,184008
tamil-nadu,2018,4,district,krishnagiri district,180349
tamil-nadu,2018,4,district,tiruchirappalli district,159231
tamil-nadu,2018,4,district,kancheepuram district,143520
tamil-nadu,2019,1,district,chennai district,1357081
tamil-nadu,2019,1,district,chengalpattu district,566629
tamil-nadu,2019,1,district,coimbatore district,503438
tamil-nadu,2019,1,district,tiruvallur district,346736
tamil-nadu,2019,1,district,tiruppur district,267805
tamil-nadu,2019,1,district,salem district,263388
tamil-nadu,2019,1,district,madurai district,226835
tamil-nadu,2019,1,district,krishnagiri district,221894
tamil-nadu,2019,1,district,tiruchirappalli district,193320
tamil-nadu,2019,1,district,kancheepuram district,175428
tamil-nadu,2019,2,district,chennai district,1582314
tamil-nadu,2019,2,district,chengalpattu district,657642
tamil-nadu,2019,2,district,coimbatore district,594485
tamil-nadu,2019,2,district,tiruvallur district,407237
tamil-nadu,2019,2,district,tiruppur district,315968
tamil-nadu,2019,2,district,salem district,307663
tamil-nadu,2019,2,district,madurai district,269463
tamil-nadu,2019,2,district,krishnagiri district,261755
tamil-nadu,2019,2,district,tiruchirappalli district,228284
tamil-nadu,2019,2,district,kancheepuram district,204815
tamil-nadu,2019,3,district,chennai district,1778623
tamil-nadu,2019,3,district,chengalpattu district,738584
tamil-nadu,2019,3,district,coimbatore district,681902
tamil-nadu,2019,3,district,tiruvallur district,461468
tamil-nadu,2019,3,district,tiruppur district,362522
tamil-nadu,2019,3,district,salem district,349435
tamil-nadu,2019,3,district,madurai district,307530
tamil-nadu,2019,3,district,krishnagiri district,300706
tamil-nadu,2019,3,district,tiruchirappalli district,260959
tamil-nadu,2019,3,district,kancheepuram district,231403
tamil-nadu,2019,4,district,chennai district,1987501
tamil-nadu,2019,4,district,chengalpattu district,827803
tamil-nadu,2019,4,district,coimbatore district,780849
tamil-nadu,2019,4,district,tiruvallur district,523939
tamil-nadu,2019,4,district,tiruppur district,416244
tamil-nadu,2019,4,district,salem district,397145
tamil-nadu,2019,4,district,madurai district,352361
tamil-nadu,2019,4,district,krishnagiri district,345581
tamil-nadu,2019,4,district,tiruchirappalli district,297239
tamil-nadu,2019,4,district,kancheepuram district,262640
tamil-nadu,2020,1,district,chennai district,2192212
tamil-nadu,2020,1,district,chengalpattu district,915215
tamil-nadu,2020,1,district,coimbatore district,883552
tamil-nadu,2020,1,district,tiruvallur district,586283
tamil-nadu,2020,1,district,tiruppur district,475316
tamil-nadu,2020,1,district,salem district,448846
tamil-nadu,2020,1,district,madurai district,403251
tamil-nadu,2020,1,district,krishnagiri district,391217
tamil-nadu,2020,1,district,tiruchirappalli district,337072
tamil-nadu,2020,1,district,kancheepuram district,294307
tamil-nadu,2020,2,district,chennai district,2355896
tamil-nadu,2020,2,district,chengalpattu district,988722
tamil-nadu,2020,2,district,coimbatore district,978145
tamil-nadu,2020,2,district,tiruvallur district,648206
tamil-nadu,2020,2,district,tiruppur district,536853
tamil-nadu,2020,2,district,salem district,506118
tamil-nadu,2020,2,district,madurai district,457233
tamil-nadu,2020,2,district,krishnagiri district,436314
tamil-nadu,2020,2,district,tiruchirappalli district,380221
tamil-nadu,2020,2,district,kancheepuram district,323778
tamil-nadu,2020,3,district,chennai district,2574280
tamil-nadu,2020,3,district,coimbatore district,1100838
tamil-nadu,2020,3,district,chengalpattu district,1082700
tamil-nadu,2020,3,district,tiruvallur district,719877
tamil-nadu,2020,3,district,tiruppur district,609663
tamil-nadu,2020,3,district,salem district,572345
tamil-nadu,2020,3,district,madurai district,517629
tamil-nadu,2020,3,district,krishnagiri district,493241
tamil-nadu,2020,3,district,tiruchirappalli district,429790
tamil-nadu,2020,3,district,erode district,363067
tamil-nadu,2020,4,district,chennai district,2842321
tamil-nadu,2020,4,district,coimbatore district,1238310
tamil-nadu,2020,4,district,chengalpattu district,1196187
tamil-nadu,2020,4,district,tiruvallur district,805861
tamil-nadu,2020,4,district,tiruppur district,693074
tamil-nadu,2020,4,district,salem district,648370
tamil-nadu,2020,4,district,madurai district,583577
tamil-nadu,2020,4,district,krishnagiri district,559084
tamil-nadu,2020,4,district,tiruchirappalli district,484353
tamil-nadu,2020,4,district,erode district,413723
tamil-nadu,2021,1,district,chennai district,3054923
tamil-nadu,2021,1,district,coimbatore district,1343970
tamil-nadu,2021,1,district,chengalpattu district,1287292
tamil-nadu,2021,1,district,tiruvallur district,873959
tamil-nadu,2021,1,district,tiruppur district,759534
tamil-nadu,2021,1,district,salem district,710690
tamil-nadu,2021,1,district,madurai district,634897
tamil-nadu,2021,1,district,krishnagiri district,612857
tamil-nadu,2021,1,district,tiruchirappalli district,527040
tamil-nadu,2021,1,district,erode district,452523
tamil-nadu,2021,2,district,chennai district,3241190
tamil-nadu,2021,2,district,coimbatore district,1441704
tamil-nadu,2021,2,district,chengalpattu district,1368233
tamil-nadu,2021,2,district,tiruvallur district,934914
tamil-nadu,2021,2,district,tiruppur district,822325
tamil-nadu,2021,2,district,salem district,770455
tamil-nadu,2021,2,district,madurai district,684309
tamil-nadu,2021,2,district,krishnagiri district,661382
tamil-nadu,2021,2,district,tiruchirappalli district,568236
tamil-nadu,2021,2,district,erode district,489748
tamil-nadu,2021,3,district,chennai district,3435969
tamil-nadu,2021,3,district,coimbatore district,1544178
tamil-nadu,2021,3,district,chengalpattu district,1453617
tamil-nadu,2021,3,district,tiruvallur district,999711
tamil-nadu,2021,3,district,tiruppur district,889284
tamil-nadu,2021,3,district,salem district,834181
tamil-nadu,2021,3,district,madurai district,735723
tamil-nadu,2021,3,district,krishnagiri district,716976
tamil-nadu,2021,3,district,tiruchirappalli district,610377
tamil-nadu,2021,3,district,erode district,528246
tamil-nadu,2021,4,district,chennai district,3629484
tamil-nadu,2021,4,district,coimbatore district,1647821
tamil-nadu,2021,4,district,chengalpattu district,1538342
tamil-nadu,2021,4,district,tiruvallur district,1064877
tamil-nadu,2021,4,district,tiruppur district,958047
tamil-nadu,2021,4,district,salem district,898542
tamil-nadu,2021,4,district,madurai district,788689
tamil-nadu,2021,4,district,krishnagiri district,770995
tamil-nadu,2021,4,district,tiruchirappalli district,653511
tamil-nadu,2021,4,district,erode district,567826
tamil-nadu,2022,1,district,chennai district,3809192
tamil-nadu,2022,1,district,coimbatore district,1742119
tamil-nadu,2022,1,district,chengalpattu district,1616846
tamil-nadu,2022,1,district,tiruvallur district,1124603
tamil-nadu,2022,1,district,tiruppur district,1021494
tamil-nadu,2022,1,district,salem district,956372
tamil-nadu,2022,1,district,madurai district,837607
tamil-nadu,2022,1,district,krishnagiri district,819471
tamil-nadu,2022,1,district,tiruchirappalli district,692765
tamil-nadu,2022,1,district,erode district,603695
tamil-nadu,2022,2,district,chennai district,3973082
tamil-nadu,2022,2,district,coimbatore district,1831892
tamil-nadu,2022,2,district,chengalpattu district,1689046
tamil-nadu,2022,2,district,tiruvallur district,1179396
tamil-nadu,2022,2,district,tiruppur district,1082121
tamil-nadu,2022,2,district,salem district,1010850
tamil-nadu,2022,2,district,madurai district,882449
tamil-nadu,2022,2,district,krishnagiri district,864828
tamil-nadu,2022,2,district,tiruchirappalli district,728811
tamil-nadu,2022,2,district,erode district,637455
tamil-nadu,2022,3,district,chennai district,4139701
tamil-nadu,2022,3,district,coimbatore district,1924835
tamil-nadu,2022,3,district,chengalpattu district,1763181
tamil-nadu,2022,3,district,tiruvallur district,1236272
tamil-nadu,2022,3,district,tiruppur district,1144064
tamil-nadu,2022,3,district,salem district,1066608
tamil-nadu,2022,3,district,madurai district,928798
tamil-nadu,2022,3,district,krishnagiri district,912049
tamil-nadu,2022,3,district,tiruchirappalli district,766178
tamil-nadu,2022,3,district,erode district,671846
tamil-nadu,2022,4,district,chennai district,4298701
tamil-nadu,2022,4,district,coimbatore district,2014385
tamil-nadu,2022,4,district,chengalpattu district,1834483
tamil-nadu,2022,4,district,tiruvallur district,1292393
tamil-nadu,2022,4,district,tiruppur district,1205896
tamil-nadu,2022,4,district,salem district,1122113
tamil-nadu,2022,4,district,madurai district,974327
tamil-nadu,2022,4,district,krishnagiri district,960843
tamil-nadu,2022,4,district,tiruchirappalli district,803099
tamil-nadu,2022,4,district,erode district,705820
tamil-nadu,2023,1,district,chennai district,4440474
tamil-nadu,2023,1,district,coimbatore district,2092947
tamil-nadu,2023,1,district,chengalpattu district,1897221
tamil-nadu,2023,1,district,tiruvallur district,1342468
tamil-nadu,2023,1,district,tiruppur district,1261333
tamil-nadu,2023,1,district,salem district,1170879
tamil-nadu,2023,1,district,madurai district,1014348
tamil-nadu,2023,1,district,krishnagiri district,1003814
tamil-nadu,2023,1,district,tiruchirappalli district,834795
tamil-nadu,2023,1,district,erode district,735527
tamil-nadu,2023,2,district,chennai district,4570091
tamil-nadu,2023,2,district,coimbatore district,2168539
tamil-nadu,2023,2,district,chengalpattu district,1955815
tamil-nadu,2023,2,district,tiruvallur district,1390138
tamil-nadu,2023,2,district,tiruppur district,1314409
tamil-nadu,2023,2,district,salem district,1217474
tamil-nadu,2023,2,district,madurai district,1051541
tamil-nadu,2023,2,district,krishnagiri district,1046387
tamil-nadu,2023,2,district,tiruchirappalli district,865094
tamil-nadu,2023,2,district,erode district,764229
tamil-nadu,2023,3,district,chennai district,4705391
tamil-nadu,2023,3,district,coimbatore district,2252237
tamil-nadu,2023,3,district,chengalpattu district,2017912
tamil-nadu,2023,3,district,tiruvallur district,1441006
tamil-nadu,2023,3,district,tiruppur district,1374158
tamil-nadu,2023,3,district,salem district,1271724
tamil-nadu,2023,3,district,madurai district,1093126
tamil-nadu,2023,3,district,krishnagiri district,1092701
tamil-nadu,2023,3,district,tiruchirappalli district,900435
tamil-nadu,2023,3,district,erode district,797514
tamil-nadu,2023,4,district,chennai district,4830246
tamil-nadu,2023,4,district,coimbatore district,2334289
tamil-nadu,2023,4,district,chengalpattu district,2074892
tamil-nadu,2023,4,district,tiruvallur district,1489547
tamil-nadu,2023,4,district,tiruppur district,1434725
tamil-nadu,2023,4,district,salem district,1324992
tamil-nadu,2023,4,district,krishnagiri district,1136027
tamil-nadu,2023,4,district,madurai district,1135920
tamil-nadu,2023,4,district,tiruchirappalli district,935632
tamil-nadu,2023,4,district,erode district,831957
tamil-nadu,2024,1,district,chennai district,4963643
tamil-nadu,2024,1,district,coimbatore district,2413785
tamil-nadu,2024,1,district,chengalpattu district,2133076
tamil-nadu,2024,1,district,tiruvallur district,1539137
tamil-nadu,2024,1,district,tiruppur district,1495476
tamil-nadu,2024,1,district,salem district,1372509
tamil-nadu,2024,1,district,krishnagiri district,1178220
tamil-nadu,2024,1,district,madurai district,1176469
tamil-nadu,2024,1,district,tiruchirappalli district,969028
tamil-nadu,2024,1,district,erode district,864152
tamil-nadu,2024,2,district,chennai district,5100439
tamil-nadu,2024,2,district,coimbatore district,2498341
tamil-nadu,2024,2,district,chengalpattu district,2193596
tamil-nadu,2024,2,district,tiruvallur district,1589268
tamil-nadu,2024,2,district,tiruppur district,1557327
tamil-nadu,2024,2,district,salem district,1420288
tamil-nadu,2024,2,district,krishnagiri district,1221545
tamil-nadu,2024,2,district,madurai district,1216459
tamil-nadu,2024,2,district,tiruchirappalli district,1002989
tamil-nadu,2024,2,district,erode district,897236
tamil-nadu,2024,3,district,chennai district,5237454
tamil-nadu,2024,3,district,coimbatore district,2584789
tamil-nadu,2024,3,district,chengalpattu district,2256982
tamil-nadu,2024,3,district,tiruvallur district,1640159
tamil-nadu,2024,3,district,tiruppur district,1619152
tamil-nadu,2024,3,district,salem district,1469338
tamil-nadu,2024,3,district,krishnagiri district,1265396
tamil-nadu,2024,3,district,madurai district,1256815
tamil-nadu,2024,3,district,tiruchirappalli district,1038474
tamil-nadu,2024,3,district,erode district,931366
tamil-nadu,2024,4,district,chennai district,5374242
tamil-nadu,2024,4,district,coimbatore district,2664768
tamil-nadu,2024,4,district,chengalpattu district,2318623
tamil-nadu,2024,4,district,tiruvallur district,1690258
tamil-nadu,2024,4,district,tiruppur district,1676138
tamil-nadu,2024,4,district,salem district,1516597
tamil-nadu,2024,4,district,krishnagiri district,1308774
tamil-nadu,2024,4,district,madurai district,1295155
tamil-nadu,2024,4,district,tiruchirappalli district,1069776
tamil-nadu,2024,4,district,erode district,961840
tamil-nadu,2025,1,district,chennai district,5506198
tamil-nadu,2025,1,district,coimbatore district,2741057
tamil-nadu,2025,1,district,chengalpattu district,2378507
tamil-nadu,2025,1,district,tiruvallur district,1739076
tamil-nadu,2025,1,district,tiruppur district,1732403
tamil-nadu,2025,1,district,salem district,1561078
tamil-nadu,2025,1,district,krishnagiri district,1349832
tamil-nadu,2025,1,district,madurai district,1331518
tamil-nadu,2025,1,district,tiruchirappalli district,1099935
tamil-nadu,2025,1,district,erode district,990764
tamil-nadu,2025,2,district,chennai district,5636078
tamil-nadu,2025,2,district,coimbatore district,2817953
tamil-nadu,2025,2,district,chengalpattu district,2437310
tamil-nadu,2025,2,district,tiruppur district,1786634
tamil-nadu,2025,2,district,tiruvallur district,1786090
tamil-nadu,2025,2,district,salem district,1604556
tamil-nadu,2025,2,district,krishnagiri district,1391268
tamil-nadu,2025,2,district,madurai district,1366579
tamil-nadu,2025,2,district,tiruchirappalli district,1129452
tamil-nadu,2025,2,district,erode district,1018859
tamil-nadu,2025,3,district,chennai district,5763507
tamil-nadu,2025,3,district,coimbatore district,2897168
tamil-nadu,2025,3,district,chengalpattu district,2496737
tamil-nadu,2025,3,district,tiruppur district,1841454
tamil-nadu,2025,3,district,tiruvallur district,1833109
tamil-nadu,2025,3,district,salem district,1651283
tamil-nadu,2025,3,district,krishnagiri district,1431831
tamil-nadu,2025,3,district,madurai district,1403210
tamil-nadu,2025,3,district,tiruchirappalli district,1162641
tamil-nadu,2025,3,district,erode district,1049038
tamil-nadu,2025,4,district,chennai district,5883757
tamil-nadu,2025,4,district,coimbatore district,2972659
tamil-nadu,2025,4,district,chengalpattu district,2551804
tamil-nadu,2025,4,district,tiruppur district,1895676
tamil-nadu,2025,4,district,tiruvallur district,1878876
tamil-nadu,2025,4,district,salem district,1693884
tamil-nadu,2025,4,district,krishnagiri district,1470280
tamil-nadu,2025,4,district,madurai district,1438728
tamil-nadu,2025,4,district,tiruchirappalli district,1193578
tamil-nadu,2025,4,district,erode district,1078351
tamil-nadu,2026,1,district,chennai district,5999453
tamil-nadu,2026,1,district,coimbatore district,3039855
tamil-nadu,2026,1,district,chengalpattu district,2603679
tamil-nadu,2026,1,district,tiruppur district,1944883
tamil-nadu,2026,1,district,tiruvallur district,1920854
tamil-nadu,2026,1,district,salem district,1732144
tamil-nadu,2026,1,district,krishnagiri district,1504682
tamil-nadu,2026,1,district,madurai district,1471158
tamil-nadu,2026,1,district,tiruchirappalli district,1220630
tamil-nadu,2026,1,district,erode district,1104034
tamil-nadu,2026,2,district,chennai district,6215686
tamil-nadu,2026,2,district,coimbatore district,3153601
tamil-nadu,2026,2,district,chengalpattu district,2706058
tamil-nadu,2026,2,district,tiruppur district,2018773
tamil-nadu,2026,2,district,tiruvallur district,1997839
tamil-nadu,2026,2,district,salem district,1763372
tamil-nadu,2026,2,district,krishnagiri district,1558111
tamil-nadu,2026,2,district,madurai district,1497042
tamil-nadu,2026,2,district,tiruchirappalli district,1242623
tamil-nadu,2026,2,district,erode district,1135364
telangana,2018,1,district,rangareddy district,818216
telangana,2018,1,district,medchal malkajgiri district,717914
telangana,2018,1,district,hyderabad district,505456
telangana,2018,1,district,sangareddy district,177655
telangana,2018,1,district,karimnagar district,89841
telangana,2018,1,district,hanumakonda district,85220
telangana,2018,1,district,nalgonda district,78332
telangana,2018,1,district,khammam district,78175
telangana,2018,1,district,nizamabad district,70564
telangana,2018,1,district,warangal district,64401
telangana,2018,2,district,rangareddy district,1027727
telangana,2018,2,district,medchal malkajgiri district,904922
telangana,2018,2,district,hyderabad district,652806
telangana,2018,2,district,sangareddy district,223262
telangana,2018,2,district,karimnagar district,113520
telangana,2018,2,district,hanumakonda district,109321
telangana,2018,2,district,khammam district,103403
telangana,2018,2,district,nalgonda district,102686
telangana,2018,2,district,nizamabad district,92204
telangana,2018,2,district,warangal district,82871
telangana,2018,3,district,rangareddy district,1217079
telangana,2018,3,district,medchal malkajgiri district,1075877
telangana,2018,3,district,hyderabad district,799454
telangana,2018,3,district,sangareddy district,266026
telangana,2018,3,district,karimnagar district,133645
telangana,2018,3,district,hanumakonda district,128761
telangana,2018,3,district,khammam district,124694
telangana,2018,3,district,nalgonda district,123841
telangana,2018,3,district,nizamabad district,110228
telangana,2018,3,district,warangal district,97975
telangana,2018,4,district,rangareddy district,1516930
telangana,2018,4,district,medchal malkajgiri district,1363058
telangana,2018,4,district,hyderabad district,1047869
telangana,2018,4,district,sangareddy district,333722
telangana,2018,4,district,karimnagar district,164663
telangana,2018,4,district,hanumakonda district,160497
telangana,2018,4,district,nalgonda district,156559
telangana,2018,4,district,khammam district,155290
telangana,2018,4,district,nizamabad district,137965
telangana,2018,4,district,warangal district,123544
telangana,2019,1,district,rangareddy district,1810399
telangana,2019,1,district,medchal malkajgiri district,1638960
telangana,2019,1,district,hyderabad district,1285595
telangana,2019,1,district,sangareddy district,403742
telangana,2019,1,district,karimnagar district,197017
telangana,2019,1,district,hanumakonda district,193847
telangana,2019,1,district,nalgonda district,192821
telangana,2019,1,district,khammam district,188611
telangana,2019,1,district,nizamabad district,170472
telangana,2019,1,district,warangal district,149655
telangana,2019,2,district,rangareddy district,2022787
telangana,2019,2,district,medchal malkajgiri district,1832796
telangana,2019,2,district,hyderabad district,1464226
telangana,2019,2,district,sangareddy district,454849
telangana,2019,2,district,karimnagar district,222353
telangana,2019,2,district,nalgonda district,220486
telangana,2019,2,district,hanumakonda district,220267
telangana,2019,2,district,khammam district,217840
telangana,2019,2,district,nizamabad district,198016
telangana,2019,2,district,warangal district,170743
telangana,2019,3,district,rangareddy district,2232180
telangana,2019,3,district,medchal malkajgiri district,2017129
telangana,2019,3,district,hyderabad district,1642185
telangana,2019,3,district,sangareddy district,505112
telangana,2019,3,district,nalgonda district,250000
telangana,2019,3,district,karimnagar district,248198
telangana,2019,3,district,khammam district,246412
telangana,2019,3,district,hanumakonda district,245965
telangana,2019,3,district,nizamabad district,225981
telangana,2019,3,district,warangal district,191450
telangana,2019,4,district,rangareddy district,2440354
telangana,2019,4,district,medchal malkajgiri district,2199806
telangana,2019,4,district,hyderabad district,1820610
telangana,2019,4,district,sangareddy district,557701
telangana,2019,4,district,nalgonda district,283008
telangana,2019,4,district,khammam district,276647
telangana,2019,4,district,karimnagar district,275638
telangana,2019,4,district,hanumakonda district,272421
telangana,2019,4,district,nizamabad district,256899
telangana,2019,4,district,warangal district,212894
telangana,2020,1,district,rangareddy district,2628567
telangana,2020,1,district,medchal malkajgiri district,2364798
telangana,2020,1,district,hyderabad district,1986009
telangana,2020,1,district,sangareddy district,607679
telangana,2020,1,district,nalgonda district,317284
telangana,2020,1,district,khammam district,308654
telangana,2020,1,district,karimnagar district,301350
telangana,2020,1,district,hanumakonda district,296419
telangana,2020,1,district,nizamabad district,288537
telangana,2020,1,district,siddipet district,233791
telangana,2020,2,district,rangareddy district,2797772
telangana,2020,2,district,medchal malkajgiri district,2516677
telangana,2020,2,district,hyderabad district,2131950
telangana,2020,2,district,sangareddy district,658450
telangana,2020,2,district,nalgonda district,353409
telangana,2020,2,district,khammam district,343992
telangana,2020,2,district,karimnagar district,327798
telangana,2020,2,district,nizamabad district,326513
telangana,2020,2,district,hanumakonda district,321889
telangana,2020,2,district,siddipet district,256322
telangana,2020,3,district,rangareddy district,3006078
telangana,2020,3,district,medchal malkajgiri district,2703628
telangana,2020,3,district,hyderabad district,2318660
telangana,2020,3,district,sangareddy district,715204
telangana,2020,3,district,nalgonda district,388900
telangana,2020,3,district,khammam district,380277
telangana,2020,3,district,nizamabad district,364473
telangana,2020,3,district,karimnagar district,355706
telangana,2020,3,district,hanumakonda district,350184
telangana,2020,3,district,siddipet district,279854
telangana,2020,4,district,rangareddy district,3242740
telangana,2020,4,district,medchal malkajgiri district,2915180
telangana,2020,4,district,hyderabad district,2539610
telangana,2020,4,district,sangareddy district,777041
telangana,2020,4,district,nalgonda district,425598
telangana,2020,4,district,khammam district,415918
telangana,2020,4,district,nizamabad district,404392
telangana,2020,4,district,karimnagar district,385011
telangana,2020,4,district,hanumakonda district,379241
telangana,2020,4,district,siddipet district,304473
telangana,2021,1,district,rangareddy district,3470662
telangana,2021,1,district,medchal malkajgiri district,3113089
telangana,2021,1,district,hyderabad district,2735362
telangana,2021,1,district,sangareddy district,836028
telangana,2021,1,district,nalgonda district,460129
telangana,2021,1,district,khammam district,447806
telangana,2021,1,district,nizamabad district,439866
telangana,2021,1,district,karimnagar district,412214
telangana,2021,1,district,hanumakonda district,404815
telangana,2021,1,district,siddipet district,327553
telangana,2021,2,district,rangareddy district,3682243
telangana,2021,2,district,medchal malkajgiri district,3296290
telangana,2021,2,district,hyderabad district,2912468
telangana,2021,2,district,sangareddy district,890397
telangana,2021,2,district,nalgonda district,491210
telangana,2021,2,district,khammam district,477776
telangana,2021,2,district,nizamabad district,473873
telangana,2021,2,district,karimnagar district,438229
telangana,2021,2,district,hanumakonda district,428744
telangana,2021,2,district,siddipet district,349321
telangana,2021,3,district,rangareddy district,3912007
telangana,2021,3,district,medchal malkajgiri district,3491566
telangana,2021,3,district,hyderabad district,3104960
telangana,2021,3,district,sangareddy district,948801
telangana,2021,3,district,nalgonda district,522861
telangana,2021,3,district,nizamabad district,509191
telangana,2021,3,district,khammam district,508418
telangana,2021,3,district,karimnagar district,465139
telangana,2021,3,district,hanumakonda district,454212
telangana,2021,3,district,siddipet district,372159
telangana,2021,4,district,rangareddy district,4139831
telangana,2021,4,district,medchal malkajgiri district,3683839
telangana,2021,4,district,hyderabad district,3298642
telangana,2021,4,district,sangareddy district,1006064
telangana,2021,4,district,nalgonda district,553963
telangana,2021,4,district,nizamabad district,545078
telangana,2021,4,district,khammam district,537757
telangana,2021,4,district,karimnagar district,491447
telangana,2021,4,district,hanumakonda district,478616
telangana,2021,4,district,siddipet district,394274
telangana,2022,1,district,rangareddy district,4352797
telangana,2022,1,district,medchal malkajgiri district,3863220
telangana,2022,1,district,hyderabad district,3479230
telangana,2022,1,district,sangareddy district,1060161
telangana,2022,1,district,nalgonda district,584172
telangana,2022,1,district,nizamabad district,579593
telangana,2022,1,district,khammam district,565991
telangana,2022,1,district,karimnagar district,516844
telangana,2022,1,district,hanumakonda district,501640
telangana,2022,1,district,siddipet district,415637
telangana,2022,2,district,rangareddy district,4548064
telangana,2022,2,district,medchal malkajgiri district,4028724
telangana,2022,2,district,hyderabad district,3642652
telangana,2022,2,district,sangareddy district,1110623
telangana,2022,2,district,nizamabad district,611428
telangana,2022,2,district,nalgonda district,611198
telangana,2022,2,district,khammam district,591672
telangana,2022,2,district,karimnagar district,540081
telangana,2022,2,district,hanumakonda district,522423
telangana,2022,2,district,siddipet district,435144
telangana,2022,3,district,rangareddy district,4748802
telangana,2022,3,district,medchal malkajgiri district,4195744
telangana,2022,3,district,hyderabad district,3811488
telangana,2022,3,district,sangareddy district,1162661
telangana,2022,3,district,nizamabad district,644229
telangana,2022,3,district,nalgonda district,638394
telangana,2022,3,district,khammam district,617283
telangana,2022,3,district,karimnagar district,563424
telangana,2022,3,district,hanumakonda district,543447
telangana,2022,3,district,siddipet district,455147
telangana,2022,4,district,rangareddy district,4944034
telangana,2022,4,district,medchal malkajgiri district,4360779
telangana,2022,4,district,hyderabad district,3979193
telangana,2022,4,district,sangareddy district,1213737
telangana,2022,4,district,nizamabad district,677478
telangana,2022,4,district,nalgonda district,666055
telangana,2022,4,district,khammam district,643179
telangana,2022,4,district,karimnagar district,587660
telangana,2022,4,district,hanumakonda district,564403
telangana,2022,4,district,siddipet district,475474
telangana,2023,1,district,rangareddy district,5112240
telangana,2023,1,district,medchal malkajgiri district,4502626
telangana,2023,1,district,hyderabad district,4124009
telangana,2023,1,district,sangareddy district,1259584
telangana,2023,1,district,nizamabad district,706108
telangana,2023,1,district,nalgonda district,690146
telangana,2023,1,district,khammam district,666134
telangana,2023,1,district,karimnagar district,608139
telangana,2023,1,district,hanumakonda district,582293
telangana,2023,1,district,siddipet district,492762
telangana,2023,2,district,rangareddy district,5267050
telangana,2023,2,district,medchal malkajgiri district,4634087
telangana,2023,2,district,hyderabad district,4253967
telangana,2023,2,district,sangareddy district,1302279
telangana,2023,2,district,nizamabad district,732536
telangana,2023,2,district,nalgonda district,712795
telangana,2023,2,district,khammam district,688107
telangana,2023,2,district,karimnagar district,626886
telangana,2023,2,district,hanumakonda district,599041
telangana,2023,2,district,siddipet district,508894
telangana,2023,3,district,rangareddy district,5418188
telangana,2023,3,district,medchal malkajgiri district,4760220
telangana,2023,3,district,hyderabad district,4385052
telangana,2023,3,district,sangareddy district,1344505
telangana,2023,3,district,nizamabad district,760090
telangana,2023,3,district,nalgonda district,735263
telangana,2023,3,district,khammam district,709904
telangana,2023,3,district,karimnagar district,645501
telangana,2023,3,district,hanumakonda district,615463
telangana,2023,3,district,siddipet district,525108
telangana,2023,4,district,rangareddy district,5559253
telangana,2023,4,district,medchal malkajgiri district,4879740
telangana,2023,4,district,hyderabad district,4515112
telangana,2023,4,district,sangareddy district,1384961
telangana,2023,4,district,nizamabad district,787126
telangana,2023,4,district,nalgonda district,756475
telangana,2023,4,district,khammam district,730451
telangana,2023,4,district,karimnagar district,663043
telangana,2023,4,district,hanumakonda district,630738
telangana,2023,4,district,siddipet district,540238
telangana,2024,1,district,rangareddy district,5717541
telangana,2024,1,district,medchal malkajgiri district,5009012
telangana,2024,1,district,hyderabad district,4657324
telangana,2024,1,district,sangareddy district,1431992
telangana,2024,1,district,nizamabad district,818398
telangana,2024,1,district,nalgonda district,781538
telangana,2024,1,district,khammam district,754868
telangana,2024,1,district,karimnagar district,682105
telangana,2024,1,district,hanumakonda district,647102
telangana,2024,1,district,siddipet district,557863
telangana,2024,2,district,rangareddy district,5871254
telangana,2024,2,district,medchal malkajgiri district,5134918
telangana,2024,2,district,hyderabad district,4783359
telangana,2024,2,district,sangareddy district,1476993
telangana,2024,2,district,nizamabad district,849086
telangana,2024,2,district,nalgonda district,807042
telangana,2024,2,district,khammam district,779215
telangana,2024,2,district,karimnagar district,701258
telangana,2024,2,district,hanumakonda district,663836
telangana,2024,2,district,siddipet district,575547
telangana,2024,3,district,rangareddy district,6025428
telangana,2024,3,district,medchal malkajgiri district,5262276
telangana,2024,3,district,hyderabad district,4915800
telangana,2024,3,district,sangareddy district,1519580
telangana,2024,3,district,nizamabad district,877509
telangana,2024,3,district,nalgonda district,829845
telangana,2024,3,district,khammam district,801910
telangana,2024,3,district,karimnagar district,719666
telangana,2024,3,district,hanumakonda district,680431
telangana,2024,3,district,siddipet district,591897
telangana,2024,4,district,rangareddy district,6201235
telangana,2024,4,district,medchal malkajgiri district,5410752
telangana,2024,4,district,hyderabad district,5062874
telangana,2024,4,district,sangareddy district,1566447
telangana,2024,4,district,nizamabad district,907547
telangana,2024,4,district,nalgonda district,855237
telangana,2024,4,district,khammam district,826793
telangana,2024,4,district,karimnagar district,741045
telangana,2024,4,district,hanumakonda district,700191
telangana,2024,4,district,siddipet district,610118
telangana,2025,1,district,rangareddy district,6364576
telangana,2025,1,district,medchal malkajgiri district,5547430
telangana,2025,1,district,hyderabad district,5195471
telangana,2025,1,district,sangareddy district,1612081
telangana,2025,1,district,nizamabad district,935720
telangana,2025,1,district,nalgonda district,880879
telangana,2025,1,district,khammam district,851179
telangana,2025,1,district,karimnagar district,761110
telangana,2025,1,district,hanumakonda district,718137
telangana,2025,1,district,bhadradri kothagudem district,628114
telangana,2025,2,district,rangareddy district,6529173
telangana,2025,2,district,medchal malkajgiri district,5686450
telangana,2025,2,district,hyderabad district,5329624
telangana,2025,2,district,sangareddy district,1656359
telangana,2025,2,district,nizamabad district,964054
telangana,2025,2,district,nalgonda district,906222
telangana,2025,2,district,khammam district,875367
telangana,2025,2,district,karimnagar district,781208
telangana,2025,2,district,hanumakonda district,736571
telangana,2025,2,district,bhadradri kothagudem district,646207
telangana,2025,3,district,rangareddy district,6670690
telangana,2025,3,district,medchal malkajgiri district,5818034
telangana,2025,3,district,hyderabad district,5455612
telangana,2025,3,district,sangareddy district,1702192
telangana,2025,3,district,nizamabad district,994169
telangana,2025,3,district,nalgonda district,932188
telangana,2025,3,district,khammam district,901730
telangana,2025,3,district,karimnagar district,802008
telangana,2025,3,district,hanumakonda district,757311
telangana,2025,3,district,bhadradri kothagudem district,664661
telangana,2025,4,district,rangareddy district,6815869
telangana,2025,4,district,medchal malkajgiri district,5939316
telangana,2025,4,district,hyderabad district,5572196
telangana,2025,4,district,sangareddy district,1743316
telangana,2025,4,district,nizamabad district,1021386
telangana,2025,4,district,nalgonda district,955494
telangana,2025,4,district,khammam district,923873
telangana,2025,4,district,karimnagar district,820478
telangana,2025,4,district,hanumakonda district,773836
telangana,2025,4,district,bhadradri kothagudem district,682077
telangana,2026,1,district,rangareddy district,6946775
telangana,2026,1,district,medchal malkajgiri district,6048369
telangana,2026,1,district,hyderabad district,5678271
telangana,2026,1,district,sangareddy district,1780493
telangana,2026,1,district,nizamabad district,1045443
telangana,2026,1,district,nalgonda district,976304
telangana,2026,1,district,khammam district,943615
telangana,2026,1,district,karimnagar district,836394
telangana,2026,1,district,hanumakonda district,788126
telangana,2026,1,district,bhadradri kothagudem district,697182
telangana,2026,2,district,rangareddy district,7229570
telangana,2026,2,district,medchal malkajgiri district,6313836
telangana,2026,2,district,hyderabad district,5840094
telangana,2026,2,district,sangareddy district,1849509
telangana,2026,2,district,nizamabad district,1064071
telangana,2026,2,district,nalgonda district,988045
telangana,2026,2,district,khammam district,954846
telangana,2026,2,district,karimnagar district,851085
telangana,2026,2,district,hanumakonda district,801280
telangana,2026,2,district,bhadradri kothagudem district,706875
tripura,2018,1,district,west tripura district,26516
tripura,2018,1,district,south tripura district,5350
tripura,2018,1,district,gomati district,5077
tripura,2018,1,district,north tripura district,4700
tripura,2018,1,district,sepahijala district,4661
tripura,2018,1,district,dhalai district,3606
tripura,2018,1,district,khowai district,3116
tripura,2018,1,district,unakoti district,2882
tripura,2018,2,district,west tripura district,39320
tripura,2018,2,district,south tripura district,8013
tripura,2018,2,district,gomati district,7946
tripura,2018,2,district,north tripura district,7137
tripura,2018,2,district,sepahijala district,7050
tripura,2018,2,district,dhalai district,5714
tripura,2018,2,district,khowai district,4775
tripura,2018,2,district,unakoti district,4438
tripura,2018,3,district,west tripura district,52296
tripura,2018,3,district,south tripura district,11540
tripura,2018,3,district,gomati district,11285
tripura,2018,3,district,sepahijala district,10228
tripura,2018,3,district,north tripura district,9957
tripura,2018,3,district,dhalai district,8044
tripura,2018,3,district,khowai district,6675
tripura,2018,3,district,unakoti district,6315
tripura,2018,4,district,west tripura district,67361
tripura,2018,4,district,south tripura district,15787
tripura,2018,4,district,gomati district,15284
tripura,2018,4,district,sepahijala district,14351
tripura,2018,4,district,north tripura district,13582
tripura,2018,4,district,dhalai district,11129
tripura,2018,4,district,khowai district,9384
tripura,2018,4,district,unakoti district,8529
tripura,2019,1,district,west tripura district,80337
tripura,2019,1,district,south tripura district,19371
tripura,2019,1,district,gomati district,18659
tripura,2019,1,district,sepahijala district,17367
tripura,2019,1,district,north tripura district,16578
tripura,2019,1,district,dhalai district,13570
tripura,2019,1,district,khowai district,11284
tripura,2019,1,district,unakoti district,10318
tripura,2019,2,district,west tripura district,94064
tripura,2019,2,district,south tripura district,23157
tripura,2019,2,district,gomati district,22195
tripura,2019,2,district,sepahijala district,20663
tripura,2019,2,district,north tripura district,20025
tripura,2019,2,district,dhalai district,16307
tripura,2019,2,district,khowai district,13465
tripura,2019,2,district,unakoti district,12502
tripura,2019,3,district,west tripura district,106816
tripura,2019,3,district,south tripura district,26525
tripura,2019,3,district,gomati district,25415
tripura,2019,3,district,sepahijala district,23603
tripura,2019,3,district,north tripura district,23419
tripura,2019,3,district,dhalai district,18908
tripura,2019,3,district,khowai district,15348
tripura,2019,3,district,unakoti district,14566
tripura,2019,4,district,west tripura district,117010
tripura,2019,4,district,south tripura district,29770
tripura,2019,4,district,gomati district,28405
tripura,2019,4,district,north tripura district,26636
tripura,2019,4,district,sepahijala district,26365
tripura,2019,4,district,dhalai district,21439
tripura,2019,4,district,khowai district,17156
tripura,2019,4,district,unakoti district,16626
tripura,2020,1,district,west tripura district,128502
tripura,2020,1,district,south tripura district,33110
tripura,2020,1,district,gomati district,31694
tripura,2020,1,district,north tripura district,29892
tripura,2020,1,district,sepahijala district,29458
tripura,2020,1,district,dhalai district,23900
tripura,2020,1,district,khowai district,19134
tripura,2020,1,district,unakoti district,18912
tripura,2020,2,district,west tripura district,141535
tripura,2020,2,district,south tripura district,36889
tripura,2020,2,district,gomati district,35863
tripura,2020,2,district,north tripura district,34112
tripura,2020,2,district,sepahijala district,33552
tripura,2020,2,district,dhalai district,27182
tripura,2020,2,district,unakoti district,21412
tripura,2020,2,district,khowai district,21394
tripura,2020,3,district,west tripura district,157322
tripura,2020,3,district,south tripura district,41306
tripura,2020,3,district,gomati district,40300
tripura,2020,3,district,north tripura district,38686
tripura,2020,3,district,sepahijala district,38173
tripura,2020,3,district,dhalai district,30821
tripura,2020,3,district,unakoti district,24307
tripura,2020,3,district,khowai district,24152
tripura,2020,4,district,west tripura district,170797
tripura,2020,4,district,south tripura district,44641
tripura,2020,4,district,gomati district,44132
tripura,2020,4,district,north tripura district,42775
tripura,2020,4,district,sepahijala district,41756
tripura,2020,4,district,dhalai district,33841
tripura,2020,4,district,unakoti district,26899
tripura,2020,4,district,khowai district,26312
tripura,2021,1,district,west tripura district,181244
tripura,2021,1,district,south tripura district,47215
tripura,2021,1,district,gomati district,47085
tripura,2021,1,district,north tripura district,45975
tripura,2021,1,district,sepahijala district,44385
tripura,2021,1,district,dhalai district,36218
tripura,2021,1,district,unakoti district,28866
tripura,2021,1,district,khowai district,27888
tripura,2021,2,district,west tripura district,191580
tripura,2021,2,district,gomati district,49837
tripura,2021,2,district,south tripura district,49648
tripura,2021,2,district,north tripura district,49174
tripura,2021,2,district,sepahijala district,46902
tripura,2021,2,district,dhalai district,38569
tripura,2021,2,district,unakoti district,30807
tripura,2021,2,district,khowai district,29409
tripura,2021,3,district,west tripura district,202760
tripura,2021,3,district,gomati district,52801
tripura,2021,3,district,north tripura district,52539
tripura,2021,3,district,south tripura district,52112
tripura,2021,3,district,sepahijala district,49630
tripura,2021,3,district,dhalai district,41095
tripura,2021,3,district,unakoti district,32871
tripura,2021,3,district,khowai district,31082
tripura,2021,4,district,west tripura district,213808
tripura,2021,4,district,north tripura district,56037
tripura,2021,4,district,gomati district,55899
tripura,2021,4,district,south tripura district,54778
tripura,2021,4,district,sepahijala district,52457
tripura,2021,4,district,dhalai district,43675
tripura,2021,4,district,unakoti district,34959
tripura,2021,4,district,khowai district,32784
tripura,2022,1,district,west tripura district,224262
tripura,2022,1,district,north tripura district,59583
tripura,2022,1,district,gomati district,58883
tripura,2022,1,district,south tripura district,57430
tripura,2022,1,district,sepahijala district,55276
tripura,2022,1,district,dhalai district,46198
tripura,2022,1,district,unakoti district,36981
tripura,2022,1,district,khowai district,34461
tripura,2022,2,district,west tripura district,235200
tripura,2022,2,district,north tripura district,63373
tripura,2022,2,district,gomati district,62088
tripura,2022,2,district,south tripura district,60124
tripura,2022,2,district,sepahijala district,58219
tripura,2022,2,district,dhalai district,48865
tripura,2022,2,district,unakoti district,39142
tripura,2022,2,district,khowai district,36249
tripura,2022,3,district,west tripura district,246989
tripura,2022,3,district,north tripura district,67778
tripura,2022,3,district,gomati district,65582
tripura,2022,3,district,south tripura district,63224
tripura,2022,3,district,sepahijala district,61453
tripura,2022,3,district,dhalai district,51966
tripura,2022,3,district,unakoti district,41609
tripura,2022,3,district,khowai district,38125
tripura,2022,4,district,west tripura district,257879
tripura,2022,4,district,north tripura district,72043
tripura,2022,4,district,gomati district,68927
tripura,2022,4,district,south tripura district,66251
tripura,2022,4,district,sepahijala district,64609
tripura,2022,4,district,dhalai district,54999
tripura,2022,4,district,unakoti district,43979
tripura,2022,4,district,khowai district,39980
tripura,2023,1,district,west tripura district,268590
tripura,2023,1,district,north tripura district,76276
tripura,2023,1,district,gomati district,71929
tripura,2023,1,district,south tripura district,69135
tripura,2023,1,district,sepahijala district,67545
tripura,2023,1,district,dhalai district,57938
tripura,2023,1,district,unakoti district,46248
tripura,2023,1,district,khowai district,41634
tripura,2023,2,district,west tripura district,279317
tripura,2023,2,district,north tripura district,80671
tripura,2023,2,district,gomati district,75208
tripura,2023,2,district,south tripura district,72317
tripura,2023,2,district,sepahijala district,70544
tripura,2023,2,district,dhalai district,61057
tripura,2023,2,district,unakoti district,48816
tripura,2023,2,district,khowai district,43689
tripura,2023,3,district,west tripura district,291102
tripura,2023,3,district,north tripura district,85454
tripura,2023,3,district,gomati district,78957
tripura,2023,3,district,south tripura district,75756
tripura,2023,3,district,sepahijala district,74179
tripura,2023,3,district,dhalai district,64823
tripura,2023,3,district,unakoti district,51651
tripura,2023,3,district,khowai district,46223
tripura,2023,4,district,west tripura district,303906
tripura,2023,4,district,north tripura district,90698
tripura,2023,4,district,gomati district,83387
tripura,2023,4,district,south tripura district,79499
tripura,2023,4,district,sepahijala district,78333
tripura,2023,4,district,dhalai district,69093
tripura,2023,4,district,unakoti district,55045
tripura,2023,4,district,khowai district,49123
tripura,2024,1,district,west tripura district,319079
tripura,2024,1,district,north tripura district,96928
tripura,2024,1,district,gomati district,88676
tripura,2024,1,district,south tripura district,84340
tripura,2024,1,district,sepahijala district,83480
tripura,2024,1,district,dhalai district,74100
tripura,2024,1,district,unakoti district,58899
tripura,2024,1,district,khowai district,52584
tripura,2024,2,district,west tripura district,335556
tripura,2024,2,district,north tripura district,103273
tripura,2024,2,district,gomati district,94423
tripura,2024,2,district,south tripura district,89105
tripura,2024,2,district,sepahijala district,88979
tripura,2024,2,district,dhalai district,79554
tripura,2024,2,district,unakoti district,62962
tripura,2024,2,district,khowai district,56298
tripura,2024,3,district,west tripura district,351212
tripura,2024,3,district,north tripura district,109146
tripura,2024,3,district,gomati district,99509
tripura,2024,3,district,sepahijala district,93760
tripura,2024,3,district,south tripura district,93540
tripura,2024,3,district,dhalai district,84883
tripura,2024,3,district,unakoti district,66900
tripura,2024,3,district,khowai district,59768
tripura,2024,4,district,west tripura district,363184
tripura,2024,4,district,north tripura district,113588
tripura,2024,4,district,gomati district,103351
tripura,2024,4,district,sepahijala district,97579
tripura,2024,4,district,south tripura district,97023
tripura,2024,4,district,dhalai district,88710
tripura,2024,4,district,unakoti district,69764
tripura,2024,4,district,khowai district,62121
tripura,2025,1,district,west tripura district,375038
tripura,2025,1,district,north tripura district,118442
tripura,2025,1,district,gomati district,107036
tripura,2025,1,district,sepahijala district,101273
tripura,2025,1,district,south tripura district,100690
tripura,2025,1,district,dhalai district,92614
tripura,2025,1,district,unakoti district,72717
tripura,2025,1,district,khowai district,64543
tripura,2025,2,district,west tripura district,386868
tripura,2025,2,district,north tripura district,122880
tripura,2025,2,district,gomati district,111089
tripura,2025,2,district,sepahijala district,104882
tripura,2025,2,district,south tripura district,104392
tripura,2025,2,district,dhalai district,96374
tripura,2025,2,district,unakoti district,75612
tripura,2025,2,district,khowai district,66946
tripura,2025,3,district,west tripura district,399495
tripura,2025,3,district,north tripura district,127762
tripura,2025,3,district,gomati district,115428
tripura,2025,3,district,sepahijala district,108777
tripura,2025,3,district,south tripura district,108481
tripura,2025,3,district,dhalai district,100513
tripura,2025,3,district,unakoti district,79045
tripura,2025,3,district,khowai district,69798
tripura,2025,4,district,west tripura district,412133
tripura,2025,4,district,north tripura district,132750
tripura,2025,4,district,gomati district,120141
tripura,2025,4,district,sepahijala district,112979
tripura,2025,4,district,south tripura district,112704
tripura,2025,4,district,dhalai district,105421
tripura,2025,4,district,unakoti district,82779
tripura,2025,4,district,khowai district,72968
tripura,2026,1,district,west tripura district,424584
tripura,2026,1,district,north tripura district,137225
tripura,2026,1,district,gomati district,124719
tripura,2026,1,district,sepahijala district,117037
tripura,2026,1,district,south tripura district,116559
tripura,2026,1,district,dhalai district,109826
tripura,2026,1,district,unakoti district,85945
tripura,2026,1,district,khowai district,76012
tripura,2026,2,district,west tripura district,442037
tripura,2026,2,district,north tripura district,142104
tripura,2026,2,district,gomati district,129970
tripura,2026,2,district,sepahijala district,121938
tripura,2026,2,district,south tripura district,120944
tripura,2026,2,district,dhalai district,115534
tripura,2026,2,district,unakoti district,89899
tripura,2026,2,district,khowai district,79657
uttar-pradesh,2018,1,district,gautambuddha nagar district,530855
uttar-pradesh,2018,1,district,lucknow district,370039
uttar-pradesh,2018,1,district,ghaziabad district,336383
uttar-pradesh,2018,1,district,varanasi district,201764
uttar-pradesh,2018,1,district,prayagraj district,190176
uttar-pradesh,2018,1,district,kanpur nagar district,185905
uttar-pradesh,2018,1,district,agra district,150202
uttar-pradesh,2018,1,district,gorakhpur district,134758
uttar-pradesh,2018,1,district,meerut district,123944
uttar-pradesh,2018,1,district,bareilly district,115918
uttar-pradesh,2018,2,district,gautambuddha nagar district,690276
uttar-pradesh,2018,2,district,lucknow district,496110
uttar-pradesh,2018,2,district,ghaziabad district,442183
uttar-pradesh,2018,2,district,varanasi district,281447
uttar-pradesh,2018,2,district,prayagraj district,260406
uttar-pradesh,2018,2,district,kanpur nagar district,256493
uttar-pradesh,2018,2,district,agra district,208397
uttar-pradesh,2018,2,district,gorakhpur district,184666
uttar-pradesh,2018,2,district,meerut district,168111
uttar-pradesh,2018,2,district,bareilly district,158858
uttar-pradesh,2018,3,district,gautambuddha nagar district,845644
uttar-pradesh,2018,3,district,lucknow district,611406
uttar-pradesh,2018,3,district,ghaziabad district,546823
uttar-pradesh,2018,3,district,varanasi district,346286
uttar-pradesh,2018,3,district,prayagraj district,322194
uttar-pradesh,2018,3,district,kanpur nagar district,317987
uttar-pradesh,2018,3,district,agra district,260326
uttar-pradesh,2018,3,district,gorakhpur district,228512
uttar-pradesh,2018,3,district,meerut district,207412
uttar-pradesh,2018,3,district,bareilly district,193822
uttar-pradesh,2018,4,district,gautambuddha nagar district,1092872
uttar-pradesh,2018,4,district,lucknow district,761148
uttar-pradesh,2018,4,district,ghaziabad district,724756
uttar-pradesh,2018,4,district,varanasi district,440697
uttar-pradesh,2018,4,district,prayagraj district,407981
uttar-pradesh,2018,4,district,kanpur nagar district,401756
uttar-pradesh,2018,4,district,agra district,327908
uttar-pradesh,2018,4,district,gorakhpur district,288183
uttar-pradesh,2018,4,district,meerut district,262043
uttar-pradesh,2018,4,district,bareilly district,242538
uttar-pradesh,2019,1,district,gautambuddha nagar district,1308571
uttar-pradesh,2019,1,district,lucknow district,900676
uttar-pradesh,2019,1,district,ghaziabad district,876132
uttar-pradesh,2019,1,district,varanasi district,522094
uttar-pradesh,2019,1,district,prayagraj district,487225
uttar-pradesh,2019,1,district,kanpur nagar district,478954
uttar-pradesh,2019,1,district,agra district,401649
uttar-pradesh,2019,1,district,gorakhpur district,347229
uttar-pradesh,2019,1,district,meerut district,317450
uttar-pradesh,2019,1,district,bareilly district,292590
uttar-pradesh,2019,2,district,gautambuddha nagar district,1469732
uttar-pradesh,2019,2,district,lucknow district,1024966
uttar-pradesh,2019,2,district,ghaziabad district,996783
uttar-pradesh,2019,2,district,varanasi district,587045
uttar-pradesh,2019,2,district,prayagraj district,557917
uttar-pradesh,2019,2,district,kanpur nagar district,552635
uttar-pradesh,2019,2,district,agra district,472848
uttar-pradesh,2019,2,district,gorakhpur district,399670
uttar-pradesh,2019,2,district,meerut district,368219
uttar-pradesh,2019,2,district,bareilly district,333372
uttar-pradesh,2019,3,district,gautambuddha nagar district,1624821
uttar-pradesh,2019,3,district,lucknow district,1145298
uttar-pradesh,2019,3,district,ghaziabad district,1113785
uttar-pradesh,2019,3,district,varanasi district,648791
uttar-pradesh,2019,3,district,prayagraj district,625215
uttar-pradesh,2019,3,district,kanpur nagar district,622786
uttar-pradesh,2019,3,district,agra district,543282
uttar-pradesh,2019,3,district,gorakhpur district,448202
uttar-pradesh,2019,3,district,meerut district,417739
uttar-pradesh,2019,3,district,bareilly district,373367
uttar-pradesh,2019,4,district,gautambuddha nagar district,1765401
uttar-pradesh,2019,4,district,lucknow district,1249485
uttar-pradesh,2019,4,district,ghaziabad district,1217962
uttar-pradesh,2019,4,district,varanasi district,718498
uttar-pradesh,2019,4,district,prayagraj district,697270
uttar-pradesh,2019,4,district,kanpur nagar district,685346
uttar-pradesh,2019,4,district,agra district,607000
uttar-pradesh,2019,4,district,gorakhpur district,499026
uttar-pradesh,2019,4,district,meerut district,464900
uttar-pradesh,2019,4,district,bareilly district,416714
uttar-pradesh,2020,1,district,gautambuddha nagar district,1902376
uttar-pradesh,2020,1,district,lucknow district,1364976
uttar-pradesh,2020,1,district,ghaziabad district,1326507
uttar-pradesh,2020,1,district,varanasi district,792110
uttar-pradesh,2020,1,district,prayagraj district,777976
uttar-pradesh,2020,1,district,kanpur nagar district,755363
uttar-pradesh,2020,1,district,agra district,682341
uttar-pradesh,2020,1,district,gorakhpur district,555874
uttar-pradesh,2020,1,district,meerut district,519695
uttar-pradesh,2020,1,district,bareilly district,471772
uttar-pradesh,2020,2,district,gautambuddha nagar district,2023693
uttar-pradesh,2020,2,district,lucknow district,1480875
uttar-pradesh,2020,2,district,ghaziabad district,1433124
uttar-pradesh,2020,2,district,varanasi district,868961
uttar-pradesh,2020,2,district,prayagraj district,856252
uttar-pradesh,2020,2,district,kanpur nagar district,832505
uttar-pradesh,2020,2,district,agra district,762477
uttar-pradesh,2020,2,district,gorakhpur district,617731
uttar-pradesh,2020,2,district,meerut district,578104
uttar-pradesh,2020,2,district,bareilly district,526402
uttar-pradesh,2020,3,district,gautambuddha nagar district,2171092
uttar-pradesh,2020,3,district,lucknow district,1607450
uttar-pradesh,2020,3,district,ghaziabad district,1551677
uttar-pradesh,2020,3,district,varanasi district,946683
uttar-pradesh,2020,3,district,prayagraj district,939582
uttar-pradesh,2020,3,district,kanpur nagar district,908106
uttar-pradesh,2020,3,district,agra district,840748
uttar-pradesh,2020,3,district,gorakhpur district,678741
uttar-pradesh,2020,3,district,meerut district,637001
uttar-pradesh,2020,3,district,bareilly district,579884
uttar-pradesh,2020,4,district,gautambuddha nagar district,2333539
uttar-pradesh,2020,4,district,lucknow district,1744136
uttar-pradesh,2020,4,district,ghaziabad district,1677218
uttar-pradesh,2020,4,district,prayagraj district,1025803
uttar-pradesh,2020,4,district,varanasi district,1024063
uttar-pradesh,2020,4,district,kanpur nagar district,986006
uttar-pradesh,2020,4,district,agra district,918721
uttar-pradesh,2020,4,district,gorakhpur district,740602
uttar-pradesh,2020,4,district,meerut district,699593
uttar-pradesh,2020,4,district,bareilly district,633775
uttar-pradesh,2021,1,district,gautambuddha nagar district,2492644
uttar-pradesh,2021,1,district,lucknow district,1869561
uttar-pradesh,2021,1,district,ghaziabad district,1794379
uttar-pradesh,2021,1,district,prayagraj district,1107549
uttar-pradesh,2021,1,district,varanasi district,1093438
uttar-pradesh,2021,1,district,kanpur nagar district,1056801
uttar-pradesh,2021,1,district,agra district,994728
uttar-pradesh,2021,1,district,gorakhpur district,799837
uttar-pradesh,2021,1,district,meerut district,758266
uttar-pradesh,2021,1,district,bareilly district,689505
uttar-pradesh,2021,2,district,gautambuddha nagar district,2639113
uttar-pradesh,2021,2,district,lucknow district,1983475
uttar-pradesh,2021,2,district,ghaziabad district,1900709
uttar-pradesh,2021,2,district,prayagraj district,1181084
uttar-pradesh,2021,2,district,varanasi district,1157456
uttar-pradesh,2021,2,district,kanpur nagar district,1123625
uttar-pradesh,2021,2,district,agra district,1066234
uttar-pradesh,2021,2,district,gorakhpur district,855513
uttar-pradesh,2021,2,district,meerut district,812688
uttar-pradesh,2021,2,district,bareilly district,740596
uttar-pradesh,2021,3,district,gautambuddha nagar district,2804456
uttar-pradesh,2021,3,district,lucknow district,2117756
uttar-pradesh,2021,3,district,ghaziabad district,2019308
uttar-pradesh,2021,3,district,prayagraj district,1269222
uttar-pradesh,2021,3,district,varanasi district,1232254
uttar-pradesh,2021,3,district,kanpur nagar district,1199588
uttar-pradesh,2021,3,district,agra district,1149330
uttar-pradesh,2021,3,district,gorakhpur district,923412
uttar-pradesh,2021,3,district,meerut district,875804
uttar-pradesh,2021,3,district,bareilly district,800002
uttar-pradesh,2021,4,district,gautambuddha nagar district,2974732
uttar-pradesh,2021,4,district,lucknow district,2255886
uttar-pradesh,2021,4,district,ghaziabad district,2143395
uttar-pradesh,2021,4,district,prayagraj district,1361122
uttar-pradesh,2021,4,district,varanasi district,1309523
uttar-pradesh,2021,4,district,kanpur nagar district,1277498
uttar-pradesh,2021,4,district,agra district,1234533
uttar-pradesh,2021,4,district,gorakhpur district,993098
uttar-pradesh,2021,4,district,meerut district,943128
uttar-pradesh,2021,4,district,bareilly district,862858
uttar-pradesh,2022,1,district,gautambuddha nagar district,3143668
uttar-pradesh,2022,1,district,lucknow district,2393042
uttar-pradesh,2022,1,district,ghaziabad district,2267111
uttar-pradesh,2022,1,district,prayagraj district,1452434
uttar-pradesh,2022,1,district,varanasi district,1387248
uttar-pradesh,2022,1,district,kanpur nagar district,1356938
uttar-pradesh,2022,1,district,agra district,1323736
uttar-pradesh,2022,1,district,gorakhpur district,1063379
uttar-pradesh,2022,1,district,meerut district,1011753
uttar-pradesh,2022,1,district,bareilly district,931565
uttar-pradesh,2022,2,district,gautambuddha nagar district,3298215
uttar-pradesh,2022,2,district,lucknow district,2515266
uttar-pradesh,2022,2,district,ghaziabad district,2375309
uttar-pradesh,2022,2,district,prayagraj district,1534912
uttar-pradesh,2022,2,district,varanasi district,1456906
uttar-pradesh,2022,2,district,kanpur nagar district,1427410
uttar-pradesh,2022,2,district,agra district,1403674
uttar-pradesh,2022,2,district,gorakhpur district,1128651
uttar-pradesh,2022,2,district,meerut district,1072864
uttar-pradesh,2022,2,district,bareilly district,989730
uttar-pradesh,2022,3,district,gautambuddha nagar district,3462357
uttar-pradesh,2022,3,district,lucknow district,2646800
uttar-pradesh,2022,3,district,ghaziabad district,2488163
uttar-pradesh,2022,3,district,prayagraj district,1624066
uttar-pradesh,2022,3,district,varanasi district,1531149
uttar-pradesh,2022,3,district,kanpur nagar district,1502413
uttar-pradesh,2022,3,district,agra district,1489977
uttar-pradesh,2022,3,district,gorakhpur district,1199360
uttar-pradesh,2022,3,district,meerut district,1137766
uttar-pradesh,2022,3,district,bareilly district,1054163
uttar-pradesh,2022,4,district,gautambuddha nagar district,3616465
uttar-pradesh,2022,4,district,lucknow district,2771118
uttar-pradesh,2022,4,district,ghaziabad district,2599108
uttar-pradesh,2022,4,district,prayagraj district,1710750
uttar-pradesh,2022,4,district,varanasi district,1602315
uttar-pradesh,2022,4,district,kanpur nagar district,1574524
uttar-pradesh,2022,4,district,agra district,1572391
uttar-pradesh,2022,4,district,gorakhpur district,1269311
uttar-pradesh,2022,4,district,meerut district,1201486
uttar-pradesh,2022,4,district,bareilly district,1118777
uttar-pradesh,2023,1,district,gautambuddha nagar district,3761410
uttar-pradesh,2023,1,district,lucknow district,2887465
uttar-pradesh,2023,1,district,ghaziabad district,2704970
uttar-pradesh,2023,1,district,prayagraj district,1795111
uttar-pradesh,2023,1,district,varanasi district,1669642
uttar-pradesh,2023,1,district,agra district,1650245
uttar-pradesh,2023,1,district,kanpur nagar district,1644830
uttar-pradesh,2023,1,district,gorakhpur district,1337216
uttar-pradesh,2023,1,district,meerut district,1262337
uttar-pradesh,2023,1,district,bareilly district,1184944
uttar-pradesh,2023,2,district,gautambuddha nagar district,3893883
uttar-pradesh,2023,2,district,lucknow district,2995803
uttar-pradesh,2023,2,district,ghaziabad district,2800055
uttar-pradesh,2023,2,district,prayagraj district,1873758
uttar-pradesh,2023,2,district,varanasi district,1731168
uttar-pradesh,2023,2,district,agra district,1724404
uttar-pradesh,2023,2,district,kanpur nagar district,1710899
uttar-pradesh,2023,2,district,gorakhpur district,1400845
uttar-pradesh,2023,2,district,meerut district,1316143
uttar-pradesh,2023,2,district,bareilly district,1241084
uttar-pradesh,2023,3,district,gautambuddha nagar district,4026164
uttar-pradesh,2023,3,district,lucknow district,3111742
uttar-pradesh,2023,3,district,ghaziabad district,2897488
uttar-pradesh,2023,3,district,prayagraj district,1957922
uttar-pradesh,2023,3,district,agra district,1802112
uttar-pradesh,2023,3,district,varanasi district,1796498
uttar-pradesh,2023,3,district,kanpur nagar district,1780364
uttar-pradesh,2023,3,district,gorakhpur district,1467802
uttar-pradesh,2023,3,district,meerut district,1374769
uttar-pradesh,2023,3,district,bareilly district,1303972
uttar-pradesh,2023,4,district,gautambuddha nagar district,4157682
uttar-pradesh,2023,4,district,lucknow district,3229086
uttar-pradesh,2023,4,district,ghaziabad district,2999717
uttar-pradesh,2023,4,district,prayagraj district,2047641
uttar-pradesh,2023,4,district,agra district,1885822
uttar-pradesh,2023,4,district,varanasi district,1862333
uttar-pradesh,2023,4,district,kanpur nagar district,1851316
uttar-pradesh,2023,4,district,gorakhpur district,1539201
uttar-pradesh,2023,4,district,meerut district,1436176
uttar-pradesh,2023,4,district,bareilly district,1376148
uttar-pradesh,2024,1,district,gautambuddha nagar district,4317517
uttar-pradesh,2024,1,district,lucknow district,3365550
uttar-pradesh,2024,1,district,ghaziabad district,3122140
uttar-pradesh,2024,1,district,prayagraj district,2151135
uttar-pradesh,2024,1,district,agra district,1980929
uttar-pradesh,2024,1,district,varanasi district,1940623
uttar-pradesh,2024,1,district,kanpur nagar district,1937074
uttar-pradesh,2024,1,district,gorakhpur district,1624106
uttar-pradesh,2024,1,district,meerut district,1503893
uttar-pradesh,2024,1,district,bareilly district,1451924
uttar-pradesh,2024,2,district,gautambuddha nagar district,4474264
uttar-pradesh,2024,2,district,lucknow district,3496970
uttar-pradesh,2024,2,district,ghaziabad district,3237352
uttar-pradesh,2024,2,district,prayagraj district,2249371
uttar-pradesh,2024,2,district,agra district,2070952
uttar-pradesh,2024,2,district,kanpur nagar district,2021140
uttar-pradesh,2024,2,district,varanasi district,2016611
uttar-pradesh,2024,2,district,gorakhpur district,1706956
uttar-pradesh,2024,2,district,meerut district,1568098
uttar-pradesh,2024,2,district,bareilly district,1521352
uttar-pradesh,2024,3,district,gautambuddha nagar district,4627560
uttar-pradesh,2024,3,district,lucknow district,3630725
uttar-pradesh,2024,3,district,ghaziabad district,3350126
uttar-pradesh,2024,3,district,prayagraj district,2342348
uttar-pradesh,2024,3,district,agra district,2155451
uttar-pradesh,2024,3,district,kanpur nagar district,2101531
uttar-pradesh,2024,3,district,varanasi district,2090070
uttar-pradesh,2024,3,district,gorakhpur district,1783160
uttar-pradesh,2024,3,district,meerut district,1631429
uttar-pradesh,2024,3,district,bareilly district,1587343
uttar-pradesh,2024,4,district,gautambuddha nagar district,4773304
uttar-pradesh,2024,4,district,lucknow district,3749408
uttar-pradesh,2024,4,district,ghaziabad district,3455299
uttar-pradesh,2024,4,district,prayagraj district,2428484
uttar-pradesh,2024,4,district,agra district,2232395
uttar-pradesh,2024,4,district,kanpur nagar district,2173100
uttar-pradesh,2024,4,district,varanasi district,2159011
uttar-pradesh,2024,4,district,gorakhpur district,1852701
uttar-pradesh,2024,4,district,meerut district,1690119
uttar-pradesh,2024,4,district,bareilly district,1649859
uttar-pradesh,2025,1,district,gautambuddha nagar district,4916589
uttar-pradesh,2025,1,district,lucknow district,3867919
uttar-pradesh,2025,1,district,ghaziabad district,3558501
uttar-pradesh,2025,1,district,prayagraj district,2516002
uttar-pradesh,2025,1,district,agra district,2309477
uttar-pradesh,2025,1,district,kanpur nagar district,2244975
uttar-pradesh,2025,1,district,varanasi district,2229828
uttar-pradesh,2025,1,district,gorakhpur district,1924899
uttar-pradesh,2025,1,district,meerut district,1747274
uttar-pradesh,2025,1,district,bareilly district,1713927
uttar-pradesh,2025,2,district,gautambuddha nagar district,5056377
uttar-pradesh,2025,2,district,lucknow district,3982117
uttar-pradesh,2025,2,district,ghaziabad district,3657327
uttar-pradesh,2025,2,district,prayagraj district,2597630
uttar-pradesh,2025,2,district,agra district,2383106
uttar-pradesh,2025,2,district,kanpur nagar district,2314232
uttar-pradesh,2025,2,district,varanasi district,2298410
uttar-pradesh,2025,2,district,gorakhpur district,1991890
uttar-pradesh,2025,2,district,meerut district,1801431
uttar-pradesh,2025,2,district,bareilly district,1772395
uttar-pradesh,2025,3,district,gautambuddha nagar district,5193512
uttar-pradesh,2025,3,district,lucknow district,4107605
uttar-pradesh,2025,3,district,ghaziabad district,3760052
uttar-pradesh,2025,3,district,prayagraj district,2691407
uttar-pradesh,2025,3,district,agra district,2465002
uttar-pradesh,2025,3,district,kanpur nagar district,2391618
uttar-pradesh,2025,3,district,varanasi district,2371905
uttar-pradesh,2025,3,district,gorakhpur district,2066539
uttar-pradesh,2025,3,district,meerut district,1862733
uttar-pradesh,2025,3,district,bareilly district,1840207
uttar-pradesh,2025,4,district,gautambuddha nagar district,5323594
uttar-pradesh,2025,4,district,lucknow district,4228831
uttar-pradesh,2025,4,district,ghaziabad district,3860316
uttar-pradesh,2025,4,district,prayagraj district,2781270
uttar-pradesh,2025,4,district,agra district,2543211
uttar-pradesh,2025,4,district,kanpur nagar district,2468293
uttar-pradesh,2025,4,district,varanasi district,2440071
uttar-pradesh,2025,4,district,gorakhpur district,2139106
uttar-pradesh,2025,4,district,meerut district,1920645
uttar-pradesh,2025,4,district,bareilly district,1904471
uttar-pradesh,2026,1,district,gautambuddha nagar district,5451316
uttar-pradesh,2026,1,district,lucknow district,4347370
uttar-pradesh,2026,1,district,ghaziabad district,3957364
uttar-pradesh,2026,1,district,prayagraj district,2866703
uttar-pradesh,2026,1,district,agra district,2617063
uttar-pradesh,2026,1,district,kanpur nagar district,2540830
uttar-pradesh,2026,1,district,varanasi district,2505266
uttar-pradesh,2026,1,district,gorakhpur district,2208323
uttar-pradesh,2026,1,district,meerut district,1975620
uttar-pradesh,2026,1,district,bareilly district,1968026
uttar-pradesh,2026,2,district,gautambuddha nagar district,5609621
uttar-pradesh,2026,2,district,lucknow district,4467992
uttar-pradesh,2026,2,district,ghaziabad district,4061254
uttar-pradesh,2026,2,district,prayagraj district,2902034
uttar-pradesh,2026,2,district,agra district,2675497
uttar-pradesh,2026,2,district,kanpur nagar district,2597690
uttar-pradesh,2026,2,district,varanasi district,2544739
uttar-pradesh,2026,2,district,gorakhpur district,2244276
uttar-pradesh,2026,2,district,bareilly district,2011083
uttar-pradesh,2026,2,district,meerut district,1999429
uttarakhand,2018,1,district,dehradun district,150823
uttarakhand,2018,1,district,haridwar district,104054
uttarakhand,2018,1,district,udham singh nagar district,96600
uttarakhand,2018,1,district,nainital district,51836
uttarakhand,2018,1,district,pauri garhwal district,19696
uttarakhand,2018,1,district,tehri garhwal district,17693
uttarakhand,2018,1,district,almora district,11847
uttarakhand,2018,1,district,chamoli district,10504
uttarakhand,2018,1,district,pithoragarh district,9489
uttarakhand,2018,1,district,rudraprayag district,9116
uttarakhand,2018,2,district,dehradun district,202574
uttarakhand,2018,2,district,haridwar district,140359
uttarakhand,2018,2,district,udham singh nagar district,128667
uttarakhand,2018,2,district,nainital district,68955
uttarakhand,2018,2,district,pauri garhwal district,27246
uttarakhand,2018,2,district,tehri garhwal district,24091
uttarakhand,2018,2,district,almora district,16043
uttarakhand,2018,2,district,chamoli district,14426
uttarakhand,2018,2,district,pithoragarh district,13193
uttarakhand,2018,2,district,rudraprayag district,12489
uttarakhand,2018,3,district,dehradun district,252147
uttarakhand,2018,3,district,haridwar district,174095
uttarakhand,2018,3,district,udham singh nagar district,157734
uttarakhand,2018,3,district,nainital district,84574
uttarakhand,2018,3,district,pauri garhwal district,34268
uttarakhand,2018,3,district,tehri garhwal district,30151
uttarakhand,2018,3,district,almora district,20057
uttarakhand,2018,3,district,chamoli district,18536
uttarakhand,2018,3,district,pithoragarh district,16933
uttarakhand,2018,3,district,rudraprayag district,15392
uttarakhand,2018,4,district,dehradun district,316910
uttarakhand,2018,4,district,haridwar district,219377
uttarakhand,2018,4,district,udham singh nagar district,195859
uttarakhand,2018,4,district,nainital district,105298
uttarakhand,2018,4,district,pauri garhwal district,43544
uttarakhand,2018,4,district,tehri garhwal district,38281
uttarakhand,2018,4,district,almora district,25947
uttarakhand,2018,4,district,chamoli district,23740
uttarakhand,2018,4,district,pithoragarh district,21801
uttarakhand,2018,4,district,rudraprayag district,19265
uttarakhand,2019,1,district,dehradun district,383207
uttarakhand,2019,1,district,haridwar district,265642
uttarakhand,2019,1,district,udham singh nagar district,234861
uttarakhand,2019,1,district,nainital district,126923
uttarakhand,2019,1,district,pauri garhwal district,53184
uttarakhand,2019,1,district,tehri garhwal district,47003
uttarakhand,2019,1,district,almora district,32172
uttarakhand,2019,1,district,chamoli district,29481
uttarakhand,2019,1,district,pithoragarh district,26914
uttarakhand,2019,1,district,rudraprayag district,23523
uttarakhand,2019,2,district,dehradun district,444848
uttarakhand,2019,2,district,haridwar district,304680
uttarakhand,2019,2,district,udham singh nagar district,264232
uttarakhand,2019,2,district,nainital district,146115
uttarakhand,2019,2,district,pauri garhwal district,61948
uttarakhand,2019,2,district,tehri garhwal district,55375
uttarakhand,2019,2,district,almora district,37819
uttarakhand,2019,2,district,chamoli district,34636
uttarakhand,2019,2,district,pithoragarh district,32208
uttarakhand,2019,2,district,rudraprayag district,27240
uttarakhand,2019,3,district,dehradun district,505044
uttarakhand,2019,3,district,haridwar district,342325
uttarakhand,2019,3,district,udham singh nagar district,291688
uttarakhand,2019,3,district,nainital district,164303
uttarakhand,2019,3,district,pauri garhwal district,70108
uttarakhand,2019,3,district,tehri garhwal district,63140
uttarakhand,2019,3,district,almora district,42830
uttarakhand,2019,3,district,chamoli district,39461
uttarakhand,2019,3,district,pithoragarh district,36654
uttarakhand,2019,3,district,rudraprayag district,30666
uttarakhand,2019,4,district,dehradun district,558773
uttarakhand,2019,4,district,haridwar district,378233
uttarakhand,2019,4,district,udham singh nagar district,319056
uttarakhand,2019,4,district,nainital district,180797
uttarakhand,2019,4,district,pauri garhwal district,77387
uttarakhand,2019,4,district,tehri garhwal district,70076
uttarakhand,2019,4,district,almora district,47557
uttarakhand,2019,4,district,chamoli district,43876
uttarakhand,2019,4,district,pithoragarh district,41040
uttarakhand,2019,4,district,uttarkashi district,33980
uttarakhand,2020,1,district,dehradun district,618273
uttarakhand,2020,1,district,haridwar district,419970
uttarakhand,2020,1,district,udham singh nagar district,351109
uttarakhand,2020,1,district,nainital district,199717
uttarakhand,2020,1,district,pauri garhwal district,85711
uttarakhand,2020,1,district,tehri garhwal district,78352
uttarakhand,2020,1,district,almora district,53435
uttarakhand,2020,1,district,chamoli district,49020
uttarakhand,2020,1,district,pithoragarh district,46434
uttarakhand,2020,1,district,uttarkashi district,38204
uttarakhand,2020,2,district,dehradun district,677804
uttarakhand,2020,2,district,haridwar district,462435
uttarakhand,2020,2,district,udham singh nagar district,384578
uttarakhand,2020,2,district,nainital district,220066
uttarakhand,2020,2,district,pauri garhwal district,95755
uttarakhand,2020,2,district,tehri garhwal district,88158
uttarakhand,2020,2,district,almora district,60701
uttarakhand,2020,2,district,chamoli district,55018
uttarakhand,2020,2,district,pithoragarh district,52633
uttarakhand,2020,2,district,uttarkashi district,43137
uttarakhand,2020,3,district,dehradun district,744050
uttarakhand,2020,3,district,haridwar district,506546
uttarakhand,2020,3,district,udham singh nagar district,419458
uttarakhand,2020,3,district,nainital district,242422
uttarakhand,2020,3,district,pauri garhwal district,105869
uttarakhand,2020,3,district,tehri garhwal district,97638
uttarakhand,2020,3,district,almora district,67861
uttarakhand,2020,3,district,chamoli district,60955
uttarakhand,2020,3,district,pithoragarh district,58930
uttarakhand,2020,3,district,uttarkashi district,47644
uttarakhand,2020,4,district,dehradun district,813631
uttarakhand,2020,4,district,haridwar district,553002
uttarakhand,2020,4,district,udham singh nagar district,456374
uttarakhand,2020,4,district,nainital district,265271
uttarakhand,2020,4,district,pauri garhwal district,115987
uttarakhand,2020,4,district,tehri garhwal district,106855
uttarakhand,2020,4,district,almora district,74974
uttarakhand,2020,4,district,chamoli district,66813
uttarakhand,2020,4,district,pithoragarh district,65153
uttarakhand,2020,4,district,uttarkashi district,52341
uttarakhand,2021,1,district,dehradun district,873681
uttarakhand,2021,1,district,haridwar district,598279
uttarakhand,2021,1,district,udham singh nagar district,491641
uttarakhand,2021,1,district,nainital district,284958
uttarakhand,2021,1,district,pauri garhwal district,123980
uttarakhand,2021,1,district,tehri garhwal district,114719
uttarakhand,2021,1,district,almora district,80358
uttarakhand,2021,1,district,chamoli district,71507
uttarakhand,2021,1,district,pithoragarh district,70093
uttarakhand,2021,1,district,uttarkashi district,56179
uttarakhand,2021,2,district,dehradun district,929590
uttarakhand,2021,2,district,haridwar district,642721
uttarakhand,2021,2,district,udham singh nagar district,525988
uttarakhand,2021,2,district,nainital district,303768
uttarakhand,2021,2,district,pauri garhwal district,131640
uttarakhand,2021,2,district,tehri garhwal district,122086
uttarakhand,2021,2,district,almora district,85607
uttarakhand,2021,2,district,chamoli district,75851
uttarakhand,2021,2,district,pithoragarh district,75069
uttarakhand,2021,2,district,uttarkashi district,59737
uttarakhand,2021,3,district,dehradun district,990403
uttarakhand,2021,3,district,haridwar district,690863
uttarakhand,2021,3,district,udham singh nagar district,564586
uttarakhand,2021,3,district,nainital district,324268
uttarakhand,2021,3,district,pauri garhwal district,139912
uttarakhand,2021,3,district,tehri garhwal district,129966
uttarakhand,2021,3,district,almora district,90747
uttarakhand,2021,3,district,chamoli district,80427
uttarakhand,2021,3,district,pithoragarh district,80327
uttarakhand,2021,3,district,uttarkashi district,63392
uttarakhand,2021,4,district,dehradun district,1049446
uttarakhand,2021,4,district,haridwar district,738192
uttarakhand,2021,4,district,udham singh nagar district,603826
uttarakhand,2021,4,district,nainital district,344426
uttarakhand,2021,4,district,pauri garhwal district,147450
uttarakhand,2021,4,district,tehri garhwal district,137371
uttarakhand,2021,4,district,almora district,95782
uttarakhand,2021,4,district,pithoragarh district,85369
uttarakhand,2021,4,district,chamoli district,84927
uttarakhand,2021,4,district,uttarkashi district,67014
uttarakhand,2022,1,district,dehradun district,1107195
uttarakhand,2022,1,district,haridwar district,785751
uttarakhand,2022,1,district,udham singh nagar district,643272
uttarakhand,2022,1,district,nainital district,364174
uttarakhand,2022,1,district,pauri garhwal district,155088
uttarakhand,2022,1,district,tehri garhwal district,144676
uttarakhand,2022,1,district,almora district,101005
uttarakhand,2022,1,district,pithoragarh district,90510
uttarakhand,2022,1,district,chamoli district,89225
uttarakhand,2022,1,district,uttarkashi district,70656
uttarakhand,2022,2,district,dehradun district,1161753
uttarakhand,2022,2,district,haridwar district,829941
uttarakhand,2022,2,district,udham singh nagar district,679293
uttarakhand,2022,2,district,nainital district,382732
uttarakhand,2022,2,district,pauri garhwal district,162499
uttarakhand,2022,2,district,tehri garhwal district,151960
uttarakhand,2022,2,district,almora district,106072
uttarakhand,2022,2,district,pithoragarh district,95899
uttarakhand,2022,2,district,chamoli district,93486
uttarakhand,2022,2,district,uttarkashi district,74317
uttarakhand,2022,3,district,dehradun district,1218090
uttarakhand,2022,3,district,haridwar district,877645
uttarakhand,2022,3,district,udham singh nagar district,717472
uttarakhand,2022,3,district,nainital district,401923
uttarakhand,2022,3,district,pauri garhwal district,169981
uttarakhand,2022,3,district,tehri garhwal district,159169
uttarakhand,2022,3,district,almora district,111047
uttarakhand,2022,3,district,pithoragarh district,101031
uttarakhand,2022,3,district,chamoli district,97745
uttarakhand,2022,3,district,uttarkashi district,77834
uttarakhand,2022,4,district,dehradun district,1269914
uttarakhand,2022,4,district,haridwar district,922688
uttarakhand,2022,4,district,udham singh nagar district,754584
uttarakhand,2022,4,district,nainital district,419539
uttarakhand,2022,4,district,pauri garhwal district,176788
uttarakhand,2022,4,district,tehri garhwal district,165886
uttarakhand,2022,4,district,almora district,115636
uttarakhand,2022,4,district,pithoragarh district,105746
uttarakhand,2022,4,district,chamoli district,101513
uttarakhand,2022,4,district,uttarkashi district,81164
uttarakhand,2023,1,district,dehradun district,1319350
uttarakhand,2023,1,district,haridwar district,967893
uttarakhand,2023,1,district,udham singh nagar district,790213
uttarakhand,2023,1,district,nainital district,436245
uttarakhand,2023,1,district,pauri garhwal district,183228
uttarakhand,2023,1,district,tehri garhwal district,172125
uttarakhand,2023,1,district,almora district,119936
uttarakhand,2023,1,district,pithoragarh district,110316
uttarakhand,2023,1,district,chamoli district,105343
uttarakhand,2023,1,district,uttarkashi district,84203
uttarakhand,2023,2,district,dehradun district,1365422
uttarakhand,2023,2,district,haridwar district,1008851
uttarakhand,2023,2,district,udham singh nagar district,822608
uttarakhand,2023,2,district,nainital district,452141
uttarakhand,2023,2,district,pauri garhwal district,189517
uttarakhand,2023,2,district,tehri garhwal district,178077
uttarakhand,2023,2,district,almora district,124303
uttarakhand,2023,2,district,pithoragarh district,115034
uttarakhand,2023,2,district,chamoli district,108988
uttarakhand,2023,2,district,uttarkashi district,87167
uttarakhand,2023,3,district,dehradun district,1411729
uttarakhand,2023,3,district,haridwar district,1050982
uttarakhand,2023,3,district,udham singh nagar district,856252
uttarakhand,2023,3,district,nainital district,468387
uttarakhand,2023,3,district,pauri garhwal district,195851
uttarakhand,2023,3,district,tehri garhwal district,183932
uttarakhand,2023,3,district,almora district,128520
uttarakhand,2023,3,district,pithoragarh district,119416
uttarakhand,2023,3,district,chamoli district,112584
uttarakhand,2023,3,district,uttarkashi district,90072
uttarakhand,2023,4,district,dehradun district,1456763
uttarakhand,2023,4,district,haridwar district,1094690
uttarakhand,2023,4,district,udham singh nagar district,890110
uttarakhand,2023,4,district,nainital district,484716
uttarakhand,2023,4,district,pauri garhwal district,202181
uttarakhand,2023,4,district,tehri garhwal district,189933
uttarakhand,2023,4,district,almora district,133514
uttarakhand,2023,4,district,pithoragarh district,124020
uttarakhand,2023,4,district,chamoli district,116521
uttarakhand,2023,4,district,uttarkashi district,93139
uttarakhand,2024,1,district,dehradun district,1510487
uttarakhand,2024,1,district,haridwar district,1144340
uttarakhand,2024,1,district,udham singh nagar district,930429
uttarakhand,2024,1,district,nainital district,503584
uttarakhand,2024,1,district,pauri garhwal district,209965
uttarakhand,2024,1,district,tehri garhwal district,197548
uttarakhand,2024,1,district,almora district,139142
uttarakhand,2024,1,district,pithoragarh district,129760
uttarakhand,2024,1,district,chamoli district,121177
uttarakhand,2024,1,district,uttarkashi district,97016
uttarakhand,2024,2,district,dehradun district,1566618
uttarakhand,2024,2,district,haridwar district,1193633
uttarakhand,2024,2,district,udham singh nagar district,969613
uttarakhand,2024,2,district,nainital district,523901
uttarakhand,2024,2,district,pauri garhwal district,218034
uttarakhand,2024,2,district,tehri garhwal district,205741
uttarakhand,2024,2,district,almora district,145383
uttarakhand,2024,2,district,pithoragarh district,136022
uttarakhand,2024,2,district,chamoli district,126209
uttarakhand,2024,2,district,uttarkashi district,101224
uttarakhand,2024,3,district,dehradun district,1623165
uttarakhand,2024,3,district,haridwar district,1241563
uttarakhand,2024,3,district,udham singh nagar district,1007179
uttarakhand,2024,3,district,nainital district,543206
uttarakhand,2024,3,district,pauri garhwal district,225868
uttarakhand,2024,3,district,tehri garhwal district,213106
uttarakhand,2024,3,district,almora district,150709
uttarakhand,2024,3,district,pithoragarh district,141478
uttarakhand,2024,3,district,chamoli district,130798
uttarakhand,2024,3,district,uttarkashi district,104946
uttarakhand,2024,4,district,dehradun district,1671742
uttarakhand,2024,4,district,haridwar district,1283659
uttarakhand,2024,4,district,udham singh nagar district,1041542
uttarakhand,2024,4,district,nainital district,559934
uttarakhand,2024,4,district,pauri garhwal district,232199
uttarakhand,2024,4,district,tehri garhwal district,219291
uttarakhand,2024,4,district,almora district,155170
uttarakhand,2024,4,district,pithoragarh district,145962
uttarakhand,2024,4,district,chamoli district,134530
uttarakhand,2024,4,district,uttarkashi district,108091
uttarakhand,2025,1,district,dehradun district,1719951
uttarakhand,2025,1,district,haridwar district,1325180
uttarakhand,2025,1,district,udham singh nagar district,1076482
uttarakhand,2025,1,district,nainital district,576580
uttarakhand,2025,1,district,pauri garhwal district,238716
uttarakhand,2025,1,district,tehri garhwal district,225740
uttarakhand,2025,1,district,almora district,159691
uttarakhand,2025,1,district,pithoragarh district,150721
uttarakhand,2025,1,district,chamoli district,138356
uttarakhand,2025,1,district,uttarkashi district,111195
uttarakhand,2025,2,district,dehradun district,1767435
uttarakhand,2025,2,district,haridwar district,1365673
uttarakhand,2025,2,district,udham singh nagar district,1109584
uttarakhand,2025,2,district,nainital district,592650
uttarakhand,2025,2,district,pauri garhwal district,245094
uttarakhand,2025,2,district,tehri garhwal district,231915
uttarakhand,2025,2,district,almora district,164142
uttarakhand,2025,2,district,pithoragarh district,155228
uttarakhand,2025,2,district,chamoli district,141955
uttarakhand,2025,2,district,uttarkashi district,114279
uttarakhand,2025,3,district,dehradun district,1818408
uttarakhand,2025,3,district,haridwar district,1408364
uttarakhand,2025,3,district,udham singh nagar district,1144970
uttarakhand,2025,3,district,nainital district,609623
uttarakhand,2025,3,district,pauri garhwal district,251369
uttarakhand,2025,3,district,tehri garhwal district,238263
uttarakhand,2025,3,district,almora district,168118
uttarakhand,2025,3,district,pithoragarh district,159472
uttarakhand,2025,3,district,chamoli district,145741
uttarakhand,2025,3,district,uttarkashi district,117625
uttarakhand,2025,4,district,dehradun district,1865942
uttarakhand,2025,4,district,haridwar district,1450151
uttarakhand,2025,4,district,udham singh nagar district,1182181
uttarakhand,2025,4,district,nainital district,626041
uttarakhand,2025,4,district,pauri garhwal district,257835
uttarakhand,2025,4,district,tehri garhwal district,244738
uttarakhand,2025,4,district,almora district,172772
uttarakhand,2025,4,district,pithoragarh district,163967
uttarakhand,2025,4,district,chamoli district,149564
uttarakhand,2025,4,district,uttarkashi district,121061
uttarakhand,2026,1,district,dehradun district,1912974
uttarakhand,2026,1,district,haridwar district,1489857
uttarakhand,2026,1,district,udham singh nagar district,1218612
uttarakhand,2026,1,district,nainital district,641975
uttarakhand,2026,1,district,pauri garhwal district,264111
uttarakhand,2026,1,district,tehri garhwal district,251134
uttarakhand,2026,1,district,almora district,177233
uttarakhand,2026,1,district,pithoragarh district,168258
uttarakhand,2026,1,district,chamoli district,153668
uttarakhand,2026,1,district,uttarkashi district,124232
uttarakhand,2026,2,district,dehradun district,1944680
uttarakhand,2026,2,district,haridwar district,1508985
uttarakhand,2026,2,district,udham singh nagar district,1249806
uttarakhand,2026,2,district,nainital district,653240
uttarakhand,2026,2,district,pauri garhwal district,265938
uttarakhand,2026,2,district,tehri garhwal district,243271
uttarakhand,2026,2,district,almora district,180992
uttarakhand,2026,2,district,pithoragarh district,172416
uttarakhand,2026,2,district,chamoli district,145515
uttarakhand,2026,2,district,uttarkashi district,117001
west-bengal,2018,1,district,north twenty four parganas district,402917
west-bengal,2018,1,district,kolkata district,285017
west-bengal,2018,1,district,murshidabad district,192869
west-bengal,2018,1,district,howrah district,142141
west-bengal,2018,1,district,hooghly district,137859
west-bengal,2018,1,district,south twenty four parganas district,137716
west-bengal,2018,1,district,paschim bardhaman district,132085
west-bengal,2018,1,district,nadia district,131325
west-bengal,2018,1,district,purba medinipur district,125898
west-bengal,2018,1,district,paschim medinipur district,119034
west-bengal,2018,2,district,north twenty four parganas district,579854
west-bengal,2018,2,district,kolkata district,401983
west-bengal,2018,2,district,murshidabad district,282394
west-bengal,2018,2,district,south twenty four parganas district,207541
west-bengal,2018,2,district,howrah district,207124
west-bengal,2018,2,district,hooghly district,206157
west-bengal,2018,2,district,nadia district,203475
west-bengal,2018,2,district,paschim bardhaman district,193821
west-bengal,2018,2,district,purba medinipur district,187975
west-bengal,2018,2,district,paschim medinipur district,174407
west-bengal,2018,3,district,north twenty four parganas district,728262
west-bengal,2018,3,district,kolkata district,511089
west-bengal,2018,3,district,murshidabad district,343840
west-bengal,2018,3,district,south twenty four parganas district,274424
west-bengal,2018,3,district,howrah district,266025
west-bengal,2018,3,district,hooghly district,262936
west-bengal,2018,3,district,nadia district,254927
west-bengal,2018,3,district,purba medinipur district,241969
west-bengal,2018,3,district,paschim bardhaman district,239940
west-bengal,2018,3,district,paschim medinipur district,222619
west-bengal,2018,4,district,north twenty four parganas district,957478
west-bengal,2018,4,district,kolkata district,674528
west-bengal,2018,4,district,murshidabad district,430659
west-bengal,2018,4,district,south twenty four parganas district,387098
west-bengal,2018,4,district,hooghly district,377388
west-bengal,2018,4,district,howrah district,356193
west-bengal,2018,4,district,nadia district,320469
west-bengal,2018,4,district,purba medinipur district,314073
west-bengal,2018,4,district,paschim bardhaman district,293279
west-bengal,2018,4,district,paschim medinipur district,287090
west-bengal,2019,1,district,north twenty four parganas district,1146506
west-bengal,2019,1,district,kolkata district,815469
west-bengal,2019,1,district,murshidabad district,499542
west-bengal,2019,1,district,south twenty four parganas district,473559
west-bengal,2019,1,district,hooghly district,454789
west-bengal,2019,1,district,howrah district,433401
west-bengal,2019,1,district,nadia district,380546
west-bengal,2019,1,district,purba medinipur district,378597
west-bengal,2019,1,district,paschim medinipur district,342345
west-bengal,2019,1,district,paschim bardhaman district,340247
west-bengal,2019,2,district,north twenty four parganas district,1331550
west-bengal,2019,2,district,kolkata district,955335
west-bengal,2019,2,district,murshidabad district,571613
west-bengal,2019,2,district,south twenty four parganas district,563222
west-bengal,2019,2,district,hooghly district,529773
west-bengal,2019,2,district,howrah district,508075
west-bengal,2019,2,district,nadia district,442384
west-bengal,2019,2,district,purba medinipur district,437051
west-bengal,2019,2,district,paschim medinipur district,389768
west-bengal,2019,2,district,paschim bardhaman district,385024
west-bengal,2019,3,district,north twenty four parganas district,1504452
west-bengal,2019,3,district,kolkata district,1077026
west-bengal,2019,3,district,murshidabad district,649248
west-bengal,2019,3,district,south twenty four parganas district,644863
west-bengal,2019,3,district,hooghly district,597286
west-bengal,2019,3,district,howrah district,573994
west-bengal,2019,3,district,nadia district,499500
west-bengal,2019,3,district,purba medinipur district,494565
west-bengal,2019,3,district,paschim medinipur district,435142
west-bengal,2019,3,district,paschim bardhaman district,428648
west-bengal,2019,4,district,north twenty four parganas district,1668880
west-bengal,2019,4,district,kolkata district,1179495
west-bengal,2019,4,district,murshidabad district,775446
west-bengal,2019,4,district,south twenty four parganas district,726057
west-bengal,2019,4,district,hooghly district,665887
west-bengal,2019,4,district,howrah district,636914
west-bengal,2019,4,district,nadia district,568114
west-bengal,2019,4,district,purba medinipur district,561400
west-bengal,2019,4,district,paschim medinipur district,494253
west-bengal,2019,4,district,paschim bardhaman district,481157
west-bengal,2020,1,district,north twenty four parganas district,1825683
west-bengal,2020,1,district,kolkata district,1278254
west-bengal,2020,1,district,murshidabad district,862512
west-bengal,2020,1,district,south twenty four parganas district,807042
west-bengal,2020,1,district,hooghly district,727139
west-bengal,2020,1,district,howrah district,700513
west-bengal,2020,1,district,nadia district,631133
west-bengal,2020,1,district,purba medinipur district,621129
west-bengal,2020,1,district,paschim medinipur district,545776
west-bengal,2020,1,district,purba bardhaman district,529823
west-bengal,2020,2,district,north twenty four parganas district,2006016
west-bengal,2020,2,district,kolkata district,1399456
west-bengal,2020,2,district,murshidabad district,963825
west-bengal,2020,2,district,south twenty four parganas district,903618
west-bengal,2020,2,district,hooghly district,803928
west-bengal,2020,2,district,howrah district,785293
west-bengal,2020,2,district,nadia district,698734
west-bengal,2020,2,district,purba medinipur district,684596
west-bengal,2020,2,district,paschim medinipur district,602218
west-bengal,2020,2,district,purba bardhaman district,584022
west-bengal,2020,3,district,north twenty four parganas district,2188923
west-bengal,2020,3,district,kolkata district,1520021
west-bengal,2020,3,district,murshidabad district,1059771
west-bengal,2020,3,district,south twenty four parganas district,1008172
west-bengal,2020,3,district,hooghly district,876352
west-bengal,2020,3,district,howrah district,864034
west-bengal,2020,3,district,nadia district,767480
west-bengal,2020,3,district,purba medinipur district,748950
west-bengal,2020,3,district,paschim medinipur district,657881
west-bengal,2020,3,district,purba bardhaman district,635872
west-bengal,2020,4,district,north twenty four parganas district,2369827
west-bengal,2020,4,district,kolkata district,1645904
west-bengal,2020,4,district,murshidabad district,1151953
west-bengal,2020,4,district,south twenty four parganas district,1105494
west-bengal,2020,4,district,hooghly district,946232
west-bengal,2020,4,district,howrah district,942239
west-bengal,2020,4,district,nadia district,833054
west-bengal,2020,4,district,purba medinipur district,813171
west-bengal,2020,4,district,paschim medinipur district,713565
west-bengal,2020,4,district,purba bardhaman district,684539
west-bengal,2021,1,district,north twenty four parganas district,2527130
west-bengal,2021,1,district,kolkata district,1756231
west-bengal,2021,1,district,murshidabad district,1238032
west-bengal,2021,1,district,south twenty four parganas district,1187013
west-bengal,2021,1,district,howrah district,1010068
west-bengal,2021,1,district,hooghly district,1006916
west-bengal,2021,1,district,nadia district,891377
west-bengal,2021,1,district,purba medinipur district,868804
west-bengal,2021,1,district,paschim medinipur district,760443
west-bengal,2021,1,district,purba bardhaman district,729825
west-bengal,2021,2,district,north twenty four parganas district,2686391
west-bengal,2021,2,district,kolkata district,1868109
west-bengal,2021,2,district,murshidabad district,1316808
west-bengal,2021,2,district,south twenty four parganas district,1267450
west-bengal,2021,2,district,howrah district,1078175
west-bengal,2021,2,district,hooghly district,1069531
west-bengal,2021,2,district,nadia district,949294
west-bengal,2021,2,district,purba medinipur district,925164
west-bengal,2021,2,district,paschim medinipur district,808050
west-bengal,2021,2,district,purba bardhaman district,775783
west-bengal,2021,3,district,north twenty four parganas district,2866201
west-bengal,2021,3,district,kolkata district,1988351
west-bengal,2021,3,district,murshidabad district,1412756
west-bengal,2021,3,district,south twenty four parganas district,1362956
west-bengal,2021,3,district,howrah district,1154324
west-bengal,2021,3,district,hooghly district,1140416
west-bengal,2021,3,district,nadia district,1016802
west-bengal,2021,3,district,purba medinipur district,992271
west-bengal,2021,3,district,paschim medinipur district,863974
west-bengal,2021,3,district,purba bardhaman district,829968
west-bengal,2021,4,district,north twenty four parganas district,3052311
west-bengal,2021,4,district,kolkata district,2111812
west-bengal,2021,4,district,murshidabad district,1517101
west-bengal,2021,4,district,south twenty four parganas district,1464463
west-bengal,2021,4,district,howrah district,1235345
west-bengal,2021,4,district,hooghly district,1212951
west-bengal,2021,4,district,nadia district,1087908
west-bengal,2021,4,district,purba medinipur district,1061621
west-bengal,2021,4,district,paschim medinipur district,922192
west-bengal,2021,4,district,purba bardhaman district,887183
west-bengal,2022,1,district,north twenty four parganas district,3220875
west-bengal,2022,1,district,kolkata district,2226512
west-bengal,2022,1,district,murshidabad district,1612429
west-bengal,2022,1,district,south twenty four parganas district,1555225
west-bengal,2022,1,district,howrah district,1310268
west-bengal,2022,1,district,hooghly district,1277676
west-bengal,2022,1,district,nadia district,1153361
west-bengal,2022,1,district,purba medinipur district,1122785
west-bengal,2022,1,district,paschim medinipur district,973949
west-bengal,2022,1,district,purba bardhaman district,938487
west-bengal,2022,2,district,north twenty four parganas district,3391037
west-bengal,2022,2,district,kolkata district,2339343
west-bengal,2022,2,district,murshidabad district,1703179
west-bengal,2022,2,district,south twenty four parganas district,1647195
west-bengal,2022,2,district,howrah district,1383493
west-bengal,2022,2,district,hooghly district,1342733
west-bengal,2022,2,district,nadia district,1219081
west-bengal,2022,2,district,purba medinipur district,1182517
west-bengal,2022,2,district,paschim medinipur district,1025259
west-bengal,2022,2,district,purba bardhaman district,989988
west-bengal,2022,3,district,north twenty four parganas district,3568752
west-bengal,2022,3,district,kolkata district,2452447
west-bengal,2022,3,district,murshidabad district,1806436
west-bengal,2022,3,district,south twenty four parganas district,1749065
west-bengal,2022,3,district,howrah district,1459900
west-bengal,2022,3,district,hooghly district,1409909
west-bengal,2022,3,district,nadia district,1287180
west-bengal,2022,3,district,purba medinipur district,1246868
west-bengal,2022,3,district,paschim medinipur district,1079843
west-bengal,2022,3,district,purba bardhaman district,1044152
west-bengal,2022,4,district,north twenty four parganas district,3737526
west-bengal,2022,4,district,kolkata district,2559357
west-bengal,2022,4,district,murshidabad district,1906277
west-bengal,2022,4,district,south twenty four parganas district,1846611
west-bengal,2022,4,district,howrah district,1534764
west-bengal,2022,4,district,hooghly district,1474128
west-bengal,2022,4,district,nadia district,1354946
west-bengal,2022,4,district,purba medinipur district,1309463
west-bengal,2022,4,district,paschim medinipur district,1132758
west-bengal,2022,4,district,malda district,1098911
west-bengal,2023,1,district,north twenty four parganas district,3901866
west-bengal,2023,1,district,kolkata district,2661953
west-bengal,2023,1,district,murshidabad district,2011824
west-bengal,2023,1,district,south twenty four parganas district,1941609
west-bengal,2023,1,district,howrah district,1606249
west-bengal,2023,1,district,hooghly district,1537272
west-bengal,2023,1,district,nadia district,1422278
west-bengal,2023,1,district,purba medinipur district,1370682
west-bengal,2023,1,district,paschim medinipur district,1185217
west-bengal,2023,1,district,malda district,1159859
west-bengal,2023,2,district,north twenty four parganas district,4062059
west-bengal,2023,2,district,kolkata district,2758298
west-bengal,2023,2,district,murshidabad district,2101668
west-bengal,2023,2,district,south twenty four parganas district,2034296
west-bengal,2023,2,district,howrah district,1675293
west-bengal,2023,2,district,hooghly district,1598155
west-bengal,2023,2,district,nadia district,1486975
west-bengal,2023,2,district,purba medinipur district,1429428
west-bengal,2023,2,district,paschim medinipur district,1236172
west-bengal,2023,2,district,malda district,1214403
west-bengal,2023,3,district,north twenty four parganas district,4237079
west-bengal,2023,3,district,kolkata district,2857119
west-bengal,2023,3,district,murshidabad district,2203743
west-bengal,2023,3,district,south twenty four parganas district,2143398
west-bengal,2023,3,district,howrah district,1749170
west-bengal,2023,3,district,hooghly district,1663737
west-bengal,2023,3,district,nadia district,1555627
west-bengal,2023,3,district,purba medinipur district,1492946
west-bengal,2023,3,district,paschim medinipur district,1291308
west-bengal,2023,3,district,malda district,1272516
west-bengal,2023,4,district,north twenty four parganas district,4416351
west-bengal,2023,4,district,kolkata district,2954529
west-bengal,2023,4,district,murshidabad district,2317427
west-bengal,2023,4,district,south twenty four parganas district,2261976
west-bengal,2023,4,district,howrah district,1826406
west-bengal,2023,4,district,hooghly district,1728270
west-bengal,2023,4,district,nadia district,1627946
west-bengal,2023,4,district,purba medinipur district,1557972
west-bengal,2023,4,district,paschim medinipur district,1348074
west-bengal,2023,4,district,malda district,1337359
west-bengal,2024,1,district,north twenty four parganas district,4600156
west-bengal,2024,1,district,kolkata district,3060252
west-bengal,2024,1,district,murshidabad district,2440296
west-bengal,2024,1,district,south twenty four parganas district,2385895
west-bengal,2024,1,district,howrah district,1909678
west-bengal,2024,1,district,hooghly district,1802725
west-bengal,2024,1,district,nadia district,1711151
west-bengal,2024,1,district,purba medinipur district,1626867
west-bengal,2024,1,district,malda district,1412261
west-bengal,2024,1,district,paschim medinipur district,1411105
west-bengal,2024,2,district,north twenty four parganas district,4784650
west-bengal,2024,2,district,kolkata district,3169900
west-bengal,2024,2,district,murshidabad district,2557686
west-bengal,2024,2,district,south twenty four parganas district,2507459
west-bengal,2024,2,district,howrah district,1996579
west-bengal,2024,2,district,hooghly district,1880754
west-bengal,2024,2,district,nadia district,1793633
west-bengal,2024,2,district,purba medinipur district,1695776
west-bengal,2024,2,district,malda district,1482630
west-bengal,2024,2,district,paschim medinipur district,1475371
west-bengal,2024,3,district,north twenty four parganas district,4968699
west-bengal,2024,3,district,kolkata district,3277288
west-bengal,2024,3,district,murshidabad district,2672818
west-bengal,2024,3,district,south twenty four parganas district,2632413
west-bengal,2024,3,district,howrah district,2082447
west-bengal,2024,3,district,hooghly district,1958722
west-bengal,2024,3,district,nadia district,1873479
west-bengal,2024,3,district,purba medinipur district,1764758
west-bengal,2024,3,district,malda district,1549135
west-bengal,2024,3,district,paschim medinipur district,1538421
west-bengal,2024,4,district,north twenty four parganas district,5144652
west-bengal,2024,4,district,kolkata district,3381576
west-bengal,2024,4,district,murshidabad district,2779876
west-bengal,2024,4,district,south twenty four parganas district,2748266
west-bengal,2024,4,district,howrah district,2162612
west-bengal,2024,4,district,hooghly district,2031076
west-bengal,2024,4,district,nadia district,1951052
west-bengal,2024,4,district,purba medinipur district,1833888
west-bengal,2024,4,district,malda district,1613302
west-bengal,2024,4,district,paschim medinipur district,1598233
west-bengal,2025,1,district,north twenty four parganas district,5312986
west-bengal,2025,1,district,kolkata district,3480095
west-bengal,2025,1,district,murshidabad district,2887041
west-bengal,2025,1,district,south twenty four parganas district,2859596
west-bengal,2025,1,district,howrah district,2239521
west-bengal,2025,1,district,hooghly district,2101034
west-bengal,2025,1,district,nadia district,2026708
west-bengal,2025,1,district,purba medinipur district,1896396
west-bengal,2025,1,district,malda district,1676671
west-bengal,2025,1,district,paschim medinipur district,1656001
west-bengal,2025,2,district,north twenty four parganas district,5473453
west-bengal,2025,2,district,kolkata district,3574947
west-bengal,2025,2,district,murshidabad district,2982591
west-bengal,2025,2,district,south twenty four parganas district,2963351
west-bengal,2025,2,district,howrah district,2312921
west-bengal,2025,2,district,hooghly district,2168360
west-bengal,2025,2,district,nadia district,2095607
west-bengal,2025,2,district,purba medinipur district,1958099
west-bengal,2025,2,district,malda district,1735509
west-bengal,2025,2,district,paschim medinipur district,1711609
west-bengal,2025,3,district,north twenty four parganas district,5638525
west-bengal,2025,3,district,kolkata district,3661935
west-bengal,2025,3,district,murshidabad district,3086110
west-bengal,2025,3,district,south twenty four parganas district,3079724
west-bengal,2025,3,district,howrah district,2389612
west-bengal,2025,3,district,hooghly district,2239778
west-bengal,2025,3,district,nadia district,2168124
west-bengal,2025,3,district,purba medinipur district,2024567
west-bengal,2025,3,district,malda district,1799961
west-bengal,2025,3,district,paschim medinipur district,1771001
west-bengal,2025,4,district,north twenty four parganas district,5784952
west-bengal,2025,4,district,kolkata district,3747439
west-bengal,2025,4,district,south twenty four parganas district,3187499
west-bengal,2025,4,district,murshidabad district,3177516
west-bengal,2025,4,district,howrah district,2462719
west-bengal,2025,4,district,hooghly district,2304474
west-bengal,2025,4,district,nadia district,2233299
west-bengal,2025,4,district,purba medinipur district,2082836
west-bengal,2025,4,district,malda district,1854561
west-bengal,2025,4,district,paschim medinipur district,1822738
west-bengal,2026,1,district,north twenty four parganas district,5942599
west-bengal,2026,1,district,kolkata district,3836575
west-bengal,2026,1,district,south twenty four parganas district,3301082
west-bengal,2026,1,district,murshidabad district,3271760
west-bengal,2026,1,district,howrah district,2537395
west-bengal,2026,1,district,hooghly district,2375255
west-bengal,2026,1,district,nadia district,2305039
west-bengal,2026,1,district,purba medinipur district,2142141
west-bengal,2026,1,district,malda district,1911354
west-bengal,2026,1,district,paschim medinipur district,1877594
west-bengal,2026,2,district,north twenty four parganas district,6080783
west-bengal,2026,2,district,kolkata district,3957483
west-bengal,2026,2,district,south twenty four parganas district,3352814
west-bengal,2026,2,district,murshidabad district,3131835
west-bengal,2026,2,district,howrah district,2608014
west-bengal,2026,2,district,hooghly district,2429162
west-bengal,2026,2,district,nadia district,2331051
west-bengal,2026,2,district,purba medinipur district,2152939
west-bengal,2026,2,district,paschim medinipur district,1918896
west-bengal,2026,2,district,malda district,1861790
