state,year,quarter,level,entity,count
andaman-&-nicobar-islands,2018,1,district,south andaman district,7856
andaman-&-nicobar-islands,2018,1,district,nicobar district,696
andaman-&-nicobar-islands,2018,1,district,north and middle andaman district,537
andaman-&-nicobar-islands,2018,2,district,south andaman district,12505
andaman-&-nicobar-islands,2018,2,district,nicobar district,1480
andaman-&-nicobar-islands,2018,2,district,north and middle andaman district,1077
andaman-&-nicobar-islands,2018,3,district,south andaman district,17655
andaman-&-nicobar-islands,2018,3,district,nicobar district,1870
andaman-&-nicobar-islands,2018,3,district,north and middle andaman district,1629
andaman-&-nicobar-islands,2018,4,district,south andaman district,26512
andaman-&-nicobar-islands,2018,4,district,north and middle andaman district,2767
andaman-&-nicobar-islands,2018,4,district,nicobar district,1860
andaman-&-nicobar-islands,2019,1,district,south andaman district,34266
andaman-&-nicobar-islands,2019,1,district,north and middle andaman district,4475
andaman-&-nicobar-islands,2019,1,district,nicobar district,1985
andaman-&-nicobar-islands,2019,2,district,south andaman district,38594
andaman-&-nicobar-islands,2019,2,district,north and middle andaman district,5401
andaman-&-nicobar-islands,2019,2,district,nicobar district,2769
andaman-&-nicobar-islands,2019,3,district,south andaman district,32303
andaman-&-nicobar-islands,2019,3,district,north and middle andaman district,5217
andaman-&-nicobar-islands,2019,3,district,nicobar district,3103
andaman-&-nicobar-islands,2019,4,district,south andaman district,31582
andaman-&-nicobar-islands,2019,4,district,north and middle andaman district,6442
andaman-&-nicobar-islands,2019,4,district,nicobar district,3641
andaman-&-nicobar-islands,2020,1,district,south andaman district,37256
andaman-&-nicobar-islands,2020,1,district,north and middle andaman district,7786
andaman-&-nicobar-islands,2020,1,district,nicobar district,4062
andaman-&-nicobar-islands,2020,2,district,south andaman district,58888
andaman-&-nicobar-islands,2020,2,district,north and middle andaman district,14624
andaman-&-nicobar-islands,2020,2,district,nicobar district,5173
andaman-&-nicobar-islands,2020,3,district,south andaman district,115755
andaman-&-nicobar-islands,2020,3,district,north and middle andaman district,21235
andaman-&-nicobar-islands,2020,3,district,nicobar district,6999
andaman-&-nicobar-islands,2020,4,district,south andaman district,225909
andaman-&-nicobar-islands,2020,4,district,north and middle andaman district,35624
andaman-&-nicobar-islands,2020,4,district,nicobar district,10472
andaman-&-nicobar-islands,2021,1,district,south andaman district,264309
andaman-&-nicobar-islands,2021,1,district,north and middle andaman district,37769
andaman-&-nicobar-islands,2021,1,district,nicobar district,14192
andaman-&-nicobar-islands,2021,2,district,south andaman district,376673
andaman-&-nicobar-islands,2021,2,district,north and middle andaman district,58910
andaman-&-nicobar-islands,2021,2,district,nicobar district,22389
andaman-&-nicobar-islands,2021,3,district,south andaman district,486039
andaman-&-nicobar-islands,2021,3,district,north and middle andaman district,70736
andaman-&-nicobar-islands,2021,3,district,nicobar district,30653
andaman-&-nicobar-islands,2021,4,district,south andaman district,623101
andaman-&-nicobar-islands,2021,4,district,north and middle andaman district,69156
andaman-&-nicobar-islands,2021,4,district,nicobar district,30484
andaman-&-nicobar-islands,2022,1,district,south andaman district,870912
andaman-&-nicobar-islands,2022,1,district,north and middle andaman district,86322
andaman-&-nicobar-islands,2022,1,district,nicobar district,41261
andaman-&-nicobar-islands,2022,2,district,south andaman district,1250648
andaman-&-nicobar-islands,2022,2,district,north and middle andaman district,106052
andaman-&-nicobar-islands,2022,2,district,nicobar district,62856
andaman-&-nicobar-islands,2022,3,district,south andaman district,1660476
andaman-&-nicobar-islands,2022,3,district,north and middle andaman district,132171
andaman-&-nicobar-islands,2022,3,district,nicobar district,84324
andaman-&-nicobar-islands,2022,4,district,south andaman district,2007262
andaman-&-nicobar-islands,2022,4,district,north and middle andaman district,156287
andaman-&-nicobar-islands,2022,4,district,nicobar district,99606
andaman-&-nicobar-islands,2023,1,district,south andaman district,2175865
andaman-&-nicobar-islands,2023,1,district,north and middle andaman district,169440
andaman-&-nicobar-islands,2023,1,district,nicobar district,104592
andaman-&-nicobar-islands,2023,2,district,south andaman district,2613370
andaman-&-nicobar-islands,2023,2,district,north and middle andaman district,203278
andaman-&-nicobar-islands,2023,2,district,nicobar district,122520
andaman-&-nicobar-islands,2023,3,district,south andaman district,2939635
andaman-&-nicobar-islands,2023,3,district,north and middle andaman district,217009
andaman-&-nicobar-islands,2023,3,district,nicobar district,137369
andaman-&-nicobar-islands,2023,4,district,south andaman district,3508682
andaman-&-nicobar-islands,2023,4,district,north and middle andaman district,250039
andaman-&-nicobar-islands,2023,4,district,nicobar district,162492
andaman-&-nicobar-islands,2024,1,district,south andaman district,3874282
andaman-&-nicobar-islands,2024,1,district,north and middle andaman district,280960
andaman-&-nicobar-islands,2024,1,district,nicobar district,173104
andaman-&-nicobar-islands,2024,2,district,south andaman district,4271742
andaman-&-nicobar-islands,2024,2,district,north and middle andaman district,329894
andaman-&-nicobar-islands,2024,2,district,nicobar district,193954
andaman-&-nicobar-islands,2024,3,district,south andaman district,4715525
andaman-&-nicobar-islands,2024,3,district,north and middle andaman district,367086
andaman-&-nicobar-islands,2024,3,district,nicobar district,211895
andaman-&-nicobar-islands,2024,4,district,south andaman district,5432911
andaman-&-nicobar-islands,2024,4,district,north and middle andaman district,412987
andaman-&-nicobar-islands,2024,4,district,nicobar district,233903
andaman-&-nicobar-islands,2025,1,district,south andaman district,5631610
andaman-&-nicobar-islands,2025,1,district,north and middle andaman district,465796
andaman-&-nicobar-islands,2025,1,district,nicobar district,234676
andaman-&-nicobar-islands,2025,2,district,south andaman district,5641663
andaman-&-nicobar-islands,2025,2,district,north and middle andaman district,479878
andaman-&-nicobar-islands,2025,2,district,nicobar district,253728
andaman-&-nicobar-islands,2025,3,district,south andaman district,5964985
andaman-&-nicobar-islands,2025,3,district,north and middle andaman district,508199
andaman-&-nicobar-islands,2025,3,district,nicobar district,258638
andaman-&-nicobar-islands,2025,4,district,south andaman district,6840092
andaman-&-nicobar-islands,2025,4,district,north and middle andaman district,531089
andaman-&-nicobar-islands,2025,4,district,nicobar district,238354
andaman-&-nicobar-islands,2026,1,district,south andaman district,7088684
andaman-&-nicobar-islands,2026,1,district,north and middle andaman district,592094
andaman-&-nicobar-islands,2026,1,district,nicobar district,283723
andaman-&-nicobar-islands,2026,2,district,south andaman district,6820738
andaman-&-nicobar-islands,2026,2,district,north and middle andaman district,632360
andaman-&-nicobar-islands,2026,2,district,nicobar district,299997
andhra-pradesh,2018,1,district,visakhapatnam district,1100789
andhra-pradesh,2018,1,district,tirupati district,708058
andhra-pradesh,2018,1,district,ntr district,662108
andhra-pradesh,2018,1,district,sri potti sriramulu nellore district,563237
andhra-pradesh,2018,1,district,guntur district,556778
andhra-pradesh,2018,1,district,kakinada district,546143
andhra-pradesh,2018,1,district,ananthapuramu district,519650
andhra-pradesh,2018,1,district,srikakulam district,485051
andhra-pradesh,2018,1,district,vizianagaram district,481437
andhra-pradesh,2018,1,district,ysr kadapa district,462351
andhra-pradesh,2018,2,district,visakhapatnam district,1404079
andhra-pradesh,2018,2,district,tirupati district,986116
andhra-pradesh,2018,2,district,ntr district,942770
andhra-pradesh,2018,2,district,sri potti sriramulu nellore district,817855
andhra-pradesh,2018,2,district,guntur district,742594
andhra-pradesh,2018,2,district,ananthapuramu district,735610
andhra-pradesh,2018,2,district,kakinada district,686813
andhra-pradesh,2018,2,district,ysr kadapa district,658249
andhra-pradesh,2018,2,district,prakasam district,625108
andhra-pradesh,2018,2,district,nandyal district,621832
andhra-pradesh,2018,3,district,visakhapatnam district,2825221
andhra-pradesh,2018,3,district,nandyal district,2405920
andhra-pradesh,2018,3,district,kakinada district,1902622
andhra-pradesh,2018,3,district,tirupati district,1869906
andhra-pradesh,2018,3,district,ntr district,1774907
andhra-pradesh,2018,3,district,ysr kadapa district,1456445
andhra-pradesh,2018,3,district,ananthapuramu district,1443186
andhra-pradesh,2018,3,district,sri potti sriramulu nellore district,1316258
andhra-pradesh,2018,3,district,guntur district,1291308
andhra-pradesh,2018,3,district,east godavari district,1280269
andhra-pradesh,2018,4,district,visakhapatnam district,4195568
andhra-pradesh,2018,4,district,tirupati district,2578141
andhra-pradesh,2018,4,district,ntr district,2198836
andhra-pradesh,2018,4,district,sri potti sriramulu nellore district,1810657
andhra-pradesh,2018,4,district,ananthapuramu district,1791542
andhra-pradesh,2018,4,district,kakinada district,1769614
andhra-pradesh,2018,4,district,guntur district,1720050
andhra-pradesh,2018,4,district,nandyal district,1648685
andhra-pradesh,2018,4,district,ysr kadapa district,1604047
andhra-pradesh,2018,4,district,vizianagaram district,1549899
andhra-pradesh,2019,1,district,visakhapatnam district,8382005
andhra-pradesh,2019,1,district,tirupati district,5699467
andhra-pradesh,2019,1,district,ntr district,4242041
andhra-pradesh,2019,1,district,guntur district,3428706
andhra-pradesh,2019,1,district,sri potti sriramulu nellore district,3391347
andhra-pradesh,2019,1,district,kakinada district,3364566
andhra-pradesh,2019,1,district,vizianagaram district,3243425
andhra-pradesh,2019,1,district,ananthapuramu district,3228901
andhra-pradesh,2019,1,district,ysr kadapa district,2725500
andhra-pradesh,2019,1,district,nandyal district,2675298
andhra-pradesh,2019,2,district,visakhapatnam district,10232842
andhra-pradesh,2019,2,district,tirupati district,5924756
andhra-pradesh,2019,2,district,ntr district,5056930
andhra-pradesh,2019,2,district,guntur district,3977049
andhra-pradesh,2019,2,district,sri potti sriramulu nellore district,3643756
andhra-pradesh,2019,2,district,ananthapuramu district,3373619
andhra-pradesh,2019,2,district,kakinada district,3214153
andhra-pradesh,2019,2,district,vizianagaram district,2953977
andhra-pradesh,2019,2,district,ysr kadapa district,2883856
andhra-pradesh,2019,2,district,kurnool district,2839902
andhra-pradesh,2019,3,district,visakhapatnam district,15100182
andhra-pradesh,2019,3,district,tirupati district,7626783
andhra-pradesh,2019,3,district,ntr district,6771684
andhra-pradesh,2019,3,district,guntur district,5568709
andhra-pradesh,2019,3,district,sri potti sriramulu nellore district,4489124
andhra-pradesh,2019,3,district,ananthapuramu district,4298762
andhra-pradesh,2019,3,district,kakinada district,4160200
andhra-pradesh,2019,3,district,kurnool district,3611379
andhra-pradesh,2019,3,district,vizianagaram district,3455161
andhra-pradesh,2019,3,district,ysr kadapa district,3323411
andhra-pradesh,2019,4,district,visakhapatnam district,20344804
andhra-pradesh,2019,4,district,tirupati district,10344539
andhra-pradesh,2019,4,district,ntr district,9453647
andhra-pradesh,2019,4,district,guntur district,7861036
andhra-pradesh,2019,4,district,sri potti sriramulu nellore district,6351620
andhra-pradesh,2019,4,district,kakinada district,5990924
andhra-pradesh,2019,4,district,ananthapuramu district,5951769
andhra-pradesh,2019,4,district,kurnool district,4954136
andhra-pradesh,2019,4,district,ysr kadapa district,4914294
andhra-pradesh,2019,4,district,vizianagaram district,4859427
andhra-pradesh,2020,1,district,visakhapatnam district,22272596
andhra-pradesh,2020,1,district,tirupati district,12108925
andhra-pradesh,2020,1,district,ntr district,11341078
andhra-pradesh,2020,1,district,guntur district,9519636
andhra-pradesh,2020,1,district,sri potti sriramulu nellore district,7950271
andhra-pradesh,2020,1,district,ananthapuramu district,7294702
andhra-pradesh,2020,1,district,kakinada district,7221999
andhra-pradesh,2020,1,district,ysr kadapa district,6119234
andhra-pradesh,2020,1,district,vizianagaram district,6063514
andhra-pradesh,2020,1,district,prakasam district,6060843
andhra-pradesh,2020,2,district,visakhapatnam district,19091810
andhra-pradesh,2020,2,district,tirupati district,11520979
andhra-pradesh,2020,2,district,sri potti sriramulu nellore district,9703273
andhra-pradesh,2020,2,district,ntr district,9544422
andhra-pradesh,2020,2,district,prakasam district,8157645
andhra-pradesh,2020,2,district,guntur district,8140930
andhra-pradesh,2020,2,district,ananthapuramu district,8057810
andhra-pradesh,2020,2,district,kakinada district,7764685
andhra-pradesh,2020,2,district,ysr kadapa district,7602228
andhra-pradesh,2020,2,district,vizianagaram district,7475524
andhra-pradesh,2020,3,district,visakhapatnam district,30261780
andhra-pradesh,2020,3,district,tirupati district,16876827
andhra-pradesh,2020,3,district,ntr district,15482961
andhra-pradesh,2020,3,district,sri potti sriramulu nellore district,14051750
andhra-pradesh,2020,3,district,guntur district,12589308
andhra-pradesh,2020,3,district,ananthapuramu district,11679197
andhra-pradesh,2020,3,district,prakasam district,11516045
andhra-pradesh,2020,3,district,kakinada district,10877716
andhra-pradesh,2020,3,district,ysr kadapa district,10546251
andhra-pradesh,2020,3,district,anakapalli district,9997426
andhra-pradesh,2020,4,district,visakhapatnam district,39157734
andhra-pradesh,2020,4,district,tirupati district,23091830
andhra-pradesh,2020,4,district,ntr district,22229850
andhra-pradesh,2020,4,district,guntur district,18126019
andhra-pradesh,2020,4,district,sri potti sriramulu nellore district,17680742
andhra-pradesh,2020,4,district,ananthapuramu district,15461127
andhra-pradesh,2020,4,district,kakinada district,14240840
andhra-pradesh,2020,4,district,prakasam district,13675173
andhra-pradesh,2020,4,district,ysr kadapa district,12914941
andhra-pradesh,2020,4,district,kurnool district,12031964
andhra-pradesh,2021,1,district,visakhapatnam district,44251130
andhra-pradesh,2021,1,district,tirupati district,26372164
andhra-pradesh,2021,1,district,ntr district,25071549
andhra-pradesh,2021,1,district,guntur district,21153847
andhra-pradesh,2021,1,district,sri potti sriramulu nellore district,18683906
andhra-pradesh,2021,1,district,ananthapuramu district,16595471
andhra-pradesh,2021,1,district,kakinada district,15916726
andhra-pradesh,2021,1,district,ysr kadapa district,14345722
andhra-pradesh,2021,1,district,prakasam district,14131160
andhra-pradesh,2021,1,district,east godavari district,13014709
andhra-pradesh,2021,2,district,visakhapatnam district,48454823
andhra-pradesh,2021,2,district,tirupati district,30980505
andhra-pradesh,2021,2,district,ntr district,29689187
andhra-pradesh,2021,2,district,guntur district,24747647
andhra-pradesh,2021,2,district,sri potti sriramulu nellore district,24530930
andhra-pradesh,2021,2,district,ananthapuramu district,21057300
andhra-pradesh,2021,2,district,kakinada district,19741064
andhra-pradesh,2021,2,district,prakasam district,19250933
andhra-pradesh,2021,2,district,ysr kadapa district,18439325
andhra-pradesh,2021,2,district,kurnool district,16410073
andhra-pradesh,2021,3,district,visakhapatnam district,63039715
andhra-pradesh,2021,3,district,tirupati district,38846695
andhra-pradesh,2021,3,district,ntr district,38458766
andhra-pradesh,2021,3,district,guntur district,32106421
andhra-pradesh,2021,3,district,sri potti sriramulu nellore district,30057781
andhra-pradesh,2021,3,district,ananthapuramu district,25568844
andhra-pradesh,2021,3,district,kakinada district,24195152
andhra-pradesh,2021,3,district,prakasam district,22974745
andhra-pradesh,2021,3,district,ysr kadapa district,22072562
andhra-pradesh,2021,3,district,east godavari district,20457292
andhra-pradesh,2021,4,district,visakhapatnam district,66906832
andhra-pradesh,2021,4,district,ntr district,41842381
andhra-pradesh,2021,4,district,tirupati district,40076285
andhra-pradesh,2021,4,district,guntur district,34544771
andhra-pradesh,2021,4,district,sri potti sriramulu nellore district,30117139
andhra-pradesh,2021,4,district,ananthapuramu district,26364698
andhra-pradesh,2021,4,district,kakinada district,25694303
andhra-pradesh,2021,4,district,prakasam district,22731436
andhra-pradesh,2021,4,district,ysr kadapa district,22458765
andhra-pradesh,2021,4,district,east godavari district,21899548
andhra-pradesh,2022,1,district,visakhapatnam district,81109511
andhra-pradesh,2022,1,district,ntr district,52027287
andhra-pradesh,2022,1,district,tirupati district,51842696
andhra-pradesh,2022,1,district,guntur district,43199918
andhra-pradesh,2022,1,district,sri potti sriramulu nellore district,38330221
andhra-pradesh,2022,1,district,ananthapuramu district,33168908
andhra-pradesh,2022,1,district,kakinada district,32037788
andhra-pradesh,2022,1,district,prakasam district,28917667
andhra-pradesh,2022,1,district,ysr kadapa district,28481338
andhra-pradesh,2022,1,district,east godavari district,27335566
andhra-pradesh,2022,2,district,visakhapatnam district,93926790
andhra-pradesh,2022,2,district,ntr district,61548989
andhra-pradesh,2022,2,district,tirupati district,60039785
andhra-pradesh,2022,2,district,guntur district,50903979
andhra-pradesh,2022,2,district,sri potti sriramulu nellore district,44027676
andhra-pradesh,2022,2,district,ananthapuramu district,37745097
andhra-pradesh,2022,2,district,kakinada district,37470828
andhra-pradesh,2022,2,district,prakasam district,33525083
andhra-pradesh,2022,2,district,ysr kadapa district,31952976
andhra-pradesh,2022,2,district,east godavari district,31897031
andhra-pradesh,2022,3,district,visakhapatnam district,107714630
andhra-pradesh,2022,3,district,ntr district,70833077
andhra-pradesh,2022,3,district,tirupati district,68885179
andhra-pradesh,2022,3,district,guntur district,58325107
andhra-pradesh,2022,3,district,sri potti sriramulu nellore district,50534408
andhra-pradesh,2022,3,district,ananthapuramu district,43285476
andhra-pradesh,2022,3,district,kakinada district,42364852
andhra-pradesh,2022,3,district,prakasam district,38203795
andhra-pradesh,2022,3,district,ysr kadapa district,36875702
andhra-pradesh,2022,3,district,east godavari district,36682313
andhra-pradesh,2022,4,district,visakhapatnam district,115165923
andhra-pradesh,2022,4,district,ntr district,77334285
andhra-pradesh,2022,4,district,tirupati district,73372606
andhra-pradesh,2022,4,district,guntur district,63465288
andhra-pradesh,2022,4,district,sri potti sriramulu nellore district,52452186
andhra-pradesh,2022,4,district,kakinada district,46494159
andhra-pradesh,2022,4,district,ananthapuramu district,46114169
andhra-pradesh,2022,4,district,east godavari district,40449813
andhra-pradesh,2022,4,district,prakasam district,39772884
andhra-pradesh,2022,4,district,ysr kadapa district,39476958
andhra-pradesh,2023,1,district,visakhapatnam district,124278749
andhra-pradesh,2023,1,district,ntr district,84119568
andhra-pradesh,2023,1,district,tirupati district,81849394
andhra-pradesh,2023,1,district,guntur district,69143035
andhra-pradesh,2023,1,district,sri potti sriramulu nellore district,58408964
andhra-pradesh,2023,1,district,kakinada district,51312184
andhra-pradesh,2023,1,district,ananthapuramu district,50713530
andhra-pradesh,2023,1,district,prakasam district,44647293
andhra-pradesh,2023,1,district,east godavari district,44570126
andhra-pradesh,2023,1,district,ysr kadapa district,43691505
andhra-pradesh,2023,2,district,visakhapatnam district,139827288
andhra-pradesh,2023,2,district,ntr district,96758533
andhra-pradesh,2023,2,district,tirupati district,92593052
andhra-pradesh,2023,2,district,guntur district,79429843
andhra-pradesh,2023,2,district,sri potti sriramulu nellore district,67096855
andhra-pradesh,2023,2,district,kakinada district,57988086
andhra-pradesh,2023,2,district,ananthapuramu district,56759923
andhra-pradesh,2023,2,district,prakasam district,51202929
andhra-pradesh,2023,2,district,east godavari district,51141450
andhra-pradesh,2023,2,district,eluru district,49086201
andhra-pradesh,2023,3,district,visakhapatnam district,159437793
andhra-pradesh,2023,3,district,ntr district,109897358
andhra-pradesh,2023,3,district,tirupati district,106117476
andhra-pradesh,2023,3,district,guntur district,91207290
andhra-pradesh,2023,3,district,sri potti sriramulu nellore district,76928501
andhra-pradesh,2023,3,district,kakinada district,65785990
andhra-pradesh,2023,3,district,ananthapuramu district,65327732
andhra-pradesh,2023,3,district,prakasam district,59162933
andhra-pradesh,2023,3,district,east godavari district,58325311
andhra-pradesh,2023,3,district,ysr kadapa district,55549825
andhra-pradesh,2023,4,district,visakhapatnam district,167724123
andhra-pradesh,2023,4,district,ntr district,118127215
andhra-pradesh,2023,4,district,tirupati district,111396042
andhra-pradesh,2023,4,district,guntur district,97298223
andhra-pradesh,2023,4,district,sri potti sriramulu nellore district,79782668
andhra-pradesh,2023,4,district,kakinada district,71398891
andhra-pradesh,2023,4,district,ananthapuramu district,71005920
andhra-pradesh,2023,4,district,east godavari district,63886670
andhra-pradesh,2023,4,district,prakasam district,62817426
andhra-pradesh,2023,4,district,ysr kadapa district,61528003
andhra-pradesh,2024,1,district,visakhapatnam district,175655650
andhra-pradesh,2024,1,district,ntr district,124830332
andhra-pradesh,2024,1,district,tirupati district,123906950
andhra-pradesh,2024,1,district,guntur district,104129208
andhra-pradesh,2024,1,district,sri potti sriramulu nellore district,87979993
andhra-pradesh,2024,1,district,kakinada district,78780857
andhra-pradesh,2024,1,district,ananthapuramu district,77881728
andhra-pradesh,2024,1,district,east godavari district,69848775
andhra-pradesh,2024,1,district,prakasam district,69776429
andhra-pradesh,2024,1,district,ysr kadapa district,69482367
andhra-pradesh,2024,2,district,visakhapatnam district,191834047
andhra-pradesh,2024,2,district,ntr district,137782795
andhra-pradesh,2024,2,district,tirupati district,134099726
andhra-pradesh,2024,2,district,guntur district,114157678
andhra-pradesh,2024,2,district,sri potti sriramulu nellore district,98046996
andhra-pradesh,2024,2,district,kakinada district,87154247
andhra-pradesh,2024,2,district,ananthapuramu district,84870983
andhra-pradesh,2024,2,district,prakasam district,78136541
andhra-pradesh,2024,2,district,east godavari district,77598352
andhra-pradesh,2024,2,district,eluru district,76244738
andhra-pradesh,2024,3,district,visakhapatnam district,212356668
andhra-pradesh,2024,3,district,ntr district,151258035
andhra-pradesh,2024,3,district,tirupati district,149572873
andhra-pradesh,2024,3,district,guntur district,127614104
andhra-pradesh,2024,3,district,sri potti sriramulu nellore district,106651831
andhra-pradesh,2024,3,district,kakinada district,95401620
andhra-pradesh,2024,3,district,ananthapuramu district,91661636
andhra-pradesh,2024,3,district,prakasam district,85091416
andhra-pradesh,2024,3,district,east godavari district,85013782
andhra-pradesh,2024,3,district,eluru district,81038219
andhra-pradesh,2024,4,district,visakhapatnam district,229118289
andhra-pradesh,2024,4,district,ntr district,170796186
andhra-pradesh,2024,4,district,tirupati district,159342786
andhra-pradesh,2024,4,district,guntur district,139494995
andhra-pradesh,2024,4,district,sri potti sriramulu nellore district,114132012
andhra-pradesh,2024,4,district,kakinada district,106810416
andhra-pradesh,2024,4,district,ananthapuramu district,100555237
andhra-pradesh,2024,4,district,east godavari district,96263748
andhra-pradesh,2024,4,district,eluru district,91959692
andhra-pradesh,2024,4,district,prakasam district,90848572
andhra-pradesh,2025,1,district,visakhapatnam district,238452436
andhra-pradesh,2025,1,district,ntr district,179009546
andhra-pradesh,2025,1,district,tirupati district,171149431
andhra-pradesh,2025,1,district,guntur district,146274049
andhra-pradesh,2025,1,district,sri potti sriramulu nellore district,123309690
andhra-pradesh,2025,1,district,kakinada district,111624699
andhra-pradesh,2025,1,district,ananthapuramu district,108493610
andhra-pradesh,2025,1,district,east godavari district,99201321
andhra-pradesh,2025,1,district,prakasam district,96538927
andhra-pradesh,2025,1,district,eluru district,94862633
andhra-pradesh,2025,2,district,visakhapatnam district,243457106
andhra-pradesh,2025,2,district,ntr district,184409022
andhra-pradesh,2025,2,district,tirupati district,175797928
andhra-pradesh,2025,2,district,guntur district,151081138
andhra-pradesh,2025,2,district,sri potti sriramulu nellore district,128216651
andhra-pradesh,2025,2,district,kakinada district,116595186
andhra-pradesh,2025,2,district,ananthapuramu district,111821009
andhra-pradesh,2025,2,district,east godavari district,104245067
andhra-pradesh,2025,2,district,prakasam district,102193627
andhra-pradesh,2025,2,district,eluru district,102175380
andhra-pradesh,2025,3,district,visakhapatnam district,267361679
andhra-pradesh,2025,3,district,ntr district,198876470
andhra-pradesh,2025,3,district,tirupati district,189971325
andhra-pradesh,2025,3,district,guntur district,164387603
andhra-pradesh,2025,3,district,sri potti sriramulu nellore district,138098043
andhra-pradesh,2025,3,district,kakinada district,124013010
andhra-pradesh,2025,3,district,ananthapuramu district,119699526
andhra-pradesh,2025,3,district,east godavari district,111790848
andhra-pradesh,2025,3,district,prakasam district,109720281
andhra-pradesh,2025,3,district,eluru district,106253328
andhra-pradesh,2025,4,district,visakhapatnam district,279278830
andhra-pradesh,2025,4,district,ntr district,216404261
andhra-pradesh,2025,4,district,tirupati district,199211940
andhra-pradesh,2025,4,district,guntur district,179388355
andhra-pradesh,2025,4,district,sri potti sriramulu nellore district,141872623
andhra-pradesh,2025,4,district,kakinada district,131986483
andhra-pradesh,2025,4,district,ananthapuramu district,127054190
andhra-pradesh,2025,4,district,east godavari district,121737303
andhra-pradesh,2025,4,district,eluru district,114865568
andhra-pradesh,2025,4,district,prakasam district,112353406
andhra-pradesh,2026,1,district,visakhapatnam district,286270738
andhra-pradesh,2026,1,district,ntr district,222832715
andhra-pradesh,2026,1,district,tirupati district,211434880
andhra-pradesh,2026,1,district,guntur district,187148603
andhra-pradesh,2026,1,district,sri potti sriramulu nellore district,152707700
andhra-pradesh,2026,1,district,kakinada district,139653754
andhra-pradesh,2026,1,district,ananthapuramu district,134752991
andhra-pradesh,2026,1,district,east godavari district,127045400
andhra-pradesh,2026,1,district,prakasam district,121369372
andhra-pradesh,2026,1,district,eluru district,121039764
andhra-pradesh,2026,2,district,visakhapatnam district,304675634
andhra-pradesh,2026,2,district,ntr district,237905762
andhra-pradesh,2026,2,district,tirupati district,225322514
andhra-pradesh,2026,2,district,guntur district,198471270
andhra-pradesh,2026,2,district,sri potti sriramulu nellore district,167305685
andhra-pradesh,2026,2,district,kakinada district,150675340
andhra-pradesh,2026,2,district,ananthapuramu district,140056538
andhra-pradesh,2026,2,district,east godavari district,137797638
andhra-pradesh,2026,2,district,eluru district,131965615
andhra-pradesh,2026,2,district,prakasam district,128930871
arunachal-pradesh,2018,1,district,itanagar capital complex district,12160
arunachal-pradesh,2018,1,district,west kameng district,7926
arunachal-pradesh,2018,1,district,papum pare district,4718
arunachal-pradesh,2018,1,district,east siang district,4416
arunachal-pradesh,2018,1,district,namsai district,3947
arunachal-pradesh,2018,1,district,changlang district,3777
arunachal-pradesh,2018,1,district,longding district,3081
arunachal-pradesh,2018,1,district,tawang district,2996
arunachal-pradesh,2018,1,district,lohit district,2695
arunachal-pradesh,2018,1,district,west siang district,2424
arunachal-pradesh,2018,2,district,itanagar capital complex district,22491
arunachal-pradesh,2018,2,district,west kameng district,13939
arunachal-pradesh,2018,2,district,namsai district,8298
arunachal-pradesh,2018,2,district,east siang district,8186
arunachal-pradesh,2018,2,district,papum pare district,7826
arunachal-pradesh,2018,2,district,changlang district,7019
arunachal-pradesh,2018,2,district,tawang district,6874
arunachal-pradesh,2018,2,district,longding district,5785
arunachal-pradesh,2018,2,district,lohit district,4405
arunachal-pradesh,2018,2,district,west siang district,3221
arunachal-pradesh,2018,3,district,itanagar capital complex district,34125
arunachal-pradesh,2018,3,district,west kameng district,21949
arunachal-pradesh,2018,3,district,papum pare district,17224
arunachal-pradesh,2018,3,district,east siang district,12861
arunachal-pradesh,2018,3,district,namsai district,12205
arunachal-pradesh,2018,3,district,tawang district,11569
arunachal-pradesh,2018,3,district,changlang district,11129
arunachal-pradesh,2018,3,district,lohit district,8351
arunachal-pradesh,2018,3,district,longding district,6524
arunachal-pradesh,2018,3,district,west siang district,4273
arunachal-pradesh,2018,4,district,itanagar capital complex district,49616
arunachal-pradesh,2018,4,district,west kameng district,33967
arunachal-pradesh,2018,4,district,papum pare district,17129
arunachal-pradesh,2018,4,district,namsai district,16647
arunachal-pradesh,2018,4,district,east siang district,16606
arunachal-pradesh,2018,4,district,changlang district,16096
arunachal-pradesh,2018,4,district,tawang district,14875
arunachal-pradesh,2018,4,district,lohit district,10588
arunachal-pradesh,2018,4,district,longding district,8380
arunachal-pradesh,2018,4,district,tirap district,7210
arunachal-pradesh,2019,1,district,itanagar capital complex district,63047
arunachal-pradesh,2019,1,district,west kameng district,46620
arunachal-pradesh,2019,1,district,papum pare district,24933
arunachal-pradesh,2019,1,district,east siang district,21561
arunachal-pradesh,2019,1,district,changlang district,20436
arunachal-pradesh,2019,1,district,namsai district,17782
arunachal-pradesh,2019,1,district,tawang district,17608
arunachal-pradesh,2019,1,district,lohit district,13565
arunachal-pradesh,2019,1,district,longding district,9624
arunachal-pradesh,2019,1,district,tirap district,9046
arunachal-pradesh,2019,2,district,itanagar capital complex district,87869
arunachal-pradesh,2019,2,district,west kameng district,60013
arunachal-pradesh,2019,2,district,papum pare district,30046
arunachal-pradesh,2019,2,district,east siang district,27239
arunachal-pradesh,2019,2,district,changlang district,25840
arunachal-pradesh,2019,2,district,tawang district,24969
arunachal-pradesh,2019,2,district,namsai district,24371
arunachal-pradesh,2019,2,district,lohit district,18746
arunachal-pradesh,2019,2,district,west siang district,12574
arunachal-pradesh,2019,2,district,tirap district,10493
arunachal-pradesh,2019,3,district,itanagar capital complex district,107275
arunachal-pradesh,2019,3,district,west kameng district,70085
arunachal-pradesh,2019,3,district,papum pare district,33781
arunachal-pradesh,2019,3,district,changlang district,32315
arunachal-pradesh,2019,3,district,east siang district,30991
arunachal-pradesh,2019,3,district,tawang district,29958
arunachal-pradesh,2019,3,district,namsai district,25161
arunachal-pradesh,2019,3,district,lohit district,20941
arunachal-pradesh,2019,3,district,west siang district,14531
arunachal-pradesh,2019,3,district,tirap district,13297
arunachal-pradesh,2019,4,district,itanagar capital complex district,131929
arunachal-pradesh,2019,4,district,west kameng district,87399
arunachal-pradesh,2019,4,district,papum pare district,41830
arunachal-pradesh,2019,4,district,changlang district,37982
arunachal-pradesh,2019,4,district,tawang district,37212
arunachal-pradesh,2019,4,district,east siang district,36930
arunachal-pradesh,2019,4,district,namsai district,34054
arunachal-pradesh,2019,4,district,lohit district,24740
arunachal-pradesh,2019,4,district,tirap district,19738
arunachal-pradesh,2019,4,district,west siang district,18370
arunachal-pradesh,2020,1,district,itanagar capital complex district,161382
arunachal-pradesh,2020,1,district,west kameng district,98998
arunachal-pradesh,2020,1,district,papum pare district,53273
arunachal-pradesh,2020,1,district,changlang district,49138
arunachal-pradesh,2020,1,district,east siang district,45834
arunachal-pradesh,2020,1,district,namsai district,42499
arunachal-pradesh,2020,1,district,tawang district,39456
arunachal-pradesh,2020,1,district,lohit district,31331
arunachal-pradesh,2020,1,district,west siang district,24497
arunachal-pradesh,2020,1,district,tirap district,21657
arunachal-pradesh,2020,2,district,itanagar capital complex district,208246
arunachal-pradesh,2020,2,district,west kameng district,123323
arunachal-pradesh,2020,2,district,changlang district,76440
arunachal-pradesh,2020,2,district,east siang district,71100
arunachal-pradesh,2020,2,district,namsai district,62696
arunachal-pradesh,2020,2,district,papum pare district,55562
arunachal-pradesh,2020,2,district,tawang district,53986
arunachal-pradesh,2020,2,district,lohit district,46201
arunachal-pradesh,2020,2,district,west siang district,39863
arunachal-pradesh,2020,2,district,tirap district,34159
arunachal-pradesh,2020,3,district,itanagar capital complex district,259802
arunachal-pradesh,2020,3,district,west kameng district,146418
arunachal-pradesh,2020,3,district,east siang district,92878
arunachal-pradesh,2020,3,district,changlang district,84179
arunachal-pradesh,2020,3,district,papum pare district,70683
arunachal-pradesh,2020,3,district,tawang district,69610
arunachal-pradesh,2020,3,district,namsai district,67929
arunachal-pradesh,2020,3,district,lohit district,59204
arunachal-pradesh,2020,3,district,west siang district,42036
arunachal-pradesh,2020,3,district,tirap district,36389
arunachal-pradesh,2020,4,district,itanagar capital complex district,332191
arunachal-pradesh,2020,4,district,west kameng district,163322
arunachal-pradesh,2020,4,district,east siang district,112057
arunachal-pradesh,2020,4,district,changlang district,92718
arunachal-pradesh,2020,4,district,papum pare district,87659
arunachal-pradesh,2020,4,district,namsai district,79881
arunachal-pradesh,2020,4,district,tawang district,79032
arunachal-pradesh,2020,4,district,lohit district,68678
arunachal-pradesh,2020,4,district,west siang district,53233
arunachal-pradesh,2020,4,district,tirap district,41299
arunachal-pradesh,2021,1,district,itanagar capital complex district,359834
arunachal-pradesh,2021,1,district,west kameng district,174102
arunachal-pradesh,2021,1,district,east siang district,119264
arunachal-pradesh,2021,1,district,papum pare district,109967
arunachal-pradesh,2021,1,district,changlang district,99456
arunachal-pradesh,2021,1,district,namsai district,86541
arunachal-pradesh,2021,1,district,tawang district,73545
arunachal-pradesh,2021,1,district,lohit district,72998
arunachal-pradesh,2021,1,district,west siang district,57765
arunachal-pradesh,2021,1,district,tirap district,42731
arunachal-pradesh,2021,2,district,itanagar capital complex district,509811
arunachal-pradesh,2021,2,district,west kameng district,247571
arunachal-pradesh,2021,2,district,east siang district,162149
arunachal-pradesh,2021,2,district,papum pare district,145577
arunachal-pradesh,2021,2,district,changlang district,140516
arunachal-pradesh,2021,2,district,namsai district,131297
arunachal-pradesh,2021,2,district,lohit district,102252
arunachal-pradesh,2021,2,district,tawang district,100927
arunachal-pradesh,2021,2,district,west siang district,84593
arunachal-pradesh,2021,2,district,tirap district,65346
arunachal-pradesh,2021,3,district,itanagar capital complex district,641792
arunachal-pradesh,2021,3,district,west kameng district,311780
arunachal-pradesh,2021,3,district,east siang district,198933
arunachal-pradesh,2021,3,district,papum pare district,178672
arunachal-pradesh,2021,3,district,changlang district,157628
arunachal-pradesh,2021,3,district,namsai district,152920
arunachal-pradesh,2021,3,district,tawang district,127254
arunachal-pradesh,2021,3,district,lohit district,126411
arunachal-pradesh,2021,3,district,west siang district,94887
arunachal-pradesh,2021,3,district,upper subansiri district,65983
arunachal-pradesh,2021,4,district,itanagar capital complex district,733017
arunachal-pradesh,2021,4,district,west kameng district,315970
arunachal-pradesh,2021,4,district,east siang district,222511
arunachal-pradesh,2021,4,district,papum pare district,219501
arunachal-pradesh,2021,4,district,namsai district,168767
arunachal-pradesh,2021,4,district,changlang district,168089
arunachal-pradesh,2021,4,district,lohit district,132660
arunachal-pradesh,2021,4,district,tawang district,119858
arunachal-pradesh,2021,4,district,west siang district,99001
arunachal-pradesh,2021,4,district,lower dibang valley district,70633
arunachal-pradesh,2022,1,district,itanagar capital complex district,1038103
arunachal-pradesh,2022,1,district,west kameng district,353217
arunachal-pradesh,2022,1,district,papum pare district,323399
arunachal-pradesh,2022,1,district,east siang district,292026
arunachal-pradesh,2022,1,district,changlang district,216407
arunachal-pradesh,2022,1,district,namsai district,213271
arunachal-pradesh,2022,1,district,lohit district,177199
arunachal-pradesh,2022,1,district,west siang district,128395
arunachal-pradesh,2022,1,district,tawang district,118687
arunachal-pradesh,2022,1,district,lower dibang valley district,100337
arunachal-pradesh,2022,2,district,itanagar capital complex district,1466391
arunachal-pradesh,2022,2,district,west kameng district,488727
arunachal-pradesh,2022,2,district,papum pare district,459111
arunachal-pradesh,2022,2,district,east siang district,379122
arunachal-pradesh,2022,2,district,namsai district,276436
arunachal-pradesh,2022,2,district,changlang district,262377
arunachal-pradesh,2022,2,district,lohit district,243304
arunachal-pradesh,2022,2,district,tawang district,185294
arunachal-pradesh,2022,2,district,west siang district,171539
arunachal-pradesh,2022,2,district,lower dibang valley district,126587
arunachal-pradesh,2022,3,district,itanagar capital complex district,1946165
arunachal-pradesh,2022,3,district,west kameng district,646014
arunachal-pradesh,2022,3,district,papum pare district,605750
arunachal-pradesh,2022,3,district,east siang district,491961
arunachal-pradesh,2022,3,district,changlang district,324448
arunachal-pradesh,2022,3,district,namsai district,319419
arunachal-pradesh,2022,3,district,lohit district,300401
arunachal-pradesh,2022,3,district,tawang district,227319
arunachal-pradesh,2022,3,district,west siang district,226269
arunachal-pradesh,2022,3,district,lower dibang valley district,160700
arunachal-pradesh,2022,4,district,itanagar capital complex district,2282739
arunachal-pradesh,2022,4,district,papum pare district,731967
arunachal-pradesh,2022,4,district,west kameng district,723152
arunachal-pradesh,2022,4,district,east siang district,561824
arunachal-pradesh,2022,4,district,namsai district,390698
arunachal-pradesh,2022,4,district,changlang district,381458
arunachal-pradesh,2022,4,district,lohit district,349855
arunachal-pradesh,2022,4,district,west siang district,293382
arunachal-pradesh,2022,4,district,tawang district,256856
arunachal-pradesh,2022,4,district,lower dibang valley district,194199
arunachal-pradesh,2023,1,district,itanagar capital complex district,2565021
arunachal-pradesh,2023,1,district,papum pare district,840988
arunachal-pradesh,2023,1,district,west kameng district,743048
arunachal-pradesh,2023,1,district,east siang district,587460
arunachal-pradesh,2023,1,district,changlang district,480065
arunachal-pradesh,2023,1,district,namsai district,434747
arunachal-pradesh,2023,1,district,lohit district,397539
arunachal-pradesh,2023,1,district,west siang district,344267
arunachal-pradesh,2023,1,district,tawang district,254718
arunachal-pradesh,2023,1,district,lower dibang valley district,232076
arunachal-pradesh,2023,2,district,itanagar capital complex district,3324727
arunachal-pradesh,2023,2,district,papum pare district,1070283
arunachal-pradesh,2023,2,district,west kameng district,979155
arunachal-pradesh,2023,2,district,east siang district,760305
arunachal-pradesh,2023,2,district,changlang district,601032
arunachal-pradesh,2023,2,district,namsai district,554174
arunachal-pradesh,2023,2,district,west siang district,489787
arunachal-pradesh,2023,2,district,lohit district,485077
arunachal-pradesh,2023,2,district,tawang district,363898
arunachal-pradesh,2023,2,district,lower dibang valley district,295817
arunachal-pradesh,2023,3,district,itanagar capital complex district,4182394
arunachal-pradesh,2023,3,district,papum pare district,1301119
arunachal-pradesh,2023,3,district,west kameng district,1150518
arunachal-pradesh,2023,3,district,east siang district,883745
arunachal-pradesh,2023,3,district,changlang district,679255
arunachal-pradesh,2023,3,district,namsai district,634502
arunachal-pradesh,2023,3,district,west siang district,587961
arunachal-pradesh,2023,3,district,lohit district,559391
arunachal-pradesh,2023,3,district,tawang district,442920
arunachal-pradesh,2023,3,district,lower subansiri district,367275
arunachal-pradesh,2023,4,district,itanagar capital complex district,4564117
arunachal-pradesh,2023,4,district,papum pare district,1451433
arunachal-pradesh,2023,4,district,west kameng district,1322119
arunachal-pradesh,2023,4,district,east siang district,1016208
arunachal-pradesh,2023,4,district,changlang district,768301
arunachal-pradesh,2023,4,district,west siang district,722702
arunachal-pradesh,2023,4,district,namsai district,710237
arunachal-pradesh,2023,4,district,lohit district,621657
arunachal-pradesh,2023,4,district,tawang district,532104
arunachal-pradesh,2023,4,district,lower subansiri district,426574
arunachal-pradesh,2024,1,district,itanagar capital complex district,5054573
arunachal-pradesh,2024,1,district,papum pare district,1635366
arunachal-pradesh,2024,1,district,west kameng district,1387894
arunachal-pradesh,2024,1,district,east siang district,1107179
arunachal-pradesh,2024,1,district,changlang district,873362
arunachal-pradesh,2024,1,district,west siang district,829382
arunachal-pradesh,2024,1,district,namsai district,794773
arunachal-pradesh,2024,1,district,lohit district,672667
arunachal-pradesh,2024,1,district,lower dibang valley district,493502
arunachal-pradesh,2024,1,district,tawang district,492079
arunachal-pradesh,2024,2,district,itanagar capital complex district,5925713
arunachal-pradesh,2024,2,district,papum pare district,1941133
arunachal-pradesh,2024,2,district,west kameng district,1694772
arunachal-pradesh,2024,2,district,east siang district,1341041
arunachal-pradesh,2024,2,district,west siang district,1011378
arunachal-pradesh,2024,2,district,changlang district,1007429
arunachal-pradesh,2024,2,district,namsai district,953387
arunachal-pradesh,2024,2,district,lohit district,800980
arunachal-pradesh,2024,2,district,tawang district,673546
arunachal-pradesh,2024,2,district,upper subansiri district,587033
arunachal-pradesh,2024,3,district,itanagar capital complex district,7475850
arunachal-pradesh,2024,3,district,papum pare district,2361191
arunachal-pradesh,2024,3,district,west kameng district,1976790
arunachal-pradesh,2024,3,district,east siang district,1602729
arunachal-pradesh,2024,3,district,west siang district,1233205
arunachal-pradesh,2024,3,district,namsai district,1182778
arunachal-pradesh,2024,3,district,changlang district,1151307
arunachal-pradesh,2024,3,district,lohit district,933930
arunachal-pradesh,2024,3,district,tawang district,822050
arunachal-pradesh,2024,3,district,lower subansiri district,740999
arunachal-pradesh,2024,4,district,itanagar capital complex district,7936470
arunachal-pradesh,2024,4,district,papum pare district,2419032
arunachal-pradesh,2024,4,district,west kameng district,2065083
arunachal-pradesh,2024,4,district,east siang district,1807972
arunachal-pradesh,2024,4,district,west siang district,1416410
arunachal-pradesh,2024,4,district,namsai district,1333169
arunachal-pradesh,2024,4,district,changlang district,1275811
arunachal-pradesh,2024,4,district,lohit district,1024996
arunachal-pradesh,2024,4,district,tawang district,919164
arunachal-pradesh,2024,4,district,lower dibang valley district,784878
arunachal-pradesh,2025,1,district,itanagar capital complex district,8246307
arunachal-pradesh,2025,1,district,papum pare district,2574928
arunachal-pradesh,2025,1,district,west kameng district,2144225
arunachal-pradesh,2025,1,district,east siang district,1963188
arunachal-pradesh,2025,1,district,namsai district,1487847
arunachal-pradesh,2025,1,district,west siang district,1486604
arunachal-pradesh,2025,1,district,changlang district,1436097
arunachal-pradesh,2025,1,district,lohit district,1074170
arunachal-pradesh,2025,1,district,lower dibang valley district,876800
arunachal-pradesh,2025,1,district,upper subansiri district,828169
arunachal-pradesh,2025,2,district,itanagar capital complex district,9032092
arunachal-pradesh,2025,2,district,papum pare district,2825280
arunachal-pradesh,2025,2,district,west kameng district,2491357
arunachal-pradesh,2025,2,district,east siang district,2131855
arunachal-pradesh,2025,2,district,west siang district,1671854
arunachal-pradesh,2025,2,district,namsai district,1579770
arunachal-pradesh,2025,2,district,changlang district,1464248
arunachal-pradesh,2025,2,district,lohit district,1163477
arunachal-pradesh,2025,2,district,tawang district,1113845
arunachal-pradesh,2025,2,district,lower dibang valley district,936754
arunachal-pradesh,2025,3,district,itanagar capital complex district,10520042
arunachal-pradesh,2025,3,district,papum pare district,3236534
arunachal-pradesh,2025,3,district,west kameng district,2867050
arunachal-pradesh,2025,3,district,east siang district,2485403
arunachal-pradesh,2025,3,district,west siang district,1882799
arunachal-pradesh,2025,3,district,namsai district,1810638
arunachal-pradesh,2025,3,district,changlang district,1629467
arunachal-pradesh,2025,3,district,lohit district,1341433
arunachal-pradesh,2025,3,district,tawang district,1291858
arunachal-pradesh,2025,3,district,lower subansiri district,1091778
arunachal-pradesh,2025,4,district,itanagar capital complex district,10063605
arunachal-pradesh,2025,4,district,papum pare district,3167079
arunachal-pradesh,2025,4,district,west kameng district,2890864
arunachal-pradesh,2025,4,district,east siang district,2503709
arunachal-pradesh,2025,4,district,west siang district,1896024
arunachal-pradesh,2025,4,district,namsai district,1763826
arunachal-pradesh,2025,4,district,changlang district,1714886
arunachal-pradesh,2025,4,district,tawang district,1346709
arunachal-pradesh,2025,4,district,lohit district,1326505
arunachal-pradesh,2025,4,district,upper subansiri district,1121571
arunachal-pradesh,2026,1,district,itanagar capital complex district,10396670
arunachal-pradesh,2026,1,district,papum pare district,3237657
arunachal-pradesh,2026,1,district,west kameng district,2731722
arunachal-pradesh,2026,1,district,east siang district,2478078
arunachal-pradesh,2026,1,district,west siang district,1876394
arunachal-pradesh,2026,1,district,namsai district,1836115
arunachal-pradesh,2026,1,district,changlang district,1753962
arunachal-pradesh,2026,1,district,lohit district,1400144
arunachal-pradesh,2026,1,district,lower dibang valley district,1139528
arunachal-pradesh,2026,1,district,tawang district,1133263
arunachal-pradesh,2026,2,district,itanagar capital complex district,11925439
arunachal-pradesh,2026,2,district,papum pare district,3663025
arunachal-pradesh,2026,2,district,west kameng district,3063367
arunachal-pradesh,2026,2,district,east siang district,2793491
arunachal-pradesh,2026,2,district,west siang district,2057515
arunachal-pradesh,2026,2,district,namsai district,1998330
arunachal-pradesh,2026,2,district,changlang district,1881575
arunachal-pradesh,2026,2,district,lohit district,1510531
arunachal-pradesh,2026,2,district,tawang district,1396678
arunachal-pradesh,2026,2,district,lower dibang valley district,1257423
assam,2018,1,district,kamrup metropolitan district,217801
assam,2018,1,district,morigaon district,95235
assam,2018,1,district,nagaon district,73496
assam,2018,1,district,cachar district,68896
assam,2018,1,district,kamrup district,66181
assam,2018,1,district,barpeta district,63239
assam,2018,1,district,sonitpur district,61354
assam,2018,1,district,dibrugarh district,54728
assam,2018,1,district,tinsukia district,52768
assam,2018,1,district,jorhat district,41647
assam,2018,2,district,kamrup metropolitan district,351389
assam,2018,2,district,morigaon district,128672
assam,2018,2,district,nagaon district,115963
assam,2018,2,district,cachar district,101754
assam,2018,2,district,kamrup district,99895
assam,2018,2,district,barpeta district,98256
assam,2018,2,district,sonitpur district,95073
assam,2018,2,district,dibrugarh district,84348
assam,2018,2,district,tinsukia district,83256
assam,2018,2,district,jorhat district,66201
assam,2018,3,district,kamrup metropolitan district,494917
assam,2018,3,district,kamrup district,145739
assam,2018,3,district,nagaon district,145682
assam,2018,3,district,cachar district,144777
assam,2018,3,district,barpeta district,139668
assam,2018,3,district,sonitpur district,130287
assam,2018,3,district,morigaon district,117846
assam,2018,3,district,dibrugarh district,115716
assam,2018,3,district,tinsukia district,112454
assam,2018,3,district,jorhat district,97029
assam,2018,4,district,kamrup metropolitan district,754552
assam,2018,4,district,nagaon district,380462
assam,2018,4,district,barpeta district,221592
assam,2018,4,district,kamrup district,213749
assam,2018,4,district,cachar district,211521
assam,2018,4,district,morigaon district,209655
assam,2018,4,district,sonitpur district,190280
assam,2018,4,district,dibrugarh district,174384
assam,2018,4,district,tinsukia district,160420
assam,2018,4,district,dhubri district,145794
assam,2019,1,district,kamrup metropolitan district,983320
assam,2019,1,district,nagaon district,283603
assam,2019,1,district,kamrup district,276892
assam,2019,1,district,barpeta district,267454
assam,2019,1,district,cachar district,251773
assam,2019,1,district,sonitpur district,232033
assam,2019,1,district,dibrugarh district,219910
assam,2019,1,district,tinsukia district,188754
assam,2019,1,district,morigaon district,187329
assam,2019,1,district,dhubri district,171795
assam,2019,2,district,kamrup metropolitan district,1215010
assam,2019,2,district,nagaon district,301447
assam,2019,2,district,kamrup district,285344
assam,2019,2,district,barpeta district,277574
assam,2019,2,district,sonitpur district,268546
assam,2019,2,district,cachar district,261458
assam,2019,2,district,dibrugarh district,243662
assam,2019,2,district,tinsukia district,226943
assam,2019,2,district,jorhat district,191624
assam,2019,2,district,morigaon district,187650
assam,2019,3,district,kamrup metropolitan district,1495271
assam,2019,3,district,sonitpur district,299273
assam,2019,3,district,cachar district,299006
assam,2019,3,district,kamrup district,293544
assam,2019,3,district,nagaon district,288792
assam,2019,3,district,dibrugarh district,271834
assam,2019,3,district,barpeta district,264575
assam,2019,3,district,tinsukia district,242548
assam,2019,3,district,jorhat district,205420
assam,2019,3,district,dhubri district,157546
assam,2019,4,district,kamrup metropolitan district,1670675
assam,2019,4,district,sonitpur district,351518
assam,2019,4,district,cachar district,340992
assam,2019,4,district,kamrup district,334380
assam,2019,4,district,nagaon district,327125
assam,2019,4,district,dibrugarh district,305813
assam,2019,4,district,barpeta district,298215
assam,2019,4,district,tinsukia district,279514
assam,2019,4,district,jorhat district,229175
assam,2019,4,district,dhubri district,184617
assam,2020,1,district,kamrup metropolitan district,1995221
assam,2020,1,district,cachar district,470952
assam,2020,1,district,sonitpur district,448131
assam,2020,1,district,kamrup district,429407
assam,2020,1,district,nagaon district,403055
assam,2020,1,district,barpeta district,373906
assam,2020,1,district,dibrugarh district,373715
assam,2020,1,district,tinsukia district,354690
assam,2020,1,district,jorhat district,285987
assam,2020,1,district,dhubri district,235193
assam,2020,2,district,kamrup metropolitan district,1625900
assam,2020,2,district,kamrup district,587077
assam,2020,2,district,sonitpur district,565474
assam,2020,2,district,nagaon district,554295
assam,2020,2,district,cachar district,533555
assam,2020,2,district,barpeta district,508828
assam,2020,2,district,tinsukia district,506422
assam,2020,2,district,dibrugarh district,504486
assam,2020,2,district,dhubri district,368099
assam,2020,2,district,jorhat district,365649
assam,2020,3,district,kamrup metropolitan district,2021707
assam,2020,3,district,sonitpur district,633615
assam,2020,3,district,cachar district,607066
assam,2020,3,district,kamrup district,590358
assam,2020,3,district,nagaon district,590109
assam,2020,3,district,barpeta district,574543
assam,2020,3,district,dibrugarh district,566455
assam,2020,3,district,tinsukia district,555385
assam,2020,3,district,jorhat district,390104
assam,2020,3,district,dhubri district,362419
assam,2020,4,district,kamrup metropolitan district,3100271
assam,2020,4,district,sonitpur district,746494
assam,2020,4,district,cachar district,731339
assam,2020,4,district,barpeta district,703890
assam,2020,4,district,kamrup district,700741
assam,2020,4,district,nagaon district,688742
assam,2020,4,district,dibrugarh district,659266
assam,2020,4,district,tinsukia district,644862
assam,2020,4,district,jorhat district,469738
assam,2020,4,district,dhubri district,441319
assam,2021,1,district,kamrup metropolitan district,3938998
assam,2021,1,district,barpeta district,864450
assam,2021,1,district,sonitpur district,847495
assam,2021,1,district,cachar district,822781
assam,2021,1,district,kamrup district,814723
assam,2021,1,district,nagaon district,796386
assam,2021,1,district,dibrugarh district,709470
assam,2021,1,district,tinsukia district,661955
assam,2021,1,district,dhubri district,574865
assam,2021,1,district,jorhat district,527940
assam,2021,2,district,kamrup metropolitan district,4194369
assam,2021,2,district,barpeta district,1301800
assam,2021,2,district,nagaon district,1126397
assam,2021,2,district,kamrup district,1126084
assam,2021,2,district,sonitpur district,1119241
assam,2021,2,district,cachar district,1038005
assam,2021,2,district,dibrugarh district,913177
assam,2021,2,district,dhubri district,903962
assam,2021,2,district,tinsukia district,879135
assam,2021,2,district,goalpara district,743737
assam,2021,3,district,kamrup metropolitan district,5816653
assam,2021,3,district,barpeta district,1685806
assam,2021,3,district,kamrup district,1455026
assam,2021,3,district,cachar district,1386690
assam,2021,3,district,nagaon district,1373697
assam,2021,3,district,sonitpur district,1347799
assam,2021,3,district,dibrugarh district,1121202
assam,2021,3,district,dhubri district,1109584
assam,2021,3,district,tinsukia district,1049666
assam,2021,3,district,goalpara district,881329
assam,2021,4,district,kamrup metropolitan district,7524557
assam,2021,4,district,barpeta district,2191089
assam,2021,4,district,kamrup district,1748386
assam,2021,4,district,cachar district,1708993
assam,2021,4,district,sonitpur district,1628212
assam,2021,4,district,nagaon district,1620842
assam,2021,4,district,dhubri district,1337169
assam,2021,4,district,dibrugarh district,1292225
assam,2021,4,district,tinsukia district,1148010
assam,2021,4,district,goalpara district,1088731
assam,2022,1,district,kamrup metropolitan district,10538143
assam,2022,1,district,barpeta district,3210367
assam,2022,1,district,kamrup district,2505167
assam,2022,1,district,cachar district,2479608
assam,2022,1,district,nagaon district,2280622
assam,2022,1,district,sonitpur district,2271255
assam,2022,1,district,dhubri district,1988145
assam,2022,1,district,dibrugarh district,1728682
assam,2022,1,district,goalpara district,1700295
assam,2022,1,district,darrang district,1617452
assam,2022,2,district,kamrup metropolitan district,13662746
assam,2022,2,district,barpeta district,4343509
assam,2022,2,district,kamrup district,3144462
assam,2022,2,district,nagaon district,2970484
assam,2022,2,district,sonitpur district,2954938
assam,2022,2,district,cachar district,2952199
assam,2022,2,district,dhubri district,2770864
assam,2022,2,district,darrang district,2439985
assam,2022,2,district,dibrugarh district,2218714
assam,2022,2,district,goalpara district,2189679
assam,2022,3,district,kamrup metropolitan district,17917901
assam,2022,3,district,barpeta district,5422240
assam,2022,3,district,kamrup district,4062975
assam,2022,3,district,cachar district,4060709
assam,2022,3,district,dhubri district,3898617
assam,2022,3,district,nagaon district,3853663
assam,2022,3,district,sonitpur district,3740217
assam,2022,3,district,goalpara district,2938555
assam,2022,3,district,dibrugarh district,2924317
assam,2022,3,district,darrang district,2887998
assam,2022,4,district,kamrup metropolitan district,20275041
assam,2022,4,district,barpeta district,6031919
assam,2022,4,district,cachar district,4728097
assam,2022,4,district,kamrup district,4677976
assam,2022,4,district,dhubri district,4556738
assam,2022,4,district,nagaon district,4448005
assam,2022,4,district,sonitpur district,4195395
assam,2022,4,district,goalpara district,3492049
assam,2022,4,district,dibrugarh district,3354014
assam,2022,4,district,darrang district,2994131
assam,2023,1,district,kamrup metropolitan district,22937607
assam,2023,1,district,barpeta district,7327413
assam,2023,1,district,cachar district,5704322
assam,2023,1,district,dhubri district,5540913
assam,2023,1,district,nagaon district,5523975
assam,2023,1,district,kamrup district,5474220
assam,2023,1,district,sonitpur district,4825921
assam,2023,1,district,goalpara district,4266345
assam,2023,1,district,dibrugarh district,3732896
assam,2023,1,district,darrang district,3662730
assam,2023,2,district,kamrup metropolitan district,27532569
assam,2023,2,district,barpeta district,9034127
assam,2023,2,district,dhubri district,6891351
assam,2023,2,district,nagaon district,6829534
assam,2023,2,district,cachar district,6652158
assam,2023,2,district,kamrup district,6637608
assam,2023,2,district,sonitpur district,5719065
assam,2023,2,district,goalpara district,5240755
assam,2023,2,district,darrang district,4570030
assam,2023,2,district,dibrugarh district,4479007
assam,2023,3,district,kamrup metropolitan district,33008666
assam,2023,3,district,barpeta district,10744160
assam,2023,3,district,dhubri district,8697865
assam,2023,3,district,cachar district,8172280
assam,2023,3,district,nagaon district,8092973
assam,2023,3,district,kamrup district,8033354
assam,2023,3,district,sonitpur district,6747673
assam,2023,3,district,goalpara district,6561377
assam,2023,3,district,darrang district,5557388
assam,2023,3,district,dibrugarh district,5254179
assam,2023,4,district,kamrup metropolitan district,35439584
assam,2023,4,district,barpeta district,13095572
assam,2023,4,district,dhubri district,10995809
assam,2023,4,district,nagaon district,9440583
assam,2023,4,district,cachar district,9297087
assam,2023,4,district,kamrup district,9261408
assam,2023,4,district,goalpara district,8354873
assam,2023,4,district,sonitpur district,7524002
assam,2023,4,district,darrang district,6769259
assam,2023,4,district,bongaigaon district,5936890
assam,2024,1,district,kamrup metropolitan district,37112488
assam,2024,1,district,barpeta district,16236966
assam,2024,1,district,dhubri district,13764328
assam,2024,1,district,nagaon district,11124402
assam,2024,1,district,kamrup district,10887528
assam,2024,1,district,cachar district,10563536
assam,2024,1,district,goalpara district,10285001
assam,2024,1,district,sonitpur district,8162321
assam,2024,1,district,darrang district,8139127
assam,2024,1,district,bongaigaon district,7388842
assam,2024,2,district,kamrup metropolitan district,41777779
assam,2024,2,district,barpeta district,20955000
assam,2024,2,district,dhubri district,17366629
assam,2024,2,district,nagaon district,14551455
assam,2024,2,district,kamrup district,13354381
assam,2024,2,district,goalpara district,12568682
assam,2024,2,district,cachar district,12482905
assam,2024,2,district,sonitpur district,10023004
assam,2024,2,district,darrang district,9825701
assam,2024,2,district,bongaigaon district,9703234
assam,2024,3,district,kamrup metropolitan district,49319389
assam,2024,3,district,barpeta district,20715964
assam,2024,3,district,dhubri district,17436019
assam,2024,3,district,nagaon district,15197135
assam,2024,3,district,kamrup district,14368738
assam,2024,3,district,cachar district,14291853
assam,2024,3,district,goalpara district,12772745
assam,2024,3,district,sonitpur district,11112719
assam,2024,3,district,bongaigaon district,10016426
assam,2024,3,district,hojai district,9583776
assam,2024,4,district,kamrup metropolitan district,52747983
assam,2024,4,district,barpeta district,23236510
assam,2024,4,district,dhubri district,20767370
assam,2024,4,district,nagaon district,16942707
assam,2024,4,district,cachar district,16277356
assam,2024,4,district,kamrup district,15975507
assam,2024,4,district,goalpara district,14901909
assam,2024,4,district,sonitpur district,12057044
assam,2024,4,district,bongaigaon district,11247020
assam,2024,4,district,hojai district,10823665
assam,2025,1,district,kamrup metropolitan district,60493238
assam,2025,1,district,barpeta district,25750137
assam,2025,1,district,dhubri district,22836207
assam,2025,1,district,nagaon district,19639489
assam,2025,1,district,cachar district,19031332
assam,2025,1,district,kamrup district,18124100
assam,2025,1,district,goalpara district,16616708
assam,2025,1,district,sonitpur district,13678302
assam,2025,1,district,hojai district,12431895
assam,2025,1,district,bongaigaon district,12372578
assam,2025,2,district,kamrup metropolitan district,60620631
assam,2025,2,district,barpeta district,30110864
assam,2025,2,district,dhubri district,26649724
assam,2025,2,district,nagaon district,21275743
assam,2025,2,district,kamrup district,19919455
assam,2025,2,district,cachar district,19656893
assam,2025,2,district,goalpara district,18767390
assam,2025,2,district,bongaigaon district,14664480
assam,2025,2,district,sonitpur district,14344938
assam,2025,2,district,darrang district,14175662
assam,2025,3,district,kamrup metropolitan district,70591091
assam,2025,3,district,barpeta district,30983012
assam,2025,3,district,dhubri district,27856131
assam,2025,3,district,kamrup district,22552241
assam,2025,3,district,nagaon district,22483036
assam,2025,3,district,cachar district,21969385
assam,2025,3,district,goalpara district,20865772
assam,2025,3,district,sonitpur district,15728357
assam,2025,3,district,bongaigaon district,15488775
assam,2025,3,district,darrang district,15293595
assam,2025,4,district,kamrup metropolitan district,72768891
assam,2025,4,district,barpeta district,32141463
assam,2025,4,district,dhubri district,28576424
assam,2025,4,district,kamrup district,23715798
assam,2025,4,district,nagaon district,23455097
assam,2025,4,district,cachar district,23000099
assam,2025,4,district,goalpara district,20998986
assam,2025,4,district,darrang district,16642627
assam,2025,4,district,sonitpur district,16429817
assam,2025,4,district,bongaigaon district,16259834
assam,2026,1,district,kamrup metropolitan district,73910832
assam,2026,1,district,barpeta district,35069405
assam,2026,1,district,dhubri district,30715562
assam,2026,1,district,nagaon district,25961915
assam,2026,1,district,kamrup district,25756656
assam,2026,1,district,cachar district,24892848
assam,2026,1,district,goalpara district,22229449
assam,2026,1,district,darrang district,18611789
assam,2026,1,district,bongaigaon district,17750586
assam,2026,1,district,sonitpur district,17557864
assam,2026,2,district,kamrup metropolitan district,79523271
assam,2026,2,district,barpeta district,38736056
assam,2026,2,district,dhubri district,33561698
assam,2026,2,district,nagaon district,29307996
assam,2026,2,district,kamrup district,28257339
assam,2026,2,district,cachar district,26018006
assam,2026,2,district,goalpara district,23737889
assam,2026,2,district,darrang district,21610773
assam,2026,2,district,bongaigaon district,20085153
assam,2026,2,district,hojai district,19368667
bihar,2018,1,district,patna district,1406093
bihar,2018,1,district,muzaffarpur district,491579
bihar,2018,1,district,purbi champaran district,325438
bihar,2018,1,district,gaya district,293472
bihar,2018,1,district,samastipur district,278986
bihar,2018,1,district,darbhanga district,275532
bihar,2018,1,district,pashchim champaran district,271616
bihar,2018,1,district,nalanda district,260043
bihar,2018,1,district,rohtas district,256744
bihar,2018,1,district,vaishali district,254861
bihar,2018,2,district,patna district,1906865
bihar,2018,2,district,muzaffarpur district,675438
bihar,2018,2,district,purbi champaran district,458712
bihar,2018,2,district,darbhanga district,396505
bihar,2018,2,district,gaya district,393308
bihar,2018,2,district,samastipur district,386059
bihar,2018,2,district,vaishali district,383392
bihar,2018,2,district,nalanda district,368439
bihar,2018,2,district,pashchim champaran district,368327
bihar,2018,2,district,madhubani district,355794
bihar,2018,3,district,patna district,3716422
bihar,2018,3,district,muzaffarpur district,1105429
bihar,2018,3,district,gaya district,1046315
bihar,2018,3,district,nalanda district,1013375
bihar,2018,3,district,rohtas district,806292
bihar,2018,3,district,purbi champaran district,642627
bihar,2018,3,district,vaishali district,497000
bihar,2018,3,district,pashchim champaran district,494765
bihar,2018,3,district,darbhanga district,486444
bihar,2018,3,district,bhagalpur district,483545
bihar,2018,4,district,patna district,3606427
bihar,2018,4,district,muzaffarpur district,1046812
bihar,2018,4,district,purbi champaran district,873825
bihar,2018,4,district,gaya district,826238
bihar,2018,4,district,nalanda district,740933
bihar,2018,4,district,pashchim champaran district,682934
bihar,2018,4,district,rohtas district,636318
bihar,2018,4,district,samastipur district,625821
bihar,2018,4,district,vaishali district,614719
bihar,2018,4,district,darbhanga district,614397
bihar,2019,1,district,patna district,5935801
bihar,2019,1,district,muzaffarpur district,1541123
bihar,2019,1,district,purbi champaran district,1329117
bihar,2019,1,district,gaya district,1242802
bihar,2019,1,district,pashchim champaran district,1145734
bihar,2019,1,district,nalanda district,1140755
bihar,2019,1,district,rohtas district,1085635
bihar,2019,1,district,samastipur district,971996
bihar,2019,1,district,darbhanga district,930717
bihar,2019,1,district,vaishali district,926279
bihar,2019,2,district,patna district,5800956
bihar,2019,2,district,muzaffarpur district,1697811
bihar,2019,2,district,purbi champaran district,1369722
bihar,2019,2,district,gaya district,1268186
bihar,2019,2,district,pashchim champaran district,1086381
bihar,2019,2,district,darbhanga district,1022123
bihar,2019,2,district,vaishali district,1017589
bihar,2019,2,district,madhubani district,993026
bihar,2019,2,district,nalanda district,977837
bihar,2019,2,district,saran district,960510
bihar,2019,3,district,patna district,6322759
bihar,2019,3,district,muzaffarpur district,1840687
bihar,2019,3,district,gaya district,1589707
bihar,2019,3,district,purbi champaran district,1318335
bihar,2019,3,district,vaishali district,1070864
bihar,2019,3,district,pashchim champaran district,1005795
bihar,2019,3,district,darbhanga district,998991
bihar,2019,3,district,saran district,979239
bihar,2019,3,district,samastipur district,922855
bihar,2019,3,district,madhubani district,920157
bihar,2019,4,district,patna district,7654619
bihar,2019,4,district,muzaffarpur district,2302589
bihar,2019,4,district,gaya district,2053795
bihar,2019,4,district,nalanda district,1877584
bihar,2019,4,district,purbi champaran district,1859823
bihar,2019,4,district,rohtas district,1487336
bihar,2019,4,district,pashchim champaran district,1431406
bihar,2019,4,district,vaishali district,1418657
bihar,2019,4,district,saran district,1333739
bihar,2019,4,district,darbhanga district,1329617
bihar,2020,1,district,patna district,7698302
bihar,2020,1,district,muzaffarpur district,2597410
bihar,2020,1,district,purbi champaran district,2169582
bihar,2020,1,district,gaya district,1953228
bihar,2020,1,district,pashchim champaran district,1719850
bihar,2020,1,district,darbhanga district,1594011
bihar,2020,1,district,madhubani district,1592810
bihar,2020,1,district,vaishali district,1518909
bihar,2020,1,district,saran district,1500723
bihar,2020,1,district,samastipur district,1461622
bihar,2020,2,district,patna district,6020197
bihar,2020,2,district,muzaffarpur district,3023510
bihar,2020,2,district,purbi champaran district,2960081
bihar,2020,2,district,gaya district,2439378
bihar,2020,2,district,pashchim champaran district,2364008
bihar,2020,2,district,madhubani district,2207209
bihar,2020,2,district,darbhanga district,2018787
bihar,2020,2,district,saran district,1982743
bihar,2020,2,district,vaishali district,1880150
bihar,2020,2,district,samastipur district,1876982
bihar,2020,3,district,patna district,9135806
bihar,2020,3,district,muzaffarpur district,4266796
bihar,2020,3,district,purbi champaran district,3923336
bihar,2020,3,district,gaya district,3260327
bihar,2020,3,district,madhubani district,3065360
bihar,2020,3,district,pashchim champaran district,2901148
bihar,2020,3,district,darbhanga district,2810472
bihar,2020,3,district,saran district,2708206
bihar,2020,3,district,vaishali district,2635288
bihar,2020,3,district,samastipur district,2514269
bihar,2020,4,district,patna district,13383157
bihar,2020,4,district,muzaffarpur district,5726886
bihar,2020,4,district,purbi champaran district,5149726
bihar,2020,4,district,gaya district,4347461
bihar,2020,4,district,madhubani district,4015120
bihar,2020,4,district,saran district,3804154
bihar,2020,4,district,darbhanga district,3803012
bihar,2020,4,district,pashchim champaran district,3769638
bihar,2020,4,district,siwan district,3412200
bihar,2020,4,district,samastipur district,3406801
bihar,2021,1,district,patna district,16583827
bihar,2021,1,district,muzaffarpur district,6432395
bihar,2021,1,district,purbi champaran district,5902179
bihar,2021,1,district,gaya district,5049974
bihar,2021,1,district,pashchim champaran district,4466900
bihar,2021,1,district,madhubani district,4354542
bihar,2021,1,district,darbhanga district,4334251
bihar,2021,1,district,saran district,4076478
bihar,2021,1,district,samastipur district,3775446
bihar,2021,1,district,vaishali district,3695355
bihar,2021,2,district,patna district,16937965
bihar,2021,2,district,purbi champaran district,8812290
bihar,2021,2,district,muzaffarpur district,8642373
bihar,2021,2,district,gaya district,6575177
bihar,2021,2,district,madhubani district,6529853
bihar,2021,2,district,pashchim champaran district,6362841
bihar,2021,2,district,saran district,6159209
bihar,2021,2,district,darbhanga district,6157658
bihar,2021,2,district,siwan district,5649478
bihar,2021,2,district,samastipur district,5545063
bihar,2021,3,district,patna district,26179379
bihar,2021,3,district,muzaffarpur district,10497668
bihar,2021,3,district,purbi champaran district,10387493
bihar,2021,3,district,gaya district,8127700
bihar,2021,3,district,pashchim champaran district,7576014
bihar,2021,3,district,darbhanga district,7390523
bihar,2021,3,district,madhubani district,7203708
bihar,2021,3,district,saran district,6804997
bihar,2021,3,district,samastipur district,6488177
bihar,2021,3,district,siwan district,6401787
bihar,2021,4,district,patna district,28002617
bihar,2021,4,district,muzaffarpur district,11943393
bihar,2021,4,district,purbi champaran district,11940331
bihar,2021,4,district,gaya district,9123687
bihar,2021,4,district,pashchim champaran district,8854984
bihar,2021,4,district,madhubani district,8489165
bihar,2021,4,district,darbhanga district,8359314
bihar,2021,4,district,saran district,7976404
bihar,2021,4,district,siwan district,7608669
bihar,2021,4,district,samastipur district,7460907
bihar,2022,1,district,patna district,35895404
bihar,2022,1,district,purbi champaran district,16012278
bihar,2022,1,district,muzaffarpur district,15385174
bihar,2022,1,district,pashchim champaran district,12179723
bihar,2022,1,district,gaya district,12082179
bihar,2022,1,district,madhubani district,10840294
bihar,2022,1,district,darbhanga district,10802866
bihar,2022,1,district,saran district,9997736
bihar,2022,1,district,samastipur district,9595994
bihar,2022,1,district,siwan district,9533384
bihar,2022,2,district,patna district,47089063
bihar,2022,2,district,purbi champaran district,19912929
bihar,2022,2,district,muzaffarpur district,19160199
bihar,2022,2,district,gaya district,14703031
bihar,2022,2,district,pashchim champaran district,14030049
bihar,2022,2,district,darbhanga district,13526519
bihar,2022,2,district,madhubani district,13457021
bihar,2022,2,district,saran district,12869306
bihar,2022,2,district,siwan district,12113083
bihar,2022,2,district,samastipur district,12036283
bihar,2022,3,district,patna district,56658082
bihar,2022,3,district,purbi champaran district,22675297
bihar,2022,3,district,muzaffarpur district,21716208
bihar,2022,3,district,gaya district,16896613
bihar,2022,3,district,pashchim champaran district,16433406
bihar,2022,3,district,darbhanga district,15073895
bihar,2022,3,district,madhubani district,14296776
bihar,2022,3,district,purnea district,13781308
bihar,2022,3,district,saran district,13767610
bihar,2022,3,district,samastipur district,13597409
bihar,2022,4,district,patna district,61249502
bihar,2022,4,district,purbi champaran district,28084473
bihar,2022,4,district,muzaffarpur district,26164885
bihar,2022,4,district,pashchim champaran district,20581020
bihar,2022,4,district,gaya district,20085463
bihar,2022,4,district,darbhanga district,17909058
bihar,2022,4,district,madhubani district,17866233
bihar,2022,4,district,saran district,17593600
bihar,2022,4,district,samastipur district,16700605
bihar,2022,4,district,purnea district,16005326
bihar,2023,1,district,patna district,70092369
bihar,2023,1,district,purbi champaran district,32938583
bihar,2023,1,district,muzaffarpur district,29886522
bihar,2023,1,district,pashchim champaran district,24322390
bihar,2023,1,district,gaya district,23695997
bihar,2023,1,district,madhubani district,20525310
bihar,2023,1,district,darbhanga district,20309246
bihar,2023,1,district,purnea district,19148560
bihar,2023,1,district,samastipur district,18997830
bihar,2023,1,district,saran district,18675788
bihar,2023,2,district,patna district,86703504
bihar,2023,2,district,purbi champaran district,42072137
bihar,2023,2,district,muzaffarpur district,38312381
bihar,2023,2,district,pashchim champaran district,29597057
bihar,2023,2,district,gaya district,28820568
bihar,2023,2,district,madhubani district,25762899
bihar,2023,2,district,saran district,25671705
bihar,2023,2,district,darbhanga district,25493084
bihar,2023,2,district,purnea district,24951753
bihar,2023,2,district,samastipur district,24926522
bihar,2023,3,district,patna district,98344884
bihar,2023,3,district,purbi champaran district,44930924
bihar,2023,3,district,muzaffarpur district,41192794
bihar,2023,3,district,pashchim champaran district,31768133
bihar,2023,3,district,gaya district,31161394
bihar,2023,3,district,purnea district,26796802
bihar,2023,3,district,samastipur district,25807509
bihar,2023,3,district,darbhanga district,25520509
bihar,2023,3,district,saran district,25520144
bihar,2023,3,district,madhubani district,25209747
bihar,2023,4,district,patna district,108339157
bihar,2023,4,district,purbi champaran district,59013634
bihar,2023,4,district,muzaffarpur district,52676105
bihar,2023,4,district,pashchim champaran district,42803557
bihar,2023,4,district,gaya district,38724799
bihar,2023,4,district,madhubani district,33676865
bihar,2023,4,district,samastipur district,33613010
bihar,2023,4,district,saran district,33369086
bihar,2023,4,district,purnea district,33268124
bihar,2023,4,district,darbhanga district,32769585
bihar,2024,1,district,patna district,124099435
bihar,2024,1,district,purbi champaran district,67317635
bihar,2024,1,district,muzaffarpur district,58635292
bihar,2024,1,district,pashchim champaran district,50782488
bihar,2024,1,district,gaya district,45800899
bihar,2024,1,district,purnea district,38698633
bihar,2024,1,district,saran district,37833359
bihar,2024,1,district,madhubani district,37443786
bihar,2024,1,district,samastipur district,37195192
bihar,2024,1,district,darbhanga district,36283664
bihar,2024,2,district,patna district,149190479
bihar,2024,2,district,purbi champaran district,82215814
bihar,2024,2,district,muzaffarpur district,73496016
bihar,2024,2,district,pashchim champaran district,59829620
bihar,2024,2,district,gaya district,54430797
bihar,2024,2,district,purnea district,48372652
bihar,2024,2,district,samastipur district,46153855
bihar,2024,2,district,madhubani district,45421118
bihar,2024,2,district,darbhanga district,45392098
bihar,2024,2,district,saran district,44504544
bihar,2024,3,district,patna district,163327315
bihar,2024,3,district,purbi champaran district,83584038
bihar,2024,3,district,muzaffarpur district,75399411
bihar,2024,3,district,pashchim champaran district,60318367
bihar,2024,3,district,gaya district,56535311
bihar,2024,3,district,purnea district,48883253
bihar,2024,3,district,samastipur district,46847243
bihar,2024,3,district,saran district,46643483
bihar,2024,3,district,darbhanga district,45406536
bihar,2024,3,district,madhubani district,43744376
bihar,2024,4,district,patna district,175235098
bihar,2024,4,district,purbi champaran district,96966732
bihar,2024,4,district,muzaffarpur district,85306431
bihar,2024,4,district,pashchim champaran district,71305172
bihar,2024,4,district,gaya district,64278514
bihar,2024,4,district,saran district,56999376
bihar,2024,4,district,samastipur district,55137140
bihar,2024,4,district,purnea district,54557449
bihar,2024,4,district,madhubani district,52287936
bihar,2024,4,district,darbhanga district,52203611
bihar,2025,1,district,patna district,177316138
bihar,2025,1,district,purbi champaran district,90994413
bihar,2025,1,district,muzaffarpur district,81176553
bihar,2025,1,district,pashchim champaran district,68605643
bihar,2025,1,district,gaya district,64640520
bihar,2025,1,district,purnea district,55076669
bihar,2025,1,district,samastipur district,53170102
bihar,2025,1,district,saran district,52481122
bihar,2025,1,district,darbhanga district,51217551
bihar,2025,1,district,madhubani district,50719713
bihar,2025,2,district,patna district,199294241
bihar,2025,2,district,purbi champaran district,109596571
bihar,2025,2,district,muzaffarpur district,95783979
bihar,2025,2,district,pashchim champaran district,79077903
bihar,2025,2,district,gaya district,74886732
bihar,2025,2,district,purnea district,65939493
bihar,2025,2,district,saran district,65128658
bihar,2025,2,district,samastipur district,62912696
bihar,2025,2,district,darbhanga district,60678633
bihar,2025,2,district,madhubani district,59339421
bihar,2025,3,district,patna district,212775994
bihar,2025,3,district,purbi champaran district,108921729
bihar,2025,3,district,muzaffarpur district,95253428
bihar,2025,3,district,pashchim champaran district,79267845
bihar,2025,3,district,gaya district,75818810
bihar,2025,3,district,purnea district,68279198
bihar,2025,3,district,samastipur district,61846109
bihar,2025,3,district,saran district,61641074
bihar,2025,3,district,darbhanga district,59329063
bihar,2025,3,district,katihar district,58681121
bihar,2025,4,district,patna district,221894406
bihar,2025,4,district,purbi champaran district,125732704
bihar,2025,4,district,muzaffarpur district,107140084
bihar,2025,4,district,pashchim champaran district,94160160
bihar,2025,4,district,gaya district,82585814
bihar,2025,4,district,purnea district,73745082
bihar,2025,4,district,saran district,72722504
bihar,2025,4,district,samastipur district,71372805
bihar,2025,4,district,darbhanga district,66344010
bihar,2025,4,district,madhubani district,65437556
bihar,2026,1,district,patna district,232340513
bihar,2026,1,district,purbi champaran district,128159827
bihar,2026,1,district,muzaffarpur district,107795208
bihar,2026,1,district,pashchim champaran district,98737738
bihar,2026,1,district,gaya district,87829219
bihar,2026,1,district,purnea district,76870776
bihar,2026,1,district,samastipur district,71662868
bihar,2026,1,district,saran district,71630380
bihar,2026,1,district,darbhanga district,68693597
bihar,2026,1,district,madhubani district,67962091
bihar,2026,2,district,patna district,252700915
bihar,2026,2,district,purbi champaran district,140716258
bihar,2026,2,district,muzaffarpur district,120957767
bihar,2026,2,district,pashchim champaran district,104473063
bihar,2026,2,district,gaya district,93692841
bihar,2026,2,district,purnea district,83663761
bihar,2026,2,district,saran district,80750696
bihar,2026,2,district,samastipur district,79535856
bihar,2026,2,district,darbhanga district,76137061
bihar,2026,2,district,katihar district,74442821
chandigarh,2018,1,district,chandigarh district,223975
chandigarh,2018,2,district,chandigarh district,319560
chandigarh,2018,3,district,chandigarh district,417919
chandigarh,2018,4,district,chandigarh district,603259
chandigarh,2019,1,district,chandigarh district,876820
chandigarh,2019,2,district,chandigarh district,1081281
chandigarh,2019,3,district,chandigarh district,1428205
chandigarh,2019,4,district,chandigarh district,1663318
chandigarh,2020,1,district,chandigarh district,1776530
chandigarh,2020,2,district,chandigarh district,1098495
chandigarh,2020,3,district,chandigarh district,1787111
chandigarh,2020,4,district,chandigarh district,2610842
chandigarh,2021,1,district,chandigarh district,3291014
chandigarh,2021,2,district,chandigarh district,3336924
chandigarh,2021,3,district,chandigarh district,4795459
chandigarh,2021,4,district,chandigarh district,5012587
chandigarh,2022,1,district,chandigarh district,6026078
chandigarh,2022,2,district,chandigarh district,7761882
chandigarh,2022,3,district,chandigarh district,9175146
chandigarh,2022,4,district,chandigarh district,9744704
chandigarh,2023,1,district,chandigarh district,10182795
chandigarh,2023,2,district,chandigarh district,12002645
chandigarh,2023,3,district,chandigarh district,13514642
chandigarh,2023,4,district,chandigarh district,13784981
chandigarh,2024,1,district,chandigarh district,13667061
chandigarh,2024,2,district,chandigarh district,16570280
chandigarh,2024,3,district,chandigarh district,17830482
chandigarh,2024,4,district,chandigarh district,18645893
chandigarh,2025,1,district,chandigarh district,19931215
chandigarh,2025,2,district,chandigarh district,20255468
chandigarh,2025,3,district,chandigarh district,22149566
chandigarh,2025,4,district,chandigarh district,22627910
chandigarh,2026,1,district,chandigarh district,22820289
chandigarh,2026,2,district,chandigarh district,25137055
chhattisgarh,2018,1,district,raipur district,392459
chhattisgarh,2018,1,district,durg district,247167
chhattisgarh,2018,1,district,janjgir champa district,222288
chhattisgarh,2018,1,district,bilaspur district,181340
chhattisgarh,2018,1,district,raigarh district,134262
chhattisgarh,2018,1,district,korba district,115284
chhattisgarh,2018,1,district,surguja district,84428
chhattisgarh,2018,1,district,mahasamund district,80030
chhattisgarh,2018,1,district,rajnandgaon district,67880
chhattisgarh,2018,1,district,balodabazar bhatapara district,58470
chhattisgarh,2018,2,district,raipur district,559495
chhattisgarh,2018,2,district,janjgir champa district,405629
chhattisgarh,2018,2,district,durg district,332391
chhattisgarh,2018,2,district,bilaspur district,251134
chhattisgarh,2018,2,district,raigarh district,186220
chhattisgarh,2018,2,district,korba district,168266
chhattisgarh,2018,2,district,surguja district,114914
chhattisgarh,2018,2,district,mahasamund district,113665
chhattisgarh,2018,2,district,rajnandgaon district,101808
chhattisgarh,2018,2,district,balodabazar bhatapara district,88623
chhattisgarh,2018,3,district,raipur district,765667
chhattisgarh,2018,3,district,janjgir champa district,541425
chhattisgarh,2018,3,district,durg district,427662
chhattisgarh,2018,3,district,bilaspur district,355953
chhattisgarh,2018,3,district,raigarh district,257666
chhattisgarh,2018,3,district,korba district,219877
chhattisgarh,2018,3,district,mahasamund district,148306
chhattisgarh,2018,3,district,surguja district,144256
chhattisgarh,2018,3,district,rajnandgaon district,129127
chhattisgarh,2018,3,district,balodabazar bhatapara district,122280
chhattisgarh,2018,4,district,raipur district,1041970
chhattisgarh,2018,4,district,janjgir champa district,653289
chhattisgarh,2018,4,district,durg district,582279
chhattisgarh,2018,4,district,bilaspur district,503515
chhattisgarh,2018,4,district,raigarh district,362806
chhattisgarh,2018,4,district,korba district,324718
chhattisgarh,2018,4,district,mahasamund district,207930
chhattisgarh,2018,4,district,surguja district,205260
chhattisgarh,2018,4,district,balodabazar bhatapara district,178363
chhattisgarh,2018,4,district,rajnandgaon district,168773
chhattisgarh,2019,1,district,raipur district,1674264
chhattisgarh,2019,1,district,durg district,990165
chhattisgarh,2019,1,district,janjgir champa district,780980
chhattisgarh,2019,1,district,bilaspur district,767226
chhattisgarh,2019,1,district,raigarh district,497573
chhattisgarh,2019,1,district,korba district,457890
chhattisgarh,2019,1,district,surguja district,278487
chhattisgarh,2019,1,district,mahasamund district,241028
chhattisgarh,2019,1,district,balodabazar bhatapara district,230414
chhattisgarh,2019,1,district,rajnandgaon district,215318
chhattisgarh,2019,2,district,raipur district,2172905
chhattisgarh,2019,2,district,durg district,1374830
chhattisgarh,2019,2,district,bilaspur district,782112
chhattisgarh,2019,2,district,janjgir champa district,634373
chhattisgarh,2019,2,district,raigarh district,523990
chhattisgarh,2019,2,district,korba district,482550
chhattisgarh,2019,2,district,surguja district,310271
chhattisgarh,2019,2,district,mahasamund district,271558
chhattisgarh,2019,2,district,rajnandgaon district,260097
chhattisgarh,2019,2,district,balodabazar bhatapara district,257480
chhattisgarh,2019,3,district,raipur district,3024394
chhattisgarh,2019,3,district,durg district,2029854
chhattisgarh,2019,3,district,bilaspur district,909307
chhattisgarh,2019,3,district,janjgir champa district,806675
chhattisgarh,2019,3,district,raigarh district,580196
chhattisgarh,2019,3,district,korba district,523747
chhattisgarh,2019,3,district,surguja district,354341
chhattisgarh,2019,3,district,rajnandgaon district,300068
chhattisgarh,2019,3,district,mahasamund district,299505
chhattisgarh,2019,3,district,balodabazar bhatapara district,282762
chhattisgarh,2019,4,district,raipur district,3995393
chhattisgarh,2019,4,district,durg district,2680955
chhattisgarh,2019,4,district,bilaspur district,1299126
chhattisgarh,2019,4,district,janjgir champa district,847224
chhattisgarh,2019,4,district,raigarh district,776918
chhattisgarh,2019,4,district,korba district,728940
chhattisgarh,2019,4,district,surguja district,488739
chhattisgarh,2019,4,district,mahasamund district,398803
chhattisgarh,2019,4,district,rajnandgaon district,394809
chhattisgarh,2019,4,district,balodabazar bhatapara district,368869
chhattisgarh,2020,1,district,raipur district,4592674
chhattisgarh,2020,1,district,durg district,3013178
chhattisgarh,2020,1,district,bilaspur district,1517280
chhattisgarh,2020,1,district,korba district,903551
chhattisgarh,2020,1,district,raigarh district,901947
chhattisgarh,2020,1,district,janjgir champa district,844897
chhattisgarh,2020,1,district,surguja district,577477
chhattisgarh,2020,1,district,mahasamund district,489414
chhattisgarh,2020,1,district,rajnandgaon district,471317
chhattisgarh,2020,1,district,balodabazar bhatapara district,443533
chhattisgarh,2020,2,district,raipur district,3942378
chhattisgarh,2020,2,district,durg district,2662282
chhattisgarh,2020,2,district,bilaspur district,1364677
chhattisgarh,2020,2,district,korba district,1159620
chhattisgarh,2020,2,district,raigarh district,1090468
chhattisgarh,2020,2,district,janjgir champa district,1046457
chhattisgarh,2020,2,district,mahasamund district,673985
chhattisgarh,2020,2,district,surguja district,638775
chhattisgarh,2020,2,district,balodabazar bhatapara district,605957
chhattisgarh,2020,2,district,rajnandgaon district,549071
chhattisgarh,2020,3,district,raipur district,5738490
chhattisgarh,2020,3,district,durg district,3724969
chhattisgarh,2020,3,district,bilaspur district,1940060
chhattisgarh,2020,3,district,korba district,1568864
chhattisgarh,2020,3,district,raigarh district,1508002
chhattisgarh,2020,3,district,janjgir champa district,1302774
chhattisgarh,2020,3,district,mahasamund district,892505
chhattisgarh,2020,3,district,surguja district,872673
chhattisgarh,2020,3,district,balodabazar bhatapara district,765800
chhattisgarh,2020,3,district,rajnandgaon district,760577
chhattisgarh,2020,4,district,raipur district,8510331
chhattisgarh,2020,4,district,durg district,5467259
chhattisgarh,2020,4,district,bilaspur district,2992466
chhattisgarh,2020,4,district,korba district,2323928
chhattisgarh,2020,4,district,raigarh district,2034242
chhattisgarh,2020,4,district,janjgir champa district,1707029
chhattisgarh,2020,4,district,surguja district,1253204
chhattisgarh,2020,4,district,mahasamund district,1215985
chhattisgarh,2020,4,district,rajnandgaon district,1069235
chhattisgarh,2020,4,district,balodabazar bhatapara district,1025394
chhattisgarh,2021,1,district,raipur district,10889448
chhattisgarh,2021,1,district,durg district,6764670
chhattisgarh,2021,1,district,bilaspur district,4082093
chhattisgarh,2021,1,district,korba district,2804793
chhattisgarh,2021,1,district,raigarh district,2501855
chhattisgarh,2021,1,district,janjgir champa district,1927292
chhattisgarh,2021,1,district,surguja district,1560251
chhattisgarh,2021,1,district,mahasamund district,1448521
chhattisgarh,2021,1,district,rajnandgaon district,1347531
chhattisgarh,2021,1,district,balodabazar bhatapara district,1175138
chhattisgarh,2021,2,district,raipur district,11038139
chhattisgarh,2021,2,district,durg district,6870975
chhattisgarh,2021,2,district,bilaspur district,4480988
chhattisgarh,2021,2,district,korba district,3476002
chhattisgarh,2021,2,district,raigarh district,3019733
chhattisgarh,2021,2,district,janjgir champa district,2423965
chhattisgarh,2021,2,district,mahasamund district,1928417
chhattisgarh,2021,2,district,surguja district,1822154
chhattisgarh,2021,2,district,rajnandgaon district,1678797
chhattisgarh,2021,2,district,balodabazar bhatapara district,1591258
chhattisgarh,2021,3,district,raipur district,17443661
chhattisgarh,2021,3,district,durg district,10348998
chhattisgarh,2021,3,district,bilaspur district,6912172
chhattisgarh,2021,3,district,korba district,4768498
chhattisgarh,2021,3,district,raigarh district,4225007
chhattisgarh,2021,3,district,janjgir champa district,3080561
chhattisgarh,2021,3,district,surguja district,2694723
chhattisgarh,2021,3,district,mahasamund district,2510706
chhattisgarh,2021,3,district,rajnandgaon district,2348571
chhattisgarh,2021,3,district,balodabazar bhatapara district,2084543
chhattisgarh,2021,4,district,raipur district,19382156
chhattisgarh,2021,4,district,durg district,11361689
chhattisgarh,2021,4,district,bilaspur district,8337128
chhattisgarh,2021,4,district,korba district,5562526
chhattisgarh,2021,4,district,raigarh district,4944825
chhattisgarh,2021,4,district,janjgir champa district,3473528
chhattisgarh,2021,4,district,surguja district,3216963
chhattisgarh,2021,4,district,mahasamund district,2778480
chhattisgarh,2021,4,district,rajnandgaon district,2498289
chhattisgarh,2021,4,district,balodabazar bhatapara district,2257162
chhattisgarh,2022,1,district,raipur district,24968685
chhattisgarh,2022,1,district,durg district,14076052
chhattisgarh,2022,1,district,bilaspur district,10859230
chhattisgarh,2022,1,district,korba district,7297080
chhattisgarh,2022,1,district,raigarh district,6571379
chhattisgarh,2022,1,district,janjgir champa district,4467670
chhattisgarh,2022,1,district,surguja district,4139058
chhattisgarh,2022,1,district,mahasamund district,3743285
chhattisgarh,2022,1,district,rajnandgaon district,3351812
chhattisgarh,2022,1,district,balodabazar bhatapara district,3040880
chhattisgarh,2022,2,district,raipur district,30825495
chhattisgarh,2022,2,district,durg district,16707469
chhattisgarh,2022,2,district,bilaspur district,13360785
chhattisgarh,2022,2,district,korba district,8469087
chhattisgarh,2022,2,district,raigarh district,7772653
chhattisgarh,2022,2,district,janjgir champa district,5291305
chhattisgarh,2022,2,district,surguja district,5012618
chhattisgarh,2022,2,district,mahasamund district,4456069
chhattisgarh,2022,2,district,rajnandgaon district,4135997
chhattisgarh,2022,2,district,balodabazar bhatapara district,3796148
chhattisgarh,2022,3,district,raipur district,36721078
chhattisgarh,2022,3,district,durg district,19294230
chhattisgarh,2022,3,district,bilaspur district,16094797
chhattisgarh,2022,3,district,korba district,10043571
chhattisgarh,2022,3,district,raigarh district,9331209
chhattisgarh,2022,3,district,janjgir champa district,5817243
chhattisgarh,2022,3,district,surguja district,5730271
chhattisgarh,2022,3,district,mahasamund district,5162306
chhattisgarh,2022,3,district,rajnandgaon district,4793356
chhattisgarh,2022,3,district,balodabazar bhatapara district,4569452
chhattisgarh,2022,4,district,raipur district,40786841
chhattisgarh,2022,4,district,durg district,21520006
chhattisgarh,2022,4,district,bilaspur district,18532659
chhattisgarh,2022,4,district,korba district,11653749
chhattisgarh,2022,4,district,raigarh district,10827035
chhattisgarh,2022,4,district,surguja district,6888903
chhattisgarh,2022,4,district,janjgir champa district,6589550
chhattisgarh,2022,4,district,mahasamund district,5798073
chhattisgarh,2022,4,district,rajnandgaon district,5384715
chhattisgarh,2022,4,district,bastar district,5343846
chhattisgarh,2023,1,district,raipur district,45248737
chhattisgarh,2023,1,district,durg district,23498043
chhattisgarh,2023,1,district,bilaspur district,20608213
chhattisgarh,2023,1,district,korba district,12851084
chhattisgarh,2023,1,district,raigarh district,12053315
chhattisgarh,2023,1,district,surguja district,7815498
chhattisgarh,2023,1,district,janjgir champa district,7348093
chhattisgarh,2023,1,district,mahasamund district,6651754
chhattisgarh,2023,1,district,rajnandgaon district,6067526
chhattisgarh,2023,1,district,bastar district,5917205
chhattisgarh,2023,2,district,raipur district,52204677
chhattisgarh,2023,2,district,durg district,26543250
chhattisgarh,2023,2,district,bilaspur district,23996384
chhattisgarh,2023,2,district,korba district,14722364
chhattisgarh,2023,2,district,raigarh district,13938088
chhattisgarh,2023,2,district,surguja district,9173424
chhattisgarh,2023,2,district,janjgir champa district,8632167
chhattisgarh,2023,2,district,mahasamund district,7680738
chhattisgarh,2023,2,district,rajnandgaon district,7064506
chhattisgarh,2023,2,district,bastar district,7031033
chhattisgarh,2023,3,district,raipur district,59881681
chhattisgarh,2023,3,district,durg district,30246656
chhattisgarh,2023,3,district,bilaspur district,27412082
chhattisgarh,2023,3,district,korba district,16915054
chhattisgarh,2023,3,district,raigarh district,15939235
chhattisgarh,2023,3,district,surguja district,10263617
chhattisgarh,2023,3,district,janjgir champa district,9426181
chhattisgarh,2023,3,district,mahasamund district,8726341
chhattisgarh,2023,3,district,balodabazar bhatapara district,8084117
chhattisgarh,2023,3,district,bastar district,8039301
chhattisgarh,2023,4,district,raipur district,65594929
chhattisgarh,2023,4,district,durg district,33642113
chhattisgarh,2023,4,district,bilaspur district,31038732
chhattisgarh,2023,4,district,korba district,19776088
chhattisgarh,2023,4,district,raigarh district,18651620
chhattisgarh,2023,4,district,surguja district,12097600
chhattisgarh,2023,4,district,janjgir champa district,11019395
chhattisgarh,2023,4,district,mahasamund district,10010040
chhattisgarh,2023,4,district,balodabazar bhatapara district,9351035
chhattisgarh,2023,4,district,bastar district,9316257
chhattisgarh,2024,1,district,raipur district,73393384
chhattisgarh,2024,1,district,durg district,37419023
chhattisgarh,2024,1,district,bilaspur district,34907167
chhattisgarh,2024,1,district,korba district,22901886
chhattisgarh,2024,1,district,raigarh district,22042876
chhattisgarh,2024,1,district,surguja district,13820829
chhattisgarh,2024,1,district,janjgir champa district,12854495
chhattisgarh,2024,1,district,mahasamund district,11591492
chhattisgarh,2024,1,district,balodabazar bhatapara district,10919407
chhattisgarh,2024,1,district,bastar district,10527829
chhattisgarh,2024,2,district,raipur district,82621478
chhattisgarh,2024,2,district,durg district,41519930
chhattisgarh,2024,2,district,bilaspur district,39401030
chhattisgarh,2024,2,district,korba district,25667208
chhattisgarh,2024,2,district,raigarh district,24445919
chhattisgarh,2024,2,district,surguja district,15257231
chhattisgarh,2024,2,district,janjgir champa district,14632115
chhattisgarh,2024,2,district,mahasamund district,12808325
chhattisgarh,2024,2,district,balodabazar bhatapara district,12740000
chhattisgarh,2024,2,district,bastar district,11740424
chhattisgarh,2024,3,district,raipur district,91563595
chhattisgarh,2024,3,district,durg district,45818366
chhattisgarh,2024,3,district,bilaspur district,43272264
chhattisgarh,2024,3,district,korba district,27200562
chhattisgarh,2024,3,district,raigarh district,27062162
chhattisgarh,2024,3,district,surguja district,16047676
chhattisgarh,2024,3,district,janjgir champa district,15514461
chhattisgarh,2024,3,district,balodabazar bhatapara district,13976576
chhattisgarh,2024,3,district,mahasamund district,13378339
chhattisgarh,2024,3,district,bastar district,12584141
chhattisgarh,2024,4,district,raipur district,100424977
chhattisgarh,2024,4,district,durg district,51230524
chhattisgarh,2024,4,district,bilaspur district,48917621
chhattisgarh,2024,4,district,korba district,30861957
chhattisgarh,2024,4,district,raigarh district,30644120
chhattisgarh,2024,4,district,surguja district,18347440
chhattisgarh,2024,4,district,janjgir champa district,17718047
chhattisgarh,2024,4,district,balodabazar bhatapara district,15813316
chhattisgarh,2024,4,district,mahasamund district,15373620
chhattisgarh,2024,4,district,bastar district,14100566
chhattisgarh,2025,1,district,raipur district,100409202
chhattisgarh,2025,1,district,durg district,51208213
chhattisgarh,2025,1,district,bilaspur district,48611652
chhattisgarh,2025,1,district,raigarh district,30321175
chhattisgarh,2025,1,district,korba district,29622468
chhattisgarh,2025,1,district,surguja district,17777185
chhattisgarh,2025,1,district,janjgir champa district,17119806
chhattisgarh,2025,1,district,mahasamund district,15858775
chhattisgarh,2025,1,district,balodabazar bhatapara district,15513105
chhattisgarh,2025,1,district,bastar district,13978717
chhattisgarh,2025,2,district,raipur district,107265810
chhattisgarh,2025,2,district,durg district,53092662
chhattisgarh,2025,2,district,bilaspur district,52194441
chhattisgarh,2025,2,district,raigarh district,32493726
chhattisgarh,2025,2,district,korba district,32392684
chhattisgarh,2025,2,district,surguja district,19153356
chhattisgarh,2025,2,district,janjgir champa district,18650802
chhattisgarh,2025,2,district,balodabazar bhatapara district,16807260
chhattisgarh,2025,2,district,mahasamund district,16214529
chhattisgarh,2025,2,district,bastar district,14864192
chhattisgarh,2025,3,district,raipur district,117385168
chhattisgarh,2025,3,district,durg district,57205779
chhattisgarh,2025,3,district,bilaspur district,56173709
chhattisgarh,2025,3,district,raigarh district,35957152
chhattisgarh,2025,3,district,korba district,35714279
chhattisgarh,2025,3,district,surguja district,20373631
chhattisgarh,2025,3,district,janjgir champa district,19405373
chhattisgarh,2025,3,district,balodabazar bhatapara district,17888319
chhattisgarh,2025,3,district,mahasamund district,17134930
chhattisgarh,2025,3,district,bastar district,15927523
chhattisgarh,2025,4,district,raipur district,123350389
chhattisgarh,2025,4,district,durg district,61035991
chhattisgarh,2025,4,district,bilaspur district,60641131
chhattisgarh,2025,4,district,korba district,38254854
chhattisgarh,2025,4,district,raigarh district,38164073
chhattisgarh,2025,4,district,surguja district,22165514
chhattisgarh,2025,4,district,janjgir champa district,21061526
chhattisgarh,2025,4,district,balodabazar bhatapara district,18929890
chhattisgarh,2025,4,district,mahasamund district,18087155
chhattisgarh,2025,4,district,bastar district,16838824
chhattisgarh,2026,1,district,raipur district,127878467
chhattisgarh,2026,1,district,durg district,62241333
chhattisgarh,2026,1,district,bilaspur district,61053267
chhattisgarh,2026,1,district,raigarh district,39423489
chhattisgarh,2026,1,district,korba district,39084451
chhattisgarh,2026,1,district,surguja district,22627872
chhattisgarh,2026,1,district,janjgir champa district,21692567
chhattisgarh,2026,1,district,balodabazar bhatapara district,19355530
chhattisgarh,2026,1,district,mahasamund district,19304412
chhattisgarh,2026,1,district,bastar district,17242771
chhattisgarh,2026,2,district,raipur district,133634746
chhattisgarh,2026,2,district,durg district,64109778
chhattisgarh,2026,2,district,bilaspur district,63534413
chhattisgarh,2026,2,district,raigarh district,40139436
chhattisgarh,2026,2,district,korba district,39693602
chhattisgarh,2026,2,district,surguja district,23181503
chhattisgarh,2026,2,district,janjgir champa district,22795210
chhattisgarh,2026,2,district,balodabazar bhatapara district,20168991
chhattisgarh,2026,2,district,mahasamund district,19256541
chhattisgarh,2026,2,district,bastar district,17986213
dadra-&-nagar-haveli-&-daman-&-diu,2018,1,district,dadra and nagar haveli district,113504
dadra-&-nagar-haveli-&-daman-&-diu,2018,1,district,daman district,55537
dadra-&-nagar-haveli-&-daman-&-diu,2018,1,district,diu district,6708
dadra-&-nagar-haveli-&-daman-&-diu,2018,2,district,dadra and nagar haveli district,152280
dadra-&-nagar-haveli-&-daman-&-diu,2018,2,district,daman district,73753
dadra-&-nagar-haveli-&-daman-&-diu,2018,2,district,diu district,7297
dadra-&-nagar-haveli-&-daman-&-diu,2018,3,district,dadra and nagar haveli district,210132
dadra-&-nagar-haveli-&-daman-&-diu,2018,3,district,daman district,109225
dadra-&-nagar-haveli-&-daman-&-diu,2018,3,district,diu district,7760
dadra-&-nagar-haveli-&-daman-&-diu,2018,4,district,dadra and nagar haveli district,293292
dadra-&-nagar-haveli-&-daman-&-diu,2018,4,district,daman district,156854
dadra-&-nagar-haveli-&-daman-&-diu,2018,4,district,diu district,10573
dadra-&-nagar-haveli-&-daman-&-diu,2019,1,district,dadra and nagar haveli district,470566
dadra-&-nagar-haveli-&-daman-&-diu,2019,1,district,daman district,276060
dadra-&-nagar-haveli-&-daman-&-diu,2019,1,district,diu district,18834
dadra-&-nagar-haveli-&-daman-&-diu,2019,2,district,dadra and nagar haveli district,406070
dadra-&-nagar-haveli-&-daman-&-diu,2019,2,district,daman district,233971
dadra-&-nagar-haveli-&-daman-&-diu,2019,2,district,diu district,20438
dadra-&-nagar-haveli-&-daman-&-diu,2019,3,district,dadra and nagar haveli district,481119
dadra-&-nagar-haveli-&-daman-&-diu,2019,3,district,daman district,253870
dadra-&-nagar-haveli-&-daman-&-diu,2019,3,district,diu district,19098
dadra-&-nagar-haveli-&-daman-&-diu,2019,4,district,dadra and nagar haveli district,585752
dadra-&-nagar-haveli-&-daman-&-diu,2019,4,district,daman district,307890
dadra-&-nagar-haveli-&-daman-&-diu,2019,4,district,diu district,23235
dadra-&-nagar-haveli-&-daman-&-diu,2020,1,district,dadra and nagar haveli district,681177
dadra-&-nagar-haveli-&-daman-&-diu,2020,1,district,daman district,349534
dadra-&-nagar-haveli-&-daman-&-diu,2020,1,district,diu district,28656
dadra-&-nagar-haveli-&-daman-&-diu,2020,2,district,dadra and nagar haveli district,741747
dadra-&-nagar-haveli-&-daman-&-diu,2020,2,district,daman district,361146
dadra-&-nagar-haveli-&-daman-&-diu,2020,2,district,diu district,25799
dadra-&-nagar-haveli-&-daman-&-diu,2020,3,district,dadra and nagar haveli district,938458
dadra-&-nagar-haveli-&-daman-&-diu,2020,3,district,daman district,412011
dadra-&-nagar-haveli-&-daman-&-diu,2020,3,district,diu district,31121
dadra-&-nagar-haveli-&-daman-&-diu,2020,4,district,dadra and nagar haveli district,1405836
dadra-&-nagar-haveli-&-daman-&-diu,2020,4,district,daman district,621533
dadra-&-nagar-haveli-&-daman-&-diu,2020,4,district,diu district,47107
dadra-&-nagar-haveli-&-daman-&-diu,2021,1,district,dadra and nagar haveli district,1637655
dadra-&-nagar-haveli-&-daman-&-diu,2021,1,district,daman district,776214
dadra-&-nagar-haveli-&-daman-&-diu,2021,1,district,diu district,54339
dadra-&-nagar-haveli-&-daman-&-diu,2021,2,district,dadra and nagar haveli district,1884349
dadra-&-nagar-haveli-&-daman-&-diu,2021,2,district,daman district,880497
dadra-&-nagar-haveli-&-daman-&-diu,2021,2,district,diu district,50036
dadra-&-nagar-haveli-&-daman-&-diu,2021,3,district,dadra and nagar haveli district,2744481
dadra-&-nagar-haveli-&-daman-&-diu,2021,3,district,daman district,1305514
dadra-&-nagar-haveli-&-daman-&-diu,2021,3,district,diu district,80805
dadra-&-nagar-haveli-&-daman-&-diu,2021,4,district,dadra and nagar haveli district,3140976
dadra-&-nagar-haveli-&-daman-&-diu,2021,4,district,daman district,1481190
dadra-&-nagar-haveli-&-daman-&-diu,2021,4,district,diu district,96548
dadra-&-nagar-haveli-&-daman-&-diu,2022,1,district,dadra and nagar haveli district,4059744
dadra-&-nagar-haveli-&-daman-&-diu,2022,1,district,daman district,1925312
dadra-&-nagar-haveli-&-daman-&-diu,2022,1,district,diu district,114724
dadra-&-nagar-haveli-&-daman-&-diu,2022,2,district,dadra and nagar haveli district,4946695
dadra-&-nagar-haveli-&-daman-&-diu,2022,2,district,daman district,2324382
dadra-&-nagar-haveli-&-daman-&-diu,2022,2,district,diu district,160267
dadra-&-nagar-haveli-&-daman-&-diu,2022,3,district,dadra and nagar haveli district,6129903
dadra-&-nagar-haveli-&-daman-&-diu,2022,3,district,daman district,2867884
dadra-&-nagar-haveli-&-daman-&-diu,2022,3,district,diu district,169926
dadra-&-nagar-haveli-&-daman-&-diu,2022,4,district,dadra and nagar haveli district,7175924
dadra-&-nagar-haveli-&-daman-&-diu,2022,4,district,daman district,3269481
dadra-&-nagar-haveli-&-daman-&-diu,2022,4,district,diu district,222137
dadra-&-nagar-haveli-&-daman-&-diu,2023,1,district,dadra and nagar haveli district,7810846
dadra-&-nagar-haveli-&-daman-&-diu,2023,1,district,daman district,3573571
dadra-&-nagar-haveli-&-daman-&-diu,2023,1,district,diu district,243521
dadra-&-nagar-haveli-&-daman-&-diu,2023,2,district,dadra and nagar haveli district,8765369
dadra-&-nagar-haveli-&-daman-&-diu,2023,2,district,daman district,4094119
dadra-&-nagar-haveli-&-daman-&-diu,2023,2,district,diu district,279851
dadra-&-nagar-haveli-&-daman-&-diu,2023,3,district,dadra and nagar haveli district,9991144
dadra-&-nagar-haveli-&-daman-&-diu,2023,3,district,daman district,4674476
dadra-&-nagar-haveli-&-daman-&-diu,2023,3,district,diu district,280749
dadra-&-nagar-haveli-&-daman-&-diu,2023,4,district,dadra and nagar haveli district,11908285
dadra-&-nagar-haveli-&-daman-&-diu,2023,4,district,daman district,5589454
dadra-&-nagar-haveli-&-daman-&-diu,2023,4,district,diu district,352973
dadra-&-nagar-haveli-&-daman-&-diu,2024,1,district,dadra and nagar haveli district,13567783
dadra-&-nagar-haveli-&-daman-&-diu,2024,1,district,daman district,6424221
dadra-&-nagar-haveli-&-daman-&-diu,2024,1,district,diu district,361552
dadra-&-nagar-haveli-&-daman-&-diu,2024,2,district,dadra and nagar haveli district,14794106
dadra-&-nagar-haveli-&-daman-&-diu,2024,2,district,daman district,7296251
dadra-&-nagar-haveli-&-daman-&-diu,2024,2,district,diu district,437188
dadra-&-nagar-haveli-&-daman-&-diu,2024,3,district,dadra and nagar haveli district,16097696
dadra-&-nagar-haveli-&-daman-&-diu,2024,3,district,daman district,7946608
dadra-&-nagar-haveli-&-daman-&-diu,2024,3,district,diu district,407877
dadra-&-nagar-haveli-&-daman-&-diu,2024,4,district,dadra and nagar haveli district,18091303
dadra-&-nagar-haveli-&-daman-&-diu,2024,4,district,daman district,8769121
dadra-&-nagar-haveli-&-daman-&-diu,2024,4,district,diu district,493599
dadra-&-nagar-haveli-&-daman-&-diu,2025,1,district,dadra and nagar haveli district,17907827
dadra-&-nagar-haveli-&-daman-&-diu,2025,1,district,daman district,8691573
dadra-&-nagar-haveli-&-daman-&-diu,2025,1,district,diu district,508409
dadra-&-nagar-haveli-&-daman-&-diu,2025,2,district,dadra and nagar haveli district,18506811
dadra-&-nagar-haveli-&-daman-&-diu,2025,2,district,daman district,9170679
dadra-&-nagar-haveli-&-daman-&-diu,2025,2,district,diu district,547861
dadra-&-nagar-haveli-&-daman-&-diu,2025,3,district,dadra and nagar haveli district,20715450
dadra-&-nagar-haveli-&-daman-&-diu,2025,3,district,daman district,10190402
dadra-&-nagar-haveli-&-daman-&-diu,2025,3,district,diu district,538149
dadra-&-nagar-haveli-&-daman-&-diu,2025,4,district,dadra and nagar haveli district,21207726
dadra-&-nagar-haveli-&-daman-&-diu,2025,4,district,daman district,10757100
dadra-&-nagar-haveli-&-daman-&-diu,2025,4,district,diu district,581851
dadra-&-nagar-haveli-&-daman-&-diu,2026,1,district,dadra and nagar haveli district,21978227
dadra-&-nagar-haveli-&-daman-&-diu,2026,1,district,daman district,11111686
dadra-&-nagar-haveli-&-daman-&-diu,2026,1,district,diu district,629243
dadra-&-nagar-haveli-&-daman-&-diu,2026,2,district,dadra and nagar haveli district,21410200
dadra-&-nagar-haveli-&-daman-&-diu,2026,2,district,daman district,10968314
dadra-&-nagar-haveli-&-daman-&-diu,2026,2,district,diu district,657709
delhi,2018,1,district,south east district,658988
delhi,2018,1,district,south west district,638434
delhi,2018,1,district,central district,508624
delhi,2018,1,district,north west district,465184
delhi,2018,1,district,new delhi district,454117
delhi,2018,1,district,west district,439920
delhi,2018,1,district,north district,439894
delhi,2018,1,district,east district,417546
delhi,2018,1,district,south district,388793
delhi,2018,1,district,shahdara district,231205
delhi,2018,2,district,south east district,884320
delhi,2018,2,district,south west district,881210
delhi,2018,2,district,central district,724483
delhi,2018,2,district,new delhi district,689461
delhi,2018,2,district,north west district,684930
delhi,2018,2,district,west district,630240
delhi,2018,2,district,north district,626955
delhi,2018,2,district,south district,587906
delhi,2018,2,district,east district,580133
delhi,2018,2,district,shahdara district,323961
delhi,2018,3,district,south west district,1528958
delhi,2018,3,district,south east district,1501761
delhi,2018,3,district,new delhi district,1429803
delhi,2018,3,district,central district,1319722
delhi,2018,3,district,north west district,1269410
delhi,2018,3,district,north district,1143807
delhi,2018,3,district,east district,1137778
delhi,2018,3,district,south district,1137592
delhi,2018,3,district,west district,1131193
delhi,2018,3,district,shahdara district,573406
delhi,2018,4,district,south east district,3128651
delhi,2018,4,district,south west district,2999563
delhi,2018,4,district,new delhi district,2651351
delhi,2018,4,district,north west district,2631579
delhi,2018,4,district,central district,2543771
delhi,2018,4,district,east district,2387471
delhi,2018,4,district,north district,2241861
delhi,2018,4,district,west district,2149219
delhi,2018,4,district,south district,2007641
delhi,2018,4,district,shahdara district,1172687
delhi,2019,1,district,south east district,5013848
delhi,2019,1,district,south west district,4680922
delhi,2019,1,district,new delhi district,3909707
delhi,2019,1,district,central district,3723381
delhi,2019,1,district,north west district,3639222
delhi,2019,1,district,east district,3598895
delhi,2019,1,district,west district,3200724
delhi,2019,1,district,north district,3099859
delhi,2019,1,district,south district,3027210
delhi,2019,1,district,shahdara district,1680473
delhi,2019,2,district,south west district,5646216
delhi,2019,2,district,south east district,5618398
delhi,2019,2,district,central district,4558214
delhi,2019,2,district,new delhi district,4389391
delhi,2019,2,district,east district,4107714
delhi,2019,2,district,north west district,4063647
delhi,2019,2,district,west district,3783264
delhi,2019,2,district,south district,3703043
delhi,2019,2,district,north district,3653500
delhi,2019,2,district,shahdara district,1923259
delhi,2019,3,district,south west district,7398748
delhi,2019,3,district,south east district,7240334
delhi,2019,3,district,central district,6126423
delhi,2019,3,district,new delhi district,5620363
delhi,2019,3,district,east district,5313198
delhi,2019,3,district,south district,5144757
delhi,2019,3,district,north west district,5025001
delhi,2019,3,district,west district,4822744
delhi,2019,3,district,north district,4643288
delhi,2019,3,district,shahdara district,2380191
delhi,2019,4,district,south west district,8261790
delhi,2019,4,district,south east district,8164736
delhi,2019,4,district,central district,7166238
delhi,2019,4,district,new delhi district,6409263
delhi,2019,4,district,east district,5914270
delhi,2019,4,district,south district,5861740
delhi,2019,4,district,north west district,5394900
delhi,2019,4,district,west district,5305629
delhi,2019,4,district,north district,5100340
delhi,2019,4,district,shahdara district,2642887
delhi,2020,1,district,south west district,8763310
delhi,2020,1,district,south east district,8520402
delhi,2020,1,district,central district,7432248
delhi,2020,1,district,new delhi district,6657386
delhi,2020,1,district,east district,6040695
delhi,2020,1,district,south district,5852427
delhi,2020,1,district,north west district,5564005
delhi,2020,1,district,west district,5505039
delhi,2020,1,district,north district,5409510
delhi,2020,1,district,shahdara district,2702337
delhi,2020,2,district,south west district,8491790
delhi,2020,2,district,south east district,6522943
delhi,2020,2,district,north west district,5196283
delhi,2020,2,district,new delhi district,4813810
delhi,2020,2,district,east district,4799890
delhi,2020,2,district,central district,4456001
delhi,2020,2,district,south district,4440064
delhi,2020,2,district,north district,4348639
delhi,2020,2,district,west district,4345244
delhi,2020,2,district,north east district,2718433
delhi,2020,3,district,south west district,11464415
delhi,2020,3,district,south east district,9457655
delhi,2020,3,district,new delhi district,7391665
delhi,2020,3,district,north west district,7208616
delhi,2020,3,district,central district,6755044
delhi,2020,3,district,west district,6603932
delhi,2020,3,district,east district,6169647
delhi,2020,3,district,north district,6005126
delhi,2020,3,district,south district,5664497
delhi,2020,3,district,north east district,3636305
delhi,2020,4,district,south west district,14982832
delhi,2020,4,district,south east district,13379734
delhi,2020,4,district,new delhi district,10487318
delhi,2020,4,district,central district,10463625
delhi,2020,4,district,north west district,9223987
delhi,2020,4,district,west district,9042591
delhi,2020,4,district,east district,8309668
delhi,2020,4,district,north district,8006233
delhi,2020,4,district,south district,7762190
delhi,2020,4,district,shahdara district,4811911
delhi,2021,1,district,south west district,16937089
delhi,2021,1,district,south east district,16226701
delhi,2021,1,district,central district,13127448
delhi,2021,1,district,new delhi district,12948379
delhi,2021,1,district,west district,10537033
delhi,2021,1,district,north west district,10436215
delhi,2021,1,district,east district,9953045
delhi,2021,1,district,north district,9634854
delhi,2021,1,district,south district,9534359
delhi,2021,1,district,shahdara district,5479221
delhi,2021,2,district,south west district,18349699
delhi,2021,2,district,south east district,15769317
delhi,2021,2,district,new delhi district,12270076
delhi,2021,2,district,central district,11711013
delhi,2021,2,district,north west district,11311847
delhi,2021,2,district,west district,10584394
delhi,2021,2,district,north district,10120920
delhi,2021,2,district,east district,9756629
delhi,2021,2,district,south district,9755486
delhi,2021,2,district,north east district,6183848
delhi,2021,3,district,south west district,23961130
delhi,2021,3,district,south east district,23321293
delhi,2021,3,district,central district,18988811
delhi,2021,3,district,new delhi district,18516213
delhi,2021,3,district,north west district,15273173
delhi,2021,3,district,west district,15198255
delhi,2021,3,district,north district,14231705
delhi,2021,3,district,south district,13621013
delhi,2021,3,district,east district,13476352
delhi,2021,3,district,shahdara district,8123275
delhi,2021,4,district,south east district,24747724
delhi,2021,4,district,south west district,23911769
delhi,2021,4,district,central district,21066491
delhi,2021,4,district,new delhi district,19814259
delhi,2021,4,district,west district,15652427
delhi,2021,4,district,north west district,15586735
delhi,2021,4,district,north district,14728222
delhi,2021,4,district,south district,14041093
delhi,2021,4,district,east district,13400141
delhi,2021,4,district,north east district,8656742
delhi,2022,1,district,south east district,30447430
delhi,2022,1,district,south west district,29975639
delhi,2022,1,district,central district,25751345
delhi,2022,1,district,new delhi district,23651304
delhi,2022,1,district,west district,19902053
delhi,2022,1,district,north west district,19358803
delhi,2022,1,district,north district,18756366
delhi,2022,1,district,south district,17282716
delhi,2022,1,district,east district,16489729
delhi,2022,1,district,north east district,10876470
delhi,2022,2,district,south east district,38779231
delhi,2022,2,district,south west district,37320608
delhi,2022,2,district,central district,32829043
delhi,2022,2,district,new delhi district,30355423
delhi,2022,2,district,west district,24687157
delhi,2022,2,district,north west district,23642716
delhi,2022,2,district,north district,23487140
delhi,2022,2,district,south district,22337969
delhi,2022,2,district,east district,21002938
delhi,2022,2,district,shahdara district,13120742
delhi,2022,3,district,south east district,46417952
delhi,2022,3,district,south west district,44546185
delhi,2022,3,district,central district,39556343
delhi,2022,3,district,new delhi district,37048358
delhi,2022,3,district,west district,29588216
delhi,2022,3,district,north district,28211883
delhi,2022,3,district,north west district,27716325
delhi,2022,3,district,south district,27267176
delhi,2022,3,district,east district,24938850
delhi,2022,3,district,shahdara district,15436540
delhi,2022,4,district,south east district,50709113
delhi,2022,4,district,south west district,47452102
delhi,2022,4,district,central district,44389525
delhi,2022,4,district,new delhi district,40777572
delhi,2022,4,district,west district,31999685
delhi,2022,4,district,north district,30154304
delhi,2022,4,district,north west district,30007597
delhi,2022,4,district,south district,28755456
delhi,2022,4,district,east district,26224650
delhi,2022,4,district,shahdara district,17285371
delhi,2023,1,district,south east district,56766689
delhi,2023,1,district,south west district,52158055
delhi,2023,1,district,central district,49735658
delhi,2023,1,district,new delhi district,45490364
delhi,2023,1,district,west district,36300277
delhi,2023,1,district,north district,34406503
delhi,2023,1,district,north west district,33830801
delhi,2023,1,district,south district,31646989
delhi,2023,1,district,east district,29087060
delhi,2023,1,district,shahdara district,19518433
delhi,2023,2,district,south east district,66044629
delhi,2023,2,district,south west district,61786123
delhi,2023,2,district,central district,57677295
delhi,2023,2,district,new delhi district,53735100
delhi,2023,2,district,west district,42543876
delhi,2023,2,district,north district,40865280
delhi,2023,2,district,north west district,40124324
delhi,2023,2,district,south district,37657922
delhi,2023,2,district,east district,34581868
delhi,2023,2,district,shahdara district,22762628
delhi,2023,3,district,south east district,74805240
delhi,2023,3,district,south west district,71793684
delhi,2023,3,district,central district,63615590
delhi,2023,3,district,new delhi district,60537429
delhi,2023,3,district,west district,48687388
delhi,2023,3,district,north district,46433800
delhi,2023,3,district,north west district,45296587
delhi,2023,3,district,south district,43671158
delhi,2023,3,district,east district,39182765
delhi,2023,3,district,shahdara district,25452345
delhi,2023,4,district,south east district,81814373
delhi,2023,4,district,south west district,76881164
delhi,2023,4,district,central district,73550748
delhi,2023,4,district,new delhi district,66552666
delhi,2023,4,district,west district,52308188
delhi,2023,4,district,north district,49834591
delhi,2023,4,district,north west district,48973676
delhi,2023,4,district,south district,46073220
delhi,2023,4,district,east district,41482273
delhi,2023,4,district,shahdara district,29498509
delhi,2024,1,district,south east district,89144222
delhi,2024,1,district,south west district,83232937
delhi,2024,1,district,central district,79479638
delhi,2024,1,district,new delhi district,72021910
delhi,2024,1,district,west district,56994013
delhi,2024,1,district,north district,55764586
delhi,2024,1,district,north west district,53410888
delhi,2024,1,district,south district,48829450
delhi,2024,1,district,east district,45112431
delhi,2024,1,district,shahdara district,32686449
delhi,2024,2,district,south east district,105655612
delhi,2024,2,district,south west district,101280843
delhi,2024,2,district,central district,91652012
delhi,2024,2,district,new delhi district,85063732
delhi,2024,2,district,west district,67875964
delhi,2024,2,district,north district,66937693
delhi,2024,2,district,north west district,64933678
delhi,2024,2,district,south district,59377851
delhi,2024,2,district,east district,55507096
delhi,2024,2,district,shahdara district,38958025
delhi,2024,3,district,south east district,116512761
delhi,2024,3,district,south west district,111289841
delhi,2024,3,district,central district,98271433
delhi,2024,3,district,new delhi district,92707459
delhi,2024,3,district,west district,74489207
delhi,2024,3,district,north district,72258967
delhi,2024,3,district,north west district,70473739
delhi,2024,3,district,south district,65016632
delhi,2024,3,district,east district,60182581
delhi,2024,3,district,shahdara district,42722793
delhi,2024,4,district,south east district,125272286
delhi,2024,4,district,south west district,119487329
delhi,2024,4,district,central district,109118384
delhi,2024,4,district,new delhi district,98545540
delhi,2024,4,district,west district,79904034
delhi,2024,4,district,north district,76187604
delhi,2024,4,district,north west district,75731797
delhi,2024,4,district,south district,68753393
delhi,2024,4,district,east district,63645632
delhi,2024,4,district,shahdara district,47795095
delhi,2025,1,district,south east district,130631317
delhi,2025,1,district,south west district,122807984
delhi,2025,1,district,central district,112992739
delhi,2025,1,district,new delhi district,102447146
delhi,2025,1,district,west district,84792958
delhi,2025,1,district,north district,80187593
delhi,2025,1,district,north west district,79590918
delhi,2025,1,district,south district,71479966
delhi,2025,1,district,east district,66204136
delhi,2025,1,district,shahdara district,49494367
delhi,2025,2,district,south east district,134986461
delhi,2025,2,district,south west district,129485055
delhi,2025,2,district,central district,116084567
delhi,2025,2,district,new delhi district,107725717
delhi,2025,2,district,west district,87315189
delhi,2025,2,district,north district,85675823
delhi,2025,2,district,north west district,84168638
delhi,2025,2,district,south district,74058104
delhi,2025,2,district,east district,68763438
delhi,2025,2,district,shahdara district,51956940
delhi,2025,3,district,south east district,148099278
delhi,2025,3,district,south west district,140606557
delhi,2025,3,district,central district,125041601
delhi,2025,3,district,new delhi district,115368341
delhi,2025,3,district,west district,94108244
delhi,2025,3,district,north district,92757514
delhi,2025,3,district,north west district,89778615
delhi,2025,3,district,south district,80575036
delhi,2025,3,district,east district,73999188
delhi,2025,3,district,shahdara district,56159820
delhi,2025,4,district,south east district,150606183
delhi,2025,4,district,south west district,141956410
delhi,2025,4,district,central district,130866424
delhi,2025,4,district,new delhi district,116959442
delhi,2025,4,district,west district,95388460
delhi,2025,4,district,north district,92959064
delhi,2025,4,district,north west district,90817453
delhi,2025,4,district,south district,80515389
delhi,2025,4,district,east district,73997336
delhi,2025,4,district,shahdara district,58555456
delhi,2026,1,district,south east district,150544736
delhi,2026,1,district,south west district,141272014
delhi,2026,1,district,central district,130895006
delhi,2026,1,district,new delhi district,117304687
delhi,2026,1,district,west district,96046730
delhi,2026,1,district,north district,94161615
delhi,2026,1,district,north west district,91357803
delhi,2026,1,district,south district,80067909
delhi,2026,1,district,east district,73758287
delhi,2026,1,district,shahdara district,57986138
delhi,2026,2,district,south east district,161160262
delhi,2026,2,district,south west district,152799651
delhi,2026,2,district,central district,138308624
delhi,2026,2,district,new delhi district,126479485
delhi,2026,2,district,west district,103992037
delhi,2026,2,district,north district,101611929
delhi,2026,2,district,north west district,99528310
delhi,2026,2,district,south district,87191033
delhi,2026,2,district,east district,80858374
delhi,2026,2,district,shahdara district,62806814
goa,2018,1,district,south goa district,92118
goa,2018,1,district,north goa district,91265
goa,2018,2,district,south goa district,131909
goa,2018,2,district,north goa district,125601
goa,2018,3,district,south goa district,194476
goa,2018,3,district,north goa district,182037
goa,2018,4,district,north goa district,290152
goa,2018,4,district,south goa district,289495
goa,2019,1,district,north goa district,442475
goa,2019,1,district,south goa district,426604
goa,2019,2,district,north goa district,553060
goa,2019,2,district,south goa district,513406
goa,2019,3,district,north goa district,709388
goa,2019,3,district,south goa district,642571
goa,2019,4,district,north goa district,1068832
goa,2019,4,district,south goa district,832629
goa,2020,1,district,north goa district,1350780
goa,2020,1,district,south goa district,957864
goa,2020,2,district,south goa district,920176
goa,2020,2,district,north goa district,820110
goa,2020,3,district,south goa district,1179745
goa,2020,3,district,north goa district,953360
goa,2020,4,district,north goa district,2267345
goa,2020,4,district,south goa district,1878938
goa,2021,1,district,north goa district,3719086
goa,2021,1,district,south goa district,2450535
goa,2021,2,district,south goa district,2768117
goa,2021,2,district,north goa district,2575314
goa,2021,3,district,north goa district,3775368
goa,2021,3,district,south goa district,3642161
goa,2021,4,district,north goa district,6791030
goa,2021,4,district,south goa district,4674958
goa,2022,1,district,north goa district,8092007
goa,2022,1,district,south goa district,5836869
goa,2022,2,district,north goa district,9310026
goa,2022,2,district,south goa district,6712068
goa,2022,3,district,north goa district,9882677
goa,2022,3,district,south goa district,7898604
goa,2022,4,district,north goa district,13750841
goa,2022,4,district,south goa district,9469823
goa,2023,1,district,north goa district,14555915
goa,2023,1,district,south goa district,9970365
goa,2023,2,district,north goa district,15959845
goa,2023,2,district,south goa district,10904955
goa,2023,3,district,north goa district,15577465
goa,2023,3,district,south goa district,11671209
goa,2023,4,district,north goa district,19934168
goa,2023,4,district,south goa district,13709752
goa,2024,1,district,north goa district,20639549
goa,2024,1,district,south goa district,14506562
goa,2024,2,district,north goa district,21699293
goa,2024,2,district,south goa district,15483146
goa,2024,3,district,north goa district,20677568
goa,2024,3,district,south goa district,16288790
goa,2024,4,district,north goa district,26919311
goa,2024,4,district,south goa district,19399583
goa,2025,1,district,north goa district,28350203
goa,2025,1,district,south goa district,20843770
goa,2025,2,district,north goa district,25901409
goa,2025,2,district,south goa district,19870266
goa,2025,3,district,north goa district,25672935
goa,2025,3,district,south goa district,20477792
goa,2025,4,district,north goa district,30714994
goa,2025,4,district,south goa district,22236598
goa,2026,1,district,north goa district,32187106
goa,2026,1,district,south goa district,22982010
goa,2026,2,district,north goa district,32267206
goa,2026,2,district,south goa district,22941591
gujarat,2018,1,district,ahmedabad district,1282236
gujarat,2018,1,district,surat district,1230062
gujarat,2018,1,district,vadodara district,429856
gujarat,2018,1,district,gandhinagar district,285464
gujarat,2018,1,district,mahesana district,284920
gujarat,2018,1,district,kachchh district,274097
gujarat,2018,1,district,rajkot district,262471
gujarat,2018,1,district,bharuch district,234031
gujarat,2018,1,district,bhavnagar district,218484
gujarat,2018,1,district,valsad district,211733
gujarat,2018,2,district,ahmedabad district,1653551
gujarat,2018,2,district,surat district,1606996
gujarat,2018,2,district,vadodara district,578698
gujarat,2018,2,district,gandhinagar district,371614
gujarat,2018,2,district,kachchh district,353661
gujarat,2018,2,district,mahesana district,350343
gujarat,2018,2,district,rajkot district,334278
gujarat,2018,2,district,bharuch district,320281
gujarat,2018,2,district,bhavnagar district,293547
gujarat,2018,2,district,valsad district,289222
gujarat,2018,3,district,ahmedabad district,2380093
gujarat,2018,3,district,surat district,2245798
gujarat,2018,3,district,vadodara district,827012
gujarat,2018,3,district,gandhinagar district,544997
gujarat,2018,3,district,mahesana district,543890
gujarat,2018,3,district,bharuch district,522068
gujarat,2018,3,district,kachchh district,501189
gujarat,2018,3,district,rajkot district,459763
gujarat,2018,3,district,bhavnagar district,418510
gujarat,2018,3,district,valsad district,411459
gujarat,2018,4,district,ahmedabad district,3993821
gujarat,2018,4,district,surat district,2646204
gujarat,2018,4,district,vadodara district,1136718
gujarat,2018,4,district,gandhinagar district,803291
gujarat,2018,4,district,bharuch district,664953
gujarat,2018,4,district,kachchh district,650875
gujarat,2018,4,district,mahesana district,632785
gujarat,2018,4,district,valsad district,571099
gujarat,2018,4,district,rajkot district,550542
gujarat,2018,4,district,bhavnagar district,494679
gujarat,2019,1,district,ahmedabad district,6936874
gujarat,2019,1,district,surat district,4044703
gujarat,2019,1,district,vadodara district,1835991
gujarat,2019,1,district,gandhinagar district,1502174
gujarat,2019,1,district,kachchh district,1116496
gujarat,2019,1,district,mahesana district,1107721
gujarat,2019,1,district,bharuch district,1079094
gujarat,2019,1,district,valsad district,950314
gujarat,2019,1,district,rajkot district,800529
gujarat,2019,1,district,anand district,737204
gujarat,2019,2,district,ahmedabad district,8038503
gujarat,2019,2,district,surat district,4376212
gujarat,2019,2,district,vadodara district,1985772
gujarat,2019,2,district,gandhinagar district,1640481
gujarat,2019,2,district,bharuch district,1047996
gujarat,2019,2,district,mahesana district,1019325
gujarat,2019,2,district,kachchh district,1000803
gujarat,2019,2,district,valsad district,913911
gujarat,2019,2,district,rajkot district,808980
gujarat,2019,2,district,bhavnagar district,686668
gujarat,2019,3,district,ahmedabad district,11461450
gujarat,2019,3,district,surat district,5578512
gujarat,2019,3,district,vadodara district,2693046
gujarat,2019,3,district,gandhinagar district,2309585
gujarat,2019,3,district,bharuch district,1260410
gujarat,2019,3,district,mahesana district,1237054
gujarat,2019,3,district,anand district,1177297
gujarat,2019,3,district,rajkot district,1114834
gujarat,2019,3,district,kachchh district,1076745
gujarat,2019,3,district,valsad district,1027735
gujarat,2019,4,district,ahmedabad district,12004404
gujarat,2019,4,district,surat district,6185430
gujarat,2019,4,district,vadodara district,3309553
gujarat,2019,4,district,gandhinagar district,2591382
gujarat,2019,4,district,bharuch district,1627176
gujarat,2019,4,district,mahesana district,1426054
gujarat,2019,4,district,valsad district,1294160
gujarat,2019,4,district,kachchh district,1292014
gujarat,2019,4,district,rajkot district,1216158
gujarat,2019,4,district,anand district,1104251
gujarat,2020,1,district,ahmedabad district,12981299
gujarat,2020,1,district,surat district,7242552
gujarat,2020,1,district,vadodara district,3881516
gujarat,2020,1,district,gandhinagar district,2897812
gujarat,2020,1,district,bharuch district,1891459
gujarat,2020,1,district,mahesana district,1599252
gujarat,2020,1,district,kachchh district,1570585
gujarat,2020,1,district,valsad district,1557505
gujarat,2020,1,district,rajkot district,1361272
gujarat,2020,1,district,anand district,1187463
gujarat,2020,2,district,ahmedabad district,9876833
gujarat,2020,2,district,surat district,5624269
gujarat,2020,2,district,vadodara district,3082995
gujarat,2020,2,district,gandhinagar district,2397917
gujarat,2020,2,district,bharuch district,2010502
gujarat,2020,2,district,mahesana district,1906466
gujarat,2020,2,district,valsad district,1722227
gujarat,2020,2,district,kachchh district,1664190
gujarat,2020,2,district,rajkot district,1384855
gujarat,2020,2,district,bhavnagar district,1348858
gujarat,2020,3,district,ahmedabad district,15530752
gujarat,2020,3,district,surat district,7349488
gujarat,2020,3,district,vadodara district,4689850
gujarat,2020,3,district,gandhinagar district,3479551
gujarat,2020,3,district,bharuch district,2659635
gujarat,2020,3,district,mahesana district,2274676
gujarat,2020,3,district,valsad district,2154483
gujarat,2020,3,district,kachchh district,2111606
gujarat,2020,3,district,rajkot district,1673738
gujarat,2020,3,district,banaskantha district,1468546
gujarat,2020,4,district,ahmedabad district,19921250
gujarat,2020,4,district,surat district,11243823
gujarat,2020,4,district,vadodara district,6500887
gujarat,2020,4,district,gandhinagar district,4368528
gujarat,2020,4,district,bharuch district,3772399
gujarat,2020,4,district,valsad district,3025620
gujarat,2020,4,district,mahesana district,2800633
gujarat,2020,4,district,kachchh district,2744434
gujarat,2020,4,district,rajkot district,2097206
gujarat,2020,4,district,banaskantha district,1800951
gujarat,2021,1,district,ahmedabad district,24659336
gujarat,2021,1,district,surat district,13866473
gujarat,2021,1,district,vadodara district,7981878
gujarat,2021,1,district,gandhinagar district,5441497
gujarat,2021,1,district,bharuch district,4467489
gujarat,2021,1,district,valsad district,3574886
gujarat,2021,1,district,kachchh district,3346061
gujarat,2021,1,district,mahesana district,3189009
gujarat,2021,1,district,rajkot district,2515062
gujarat,2021,1,district,banaskantha district,2178138
gujarat,2021,2,district,ahmedabad district,27073367
gujarat,2021,2,district,surat district,15518693
gujarat,2021,2,district,vadodara district,8750580
gujarat,2021,2,district,gandhinagar district,5953941
gujarat,2021,2,district,bharuch district,5330925
gujarat,2021,2,district,valsad district,4383497
gujarat,2021,2,district,kachchh district,4239233
gujarat,2021,2,district,mahesana district,3926379
gujarat,2021,2,district,rajkot district,2995315
gujarat,2021,2,district,banaskantha district,2770929
gujarat,2021,3,district,ahmedabad district,37325057
gujarat,2021,3,district,surat district,21890468
gujarat,2021,3,district,vadodara district,11755496
gujarat,2021,3,district,gandhinagar district,8207725
gujarat,2021,3,district,bharuch district,7077756
gujarat,2021,3,district,valsad district,5957563
gujarat,2021,3,district,kachchh district,5685164
gujarat,2021,3,district,mahesana district,5075441
gujarat,2021,3,district,rajkot district,4180568
gujarat,2021,3,district,banaskantha district,3725964
gujarat,2021,4,district,ahmedabad district,38589370
gujarat,2021,4,district,surat district,23257918
gujarat,2021,4,district,vadodara district,12138648
gujarat,2021,4,district,gandhinagar district,8506937
gujarat,2021,4,district,bharuch district,7639985
gujarat,2021,4,district,valsad district,6680878
gujarat,2021,4,district,kachchh district,6113541
gujarat,2021,4,district,mahesana district,5332917
gujarat,2021,4,district,rajkot district,4520232
gujarat,2021,4,district,banaskantha district,4088084
gujarat,2022,1,district,ahmedabad district,49887247
gujarat,2022,1,district,surat district,31349103
gujarat,2022,1,district,vadodara district,15534558
gujarat,2022,1,district,gandhinagar district,10826728
gujarat,2022,1,district,bharuch district,9966465
gujarat,2022,1,district,valsad district,8631744
gujarat,2022,1,district,kachchh district,8180374
gujarat,2022,1,district,mahesana district,6802225
gujarat,2022,1,district,rajkot district,5764322
gujarat,2022,1,district,banaskantha district,5637185
gujarat,2022,2,district,ahmedabad district,59704946
gujarat,2022,2,district,surat district,37705487
gujarat,2022,2,district,vadodara district,18066037
gujarat,2022,2,district,gandhinagar district,12936585
gujarat,2022,2,district,bharuch district,11665583
gujarat,2022,2,district,valsad district,10478827
gujarat,2022,2,district,kachchh district,10157069
gujarat,2022,2,district,mahesana district,8137383
gujarat,2022,2,district,banaskantha district,7159774
gujarat,2022,2,district,rajkot district,7012502
gujarat,2022,3,district,ahmedabad district,73393147
gujarat,2022,3,district,surat district,47425779
gujarat,2022,3,district,vadodara district,22084772
gujarat,2022,3,district,gandhinagar district,15968214
gujarat,2022,3,district,bharuch district,14273139
gujarat,2022,3,district,valsad district,12727196
gujarat,2022,3,district,kachchh district,12668902
gujarat,2022,3,district,mahesana district,9699810
gujarat,2022,3,district,banaskantha district,8871974
gujarat,2022,3,district,rajkot district,8696717
gujarat,2022,4,district,ahmedabad district,79273169
gujarat,2022,4,district,surat district,51674564
gujarat,2022,4,district,vadodara district,23421296
gujarat,2022,4,district,gandhinagar district,17529979
gujarat,2022,4,district,bharuch district,15848187
gujarat,2022,4,district,valsad district,14649215
gujarat,2022,4,district,kachchh district,14350389
gujarat,2022,4,district,mahesana district,10852173
gujarat,2022,4,district,rajkot district,9692317
gujarat,2022,4,district,banaskantha district,9646898
gujarat,2023,1,district,ahmedabad district,88540464
gujarat,2023,1,district,surat district,60137734
gujarat,2023,1,district,vadodara district,25560151
gujarat,2023,1,district,gandhinagar district,19522215
gujarat,2023,1,district,bharuch district,17616393
gujarat,2023,1,district,kachchh district,16414535
gujarat,2023,1,district,valsad district,16181700
gujarat,2023,1,district,mahesana district,11897812
gujarat,2023,1,district,banaskantha district,11092124
gujarat,2023,1,district,rajkot district,10841272
gujarat,2023,2,district,ahmedabad district,101450862
gujarat,2023,2,district,surat district,69983794
gujarat,2023,2,district,vadodara district,28319121
gujarat,2023,2,district,gandhinagar district,22548984
gujarat,2023,2,district,bharuch district,20539998
gujarat,2023,2,district,kachchh district,18950408
gujarat,2023,2,district,valsad district,18720429
gujarat,2023,2,district,mahesana district,13809658
gujarat,2023,2,district,banaskantha district,13066776
gujarat,2023,2,district,rajkot district,12499973
gujarat,2023,3,district,ahmedabad district,116510467
gujarat,2023,3,district,surat district,80341456
gujarat,2023,3,district,vadodara district,32862719
gujarat,2023,3,district,gandhinagar district,26372445
gujarat,2023,3,district,bharuch district,23361333
gujarat,2023,3,district,kachchh district,22218387
gujarat,2023,3,district,valsad district,21099102
gujarat,2023,3,district,mahesana district,15654958
gujarat,2023,3,district,banaskantha district,15158084
gujarat,2023,3,district,rajkot district,14193068
gujarat,2023,4,district,ahmedabad district,125830841
gujarat,2023,4,district,surat district,90078245
gujarat,2023,4,district,vadodara district,35500249
gujarat,2023,4,district,gandhinagar district,28745148
gujarat,2023,4,district,bharuch district,26004724
gujarat,2023,4,district,kachchh district,25245978
gujarat,2023,4,district,valsad district,24737813
gujarat,2023,4,district,mahesana district,17885886
gujarat,2023,4,district,banaskantha district,17408595
gujarat,2023,4,district,vav tharad district,16134128
gujarat,2024,1,district,ahmedabad district,139230639
gujarat,2024,1,district,surat district,105534880
gujarat,2024,1,district,vadodara district,38433206
gujarat,2024,1,district,gandhinagar district,32133410
gujarat,2024,1,district,bharuch district,29698497
gujarat,2024,1,district,kachchh district,29491037
gujarat,2024,1,district,valsad district,27878940
gujarat,2024,1,district,banaskantha district,20721831
gujarat,2024,1,district,vav tharad district,20502008
gujarat,2024,1,district,mahesana district,20152397
gujarat,2024,2,district,ahmedabad district,158112451
gujarat,2024,2,district,surat district,117507384
gujarat,2024,2,district,vadodara district,42634469
gujarat,2024,2,district,gandhinagar district,36346480
gujarat,2024,2,district,kachchh district,34665363
gujarat,2024,2,district,bharuch district,33397410
gujarat,2024,2,district,valsad district,31587927
gujarat,2024,2,district,banaskantha district,24283177
gujarat,2024,2,district,vav tharad district,24277640
gujarat,2024,2,district,mahesana district,23150207
gujarat,2024,3,district,ahmedabad district,174348647
gujarat,2024,3,district,surat district,131549650
gujarat,2024,3,district,vadodara district,45977310
gujarat,2024,3,district,gandhinagar district,40460318
gujarat,2024,3,district,kachchh district,38070657
gujarat,2024,3,district,bharuch district,36620529
gujarat,2024,3,district,valsad district,34325759
gujarat,2024,3,district,banaskantha district,25881135
gujarat,2024,3,district,mahesana district,25071597
gujarat,2024,3,district,vav tharad district,24601746
gujarat,2024,4,district,ahmedabad district,185820752
gujarat,2024,4,district,surat district,142266055
gujarat,2024,4,district,vadodara district,50259587
gujarat,2024,4,district,gandhinagar district,43531953
gujarat,2024,4,district,kachchh district,41687977
gujarat,2024,4,district,bharuch district,39441978
gujarat,2024,4,district,valsad district,38362997
gujarat,2024,4,district,banaskantha district,27906962
gujarat,2024,4,district,vav tharad district,27696700
gujarat,2024,4,district,mahesana district,27681644
gujarat,2025,1,district,ahmedabad district,203492633
gujarat,2025,1,district,surat district,156145899
gujarat,2025,1,district,vadodara district,54565577
gujarat,2025,1,district,gandhinagar district,47108740
gujarat,2025,1,district,kachchh district,45719050
gujarat,2025,1,district,bharuch district,40974049
gujarat,2025,1,district,valsad district,39711214
gujarat,2025,1,district,vav tharad district,29663045
gujarat,2025,1,district,banaskantha district,29291158
gujarat,2025,1,district,mahesana district,29098114
gujarat,2025,2,district,ahmedabad district,205117798
gujarat,2025,2,district,surat district,157411481
gujarat,2025,2,district,vadodara district,52797601
gujarat,2025,2,district,gandhinagar district,47922414
gujarat,2025,2,district,kachchh district,47613845
gujarat,2025,2,district,bharuch district,42340601
gujarat,2025,2,district,valsad district,41449698
gujarat,2025,2,district,banaskantha district,31333281
gujarat,2025,2,district,vav tharad district,30891759
gujarat,2025,2,district,mahesana district,30810728
gujarat,2025,3,district,ahmedabad district,232471149
gujarat,2025,3,district,surat district,184548217
gujarat,2025,3,district,vadodara district,60393963
gujarat,2025,3,district,gandhinagar district,54687999
gujarat,2025,3,district,kachchh district,53960839
gujarat,2025,3,district,bharuch district,48654451
gujarat,2025,3,district,valsad district,45988998
gujarat,2025,3,district,banaskantha district,35884055
gujarat,2025,3,district,vav tharad district,35821364
gujarat,2025,3,district,mahesana district,34463003
gujarat,2025,4,district,ahmedabad district,230877722
gujarat,2025,4,district,surat district,184123266
gujarat,2025,4,district,vadodara district,60676295
gujarat,2025,4,district,gandhinagar district,54160353
gujarat,2025,4,district,kachchh district,54030120
gujarat,2025,4,district,bharuch district,49893995
gujarat,2025,4,district,valsad district,48013904
gujarat,2025,4,district,vav tharad district,36859120
gujarat,2025,4,district,banaskantha district,35665255
gujarat,2025,4,district,mahesana district,35053850
gujarat,2026,1,district,ahmedabad district,248708675
gujarat,2026,1,district,surat district,204111967
gujarat,2026,1,district,vadodara district,64128325
gujarat,2026,1,district,kachchh district,58549681
gujarat,2026,1,district,gandhinagar district,58252097
gujarat,2026,1,district,bharuch district,53313819
gujarat,2026,1,district,valsad district,50752709
gujarat,2026,1,district,vav tharad district,38761285
gujarat,2026,1,district,banaskantha district,38078479
gujarat,2026,1,district,mahesana district,36550667
gujarat,2026,2,district,ahmedabad district,260700084
gujarat,2026,2,district,surat district,201601478
gujarat,2026,2,district,vadodara district,66298282
gujarat,2026,2,district,kachchh district,60579670
gujarat,2026,2,district,gandhinagar district,60548590
gujarat,2026,2,district,bharuch district,54956816
gujarat,2026,2,district,valsad district,51903972
gujarat,2026,2,district,banaskantha district,39156532
gujarat,2026,2,district,mahesana district,38171930
gujarat,2026,2,district,vav tharad district,36805128
haryana,2018,1,district,gurugram district,1427526
haryana,2018,1,district,faridabad district,533590
haryana,2018,1,district,hisar district,293592
haryana,2018,1,district,rewari district,253101
haryana,2018,1,district,sonipat district,211028
haryana,2018,1,district,karnal district,204584
haryana,2018,1,district,panipat district,203659
haryana,2018,1,district,sirsa district,198848
haryana,2018,1,district,rohtak district,148799
haryana,2018,1,district,fatehabad district,142354
haryana,2018,2,district,gurugram district,1945593
haryana,2018,2,district,faridabad district,704352
haryana,2018,2,district,hisar district,381503
haryana,2018,2,district,rewari district,328327
haryana,2018,2,district,sonipat district,298107
haryana,2018,2,district,panipat district,292882
haryana,2018,2,district,sirsa district,273013
haryana,2018,2,district,karnal district,269531
haryana,2018,2,district,rohtak district,214390
haryana,2018,2,district,ambala district,205929
haryana,2018,3,district,gurugram district,2944574
haryana,2018,3,district,faridabad district,1088345
haryana,2018,3,district,hisar district,452251
haryana,2018,3,district,rewari district,427851
haryana,2018,3,district,sonipat district,365960
haryana,2018,3,district,panipat district,356229
haryana,2018,3,district,karnal district,329435
haryana,2018,3,district,rohtak district,281567
haryana,2018,3,district,ambala district,256773
haryana,2018,3,district,sirsa district,253030
haryana,2018,4,district,gurugram district,4995593
haryana,2018,4,district,faridabad district,2499288
haryana,2018,4,district,rewari district,654835
haryana,2018,4,district,hisar district,595495
haryana,2018,4,district,sonipat district,515122
haryana,2018,4,district,panipat district,459289
haryana,2018,4,district,palwal district,452874
haryana,2018,4,district,karnal district,420636
haryana,2018,4,district,jhajjar district,373664
haryana,2018,4,district,rohtak district,352343
haryana,2019,1,district,gurugram district,10105116
haryana,2019,1,district,faridabad district,4646987
haryana,2019,1,district,rewari district,1245223
haryana,2019,1,district,palwal district,876554
haryana,2019,1,district,hisar district,853436
haryana,2019,1,district,sonipat district,797992
haryana,2019,1,district,panipat district,656460
haryana,2019,1,district,jhajjar district,646067
haryana,2019,1,district,karnal district,634159
haryana,2019,1,district,rohtak district,529257
haryana,2019,2,district,gurugram district,11031930
haryana,2019,2,district,faridabad district,4798919
haryana,2019,2,district,rewari district,1280118
haryana,2019,2,district,palwal district,1023612
haryana,2019,2,district,hisar district,1007570
haryana,2019,2,district,sonipat district,925138
haryana,2019,2,district,panipat district,733667
haryana,2019,2,district,karnal district,730110
haryana,2019,2,district,jhajjar district,729119
haryana,2019,2,district,rohtak district,650329
haryana,2019,3,district,gurugram district,14940873
haryana,2019,3,district,faridabad district,5996484
haryana,2019,3,district,rewari district,1551301
haryana,2019,3,district,palwal district,1333771
haryana,2019,3,district,hisar district,1282180
haryana,2019,3,district,sonipat district,1090956
haryana,2019,3,district,panipat district,914933
haryana,2019,3,district,karnal district,912720
haryana,2019,3,district,jhajjar district,883640
haryana,2019,3,district,nuh district,794852
haryana,2019,4,district,gurugram district,18740787
haryana,2019,4,district,faridabad district,6758819
haryana,2019,4,district,rewari district,1936527
haryana,2019,4,district,palwal district,1586497
haryana,2019,4,district,hisar district,1584093
haryana,2019,4,district,sonipat district,1380002
haryana,2019,4,district,karnal district,1168021
haryana,2019,4,district,jhajjar district,1141833
haryana,2019,4,district,panipat district,1126834
haryana,2019,4,district,nuh district,1090534
haryana,2020,1,district,gurugram district,20940234
haryana,2020,1,district,faridabad district,7540950
haryana,2020,1,district,rewari district,2266925
haryana,2020,1,district,palwal district,1999613
haryana,2020,1,district,hisar district,1836395
haryana,2020,1,district,sonipat district,1632817
haryana,2020,1,district,nuh district,1625407
haryana,2020,1,district,karnal district,1347208
haryana,2020,1,district,jhajjar district,1310848
haryana,2020,1,district,panipat district,1306193
haryana,2020,2,district,gurugram district,13587451
haryana,2020,2,district,faridabad district,7098169
haryana,2020,2,district,palwal district,2553974
haryana,2020,2,district,rewari district,2517351
haryana,2020,2,district,nuh district,2026132
haryana,2020,2,district,hisar district,1996616
haryana,2020,2,district,sonipat district,1740131
haryana,2020,2,district,jhajjar district,1501930
haryana,2020,2,district,mahendragarh district,1446228
haryana,2020,2,district,karnal district,1418966
haryana,2020,3,district,gurugram district,22198085
haryana,2020,3,district,faridabad district,10475758
haryana,2020,3,district,rewari district,3924871
haryana,2020,3,district,palwal district,3329367
haryana,2020,3,district,nuh district,2704081
haryana,2020,3,district,hisar district,2663353
haryana,2020,3,district,sonipat district,2480502
haryana,2020,3,district,jhajjar district,2100935
haryana,2020,3,district,panipat district,1879799
haryana,2020,3,district,karnal district,1868270
haryana,2020,4,district,gurugram district,31802470
haryana,2020,4,district,faridabad district,13724798
haryana,2020,4,district,rewari district,5133675
haryana,2020,4,district,palwal district,4202575
haryana,2020,4,district,hisar district,3571838
haryana,2020,4,district,nuh district,3465435
haryana,2020,4,district,sonipat district,3381856
haryana,2020,4,district,jhajjar district,2809124
haryana,2020,4,district,panipat district,2501978
haryana,2020,4,district,karnal district,2438932
haryana,2021,1,district,gurugram district,38917056
haryana,2021,1,district,faridabad district,16017589
haryana,2021,1,district,rewari district,5843477
haryana,2021,1,district,palwal district,4673622
haryana,2021,1,district,nuh district,4296334
haryana,2021,1,district,hisar district,3948333
haryana,2021,1,district,sonipat district,3538682
haryana,2021,1,district,jhajjar district,2962310
haryana,2021,1,district,mahendragarh district,2771056
haryana,2021,1,district,panipat district,2696157
haryana,2021,2,district,gurugram district,40043742
haryana,2021,2,district,faridabad district,18280942
haryana,2021,2,district,rewari district,7399307
haryana,2021,2,district,palwal district,6339763
haryana,2021,2,district,nuh district,5541461
haryana,2021,2,district,hisar district,5001741
haryana,2021,2,district,sonipat district,4746781
haryana,2021,2,district,jhajjar district,3948712
haryana,2021,2,district,mahendragarh district,3755302
haryana,2021,2,district,panipat district,3511597
haryana,2021,3,district,gurugram district,58432991
haryana,2021,3,district,faridabad district,23955908
haryana,2021,3,district,rewari district,9848850
haryana,2021,3,district,palwal district,7703236
haryana,2021,3,district,nuh district,6887885
haryana,2021,3,district,hisar district,6380507
haryana,2021,3,district,sonipat district,6184921
haryana,2021,3,district,jhajjar district,5122927
haryana,2021,3,district,mahendragarh district,4614242
haryana,2021,3,district,panipat district,4475791
haryana,2021,4,district,gurugram district,59811966
haryana,2021,4,district,faridabad district,24694628
haryana,2021,4,district,rewari district,9927363
haryana,2021,4,district,palwal district,8343137
haryana,2021,4,district,nuh district,8198030
haryana,2021,4,district,hisar district,6584913
haryana,2021,4,district,sonipat district,6546900
haryana,2021,4,district,jhajjar district,5527735
haryana,2021,4,district,mahendragarh district,4893450
haryana,2021,4,district,panipat district,4752168
haryana,2022,1,district,gurugram district,75571738
haryana,2022,1,district,faridabad district,31375547
haryana,2022,1,district,rewari district,12439223
haryana,2022,1,district,nuh district,11735596
haryana,2022,1,district,palwal district,10719977
haryana,2022,1,district,sonipat district,8557823
haryana,2022,1,district,hisar district,8457689
haryana,2022,1,district,jhajjar district,7000540
haryana,2022,1,district,panipat district,6205417
haryana,2022,1,district,mahendragarh district,6125761
haryana,2022,2,district,gurugram district,96659582
haryana,2022,2,district,faridabad district,37141538
haryana,2022,2,district,rewari district,15067053
haryana,2022,2,district,nuh district,14234134
haryana,2022,2,district,palwal district,12553512
haryana,2022,2,district,sonipat district,10603706
haryana,2022,2,district,hisar district,10292122
haryana,2022,2,district,jhajjar district,8535331
haryana,2022,2,district,panipat district,7504242
haryana,2022,2,district,mahendragarh district,7354471
haryana,2022,3,district,gurugram district,118654957
haryana,2022,3,district,faridabad district,44016192
haryana,2022,3,district,rewari district,17502905
haryana,2022,3,district,nuh district,16900693
haryana,2022,3,district,palwal district,14868025
haryana,2022,3,district,sonipat district,12690582
haryana,2022,3,district,hisar district,12282213
haryana,2022,3,district,jhajjar district,10117983
haryana,2022,3,district,panipat district,9193210
haryana,2022,3,district,mahendragarh district,8513877
haryana,2022,4,district,gurugram district,125058583
haryana,2022,4,district,faridabad district,47463607
haryana,2022,4,district,rewari district,18327317
haryana,2022,4,district,nuh district,17039779
haryana,2022,4,district,palwal district,15731240
haryana,2022,4,district,sonipat district,13912976
haryana,2022,4,district,hisar district,12920292
haryana,2022,4,district,jhajjar district,11054604
haryana,2022,4,district,panipat district,10120831
haryana,2022,4,district,mahendragarh district,9218562
haryana,2023,1,district,gurugram district,139403695
haryana,2023,1,district,faridabad district,53253048
haryana,2023,1,district,nuh district,20073277
haryana,2023,1,district,rewari district,19766183
haryana,2023,1,district,palwal district,17897260
haryana,2023,1,district,sonipat district,15340409
haryana,2023,1,district,hisar district,13772166
haryana,2023,1,district,jhajjar district,12277513
haryana,2023,1,district,panipat district,10869949
haryana,2023,1,district,mahendragarh district,10026128
haryana,2023,2,district,gurugram district,168291173
haryana,2023,2,district,faridabad district,62224261
haryana,2023,2,district,nuh district,24937489
haryana,2023,2,district,rewari district,23865904
haryana,2023,2,district,palwal district,21339026
haryana,2023,2,district,sonipat district,18825041
haryana,2023,2,district,hisar district,16148011
haryana,2023,2,district,jhajjar district,14847710
haryana,2023,2,district,panipat district,13103199
haryana,2023,2,district,mahendragarh district,12205542
haryana,2023,3,district,gurugram district,188777546
haryana,2023,3,district,faridabad district,66615080
haryana,2023,3,district,rewari district,27084537
haryana,2023,3,district,palwal district,22239859
haryana,2023,3,district,sonipat district,21609119
haryana,2023,3,district,nuh district,21529497
haryana,2023,3,district,hisar district,18071960
haryana,2023,3,district,jhajjar district,16813322
haryana,2023,3,district,panipat district,15225101
haryana,2023,3,district,rohtak district,13370947
haryana,2023,4,district,gurugram district,200848907
haryana,2023,4,district,faridabad district,77137216
haryana,2023,4,district,rewari district,29652064
haryana,2023,4,district,nuh district,29106308
haryana,2023,4,district,palwal district,26443502
haryana,2023,4,district,sonipat district,24216891
haryana,2023,4,district,hisar district,19315921
haryana,2023,4,district,jhajjar district,18668059
haryana,2023,4,district,panipat district,16968514
haryana,2023,4,district,mahendragarh district,14861112
haryana,2024,1,district,gurugram district,220727106
haryana,2024,1,district,faridabad district,87558652
haryana,2024,1,district,nuh district,36760207
haryana,2024,1,district,rewari district,32725528
haryana,2024,1,district,palwal district,30204613
haryana,2024,1,district,sonipat district,27043318
haryana,2024,1,district,jhajjar district,20697623
haryana,2024,1,district,panipat district,18454256
haryana,2024,1,district,hisar district,17827097
haryana,2024,1,district,mahendragarh district,16212172
haryana,2024,2,district,gurugram district,267688497
haryana,2024,2,district,faridabad district,106674254
haryana,2024,2,district,nuh district,41986774
haryana,2024,2,district,rewari district,39157589
haryana,2024,2,district,palwal district,35601152
haryana,2024,2,district,sonipat district,33484825
haryana,2024,2,district,jhajjar district,25314429
haryana,2024,2,district,hisar district,24284027
haryana,2024,2,district,panipat district,22309396
haryana,2024,2,district,mahendragarh district,19324773
haryana,2024,3,district,gurugram district,291889380
haryana,2024,3,district,faridabad district,115295902
haryana,2024,3,district,rewari district,42168793
haryana,2024,3,district,nuh district,41553746
haryana,2024,3,district,sonipat district,37494640
haryana,2024,3,district,palwal district,37303161
haryana,2024,3,district,jhajjar district,27734752
haryana,2024,3,district,hisar district,26103422
haryana,2024,3,district,panipat district,24965170
haryana,2024,3,district,rohtak district,20608606
haryana,2024,4,district,gurugram district,301972352
haryana,2024,4,district,faridabad district,124621937
haryana,2024,4,district,rewari district,44302672
haryana,2024,4,district,nuh district,43874202
haryana,2024,4,district,sonipat district,40514906
haryana,2024,4,district,palwal district,39937654
haryana,2024,4,district,jhajjar district,29796785
haryana,2024,4,district,hisar district,27582528
haryana,2024,4,district,panipat district,27414381
haryana,2024,4,district,rohtak district,21843502
haryana,2025,1,district,gurugram district,314643963
haryana,2025,1,district,faridabad district,127372908
haryana,2025,1,district,rewari district,42345696
haryana,2025,1,district,nuh district,42254197
haryana,2025,1,district,sonipat district,40772507
haryana,2025,1,district,palwal district,38592072
haryana,2025,1,district,jhajjar district,29462960
haryana,2025,1,district,panipat district,28166220
haryana,2025,1,district,hisar district,27823447
haryana,2025,1,district,rohtak district,22069672
haryana,2025,2,district,gurugram district,338835331
haryana,2025,2,district,faridabad district,137798197
haryana,2025,2,district,nuh district,49152435
haryana,2025,2,district,rewari district,48326183
haryana,2025,2,district,sonipat district,45947484
haryana,2025,2,district,palwal district,44889441
haryana,2025,2,district,jhajjar district,33607340
haryana,2025,2,district,hisar district,30873525
haryana,2025,2,district,panipat district,30484253
haryana,2025,2,district,rohtak district,24494483
haryana,2025,3,district,gurugram district,369206900
haryana,2025,3,district,faridabad district,149026626
haryana,2025,3,district,rewari district,52326274
haryana,2025,3,district,nuh district,51887406
haryana,2025,3,district,sonipat district,50262650
haryana,2025,3,district,palwal district,47706634
haryana,2025,3,district,jhajjar district,36618966
haryana,2025,3,district,panipat district,33862501
haryana,2025,3,district,hisar district,32092743
haryana,2025,3,district,rohtak district,25724888
haryana,2025,4,district,gurugram district,364699052
haryana,2025,4,district,faridabad district,151994846
haryana,2025,4,district,rewari district,52836696
haryana,2025,4,district,nuh district,51640154
haryana,2025,4,district,sonipat district,51377088
haryana,2025,4,district,palwal district,49012796
haryana,2025,4,district,jhajjar district,37555535
haryana,2025,4,district,panipat district,34966954
haryana,2025,4,district,hisar district,33161760
haryana,2025,4,district,rohtak district,26417181
haryana,2026,1,district,gurugram district,370105054
haryana,2026,1,district,faridabad district,153065849
haryana,2026,1,district,rewari district,52383888
haryana,2026,1,district,nuh district,52341029
haryana,2026,1,district,sonipat district,51664135
haryana,2026,1,district,palwal district,49082092
haryana,2026,1,district,jhajjar district,37569670
haryana,2026,1,district,panipat district,34817059
haryana,2026,1,district,hisar district,33093725
haryana,2026,1,district,rohtak district,26433973
haryana,2026,2,district,gurugram district,405201286
haryana,2026,2,district,faridabad district,166618683
haryana,2026,2,district,rewari district,57775474
haryana,2026,2,district,sonipat district,56947232
haryana,2026,2,district,nuh district,55133036
haryana,2026,2,district,palwal district,54368476
haryana,2026,2,district,jhajjar district,41818978
haryana,2026,2,district,panipat district,37978024
haryana,2026,2,district,hisar district,36869760
haryana,2026,2,district,rohtak district,29566479
himachal-pradesh,2018,1,district,solan district,149567
himachal-pradesh,2018,1,district,kangra district,67634
himachal-pradesh,2018,1,district,shimla district,66266
himachal-pradesh,2018,1,district,mandi district,53940
himachal-pradesh,2018,1,district,sirmaur district,42119
himachal-pradesh,2018,1,district,hamirpur district,39988
himachal-pradesh,2018,1,district,una district,30992
himachal-pradesh,2018,1,district,kullu district,30955
himachal-pradesh,2018,1,district,bilaspur district,26810
himachal-pradesh,2018,1,district,chamba district,15813
himachal-pradesh,2018,2,district,solan district,203340
himachal-pradesh,2018,2,district,kangra district,105741
himachal-pradesh,2018,2,district,shimla district,99165
himachal-pradesh,2018,2,district,mandi district,70324
himachal-pradesh,2018,2,district,sirmaur district,58240
himachal-pradesh,2018,2,district,hamirpur district,50250
himachal-pradesh,2018,2,district,kullu district,49628
himachal-pradesh,2018,2,district,una district,41508
himachal-pradesh,2018,2,district,bilaspur district,35399
himachal-pradesh,2018,2,district,chamba district,25766
himachal-pradesh,2018,3,district,solan district,275378
himachal-pradesh,2018,3,district,shimla district,131969
himachal-pradesh,2018,3,district,kangra district,131527
himachal-pradesh,2018,3,district,mandi district,87773
himachal-pradesh,2018,3,district,sirmaur district,83326
himachal-pradesh,2018,3,district,hamirpur district,69210
himachal-pradesh,2018,3,district,una district,54699
himachal-pradesh,2018,3,district,kullu district,51157
himachal-pradesh,2018,3,district,bilaspur district,43904
himachal-pradesh,2018,3,district,chamba district,34379
himachal-pradesh,2018,4,district,solan district,422784
himachal-pradesh,2018,4,district,kangra district,212738
himachal-pradesh,2018,4,district,shimla district,190430
himachal-pradesh,2018,4,district,sirmaur district,131136
himachal-pradesh,2018,4,district,mandi district,130853
himachal-pradesh,2018,4,district,hamirpur district,93164
himachal-pradesh,2018,4,district,una district,90597
himachal-pradesh,2018,4,district,kullu district,80278
himachal-pradesh,2018,4,district,bilaspur district,60961
himachal-pradesh,2018,4,district,chamba district,49802
himachal-pradesh,2019,1,district,solan district,774301
himachal-pradesh,2019,1,district,kangra district,306194
himachal-pradesh,2019,1,district,shimla district,251270
himachal-pradesh,2019,1,district,sirmaur district,217032
himachal-pradesh,2019,1,district,mandi district,179436
himachal-pradesh,2019,1,district,una district,145735
himachal-pradesh,2019,1,district,hamirpur district,144567
himachal-pradesh,2019,1,district,kullu district,118050
himachal-pradesh,2019,1,district,bilaspur district,87369
himachal-pradesh,2019,1,district,chamba district,62250
himachal-pradesh,2019,2,district,solan district,681960
himachal-pradesh,2019,2,district,kangra district,394482
himachal-pradesh,2019,2,district,shimla district,343734
himachal-pradesh,2019,2,district,mandi district,230045
himachal-pradesh,2019,2,district,sirmaur district,202331
himachal-pradesh,2019,2,district,kullu district,189247
himachal-pradesh,2019,2,district,hamirpur district,162963
himachal-pradesh,2019,2,district,una district,150883
himachal-pradesh,2019,2,district,bilaspur district,104265
himachal-pradesh,2019,2,district,chamba district,91372
himachal-pradesh,2019,3,district,solan district,693951
himachal-pradesh,2019,3,district,kangra district,440548
himachal-pradesh,2019,3,district,shimla district,397168
himachal-pradesh,2019,3,district,mandi district,249927
himachal-pradesh,2019,3,district,hamirpur district,204054
himachal-pradesh,2019,3,district,sirmaur district,203254
himachal-pradesh,2019,3,district,kullu district,184413
himachal-pradesh,2019,3,district,una district,161050
himachal-pradesh,2019,3,district,bilaspur district,109885
himachal-pradesh,2019,3,district,chamba district,105395
himachal-pradesh,2019,4,district,solan district,861006
himachal-pradesh,2019,4,district,kangra district,586283
himachal-pradesh,2019,4,district,shimla district,494257
himachal-pradesh,2019,4,district,mandi district,327089
himachal-pradesh,2019,4,district,kullu district,262840
himachal-pradesh,2019,4,district,hamirpur district,262728
himachal-pradesh,2019,4,district,sirmaur district,253310
himachal-pradesh,2019,4,district,una district,208961
himachal-pradesh,2019,4,district,bilaspur district,144516
himachal-pradesh,2019,4,district,chamba district,135921
himachal-pradesh,2020,1,district,solan district,991658
himachal-pradesh,2020,1,district,kangra district,710248
himachal-pradesh,2020,1,district,shimla district,536791
himachal-pradesh,2020,1,district,mandi district,396039
himachal-pradesh,2020,1,district,hamirpur district,311955
himachal-pradesh,2020,1,district,kullu district,311067
himachal-pradesh,2020,1,district,sirmaur district,306931
himachal-pradesh,2020,1,district,una district,255790
himachal-pradesh,2020,1,district,bilaspur district,179298
himachal-pradesh,2020,1,district,chamba district,168178
himachal-pradesh,2020,2,district,solan district,965990
himachal-pradesh,2020,2,district,kangra district,964091
himachal-pradesh,2020,2,district,shimla district,575702
himachal-pradesh,2020,2,district,mandi district,521355
himachal-pradesh,2020,2,district,sirmaur district,349209
himachal-pradesh,2020,2,district,hamirpur district,336670
himachal-pradesh,2020,2,district,una district,314366
himachal-pradesh,2020,2,district,kullu district,253812
himachal-pradesh,2020,2,district,bilaspur district,232672
himachal-pradesh,2020,2,district,chamba district,230265
himachal-pradesh,2020,3,district,solan district,1278588
himachal-pradesh,2020,3,district,kangra district,1088335
himachal-pradesh,2020,3,district,shimla district,775412
himachal-pradesh,2020,3,district,mandi district,583461
himachal-pradesh,2020,3,district,sirmaur district,425165
himachal-pradesh,2020,3,district,hamirpur district,387354
himachal-pradesh,2020,3,district,una district,364859
himachal-pradesh,2020,3,district,kullu district,320244
himachal-pradesh,2020,3,district,chamba district,269127
himachal-pradesh,2020,3,district,bilaspur district,253935
himachal-pradesh,2020,4,district,solan district,1669719
himachal-pradesh,2020,4,district,kangra district,1389746
himachal-pradesh,2020,4,district,shimla district,987254
himachal-pradesh,2020,4,district,mandi district,739304
himachal-pradesh,2020,4,district,kullu district,548425
himachal-pradesh,2020,4,district,sirmaur district,545036
himachal-pradesh,2020,4,district,hamirpur district,482649
himachal-pradesh,2020,4,district,una district,449469
himachal-pradesh,2020,4,district,chamba district,354360
himachal-pradesh,2020,4,district,bilaspur district,324200
himachal-pradesh,2021,1,district,solan district,1865572
himachal-pradesh,2021,1,district,kangra district,1503490
himachal-pradesh,2021,1,district,shimla district,1029284
himachal-pradesh,2021,1,district,mandi district,798729
himachal-pradesh,2021,1,district,kullu district,734339
himachal-pradesh,2021,1,district,sirmaur district,634638
himachal-pradesh,2021,1,district,hamirpur district,511762
himachal-pradesh,2021,1,district,una district,476981
himachal-pradesh,2021,1,district,chamba district,365422
himachal-pradesh,2021,1,district,bilaspur district,349432
himachal-pradesh,2021,2,district,solan district,2272853
himachal-pradesh,2021,2,district,kangra district,1969336
himachal-pradesh,2021,2,district,shimla district,1266105
himachal-pradesh,2021,2,district,mandi district,1049751
himachal-pradesh,2021,2,district,sirmaur district,831706
himachal-pradesh,2021,2,district,kullu district,721922
himachal-pradesh,2021,2,district,hamirpur district,708602
himachal-pradesh,2021,2,district,una district,623044
himachal-pradesh,2021,2,district,chamba district,516401
himachal-pradesh,2021,2,district,bilaspur district,457560
himachal-pradesh,2021,3,district,solan district,2953133
himachal-pradesh,2021,3,district,kangra district,2316794
himachal-pradesh,2021,3,district,shimla district,1642068
himachal-pradesh,2021,3,district,mandi district,1140386
himachal-pradesh,2021,3,district,kullu district,1020857
himachal-pradesh,2021,3,district,sirmaur district,991172
himachal-pradesh,2021,3,district,hamirpur district,767403
himachal-pradesh,2021,3,district,una district,738145
himachal-pradesh,2021,3,district,chamba district,595975
himachal-pradesh,2021,3,district,bilaspur district,513521
himachal-pradesh,2021,4,district,solan district,3049622
himachal-pradesh,2021,4,district,kangra district,2533483
himachal-pradesh,2021,4,district,shimla district,1616949
himachal-pradesh,2021,4,district,kullu district,1314917
himachal-pradesh,2021,4,district,mandi district,1172545
himachal-pradesh,2021,4,district,sirmaur district,1063293
himachal-pradesh,2021,4,district,hamirpur district,812898
himachal-pradesh,2021,4,district,una district,780089
himachal-pradesh,2021,4,district,chamba district,609781
himachal-pradesh,2021,4,district,bilaspur district,522605
himachal-pradesh,2022,1,district,solan district,3906973
himachal-pradesh,2022,1,district,kangra district,3008497
himachal-pradesh,2022,1,district,shimla district,1820536
himachal-pradesh,2022,1,district,kullu district,1470369
himachal-pradesh,2022,1,district,mandi district,1426854
himachal-pradesh,2022,1,district,sirmaur district,1352667
himachal-pradesh,2022,1,district,hamirpur district,969451
himachal-pradesh,2022,1,district,una district,963670
himachal-pradesh,2022,1,district,chamba district,724440
himachal-pradesh,2022,1,district,bilaspur district,634861
himachal-pradesh,2022,2,district,solan district,4992354
himachal-pradesh,2022,2,district,kangra district,4031856
himachal-pradesh,2022,2,district,shimla district,2531244
himachal-pradesh,2022,2,district,kullu district,2221162
himachal-pradesh,2022,2,district,mandi district,1875861
himachal-pradesh,2022,2,district,sirmaur district,1716964
himachal-pradesh,2022,2,district,una district,1254438
himachal-pradesh,2022,2,district,hamirpur district,1250794
himachal-pradesh,2022,2,district,chamba district,994891
himachal-pradesh,2022,2,district,bilaspur district,821859
himachal-pradesh,2022,3,district,solan district,5960941
himachal-pradesh,2022,3,district,kangra district,4263614
himachal-pradesh,2022,3,district,shimla district,2976163
himachal-pradesh,2022,3,district,sirmaur district,2031679
himachal-pradesh,2022,3,district,mandi district,2002363
himachal-pradesh,2022,3,district,kullu district,1790140
himachal-pradesh,2022,3,district,una district,1446398
himachal-pradesh,2022,3,district,hamirpur district,1349745
himachal-pradesh,2022,3,district,chamba district,1062259
himachal-pradesh,2022,3,district,bilaspur district,896691
himachal-pradesh,2022,4,district,solan district,6540189
himachal-pradesh,2022,4,district,kangra district,4898097
himachal-pradesh,2022,4,district,shimla district,3111011
himachal-pradesh,2022,4,district,kullu district,2574891
himachal-pradesh,2022,4,district,sirmaur district,2278741
himachal-pradesh,2022,4,district,mandi district,2249669
himachal-pradesh,2022,4,district,una district,1605146
himachal-pradesh,2022,4,district,hamirpur district,1522837
himachal-pradesh,2022,4,district,chamba district,1229247
himachal-pradesh,2022,4,district,bilaspur district,1006749
himachal-pradesh,2023,1,district,solan district,6805858
himachal-pradesh,2023,1,district,kangra district,5076782
himachal-pradesh,2023,1,district,shimla district,3027494
himachal-pradesh,2023,1,district,kullu district,2682813
himachal-pradesh,2023,1,district,sirmaur district,2423818
himachal-pradesh,2023,1,district,mandi district,2369032
himachal-pradesh,2023,1,district,una district,1708333
himachal-pradesh,2023,1,district,hamirpur district,1621435
himachal-pradesh,2023,1,district,chamba district,1349531
himachal-pradesh,2023,1,district,bilaspur district,1053440
himachal-pradesh,2023,2,district,solan district,8378697
himachal-pradesh,2023,2,district,kangra district,6701456
himachal-pradesh,2023,2,district,shimla district,4197508
himachal-pradesh,2023,2,district,kullu district,3710934
himachal-pradesh,2023,2,district,mandi district,2979364
himachal-pradesh,2023,2,district,sirmaur district,2953132
himachal-pradesh,2023,2,district,una district,2078078
himachal-pradesh,2023,2,district,hamirpur district,1969246
himachal-pradesh,2023,2,district,chamba district,1813198
himachal-pradesh,2023,2,district,bilaspur district,1300746
himachal-pradesh,2023,3,district,solan district,8796614
himachal-pradesh,2023,3,district,kangra district,6350337
himachal-pradesh,2023,3,district,shimla district,4014723
himachal-pradesh,2023,3,district,sirmaur district,3035579
himachal-pradesh,2023,3,district,mandi district,2695233
himachal-pradesh,2023,3,district,una district,2124673
himachal-pradesh,2023,3,district,hamirpur district,2006609
himachal-pradesh,2023,3,district,kullu district,1918883
himachal-pradesh,2023,3,district,chamba district,1656535
himachal-pradesh,2023,3,district,bilaspur district,1278002
himachal-pradesh,2023,4,district,solan district,9903819
himachal-pradesh,2023,4,district,kangra district,7411967
himachal-pradesh,2023,4,district,shimla district,4515082
himachal-pradesh,2023,4,district,sirmaur district,3404490
himachal-pradesh,2023,4,district,mandi district,3210815
himachal-pradesh,2023,4,district,kullu district,3209206
himachal-pradesh,2023,4,district,una district,2379704
himachal-pradesh,2023,4,district,hamirpur district,2315125
himachal-pradesh,2023,4,district,chamba district,1939350
himachal-pradesh,2023,4,district,bilaspur district,1459257
himachal-pradesh,2024,1,district,solan district,10453108
himachal-pradesh,2024,1,district,kangra district,7259255
himachal-pradesh,2024,1,district,shimla district,4104983
himachal-pradesh,2024,1,district,sirmaur district,3547104
himachal-pradesh,2024,1,district,kullu district,3456979
himachal-pradesh,2024,1,district,mandi district,3236990
himachal-pradesh,2024,1,district,una district,2350317
himachal-pradesh,2024,1,district,hamirpur district,2325187
himachal-pradesh,2024,1,district,chamba district,1884257
himachal-pradesh,2024,1,district,bilaspur district,1510262
himachal-pradesh,2024,2,district,solan district,12894516
himachal-pradesh,2024,2,district,kangra district,9489397
himachal-pradesh,2024,2,district,shimla district,6089631
himachal-pradesh,2024,2,district,kullu district,5541559
himachal-pradesh,2024,2,district,sirmaur district,4363194
himachal-pradesh,2024,2,district,mandi district,4299594
himachal-pradesh,2024,2,district,una district,2950414
himachal-pradesh,2024,2,district,hamirpur district,2806916
himachal-pradesh,2024,2,district,chamba district,2719576
himachal-pradesh,2024,2,district,bilaspur district,2085669
himachal-pradesh,2024,3,district,solan district,13266213
himachal-pradesh,2024,3,district,kangra district,8700711
himachal-pradesh,2024,3,district,shimla district,5704891
himachal-pradesh,2024,3,district,sirmaur district,4320567
himachal-pradesh,2024,3,district,mandi district,3734751
himachal-pradesh,2024,3,district,kullu district,3365527
himachal-pradesh,2024,3,district,una district,2950761
himachal-pradesh,2024,3,district,hamirpur district,2699898
himachal-pradesh,2024,3,district,chamba district,2380375
himachal-pradesh,2024,3,district,bilaspur district,1889754
himachal-pradesh,2024,4,district,solan district,13619728
himachal-pradesh,2024,4,district,kangra district,9559417
himachal-pradesh,2024,4,district,shimla district,5830897
himachal-pradesh,2024,4,district,kullu district,4799494
himachal-pradesh,2024,4,district,sirmaur district,4571245
himachal-pradesh,2024,4,district,mandi district,4021429
himachal-pradesh,2024,4,district,una district,3215579
himachal-pradesh,2024,4,district,hamirpur district,2878827
himachal-pradesh,2024,4,district,chamba district,2386759
himachal-pradesh,2024,4,district,bilaspur district,2050651
himachal-pradesh,2025,1,district,solan district,13694411
himachal-pradesh,2025,1,district,kangra district,10168966
himachal-pradesh,2025,1,district,shimla district,6017854
himachal-pradesh,2025,1,district,kullu district,5658808
himachal-pradesh,2025,1,district,sirmaur district,4885240
himachal-pradesh,2025,1,district,mandi district,4650732
himachal-pradesh,2025,1,district,una district,3459077
himachal-pradesh,2025,1,district,hamirpur district,3147344
himachal-pradesh,2025,1,district,chamba district,2704752
himachal-pradesh,2025,1,district,bilaspur district,2299506
himachal-pradesh,2025,2,district,solan district,14889663
himachal-pradesh,2025,2,district,kangra district,11328765
himachal-pradesh,2025,2,district,shimla district,7064345
himachal-pradesh,2025,2,district,kullu district,6233234
himachal-pradesh,2025,2,district,sirmaur district,5199276
himachal-pradesh,2025,2,district,mandi district,5057313
himachal-pradesh,2025,2,district,una district,3658378
himachal-pradesh,2025,2,district,hamirpur district,3283962
himachal-pradesh,2025,2,district,chamba district,3058302
himachal-pradesh,2025,2,district,bilaspur district,2463581
himachal-pradesh,2025,3,district,solan district,16208365
himachal-pradesh,2025,3,district,kangra district,10442985
himachal-pradesh,2025,3,district,shimla district,6826973
himachal-pradesh,2025,3,district,sirmaur district,5429098
himachal-pradesh,2025,3,district,mandi district,4516138
himachal-pradesh,2025,3,district,una district,3736582
himachal-pradesh,2025,3,district,kullu district,3468832
himachal-pradesh,2025,3,district,hamirpur district,3224395
himachal-pradesh,2025,3,district,chamba district,2607609
himachal-pradesh,2025,3,district,bilaspur district,2327564
himachal-pradesh,2025,4,district,solan district,15931669
himachal-pradesh,2025,4,district,kangra district,11301526
himachal-pradesh,2025,4,district,shimla district,6643574
himachal-pradesh,2025,4,district,sirmaur district,5477252
himachal-pradesh,2025,4,district,kullu district,5333018
himachal-pradesh,2025,4,district,mandi district,4661373
himachal-pradesh,2025,4,district,una district,3866385
himachal-pradesh,2025,4,district,hamirpur district,3345060
himachal-pradesh,2025,4,district,chamba district,2513644
himachal-pradesh,2025,4,district,bilaspur district,2375573
himachal-pradesh,2026,1,district,solan district,16023700
himachal-pradesh,2026,1,district,kangra district,11114672
himachal-pradesh,2026,1,district,shimla district,6316230
himachal-pradesh,2026,1,district,kullu district,5592501
himachal-pradesh,2026,1,district,sirmaur district,5566209
himachal-pradesh,2026,1,district,mandi district,4842026
himachal-pradesh,2026,1,district,una district,3792491
himachal-pradesh,2026,1,district,hamirpur district,3379929
himachal-pradesh,2026,1,district,chamba district,2492933
himachal-pradesh,2026,1,district,bilaspur district,2419113
himachal-pradesh,2026,2,district,solan district,17710629
himachal-pradesh,2026,2,district,kangra district,13562231
himachal-pradesh,2026,2,district,shimla district,7992452
himachal-pradesh,2026,2,district,kullu district,7910270
himachal-pradesh,2026,2,district,sirmaur district,6086236
himachal-pradesh,2026,2,district,mandi district,5727956
himachal-pradesh,2026,2,district,una district,4304644
himachal-pradesh,2026,2,district,hamirpur district,3753732
himachal-pradesh,2026,2,district,chamba district,2978163
himachal-pradesh,2026,2,district,bilaspur district,2815832
jammu-&-kashmir,2018,1,district,baramulla district,104991
jammu-&-kashmir,2018,1,district,jammu district,92275
jammu-&-kashmir,2018,1,district,anantnag district,77822
jammu-&-kashmir,2018,1,district,budgam district,62618
jammu-&-kashmir,2018,1,district,srinagar district,59915
jammu-&-kashmir,2018,1,district,bandipore district,46204
jammu-&-kashmir,2018,1,district,pulwama district,37791
jammu-&-kashmir,2018,1,district,kulgam district,25788
jammu-&-kashmir,2018,1,district,udhampur district,22553
jammu-&-kashmir,2018,1,district,kathua district,21900
jammu-&-kashmir,2018,2,district,baramulla district,221245
jammu-&-kashmir,2018,2,district,jammu district,134501
jammu-&-kashmir,2018,2,district,srinagar district,115528
jammu-&-kashmir,2018,2,district,budgam district,107350
jammu-&-kashmir,2018,2,district,bandipore district,89144
jammu-&-kashmir,2018,2,district,anantnag district,85765
jammu-&-kashmir,2018,2,district,pulwama district,51850
jammu-&-kashmir,2018,2,district,kupwara district,39756
jammu-&-kashmir,2018,2,district,udhampur district,35373
jammu-&-kashmir,2018,2,district,kulgam district,33505
jammu-&-kashmir,2018,3,district,baramulla district,261230
jammu-&-kashmir,2018,3,district,srinagar district,174581
jammu-&-kashmir,2018,3,district,jammu district,162642
jammu-&-kashmir,2018,3,district,anantnag district,82724
jammu-&-kashmir,2018,3,district,bandipore district,82177
jammu-&-kashmir,2018,3,district,budgam district,81970
jammu-&-kashmir,2018,3,district,pulwama district,66590
jammu-&-kashmir,2018,3,district,ganderbal district,51442
jammu-&-kashmir,2018,3,district,udhampur district,43072
jammu-&-kashmir,2018,3,district,kathua district,38982
jammu-&-kashmir,2018,4,district,jammu district,261851
jammu-&-kashmir,2018,4,district,srinagar district,169340
jammu-&-kashmir,2018,4,district,baramulla district,124742
jammu-&-kashmir,2018,4,district,anantnag district,87272
jammu-&-kashmir,2018,4,district,budgam district,82123
jammu-&-kashmir,2018,4,district,udhampur district,59559
jammu-&-kashmir,2018,4,district,samba district,58734
jammu-&-kashmir,2018,4,district,kupwara district,58500
jammu-&-kashmir,2018,4,district,kathua district,57972
jammu-&-kashmir,2018,4,district,rajouri district,52673
jammu-&-kashmir,2019,1,district,jammu district,343375
jammu-&-kashmir,2019,1,district,srinagar district,211741
jammu-&-kashmir,2019,1,district,baramulla district,206892
jammu-&-kashmir,2019,1,district,budgam district,171943
jammu-&-kashmir,2019,1,district,anantnag district,119678
jammu-&-kashmir,2019,1,district,kupwara district,84127
jammu-&-kashmir,2019,1,district,kathua district,78480
jammu-&-kashmir,2019,1,district,udhampur district,75911
jammu-&-kashmir,2019,1,district,pulwama district,74274
jammu-&-kashmir,2019,1,district,samba district,71358
jammu-&-kashmir,2019,2,district,jammu district,415906
jammu-&-kashmir,2019,2,district,srinagar district,266407
jammu-&-kashmir,2019,2,district,baramulla district,213276
jammu-&-kashmir,2019,2,district,budgam district,162534
jammu-&-kashmir,2019,2,district,kupwara district,112592
jammu-&-kashmir,2019,2,district,anantnag district,112052
jammu-&-kashmir,2019,2,district,udhampur district,96774
jammu-&-kashmir,2019,2,district,kathua district,86861
jammu-&-kashmir,2019,2,district,samba district,86205
jammu-&-kashmir,2019,2,district,rajouri district,84859
jammu-&-kashmir,2019,3,district,jammu district,238824
jammu-&-kashmir,2019,3,district,srinagar district,106676
jammu-&-kashmir,2019,3,district,baramulla district,67557
jammu-&-kashmir,2019,3,district,udhampur district,51174
jammu-&-kashmir,2019,3,district,anantnag district,49804
jammu-&-kashmir,2019,3,district,budgam district,48872
jammu-&-kashmir,2019,3,district,kathua district,48367
jammu-&-kashmir,2019,3,district,kupwara district,47046
jammu-&-kashmir,2019,3,district,samba district,43869
jammu-&-kashmir,2019,3,district,rajouri district,38961
jammu-&-kashmir,2019,4,district,jammu district,137120
jammu-&-kashmir,2019,4,district,kathua district,32312
jammu-&-kashmir,2019,4,district,udhampur district,23759
jammu-&-kashmir,2019,4,district,samba district,18555
jammu-&-kashmir,2019,4,district,reasi district,15866
jammu-&-kashmir,2019,4,district,rajouri district,11576
jammu-&-kashmir,2019,4,district,srinagar district,7981
jammu-&-kashmir,2019,4,district,ramban district,4908
jammu-&-kashmir,2019,4,district,poonch district,4587
jammu-&-kashmir,2019,4,district,kishtwar district,3184
jammu-&-kashmir,2020,1,district,jammu district,259528
jammu-&-kashmir,2020,1,district,srinagar district,75845
jammu-&-kashmir,2020,1,district,udhampur district,56187
jammu-&-kashmir,2020,1,district,kathua district,54940
jammu-&-kashmir,2020,1,district,baramulla district,48397
jammu-&-kashmir,2020,1,district,samba district,44779
jammu-&-kashmir,2020,1,district,budgam district,38481
jammu-&-kashmir,2020,1,district,kupwara district,37510
jammu-&-kashmir,2020,1,district,rajouri district,37491
jammu-&-kashmir,2020,1,district,anantnag district,28942
jammu-&-kashmir,2020,2,district,jammu district,583611
jammu-&-kashmir,2020,2,district,srinagar district,233910
jammu-&-kashmir,2020,2,district,baramulla district,175071
jammu-&-kashmir,2020,2,district,udhampur district,155467
jammu-&-kashmir,2020,2,district,kupwara district,146320
jammu-&-kashmir,2020,2,district,rajouri district,139918
jammu-&-kashmir,2020,2,district,budgam district,132284
jammu-&-kashmir,2020,2,district,kathua district,129811
jammu-&-kashmir,2020,2,district,samba district,126122
jammu-&-kashmir,2020,2,district,anantnag district,101266
jammu-&-kashmir,2020,3,district,jammu district,752484
jammu-&-kashmir,2020,3,district,srinagar district,346162
jammu-&-kashmir,2020,3,district,baramulla district,239205
jammu-&-kashmir,2020,3,district,kupwara district,207448
jammu-&-kashmir,2020,3,district,udhampur district,195733
jammu-&-kashmir,2020,3,district,budgam district,177217
jammu-&-kashmir,2020,3,district,rajouri district,173605
jammu-&-kashmir,2020,3,district,samba district,160700
jammu-&-kashmir,2020,3,district,kathua district,148643
jammu-&-kashmir,2020,3,district,anantnag district,144998
jammu-&-kashmir,2020,4,district,jammu district,1235764
jammu-&-kashmir,2020,4,district,srinagar district,654075
jammu-&-kashmir,2020,4,district,baramulla district,501259
jammu-&-kashmir,2020,4,district,kupwara district,374119
jammu-&-kashmir,2020,4,district,anantnag district,327911
jammu-&-kashmir,2020,4,district,budgam district,322812
jammu-&-kashmir,2020,4,district,udhampur district,297191
jammu-&-kashmir,2020,4,district,samba district,252968
jammu-&-kashmir,2020,4,district,rajouri district,252889
jammu-&-kashmir,2020,4,district,kathua district,251867
jammu-&-kashmir,2021,1,district,jammu district,1592738
jammu-&-kashmir,2021,1,district,srinagar district,799835
jammu-&-kashmir,2021,1,district,baramulla district,568679
jammu-&-kashmir,2021,1,district,kupwara district,402211
jammu-&-kashmir,2021,1,district,anantnag district,399546
jammu-&-kashmir,2021,1,district,budgam district,395462
jammu-&-kashmir,2021,1,district,udhampur district,342357
jammu-&-kashmir,2021,1,district,kathua district,314621
jammu-&-kashmir,2021,1,district,samba district,300464
jammu-&-kashmir,2021,1,district,pulwama district,273982
jammu-&-kashmir,2021,2,district,jammu district,2054133
jammu-&-kashmir,2021,2,district,srinagar district,1130067
jammu-&-kashmir,2021,2,district,baramulla district,809311
jammu-&-kashmir,2021,2,district,anantnag district,625639
jammu-&-kashmir,2021,2,district,kupwara district,600498
jammu-&-kashmir,2021,2,district,budgam district,585106
jammu-&-kashmir,2021,2,district,udhampur district,507789
jammu-&-kashmir,2021,2,district,kathua district,445547
jammu-&-kashmir,2021,2,district,samba district,427387
jammu-&-kashmir,2021,2,district,pulwama district,415015
jammu-&-kashmir,2021,3,district,jammu district,2744181
jammu-&-kashmir,2021,3,district,srinagar district,1404912
jammu-&-kashmir,2021,3,district,baramulla district,929174
jammu-&-kashmir,2021,3,district,anantnag district,747973
jammu-&-kashmir,2021,3,district,budgam district,697244
jammu-&-kashmir,2021,3,district,kupwara district,695544
jammu-&-kashmir,2021,3,district,udhampur district,659970
jammu-&-kashmir,2021,3,district,samba district,550154
jammu-&-kashmir,2021,3,district,kathua district,535333
jammu-&-kashmir,2021,3,district,pulwama district,487143
jammu-&-kashmir,2021,4,district,jammu district,3300281
jammu-&-kashmir,2021,4,district,srinagar district,1455479
jammu-&-kashmir,2021,4,district,baramulla district,975501
jammu-&-kashmir,2021,4,district,anantnag district,766476
jammu-&-kashmir,2021,4,district,kupwara district,751377
jammu-&-kashmir,2021,4,district,budgam district,750493
jammu-&-kashmir,2021,4,district,udhampur district,741164
jammu-&-kashmir,2021,4,district,samba district,647586
jammu-&-kashmir,2021,4,district,kathua district,608592
jammu-&-kashmir,2021,4,district,pulwama district,499390
jammu-&-kashmir,2022,1,district,jammu district,4478329
jammu-&-kashmir,2022,1,district,srinagar district,1772063
jammu-&-kashmir,2022,1,district,baramulla district,1201804
jammu-&-kashmir,2022,1,district,udhampur district,973833
jammu-&-kashmir,2022,1,district,kupwara district,917951
jammu-&-kashmir,2022,1,district,anantnag district,915317
jammu-&-kashmir,2022,1,district,budgam district,879947
jammu-&-kashmir,2022,1,district,samba district,864389
jammu-&-kashmir,2022,1,district,kathua district,783344
jammu-&-kashmir,2022,1,district,pulwama district,608488
jammu-&-kashmir,2022,2,district,jammu district,5714661
jammu-&-kashmir,2022,2,district,srinagar district,2923678
jammu-&-kashmir,2022,2,district,baramulla district,1714987
jammu-&-kashmir,2022,2,district,anantnag district,1557007
jammu-&-kashmir,2022,2,district,kupwara district,1393882
jammu-&-kashmir,2022,2,district,budgam district,1295189
jammu-&-kashmir,2022,2,district,udhampur district,1282048
jammu-&-kashmir,2022,2,district,samba district,1170377
jammu-&-kashmir,2022,2,district,kathua district,1073949
jammu-&-kashmir,2022,2,district,pulwama district,966129
jammu-&-kashmir,2022,3,district,jammu district,7153610
jammu-&-kashmir,2022,3,district,srinagar district,3674976
jammu-&-kashmir,2022,3,district,baramulla district,2143072
jammu-&-kashmir,2022,3,district,anantnag district,2070107
jammu-&-kashmir,2022,3,district,kupwara district,1715988
jammu-&-kashmir,2022,3,district,budgam district,1639440
jammu-&-kashmir,2022,3,district,udhampur district,1580654
jammu-&-kashmir,2022,3,district,samba district,1454745
jammu-&-kashmir,2022,3,district,kathua district,1285465
jammu-&-kashmir,2022,3,district,pulwama district,1208715
jammu-&-kashmir,2022,4,district,jammu district,8929430
jammu-&-kashmir,2022,4,district,srinagar district,4171684
jammu-&-kashmir,2022,4,district,baramulla district,2665457
jammu-&-kashmir,2022,4,district,anantnag district,2239896
jammu-&-kashmir,2022,4,district,kupwara district,2077559
jammu-&-kashmir,2022,4,district,udhampur district,1970459
jammu-&-kashmir,2022,4,district,budgam district,1903790
jammu-&-kashmir,2022,4,district,samba district,1766035
jammu-&-kashmir,2022,4,district,kathua district,1615449
jammu-&-kashmir,2022,4,district,pulwama district,1431563
jammu-&-kashmir,2023,1,district,jammu district,10481735
jammu-&-kashmir,2023,1,district,srinagar district,4482229
jammu-&-kashmir,2023,1,district,baramulla district,3031787
jammu-&-kashmir,2023,1,district,anantnag district,2426669
jammu-&-kashmir,2023,1,district,udhampur district,2283954
jammu-&-kashmir,2023,1,district,kupwara district,2272702
jammu-&-kashmir,2023,1,district,budgam district,2055962
jammu-&-kashmir,2023,1,district,samba district,2013368
jammu-&-kashmir,2023,1,district,kathua district,1826217
jammu-&-kashmir,2023,1,district,pulwama district,1577306
jammu-&-kashmir,2023,2,district,jammu district,13045696
jammu-&-kashmir,2023,2,district,srinagar district,6973404
jammu-&-kashmir,2023,2,district,baramulla district,4292675
jammu-&-kashmir,2023,2,district,anantnag district,3667657
jammu-&-kashmir,2023,2,district,kupwara district,3369759
jammu-&-kashmir,2023,2,district,udhampur district,2995858
jammu-&-kashmir,2023,2,district,budgam district,2883201
jammu-&-kashmir,2023,2,district,samba district,2818438
jammu-&-kashmir,2023,2,district,kathua district,2506941
jammu-&-kashmir,2023,2,district,pulwama district,2229018
jammu-&-kashmir,2023,3,district,jammu district,14659084
jammu-&-kashmir,2023,3,district,srinagar district,8347804
jammu-&-kashmir,2023,3,district,baramulla district,5092562
jammu-&-kashmir,2023,3,district,anantnag district,4472221
jammu-&-kashmir,2023,3,district,kupwara district,3882109
jammu-&-kashmir,2023,3,district,budgam district,3377017
jammu-&-kashmir,2023,3,district,udhampur district,3174232
jammu-&-kashmir,2023,3,district,samba district,3122801
jammu-&-kashmir,2023,3,district,kathua district,2725252
jammu-&-kashmir,2023,3,district,pulwama district,2503609
jammu-&-kashmir,2023,4,district,jammu district,17201722
jammu-&-kashmir,2023,4,district,srinagar district,8433455
jammu-&-kashmir,2023,4,district,baramulla district,5434531
jammu-&-kashmir,2023,4,district,anantnag district,4278386
jammu-&-kashmir,2023,4,district,kupwara district,4152397
jammu-&-kashmir,2023,4,district,udhampur district,3677009
jammu-&-kashmir,2023,4,district,samba district,3604157
jammu-&-kashmir,2023,4,district,budgam district,3501116
jammu-&-kashmir,2023,4,district,kathua district,3340443
jammu-&-kashmir,2023,4,district,rajouri district,2702735
jammu-&-kashmir,2024,1,district,jammu district,19355742
jammu-&-kashmir,2024,1,district,srinagar district,8117411
jammu-&-kashmir,2024,1,district,baramulla district,5496194
jammu-&-kashmir,2024,1,district,kupwara district,4362084
jammu-&-kashmir,2024,1,district,anantnag district,4234577
jammu-&-kashmir,2024,1,district,udhampur district,4079444
jammu-&-kashmir,2024,1,district,samba district,3943784
jammu-&-kashmir,2024,1,district,kathua district,3605029
jammu-&-kashmir,2024,1,district,budgam district,3562000
jammu-&-kashmir,2024,1,district,rajouri district,3129817
jammu-&-kashmir,2024,2,district,jammu district,23235675
jammu-&-kashmir,2024,2,district,srinagar district,13099447
jammu-&-kashmir,2024,2,district,baramulla district,8189545
jammu-&-kashmir,2024,2,district,anantnag district,7301881
jammu-&-kashmir,2024,2,district,kupwara district,6875162
jammu-&-kashmir,2024,2,district,udhampur district,5330861
jammu-&-kashmir,2024,2,district,budgam district,5294851
jammu-&-kashmir,2024,2,district,samba district,5076093
jammu-&-kashmir,2024,2,district,rajouri district,4598443
jammu-&-kashmir,2024,2,district,kathua district,4579432
jammu-&-kashmir,2024,3,district,jammu district,24741825
jammu-&-kashmir,2024,3,district,srinagar district,14388529
jammu-&-kashmir,2024,3,district,baramulla district,8884095
jammu-&-kashmir,2024,3,district,anantnag district,8136213
jammu-&-kashmir,2024,3,district,kupwara district,7248751
jammu-&-kashmir,2024,3,district,budgam district,5923710
jammu-&-kashmir,2024,3,district,udhampur district,5517859
jammu-&-kashmir,2024,3,district,samba district,5405957
jammu-&-kashmir,2024,3,district,pulwama district,4927578
jammu-&-kashmir,2024,3,district,kathua district,4869981
jammu-&-kashmir,2024,4,district,jammu district,28021061
jammu-&-kashmir,2024,4,district,srinagar district,14162539
jammu-&-kashmir,2024,4,district,baramulla district,9681193
jammu-&-kashmir,2024,4,district,anantnag district,7659479
jammu-&-kashmir,2024,4,district,kupwara district,7579139
jammu-&-kashmir,2024,4,district,budgam district,5944901
jammu-&-kashmir,2024,4,district,samba district,5943067
jammu-&-kashmir,2024,4,district,udhampur district,5865764
jammu-&-kashmir,2024,4,district,kathua district,5489317
jammu-&-kashmir,2024,4,district,rajouri district,5091001
jammu-&-kashmir,2025,1,district,jammu district,30413447
jammu-&-kashmir,2025,1,district,srinagar district,14429986
jammu-&-kashmir,2025,1,district,baramulla district,9952883
jammu-&-kashmir,2025,1,district,anantnag district,7861080
jammu-&-kashmir,2025,1,district,kupwara district,7446116
jammu-&-kashmir,2025,1,district,samba district,6084940
jammu-&-kashmir,2025,1,district,udhampur district,6043919
jammu-&-kashmir,2025,1,district,budgam district,5927959
jammu-&-kashmir,2025,1,district,kathua district,5771200
jammu-&-kashmir,2025,1,district,rajouri district,5410203
jammu-&-kashmir,2025,2,district,jammu district,29245187
jammu-&-kashmir,2025,2,district,srinagar district,17738155
jammu-&-kashmir,2025,2,district,baramulla district,12297116
jammu-&-kashmir,2025,2,district,anantnag district,10730069
jammu-&-kashmir,2025,2,district,kupwara district,10291204
jammu-&-kashmir,2025,2,district,budgam district,7574316
jammu-&-kashmir,2025,2,district,udhampur district,6682129
jammu-&-kashmir,2025,2,district,pulwama district,6587605
jammu-&-kashmir,2025,2,district,samba district,6529030
jammu-&-kashmir,2025,2,district,kathua district,6285754
jammu-&-kashmir,2025,3,district,jammu district,31443774
jammu-&-kashmir,2025,3,district,srinagar district,18971938
jammu-&-kashmir,2025,3,district,baramulla district,12870820
jammu-&-kashmir,2025,3,district,anantnag district,11427696
jammu-&-kashmir,2025,3,district,kupwara district,10923254
jammu-&-kashmir,2025,3,district,budgam district,8156227
jammu-&-kashmir,2025,3,district,samba district,7015470
jammu-&-kashmir,2025,3,district,pulwama district,6997609
jammu-&-kashmir,2025,3,district,udhampur district,6623449
jammu-&-kashmir,2025,3,district,rajouri district,6507710
jammu-&-kashmir,2025,4,district,jammu district,34325848
jammu-&-kashmir,2025,4,district,srinagar district,17509676
jammu-&-kashmir,2025,4,district,baramulla district,12727614
jammu-&-kashmir,2025,4,district,kupwara district,10411285
jammu-&-kashmir,2025,4,district,anantnag district,10167625
jammu-&-kashmir,2025,4,district,budgam district,7563480
jammu-&-kashmir,2025,4,district,samba district,7095655
jammu-&-kashmir,2025,4,district,udhampur district,6915504
jammu-&-kashmir,2025,4,district,rajouri district,6707538
jammu-&-kashmir,2025,4,district,pulwama district,6575429
jammu-&-kashmir,2026,1,district,jammu district,35902750
jammu-&-kashmir,2026,1,district,srinagar district,15768434
jammu-&-kashmir,2026,1,district,baramulla district,11414540
jammu-&-kashmir,2026,1,district,kupwara district,9270804
jammu-&-kashmir,2026,1,district,anantnag district,8999904
jammu-&-kashmir,2026,1,district,samba district,7136387
jammu-&-kashmir,2026,1,district,udhampur district,6899547
jammu-&-kashmir,2026,1,district,rajouri district,6769663
jammu-&-kashmir,2026,1,district,budgam district,6730924
jammu-&-kashmir,2026,1,district,kathua district,6581104
jammu-&-kashmir,2026,2,district,jammu district,36376849
jammu-&-kashmir,2026,2,district,srinagar district,21983296
jammu-&-kashmir,2026,2,district,baramulla district,14493705
jammu-&-kashmir,2026,2,district,anantnag district,12753501
jammu-&-kashmir,2026,2,district,kupwara district,12264398
jammu-&-kashmir,2026,2,district,budgam district,8763825
jammu-&-kashmir,2026,2,district,pulwama district,7936368
jammu-&-kashmir,2026,2,district,samba district,7902714
jammu-&-kashmir,2026,2,district,rajouri district,7841470
jammu-&-kashmir,2026,2,district,udhampur district,7647998
jharkhand,2018,1,district,ranchi district,430414
jharkhand,2018,1,district,dhanbad district,408210
jharkhand,2018,1,district,bokaro district,317318
jharkhand,2018,1,district,east singhbhum district,261720
jharkhand,2018,1,district,hazaribag district,189187
jharkhand,2018,1,district,giridih district,166394
jharkhand,2018,1,district,ramgarh district,119862
jharkhand,2018,1,district,palamu district,107198
jharkhand,2018,1,district,seraikela kharsawan district,104511
jharkhand,2018,1,district,deoghar district,84994
jharkhand,2018,2,district,dhanbad district,603834
jharkhand,2018,2,district,ranchi district,593696
jharkhand,2018,2,district,bokaro district,459557
jharkhand,2018,2,district,east singhbhum district,376400
jharkhand,2018,2,district,hazaribag district,259603
jharkhand,2018,2,district,giridih district,209711
jharkhand,2018,2,district,palamu district,162113
jharkhand,2018,2,district,ramgarh district,145446
jharkhand,2018,2,district,seraikela kharsawan district,142677
jharkhand,2018,2,district,deoghar district,111144
jharkhand,2018,3,district,dhanbad district,2301511
jharkhand,2018,3,district,bokaro district,1796148
jharkhand,2018,3,district,ranchi district,1177764
jharkhand,2018,3,district,east singhbhum district,804599
jharkhand,2018,3,district,hazaribag district,622375
jharkhand,2018,3,district,giridih district,382169
jharkhand,2018,3,district,seraikela kharsawan district,332566
jharkhand,2018,3,district,ramgarh district,302817
jharkhand,2018,3,district,palamu district,196360
jharkhand,2018,3,district,dumka district,170606
jharkhand,2018,4,district,dhanbad district,1156305
jharkhand,2018,4,district,ranchi district,1132149
jharkhand,2018,4,district,bokaro district,882844
jharkhand,2018,4,district,east singhbhum district,706422
jharkhand,2018,4,district,hazaribag district,533500
jharkhand,2018,4,district,giridih district,423751
jharkhand,2018,4,district,seraikela kharsawan district,285006
jharkhand,2018,4,district,palamu district,284872
jharkhand,2018,4,district,ramgarh district,279978
jharkhand,2018,4,district,garhwa district,184916
jharkhand,2019,1,district,ranchi district,1735738
jharkhand,2019,1,district,dhanbad district,1640712
jharkhand,2019,1,district,bokaro district,1295665
jharkhand,2019,1,district,east singhbhum district,1057043
jharkhand,2019,1,district,hazaribag district,810993
jharkhand,2019,1,district,giridih district,660555
jharkhand,2019,1,district,seraikela kharsawan district,480839
jharkhand,2019,1,district,ramgarh district,419924
jharkhand,2019,1,district,palamu district,418257
jharkhand,2019,1,district,koderma district,255458
jharkhand,2019,2,district,ranchi district,2134190
jharkhand,2019,2,district,dhanbad district,1711967
jharkhand,2019,2,district,bokaro district,1361363
jharkhand,2019,2,district,east singhbhum district,1223220
jharkhand,2019,2,district,hazaribag district,895969
jharkhand,2019,2,district,giridih district,648029
jharkhand,2019,2,district,palamu district,480218
jharkhand,2019,2,district,ramgarh district,474985
jharkhand,2019,2,district,seraikela kharsawan district,467280
jharkhand,2019,2,district,deoghar district,306000
jharkhand,2019,3,district,dhanbad district,2952193
jharkhand,2019,3,district,ranchi district,2897645
jharkhand,2019,3,district,bokaro district,2196106
jharkhand,2019,3,district,east singhbhum district,1739041
jharkhand,2019,3,district,hazaribag district,1170691
jharkhand,2019,3,district,giridih district,641244
jharkhand,2019,3,district,ramgarh district,597933
jharkhand,2019,3,district,seraikela kharsawan district,561043
jharkhand,2019,3,district,palamu district,516159
jharkhand,2019,3,district,deoghar district,433877
jharkhand,2019,4,district,dhanbad district,3891039
jharkhand,2019,4,district,ranchi district,3529963
jharkhand,2019,4,district,bokaro district,2817509
jharkhand,2019,4,district,east singhbhum district,2071181
jharkhand,2019,4,district,hazaribag district,1437273
jharkhand,2019,4,district,giridih district,867528
jharkhand,2019,4,district,ramgarh district,777155
jharkhand,2019,4,district,palamu district,726127
jharkhand,2019,4,district,seraikela kharsawan district,698274
jharkhand,2019,4,district,deoghar district,525552
jharkhand,2020,1,district,ranchi district,3922125
jharkhand,2020,1,district,dhanbad district,2868859
jharkhand,2020,1,district,bokaro district,2384359
jharkhand,2020,1,district,east singhbhum district,2250173
jharkhand,2020,1,district,hazaribag district,1559688
jharkhand,2020,1,district,giridih district,936922
jharkhand,2020,1,district,palamu district,915979
jharkhand,2020,1,district,ramgarh district,892252
jharkhand,2020,1,district,seraikela kharsawan district,765078
jharkhand,2020,1,district,deoghar district,554603
jharkhand,2020,2,district,ranchi district,3136707
jharkhand,2020,2,district,dhanbad district,2566407
jharkhand,2020,2,district,bokaro district,2558941
jharkhand,2020,2,district,east singhbhum district,2246308
jharkhand,2020,2,district,hazaribag district,1755343
jharkhand,2020,2,district,giridih district,1320379
jharkhand,2020,2,district,palamu district,1207353
jharkhand,2020,2,district,ramgarh district,1090498
jharkhand,2020,2,district,garhwa district,743270
jharkhand,2020,2,district,seraikela kharsawan district,719283
jharkhand,2020,3,district,ranchi district,5089151
jharkhand,2020,3,district,bokaro district,3739662
jharkhand,2020,3,district,dhanbad district,3711522
jharkhand,2020,3,district,east singhbhum district,3390061
jharkhand,2020,3,district,hazaribag district,2585832
jharkhand,2020,3,district,giridih district,1693280
jharkhand,2020,3,district,ramgarh district,1556168
jharkhand,2020,3,district,palamu district,1515805
jharkhand,2020,3,district,seraikela kharsawan district,1029147
jharkhand,2020,3,district,deoghar district,891004
jharkhand,2020,4,district,ranchi district,7536594
jharkhand,2020,4,district,dhanbad district,5181198
jharkhand,2020,4,district,bokaro district,5060493
jharkhand,2020,4,district,east singhbhum district,4832786
jharkhand,2020,4,district,hazaribag district,3638472
jharkhand,2020,4,district,giridih district,2247784
jharkhand,2020,4,district,palamu district,2194737
jharkhand,2020,4,district,ramgarh district,2108103
jharkhand,2020,4,district,seraikela kharsawan district,1394631
jharkhand,2020,4,district,garhwa district,1268210
jharkhand,2021,1,district,ranchi district,9849222
jharkhand,2021,1,district,dhanbad district,6063697
jharkhand,2021,1,district,bokaro district,5809936
jharkhand,2021,1,district,east singhbhum district,5700797
jharkhand,2021,1,district,hazaribag district,4524210
jharkhand,2021,1,district,palamu district,2674715
jharkhand,2021,1,district,giridih district,2561593
jharkhand,2021,1,district,ramgarh district,2424563
jharkhand,2021,1,district,seraikela kharsawan district,1620586
jharkhand,2021,1,district,garhwa district,1471705
jharkhand,2021,2,district,ranchi district,10052626
jharkhand,2021,2,district,dhanbad district,7357203
jharkhand,2021,2,district,bokaro district,7214284
jharkhand,2021,2,district,east singhbhum district,6472928
jharkhand,2021,2,district,hazaribag district,5694458
jharkhand,2021,2,district,giridih district,3992793
jharkhand,2021,2,district,palamu district,3810107
jharkhand,2021,2,district,ramgarh district,3144131
jharkhand,2021,2,district,koderma district,2172164
jharkhand,2021,2,district,garhwa district,2105386
jharkhand,2021,3,district,ranchi district,15825455
jharkhand,2021,3,district,dhanbad district,9650820
jharkhand,2021,3,district,bokaro district,9175750
jharkhand,2021,3,district,east singhbhum district,8821455
jharkhand,2021,3,district,hazaribag district,7706753
jharkhand,2021,3,district,palamu district,4525280
jharkhand,2021,3,district,giridih district,4509830
jharkhand,2021,3,district,ramgarh district,4066068
jharkhand,2021,3,district,koderma district,2612016
jharkhand,2021,3,district,seraikela kharsawan district,2598569
jharkhand,2021,4,district,ranchi district,18726749
jharkhand,2021,4,district,dhanbad district,11107726
jharkhand,2021,4,district,bokaro district,10916988
jharkhand,2021,4,district,east singhbhum district,9765409
jharkhand,2021,4,district,hazaribag district,9089873
jharkhand,2021,4,district,palamu district,5631267
jharkhand,2021,4,district,giridih district,5566017
jharkhand,2021,4,district,ramgarh district,4647096
jharkhand,2021,4,district,koderma district,3080516
jharkhand,2021,4,district,garhwa district,2928596
jharkhand,2022,1,district,ranchi district,24006764
jharkhand,2022,1,district,dhanbad district,14414023
jharkhand,2022,1,district,bokaro district,13070276
jharkhand,2022,1,district,east singhbhum district,12261284
jharkhand,2022,1,district,hazaribag district,11620184
jharkhand,2022,1,district,palamu district,7689894
jharkhand,2022,1,district,giridih district,7600544
jharkhand,2022,1,district,ramgarh district,6011397
jharkhand,2022,1,district,garhwa district,4135617
jharkhand,2022,1,district,koderma district,4112975
jharkhand,2022,2,district,ranchi district,29290183
jharkhand,2022,2,district,dhanbad district,16951517
jharkhand,2022,2,district,bokaro district,15618254
jharkhand,2022,2,district,hazaribag district,14242171
jharkhand,2022,2,district,east singhbhum district,14156463
jharkhand,2022,2,district,giridih district,9907837
jharkhand,2022,2,district,palamu district,9381510
jharkhand,2022,2,district,ramgarh district,7211448
jharkhand,2022,2,district,garhwa district,5188468
jharkhand,2022,2,district,koderma district,5179156
jharkhand,2022,3,district,ranchi district,35602666
jharkhand,2022,3,district,dhanbad district,19622038
jharkhand,2022,3,district,bokaro district,17114161
jharkhand,2022,3,district,hazaribag district,16879905
jharkhand,2022,3,district,east singhbhum district,16855798
jharkhand,2022,3,district,giridih district,11042670
jharkhand,2022,3,district,palamu district,10291071
jharkhand,2022,3,district,ramgarh district,8279099
jharkhand,2022,3,district,deoghar district,5997827
jharkhand,2022,3,district,koderma district,5750657
jharkhand,2022,4,district,ranchi district,40579777
jharkhand,2022,4,district,dhanbad district,22150127
jharkhand,2022,4,district,bokaro district,19376122
jharkhand,2022,4,district,east singhbhum district,19283353
jharkhand,2022,4,district,hazaribag district,19067869
jharkhand,2022,4,district,giridih district,13132103
jharkhand,2022,4,district,palamu district,12613240
jharkhand,2022,4,district,ramgarh district,9461901
jharkhand,2022,4,district,garhwa district,7133156
jharkhand,2022,4,district,koderma district,6627407
jharkhand,2023,1,district,ranchi district,45730247
jharkhand,2023,1,district,dhanbad district,24782535
jharkhand,2023,1,district,bokaro district,21408015
jharkhand,2023,1,district,hazaribag district,21216624
jharkhand,2023,1,district,east singhbhum district,20628856
jharkhand,2023,1,district,giridih district,15406969
jharkhand,2023,1,district,palamu district,14288518
jharkhand,2023,1,district,ramgarh district,10667917
jharkhand,2023,1,district,garhwa district,8784867
jharkhand,2023,1,district,deoghar district,7751243
jharkhand,2023,2,district,ranchi district,55074932
jharkhand,2023,2,district,dhanbad district,28682516
jharkhand,2023,2,district,hazaribag district,25474026
jharkhand,2023,2,district,bokaro district,24573833
jharkhand,2023,2,district,east singhbhum district,23798101
jharkhand,2023,2,district,giridih district,19054866
jharkhand,2023,2,district,palamu district,18407514
jharkhand,2023,2,district,ramgarh district,12782969
jharkhand,2023,2,district,garhwa district,11118022
jharkhand,2023,2,district,deoghar district,9881250
jharkhand,2023,3,district,ranchi district,61665522
jharkhand,2023,3,district,dhanbad district,31677983
jharkhand,2023,3,district,hazaribag district,28536629
jharkhand,2023,3,district,east singhbhum district,27002553
jharkhand,2023,3,district,bokaro district,26787016
jharkhand,2023,3,district,giridih district,20031981
jharkhand,2023,3,district,palamu district,18790083
jharkhand,2023,3,district,ramgarh district,13737297
jharkhand,2023,3,district,deoghar district,11974648
jharkhand,2023,3,district,garhwa district,10836150
jharkhand,2023,4,district,ranchi district,69371773
jharkhand,2023,4,district,dhanbad district,36865455
jharkhand,2023,4,district,hazaribag district,33385251
jharkhand,2023,4,district,east singhbhum district,31431600
jharkhand,2023,4,district,bokaro district,31381778
jharkhand,2023,4,district,giridih district,24818999
jharkhand,2023,4,district,palamu district,24246027
jharkhand,2023,4,district,ramgarh district,16435576
jharkhand,2023,4,district,garhwa district,14301544
jharkhand,2023,4,district,deoghar district,12876317
jharkhand,2024,1,district,ranchi district,76474337
jharkhand,2024,1,district,dhanbad district,41322078
jharkhand,2024,1,district,hazaribag district,37577728
jharkhand,2024,1,district,bokaro district,35137406
jharkhand,2024,1,district,east singhbhum district,33871362
jharkhand,2024,1,district,palamu district,28649524
jharkhand,2024,1,district,giridih district,27894847
jharkhand,2024,1,district,ramgarh district,18837169
jharkhand,2024,1,district,garhwa district,16733463
jharkhand,2024,1,district,deoghar district,15338093
jharkhand,2024,2,district,ranchi district,88193162
jharkhand,2024,2,district,dhanbad district,46692849
jharkhand,2024,2,district,hazaribag district,43641734
jharkhand,2024,2,district,bokaro district,40121557
jharkhand,2024,2,district,east singhbhum district,37953352
jharkhand,2024,2,district,giridih district,33998136
jharkhand,2024,2,district,palamu district,33271348
jharkhand,2024,2,district,ramgarh district,21745198
jharkhand,2024,2,district,garhwa district,20254179
jharkhand,2024,2,district,deoghar district,18940306
jharkhand,2024,3,district,ranchi district,94121045
jharkhand,2024,3,district,dhanbad district,49101593
jharkhand,2024,3,district,hazaribag district,45239350
jharkhand,2024,3,district,bokaro district,42005059
jharkhand,2024,3,district,east singhbhum district,40847675
jharkhand,2024,3,district,giridih district,33364967
jharkhand,2024,3,district,palamu district,32838269
jharkhand,2024,3,district,ramgarh district,22378419
jharkhand,2024,3,district,deoghar district,21249189
jharkhand,2024,3,district,garhwa district,19747164
jharkhand,2024,4,district,ranchi district,103582008
jharkhand,2024,4,district,dhanbad district,55944845
jharkhand,2024,4,district,hazaribag district,48821868
jharkhand,2024,4,district,bokaro district,47650021
jharkhand,2024,4,district,east singhbhum district,46168395
jharkhand,2024,4,district,giridih district,38577734
jharkhand,2024,4,district,palamu district,38481159
jharkhand,2024,4,district,ramgarh district,25066162
jharkhand,2024,4,district,garhwa district,23650428
jharkhand,2024,4,district,deoghar district,21430488
jharkhand,2025,1,district,ranchi district,106392133
jharkhand,2025,1,district,dhanbad district,57123270
jharkhand,2025,1,district,hazaribag district,48581575
jharkhand,2025,1,district,bokaro district,47788339
jharkhand,2025,1,district,east singhbhum district,47428613
jharkhand,2025,1,district,giridih district,39090895
jharkhand,2025,1,district,palamu district,38773738
jharkhand,2025,1,district,ramgarh district,24948135
jharkhand,2025,1,district,garhwa district,23691007
jharkhand,2025,1,district,deoghar district,21946264
jharkhand,2025,2,district,ranchi district,114548915
jharkhand,2025,2,district,dhanbad district,61239953
jharkhand,2025,2,district,hazaribag district,54530372
jharkhand,2025,2,district,bokaro district,51632571
jharkhand,2025,2,district,east singhbhum district,49136222
jharkhand,2025,2,district,palamu district,45785119
jharkhand,2025,2,district,giridih district,45228363
jharkhand,2025,2,district,garhwa district,28642160
jharkhand,2025,2,district,ramgarh district,27714752
jharkhand,2025,2,district,deoghar district,25540929
jharkhand,2025,3,district,ranchi district,123967920
jharkhand,2025,3,district,dhanbad district,65296326
jharkhand,2025,3,district,hazaribag district,56307202
jharkhand,2025,3,district,bokaro district,54532551
jharkhand,2025,3,district,east singhbhum district,53456674
jharkhand,2025,3,district,palamu district,44134335
jharkhand,2025,3,district,giridih district,43716707
jharkhand,2025,3,district,deoghar district,29460591
jharkhand,2025,3,district,ramgarh district,28853260
jharkhand,2025,3,district,garhwa district,26962021
jharkhand,2025,4,district,ranchi district,129886447
jharkhand,2025,4,district,dhanbad district,70490814
jharkhand,2025,4,district,hazaribag district,59463969
jharkhand,2025,4,district,bokaro district,58915192
jharkhand,2025,4,district,east singhbhum district,57124854
jharkhand,2025,4,district,palamu district,48889721
jharkhand,2025,4,district,giridih district,48226143
jharkhand,2025,4,district,ramgarh district,30607485
jharkhand,2025,4,district,garhwa district,29964074
jharkhand,2025,4,district,deoghar district,28201376
jharkhand,2026,1,district,ranchi district,131580218
jharkhand,2026,1,district,dhanbad district,71998005
jharkhand,2026,1,district,hazaribag district,61667425
jharkhand,2026,1,district,bokaro district,60154883
jharkhand,2026,1,district,east singhbhum district,57832258
jharkhand,2026,1,district,giridih district,50534129
jharkhand,2026,1,district,palamu district,50515524
jharkhand,2026,1,district,ramgarh district,31653482
jharkhand,2026,1,district,garhwa district,30878843
jharkhand,2026,1,district,deoghar district,30084715
jharkhand,2026,2,district,ranchi district,141573465
jharkhand,2026,2,district,dhanbad district,74512731
jharkhand,2026,2,district,hazaribag district,65325880
jharkhand,2026,2,district,bokaro district,62276101
jharkhand,2026,2,district,east singhbhum district,60278892
jharkhand,2026,2,district,palamu district,55340012
jharkhand,2026,2,district,giridih district,55023454
jharkhand,2026,2,district,garhwa district,35094203
jharkhand,2026,2,district,deoghar district,33053789
jharkhand,2026,2,district,ramgarh district,32965214
karnataka,2018,1,district,bengaluru urban district,6616121
karnataka,2018,1,district,mysuru district,389401
karnataka,2018,1,district,belagavi district,329269
karnataka,2018,1,district,dharwad district,259236
karnataka,2018,1,district,bengaluru rural district,239701
karnataka,2018,1,district,tumakuru district,226261
karnataka,2018,1,district,dakshina kannada district,220676
karnataka,2018,1,district,ballari district,201613
karnataka,2018,1,district,kalaburagi district,194787
karnataka,2018,1,district,bagalkote district,181510
karnataka,2018,2,district,bengaluru urban district,9712621
karnataka,2018,2,district,mysuru district,520184
karnataka,2018,2,district,belagavi district,433680
karnataka,2018,2,district,bengaluru rural district,341454
karnataka,2018,2,district,dharwad district,337953
karnataka,2018,2,district,tumakuru district,318882
karnataka,2018,2,district,dakshina kannada district,302129
karnataka,2018,2,district,kalaburagi district,278280
karnataka,2018,2,district,ballari district,271722
karnataka,2018,2,district,bidar district,238417
karnataka,2018,3,district,bengaluru urban district,14509236
karnataka,2018,3,district,mysuru district,730003
karnataka,2018,3,district,belagavi district,620849
karnataka,2018,3,district,bengaluru rural district,515376
karnataka,2018,3,district,dharwad district,506542
karnataka,2018,3,district,tumakuru district,433016
karnataka,2018,3,district,dakshina kannada district,402094
karnataka,2018,3,district,ballari district,391899
karnataka,2018,3,district,kalaburagi district,386863
karnataka,2018,3,district,kolar district,359373
karnataka,2018,4,district,bengaluru urban district,28907063
karnataka,2018,4,district,mysuru district,1139568
karnataka,2018,4,district,bengaluru rural district,960702
karnataka,2018,4,district,belagavi district,928716
karnataka,2018,4,district,dharwad district,746778
karnataka,2018,4,district,kolar district,672533
karnataka,2018,4,district,tumakuru district,662061
karnataka,2018,4,district,dakshina kannada district,643255
karnataka,2018,4,district,ballari district,598782
karnataka,2018,4,district,kalaburagi district,583896
karnataka,2019,1,district,bengaluru urban district,59064825
karnataka,2019,1,district,mysuru district,2247725
karnataka,2019,1,district,bengaluru rural district,2099453
karnataka,2019,1,district,belagavi district,1722277
karnataka,2019,1,district,dharwad district,1462512
karnataka,2019,1,district,kolar district,1296648
karnataka,2019,1,district,ballari district,1286250
karnataka,2019,1,district,tumakuru district,1152160
karnataka,2019,1,district,bengaluru south district,1140770
karnataka,2019,1,district,dakshina kannada district,1133300
karnataka,2019,2,district,bengaluru urban district,85209550
karnataka,2019,2,district,mysuru district,3364034
karnataka,2019,2,district,bengaluru rural district,2815363
karnataka,2019,2,district,belagavi district,2292737
karnataka,2019,2,district,dharwad district,2183045
karnataka,2019,2,district,tumakuru district,1726337
karnataka,2019,2,district,kolar district,1610061
karnataka,2019,2,district,ballari district,1494221
karnataka,2019,2,district,dakshina kannada district,1444351
karnataka,2019,2,district,bengaluru south district,1408002
karnataka,2019,3,district,bengaluru urban district,132962940
karnataka,2019,3,district,mysuru district,5021619
karnataka,2019,3,district,bengaluru rural district,4093830
karnataka,2019,3,district,dharwad district,3737258
karnataka,2019,3,district,belagavi district,3130986
karnataka,2019,3,district,tumakuru district,2441899
karnataka,2019,3,district,kolar district,2126121
karnataka,2019,3,district,ballari district,1902836
karnataka,2019,3,district,dakshina kannada district,1895921
karnataka,2019,3,district,bengaluru south district,1753650
karnataka,2019,4,district,bengaluru urban district,177953987
karnataka,2019,4,district,mysuru district,7321486
karnataka,2019,4,district,bengaluru rural district,5898628
karnataka,2019,4,district,dharwad district,5102079
karnataka,2019,4,district,belagavi district,4364882
karnataka,2019,4,district,tumakuru district,3722566
karnataka,2019,4,district,kolar district,3108324
karnataka,2019,4,district,dakshina kannada district,2885649
karnataka,2019,4,district,ballari district,2767536
karnataka,2019,4,district,bengaluru south district,2616821
karnataka,2020,1,district,bengaluru urban district,192571907
karnataka,2020,1,district,mysuru district,8633504
karnataka,2020,1,district,bengaluru rural district,7023962
karnataka,2020,1,district,dharwad district,5891142
karnataka,2020,1,district,belagavi district,5458709
karnataka,2020,1,district,tumakuru district,4804840
karnataka,2020,1,district,kolar district,4005562
karnataka,2020,1,district,dakshina kannada district,3537742
karnataka,2020,1,district,ballari district,3479039
karnataka,2020,1,district,bengaluru south district,3341628
karnataka,2020,2,district,bengaluru urban district,117712836
karnataka,2020,2,district,mysuru district,6673852
karnataka,2020,2,district,bengaluru rural district,6279558
karnataka,2020,2,district,belagavi district,6002271
karnataka,2020,2,district,tumakuru district,5708890
karnataka,2020,2,district,kolar district,4989296
karnataka,2020,2,district,dharwad district,4663535
karnataka,2020,2,district,ballari district,3990903
karnataka,2020,2,district,kalaburagi district,3765036
karnataka,2020,2,district,mandya district,3539815
karnataka,2020,3,district,bengaluru urban district,169673985
karnataka,2020,3,district,mysuru district,10193782
karnataka,2020,3,district,bengaluru rural district,9698043
karnataka,2020,3,district,belagavi district,8371415
karnataka,2020,3,district,tumakuru district,7650926
karnataka,2020,3,district,dharwad district,7131955
karnataka,2020,3,district,kolar district,6847950
karnataka,2020,3,district,ballari district,5537014
karnataka,2020,3,district,kalaburagi district,5094434
karnataka,2020,3,district,bengaluru south district,4938032
karnataka,2020,4,district,bengaluru urban district,246986278
karnataka,2020,4,district,mysuru district,15020266
karnataka,2020,4,district,bengaluru rural district,13738245
karnataka,2020,4,district,belagavi district,11347948
karnataka,2020,4,district,dharwad district,10334604
karnataka,2020,4,district,tumakuru district,10267960
karnataka,2020,4,district,kolar district,9224444
karnataka,2020,4,district,ballari district,7531679
karnataka,2020,4,district,kalaburagi district,7165227
karnataka,2020,4,district,bengaluru south district,6671764
karnataka,2021,1,district,bengaluru urban district,311799555
karnataka,2021,1,district,mysuru district,18964647
karnataka,2021,1,district,bengaluru rural district,16246313
karnataka,2021,1,district,belagavi district,12980675
karnataka,2021,1,district,dharwad district,12686623
karnataka,2021,1,district,tumakuru district,12069425
karnataka,2021,1,district,kolar district,10432651
karnataka,2021,1,district,ballari district,8570499
karnataka,2021,1,district,kalaburagi district,8539032
karnataka,2021,1,district,dakshina kannada district,8156309
karnataka,2021,2,district,bengaluru urban district,276990613
karnataka,2021,2,district,mysuru district,18639192
karnataka,2021,2,district,bengaluru rural district,17106859
karnataka,2021,2,district,belagavi district,15375735
karnataka,2021,2,district,tumakuru district,14547360
karnataka,2021,2,district,kolar district,12766983
karnataka,2021,2,district,dharwad district,12484289
karnataka,2021,2,district,kalaburagi district,11547918
karnataka,2021,2,district,ballari district,10251270
karnataka,2021,2,district,bidar district,9644503
karnataka,2021,3,district,bengaluru urban district,411775215
karnataka,2021,3,district,mysuru district,26811443
karnataka,2021,3,district,bengaluru rural district,24502111
karnataka,2021,3,district,belagavi district,21230188
karnataka,2021,3,district,dharwad district,18847960
karnataka,2021,3,district,tumakuru district,18776270
karnataka,2021,3,district,kolar district,16582315
karnataka,2021,3,district,kalaburagi district,14579519
karnataka,2021,3,district,ballari district,13429694
karnataka,2021,3,district,bidar district,11945770
karnataka,2021,4,district,bengaluru urban district,440708485
karnataka,2021,4,district,mysuru district,29710377
karnataka,2021,4,district,bengaluru rural district,26122806
karnataka,2021,4,district,belagavi district,24247728
karnataka,2021,4,district,dharwad district,20637620
karnataka,2021,4,district,tumakuru district,19938522
karnataka,2021,4,district,kolar district,16934172
karnataka,2021,4,district,kalaburagi district,15600006
karnataka,2021,4,district,ballari district,14279974
karnataka,2021,4,district,dakshina kannada district,13439604
karnataka,2022,1,district,bengaluru urban district,557496794
karnataka,2022,1,district,mysuru district,39180272
karnataka,2022,1,district,bengaluru rural district,33225779
karnataka,2022,1,district,belagavi district,32406208
karnataka,2022,1,district,dharwad district,26969210
karnataka,2022,1,district,tumakuru district,26564408
karnataka,2022,1,district,kolar district,21945222
karnataka,2022,1,district,kalaburagi district,21416914
karnataka,2022,1,district,ballari district,18510894
karnataka,2022,1,district,dakshina kannada district,17359853
karnataka,2022,2,district,bengaluru urban district,684558409
karnataka,2022,2,district,mysuru district,47337847
karnataka,2022,2,district,bengaluru rural district,39122722
karnataka,2022,2,district,belagavi district,39040448
karnataka,2022,2,district,tumakuru district,31808755
karnataka,2022,2,district,dharwad district,31691248
karnataka,2022,2,district,kalaburagi district,26367176
karnataka,2022,2,district,kolar district,25746411
karnataka,2022,2,district,ballari district,21803251
karnataka,2022,2,district,vijayapura district,20589503
karnataka,2022,3,district,bengaluru urban district,832145845
karnataka,2022,3,district,mysuru district,56752736
karnataka,2022,3,district,bengaluru rural district,45907520
karnataka,2022,3,district,belagavi district,44709524
karnataka,2022,3,district,tumakuru district,37190502
karnataka,2022,3,district,dharwad district,36524557
karnataka,2022,3,district,kalaburagi district,30594767
karnataka,2022,3,district,kolar district,30023949
karnataka,2022,3,district,ballari district,24877326
karnataka,2022,3,district,vijayapura district,23943709
karnataka,2022,4,district,bengaluru urban district,891920111
karnataka,2022,4,district,mysuru district,63378574
karnataka,2022,4,district,belagavi district,50995529
karnataka,2022,4,district,bengaluru rural district,50017454
karnataka,2022,4,district,tumakuru district,40682171
karnataka,2022,4,district,dharwad district,40481938
karnataka,2022,4,district,kalaburagi district,34895880
karnataka,2022,4,district,kolar district,31852047
karnataka,2022,4,district,ballari district,27102594
karnataka,2022,4,district,vijayapura district,26411170
karnataka,2023,1,district,bengaluru urban district,1002681520
karnataka,2023,1,district,mysuru district,68950612
karnataka,2023,1,district,belagavi district,57188140
karnataka,2023,1,district,bengaluru rural district,55609990
karnataka,2023,1,district,tumakuru district,45934884
karnataka,2023,1,district,dharwad district,44807593
karnataka,2023,1,district,kalaburagi district,38877805
karnataka,2023,1,district,kolar district,35293429
karnataka,2023,1,district,ballari district,30357346
karnataka,2023,1,district,hassan district,29361073
karnataka,2023,2,district,bengaluru urban district,1113631696
karnataka,2023,2,district,mysuru district,77329299
karnataka,2023,2,district,belagavi district,63799215
karnataka,2023,2,district,bengaluru rural district,61685163
karnataka,2023,2,district,tumakuru district,51630604
karnataka,2023,2,district,dharwad district,49756083
karnataka,2023,2,district,kalaburagi district,44202058
karnataka,2023,2,district,kolar district,39627772
karnataka,2023,2,district,ballari district,34550923
karnataka,2023,2,district,vijayapura district,33789604
karnataka,2023,3,district,bengaluru urban district,1290641278
karnataka,2023,3,district,mysuru district,87764576
karnataka,2023,3,district,bengaluru rural district,72247734
karnataka,2023,3,district,belagavi district,71339088
karnataka,2023,3,district,tumakuru district,59648653
karnataka,2023,3,district,dharwad district,56638746
karnataka,2023,3,district,kalaburagi district,50680430
karnataka,2023,3,district,kolar district,46397500
karnataka,2023,3,district,ballari district,40112678
karnataka,2023,3,district,vijayapura district,39240892
karnataka,2023,4,district,bengaluru urban district,1337595533
karnataka,2023,4,district,mysuru district,97786789
karnataka,2023,4,district,belagavi district,82726485
karnataka,2023,4,district,bengaluru rural district,79778191
karnataka,2023,4,district,tumakuru district,66428260
karnataka,2023,4,district,dharwad district,63611731
karnataka,2023,4,district,kalaburagi district,58885519
karnataka,2023,4,district,kolar district,51805324
karnataka,2023,4,district,ballari district,45621056
karnataka,2023,4,district,vijayapura district,45135621
karnataka,2024,1,district,bengaluru urban district,1405152399
karnataka,2024,1,district,mysuru district,105552690
karnataka,2024,1,district,belagavi district,96459981
karnataka,2024,1,district,bengaluru rural district,89461047
karnataka,2024,1,district,tumakuru district,75234588
karnataka,2024,1,district,dharwad district,72294228
karnataka,2024,1,district,kalaburagi district,68017934
karnataka,2024,1,district,kolar district,59111731
karnataka,2024,1,district,vijayapura district,53672224
karnataka,2024,1,district,ballari district,52692134
karnataka,2024,2,district,bengaluru urban district,1490547321
karnataka,2024,2,district,mysuru district,116534358
karnataka,2024,2,district,belagavi district,107509117
karnataka,2024,2,district,bengaluru rural district,97869476
karnataka,2024,2,district,tumakuru district,83169641
karnataka,2024,2,district,dharwad district,79240457
karnataka,2024,2,district,kalaburagi district,76240293
karnataka,2024,2,district,kolar district,66269915
karnataka,2024,2,district,vijayapura district,60823027
karnataka,2024,2,district,ballari district,58058859
karnataka,2024,3,district,bengaluru urban district,1631812292
karnataka,2024,3,district,mysuru district,122992135
karnataka,2024,3,district,belagavi district,113087277
karnataka,2024,3,district,bengaluru rural district,109246961
karnataka,2024,3,district,tumakuru district,88522548
karnataka,2024,3,district,dharwad district,83547108
karnataka,2024,3,district,kalaburagi district,81323336
karnataka,2024,3,district,kolar district,71648450
karnataka,2024,3,district,vijayapura district,65783522
karnataka,2024,3,district,ballari district,61142469
karnataka,2024,4,district,bengaluru urban district,1677998065
karnataka,2024,4,district,mysuru district,136136450
karnataka,2024,4,district,belagavi district,128406159
karnataka,2024,4,district,bengaluru rural district,115479712
karnataka,2024,4,district,tumakuru district,94770288
karnataka,2024,4,district,dharwad district,91443952
karnataka,2024,4,district,kalaburagi district,88763517
karnataka,2024,4,district,kolar district,75746815
karnataka,2024,4,district,vijayapura district,71067849
karnataka,2024,4,district,hassan district,64844516
karnataka,2025,1,district,bengaluru urban district,1862104522
karnataka,2025,1,district,mysuru district,143840447
karnataka,2025,1,district,belagavi district,134761872
karnataka,2025,1,district,bengaluru rural district,122287595
karnataka,2025,1,district,tumakuru district,102331248
karnataka,2025,1,district,dharwad district,94049330
karnataka,2025,1,district,kalaburagi district,92054404
karnataka,2025,1,district,kolar district,79034384
karnataka,2025,1,district,vijayapura district,72883813
karnataka,2025,1,district,hassan district,68422331
karnataka,2025,2,district,bengaluru urban district,1801469534
karnataka,2025,2,district,mysuru district,145021251
karnataka,2025,2,district,belagavi district,138065926
karnataka,2025,2,district,bengaluru rural district,126287877
karnataka,2025,2,district,tumakuru district,103609033
karnataka,2025,2,district,kalaburagi district,98065360
karnataka,2025,2,district,dharwad district,97851579
karnataka,2025,2,district,kolar district,81509904
karnataka,2025,2,district,vijayapura district,79511324
karnataka,2025,2,district,hassan district,69677603
karnataka,2025,3,district,bengaluru urban district,1916901045
karnataka,2025,3,district,mysuru district,149628860
karnataka,2025,3,district,belagavi district,136417269
karnataka,2025,3,district,bengaluru rural district,135822859
karnataka,2025,3,district,tumakuru district,103615697
karnataka,2025,3,district,dharwad district,97481877
karnataka,2025,3,district,kalaburagi district,96889360
karnataka,2025,3,district,kolar district,85198428
karnataka,2025,3,district,vijayapura district,78774606
karnataka,2025,3,district,hassan district,70198949
karnataka,2025,4,district,bengaluru urban district,1979286786
karnataka,2025,4,district,mysuru district,162208144
karnataka,2025,4,district,belagavi district,147805883
karnataka,2025,4,district,bengaluru rural district,142383186
karnataka,2025,4,district,tumakuru district,110867540
karnataka,2025,4,district,dharwad district,106548159
karnataka,2025,4,district,kalaburagi district,105307001
karnataka,2025,4,district,kolar district,88678537
karnataka,2025,4,district,vijayapura district,82756614
karnataka,2025,4,district,hassan district,76928321
karnataka,2026,1,district,bengaluru urban district,2025840374
karnataka,2026,1,district,mysuru district,169070463
karnataka,2026,1,district,belagavi district,157663160
karnataka,2026,1,district,bengaluru rural district,148652595
karnataka,2026,1,district,tumakuru district,117813036
karnataka,2026,1,district,kalaburagi district,112423299
karnataka,2026,1,district,dharwad district,110886677
karnataka,2026,1,district,kolar district,93308094
karnataka,2026,1,district,vijayapura district,88327026
karnataka,2026,1,district,hassan district,81190857
karnataka,2026,2,district,bengaluru urban district,2113433404
karnataka,2026,2,district,mysuru district,183550671
karnataka,2026,2,district,belagavi district,169229045
karnataka,2026,2,district,bengaluru rural district,158598671
karnataka,2026,2,district,tumakuru district,127067740
karnataka,2026,2,district,kalaburagi district,121286983
karnataka,2026,2,district,dharwad district,118951459
karnataka,2026,2,district,kolar district,100222275
karnataka,2026,2,district,vijayapura district,98492191
karnataka,2026,2,district,hassan district,88081824
kerala,2018,1,district,ernakulam district,416545
kerala,2018,1,district,malappuram district,230712
kerala,2018,1,district,kozhikode district,196438
kerala,2018,1,district,thiruvananthapuram district,191461
kerala,2018,1,district,thrissur district,146558
kerala,2018,1,district,palakkad district,119848
kerala,2018,1,district,kannur district,103362
kerala,2018,1,district,kottayam district,95494
kerala,2018,1,district,kollam district,79002
kerala,2018,1,district,alappuzha district,77568
kerala,2018,2,district,ernakulam district,532018
kerala,2018,2,district,thiruvananthapuram district,265761
kerala,2018,2,district,malappuram district,243765
kerala,2018,2,district,kozhikode district,237783
kerala,2018,2,district,thrissur district,185232
kerala,2018,2,district,palakkad district,149977
kerala,2018,2,district,kannur district,137304
kerala,2018,2,district,kottayam district,124584
kerala,2018,2,district,kollam district,109478
kerala,2018,2,district,alappuzha district,104234
kerala,2018,3,district,ernakulam district,720870
kerala,2018,3,district,thiruvananthapuram district,367853
kerala,2018,3,district,kozhikode district,333205
kerala,2018,3,district,malappuram district,296786
kerala,2018,3,district,thrissur district,245177
kerala,2018,3,district,palakkad district,204464
kerala,2018,3,district,kannur district,176676
kerala,2018,3,district,kottayam district,166290
kerala,2018,3,district,kollam district,155795
kerala,2018,3,district,alappuzha district,132770
kerala,2018,4,district,ernakulam district,1042583
kerala,2018,4,district,thiruvananthapuram district,520471
kerala,2018,4,district,kozhikode district,465583
kerala,2018,4,district,malappuram district,442852
kerala,2018,4,district,thrissur district,358969
kerala,2018,4,district,palakkad district,285756
kerala,2018,4,district,kannur district,250236
kerala,2018,4,district,kottayam district,234361
kerala,2018,4,district,kollam district,213910
kerala,2018,4,district,alappuzha district,195934
kerala,2019,1,district,ernakulam district,1535220
kerala,2019,1,district,thiruvananthapuram district,804640
kerala,2019,1,district,kozhikode district,728063
kerala,2019,1,district,malappuram district,721057
kerala,2019,1,district,thrissur district,532218
kerala,2019,1,district,palakkad district,422222
kerala,2019,1,district,kannur district,352978
kerala,2019,1,district,kottayam district,325450
kerala,2019,1,district,kollam district,298819
kerala,2019,1,district,alappuzha district,277911
kerala,2019,2,district,ernakulam district,1803274
kerala,2019,2,district,thiruvananthapuram district,980297
kerala,2019,2,district,kozhikode district,783367
kerala,2019,2,district,malappuram district,702083
kerala,2019,2,district,thrissur district,624573
kerala,2019,2,district,palakkad district,485102
kerala,2019,2,district,kannur district,438730
kerala,2019,2,district,kollam district,382264
kerala,2019,2,district,kottayam district,375664
kerala,2019,2,district,alappuzha district,351012
kerala,2019,3,district,ernakulam district,2408033
kerala,2019,3,district,thiruvananthapuram district,1329364
kerala,2019,3,district,kozhikode district,990499
kerala,2019,3,district,thrissur district,791143
kerala,2019,3,district,malappuram district,740164
kerala,2019,3,district,palakkad district,554816
kerala,2019,3,district,kannur district,523372
kerala,2019,3,district,kollam district,519504
kerala,2019,3,district,alappuzha district,472545
kerala,2019,3,district,kottayam district,436664
kerala,2019,4,district,ernakulam district,3176596
kerala,2019,4,district,thiruvananthapuram district,1824010
kerala,2019,4,district,kozhikode district,1303822
kerala,2019,4,district,malappuram district,1004501
kerala,2019,4,district,thrissur district,981572
kerala,2019,4,district,kollam district,751852
kerala,2019,4,district,palakkad district,733539
kerala,2019,4,district,kannur district,712204
kerala,2019,4,district,alappuzha district,677844
kerala,2019,4,district,kottayam district,598340
kerala,2020,1,district,ernakulam district,3643345
kerala,2020,1,district,thiruvananthapuram district,2207816
kerala,2020,1,district,kozhikode district,1650632
kerala,2020,1,district,malappuram district,1162066
kerala,2020,1,district,thrissur district,1108265
kerala,2020,1,district,kollam district,921794
kerala,2020,1,district,palakkad district,885052
kerala,2020,1,district,kannur district,883251
kerala,2020,1,district,alappuzha district,813375
kerala,2020,1,district,kottayam district,697903
kerala,2020,2,district,ernakulam district,2760646
kerala,2020,2,district,thiruvananthapuram district,1911983
kerala,2020,2,district,kozhikode district,1711656
kerala,2020,2,district,malappuram district,1357701
kerala,2020,2,district,kannur district,1192203
kerala,2020,2,district,thrissur district,1185284
kerala,2020,2,district,kollam district,1038846
kerala,2020,2,district,palakkad district,1035872
kerala,2020,2,district,alappuzha district,894264
kerala,2020,2,district,kottayam district,766908
kerala,2020,3,district,ernakulam district,4343404
kerala,2020,3,district,thiruvananthapuram district,2514477
kerala,2020,3,district,kozhikode district,2474224
kerala,2020,3,district,malappuram district,1940237
kerala,2020,3,district,thrissur district,1715897
kerala,2020,3,district,kannur district,1604562
kerala,2020,3,district,kollam district,1523948
kerala,2020,3,district,palakkad district,1367301
kerala,2020,3,district,alappuzha district,1275101
kerala,2020,3,district,kottayam district,1036157
kerala,2020,4,district,ernakulam district,7587983
kerala,2020,4,district,thiruvananthapuram district,3881713
kerala,2020,4,district,kozhikode district,3806096
kerala,2020,4,district,malappuram district,3068301
kerala,2020,4,district,thrissur district,2516256
kerala,2020,4,district,kannur district,2324107
kerala,2020,4,district,kollam district,2120107
kerala,2020,4,district,palakkad district,1949284
kerala,2020,4,district,alappuzha district,1815439
kerala,2020,4,district,kottayam district,1553357
kerala,2021,1,district,ernakulam district,10159402
kerala,2021,1,district,kozhikode district,5069224
kerala,2021,1,district,thiruvananthapuram district,4906102
kerala,2021,1,district,malappuram district,4263283
kerala,2021,1,district,thrissur district,3081437
kerala,2021,1,district,kannur district,2750768
kerala,2021,1,district,kollam district,2514778
kerala,2021,1,district,palakkad district,2448204
kerala,2021,1,district,alappuzha district,2189256
kerala,2021,1,district,kottayam district,1921178
kerala,2021,2,district,ernakulam district,9801878
kerala,2021,2,district,kozhikode district,5777838
kerala,2021,2,district,thiruvananthapuram district,5381686
kerala,2021,2,district,malappuram district,5047698
kerala,2021,2,district,kannur district,3484272
kerala,2021,2,district,thrissur district,3448472
kerala,2021,2,district,kollam district,3128446
kerala,2021,2,district,palakkad district,2980020
kerala,2021,2,district,alappuzha district,2602657
kerala,2021,2,district,kottayam district,2291938
kerala,2021,3,district,ernakulam district,13708253
kerala,2021,3,district,kozhikode district,7790762
kerala,2021,3,district,malappuram district,7214998
kerala,2021,3,district,thiruvananthapuram district,7000271
kerala,2021,3,district,thrissur district,4516993
kerala,2021,3,district,kannur district,4443910
kerala,2021,3,district,kollam district,4089473
kerala,2021,3,district,palakkad district,3775966
kerala,2021,3,district,alappuzha district,3354456
kerala,2021,3,district,kottayam district,2963916
kerala,2021,4,district,ernakulam district,15654427
kerala,2021,4,district,kozhikode district,8780196
kerala,2021,4,district,malappuram district,8210786
kerala,2021,4,district,thiruvananthapuram district,7653769
kerala,2021,4,district,thrissur district,5164824
kerala,2021,4,district,kannur district,4983175
kerala,2021,4,district,palakkad district,4403855
kerala,2021,4,district,kollam district,4386574
kerala,2021,4,district,alappuzha district,3681828
kerala,2021,4,district,kottayam district,3369871
kerala,2022,1,district,ernakulam district,19831193
kerala,2022,1,district,kozhikode district,11393008
kerala,2022,1,district,malappuram district,10863984
kerala,2022,1,district,thiruvananthapuram district,9700009
kerala,2022,1,district,thrissur district,6647370
kerala,2022,1,district,kannur district,6442313
kerala,2022,1,district,palakkad district,5808180
kerala,2022,1,district,kollam district,5654452
kerala,2022,1,district,alappuzha district,4756116
kerala,2022,1,district,kottayam district,4294708
kerala,2022,2,district,ernakulam district,22358006
kerala,2022,2,district,kozhikode district,12634764
kerala,2022,2,district,malappuram district,11861443
kerala,2022,2,district,thiruvananthapuram district,11344419
kerala,2022,2,district,thrissur district,7527142
kerala,2022,2,district,kannur district,7306056
kerala,2022,2,district,kollam district,6610678
kerala,2022,2,district,palakkad district,6534936
kerala,2022,2,district,alappuzha district,5437712
kerala,2022,2,district,kottayam district,4913701
kerala,2022,3,district,ernakulam district,27392990
kerala,2022,3,district,kozhikode district,15569918
kerala,2022,3,district,malappuram district,14791848
kerala,2022,3,district,thiruvananthapuram district,13974469
kerala,2022,3,district,thrissur district,9076407
kerala,2022,3,district,kannur district,8771715
kerala,2022,3,district,kollam district,7988897
kerala,2022,3,district,palakkad district,7913779
kerala,2022,3,district,alappuzha district,6523073
kerala,2022,3,district,kottayam district,5899810
kerala,2022,4,district,ernakulam district,29501403
kerala,2022,4,district,kozhikode district,16920916
kerala,2022,4,district,malappuram district,15575116
kerala,2022,4,district,thiruvananthapuram district,15334806
kerala,2022,4,district,thrissur district,9795523
kerala,2022,4,district,kannur district,9764251
kerala,2022,4,district,kollam district,8604488
kerala,2022,4,district,palakkad district,8499752
kerala,2022,4,district,alappuzha district,7072002
kerala,2022,4,district,kottayam district,6579698
kerala,2023,1,district,ernakulam district,30095536
kerala,2023,1,district,kozhikode district,17590234
kerala,2023,1,district,thiruvananthapuram district,15937594
kerala,2023,1,district,malappuram district,15897429
kerala,2023,1,district,kannur district,10138293
kerala,2023,1,district,thrissur district,10002779
kerala,2023,1,district,kollam district,8906297
kerala,2023,1,district,palakkad district,8648958
kerala,2023,1,district,alappuzha district,7150609
kerala,2023,1,district,kottayam district,6620981
kerala,2023,2,district,ernakulam district,31450029
kerala,2023,2,district,kozhikode district,18278619
kerala,2023,2,district,thiruvananthapuram district,17052161
kerala,2023,2,district,malappuram district,16387878
kerala,2023,2,district,kannur district,10948372
kerala,2023,2,district,thrissur district,10696607
kerala,2023,2,district,kollam district,9639168
kerala,2023,2,district,palakkad district,9153710
kerala,2023,2,district,alappuzha district,7835007
kerala,2023,2,district,kottayam district,7085174
kerala,2023,3,district,ernakulam district,34673063
kerala,2023,3,district,kozhikode district,19384048
kerala,2023,3,district,thiruvananthapuram district,18809260
kerala,2023,3,district,malappuram district,18149956
kerala,2023,3,district,kannur district,11973569
kerala,2023,3,district,thrissur district,11557876
kerala,2023,3,district,kollam district,10543681
kerala,2023,3,district,palakkad district,9767241
kerala,2023,3,district,alappuzha district,8441793
kerala,2023,3,district,kottayam district,7714694
kerala,2023,4,district,ernakulam district,36253677
kerala,2023,4,district,kozhikode district,20523085
kerala,2023,4,district,thiruvananthapuram district,19485595
kerala,2023,4,district,malappuram district,18941128
kerala,2023,4,district,kannur district,12986323
kerala,2023,4,district,thrissur district,12166777
kerala,2023,4,district,kollam district,10884484
kerala,2023,4,district,palakkad district,10190920
kerala,2023,4,district,alappuzha district,8931930
kerala,2023,4,district,kottayam district,8330678
kerala,2024,1,district,ernakulam district,36395935
kerala,2024,1,district,kozhikode district,20530422
kerala,2024,1,district,thiruvananthapuram district,19649632
kerala,2024,1,district,malappuram district,18973500
kerala,2024,1,district,kannur district,13213011
kerala,2024,1,district,thrissur district,12262929
kerala,2024,1,district,kollam district,11249524
kerala,2024,1,district,palakkad district,10262753
kerala,2024,1,district,alappuzha district,9110920
kerala,2024,1,district,kottayam district,8440253
kerala,2024,2,district,ernakulam district,38181176
kerala,2024,2,district,kozhikode district,22161097
kerala,2024,2,district,malappuram district,20936868
kerala,2024,2,district,thiruvananthapuram district,20701293
kerala,2024,2,district,kannur district,14578125
kerala,2024,2,district,thrissur district,13167715
kerala,2024,2,district,kollam district,12012358
kerala,2024,2,district,palakkad district,11078732
kerala,2024,2,district,alappuzha district,9687881
kerala,2024,2,district,kottayam district,8829473
kerala,2024,3,district,ernakulam district,43029577
kerala,2024,3,district,kozhikode district,24390248
kerala,2024,3,district,malappuram district,23954378
kerala,2024,3,district,thiruvananthapuram district,22716962
kerala,2024,3,district,kannur district,16002816
kerala,2024,3,district,thrissur district,14471074
kerala,2024,3,district,kollam district,13158912
kerala,2024,3,district,palakkad district,12199034
kerala,2024,3,district,alappuzha district,10459777
kerala,2024,3,district,kottayam district,9736758
kerala,2024,4,district,ernakulam district,45939422
kerala,2024,4,district,kozhikode district,25959979
kerala,2024,4,district,malappuram district,25637281
kerala,2024,4,district,thiruvananthapuram district,24072458
kerala,2024,4,district,kannur district,17445642
kerala,2024,4,district,thrissur district,15788529
kerala,2024,4,district,kollam district,13711623
kerala,2024,4,district,palakkad district,13243368
kerala,2024,4,district,alappuzha district,11367244
kerala,2024,4,district,kottayam district,10870148
kerala,2025,1,district,ernakulam district,48606525
kerala,2025,1,district,kozhikode district,27603625
kerala,2025,1,district,malappuram district,26804401
kerala,2025,1,district,thiruvananthapuram district,25852920
kerala,2025,1,district,kannur district,18496174
kerala,2025,1,district,thrissur district,17249136
kerala,2025,1,district,kollam district,14424037
kerala,2025,1,district,palakkad district,14170129
kerala,2025,1,district,alappuzha district,12045030
kerala,2025,1,district,kottayam district,11597714
kerala,2025,2,district,ernakulam district,45824552
kerala,2025,2,district,kozhikode district,26481161
kerala,2025,2,district,malappuram district,26328457
kerala,2025,2,district,thiruvananthapuram district,24328672
kerala,2025,2,district,kannur district,18294894
kerala,2025,2,district,thrissur district,16354095
kerala,2025,2,district,kollam district,14021661
kerala,2025,2,district,palakkad district,13805250
kerala,2025,2,district,alappuzha district,11452837
kerala,2025,2,district,kottayam district,10947079
kerala,2025,3,district,ernakulam district,51083759
kerala,2025,3,district,malappuram district,29714393
kerala,2025,3,district,kozhikode district,29174220
kerala,2025,3,district,thiruvananthapuram district,26482170
kerala,2025,3,district,kannur district,20150379
kerala,2025,3,district,thrissur district,17815126
kerala,2025,3,district,kollam district,15248545
kerala,2025,3,district,palakkad district,15067938
kerala,2025,3,district,alappuzha district,12542720
kerala,2025,3,district,kottayam district,12084706
kerala,2025,4,district,ernakulam district,54182418
kerala,2025,4,district,malappuram district,31510145
kerala,2025,4,district,kozhikode district,31280726
kerala,2025,4,district,thiruvananthapuram district,28138714
kerala,2025,4,district,kannur district,21746344
kerala,2025,4,district,thrissur district,19274689
kerala,2025,4,district,palakkad district,16173309
kerala,2025,4,district,kollam district,16017559
kerala,2025,4,district,alappuzha district,13570051
kerala,2025,4,district,kottayam district,13261931
kerala,2026,1,district,ernakulam district,54115511
kerala,2026,1,district,kozhikode district,31964658
kerala,2026,1,district,malappuram district,31568693
kerala,2026,1,district,thiruvananthapuram district,28773296
kerala,2026,1,district,kannur district,22093276
kerala,2026,1,district,thrissur district,19653930
kerala,2026,1,district,palakkad district,16666837
kerala,2026,1,district,kollam district,16523637
kerala,2026,1,district,alappuzha district,13830947
kerala,2026,1,district,kottayam district,13287206
kerala,2026,2,district,ernakulam district,53710581
kerala,2026,2,district,malappuram district,33828704
kerala,2026,2,district,kozhikode district,33385313
kerala,2026,2,district,thiruvananthapuram district,29708347
kerala,2026,2,district,kannur district,23650060
kerala,2026,2,district,thrissur district,20261573
kerala,2026,2,district,palakkad district,17712733
kerala,2026,2,district,kollam district,17340785
kerala,2026,2,district,alappuzha district,14056562
kerala,2026,2,district,kottayam district,12928740
ladakh,2018,1,district,leh ladakh district,6177
ladakh,2018,1,district,kargil district,1556
ladakh,2018,2,district,leh ladakh district,13472
ladakh,2018,2,district,kargil district,4940
ladakh,2018,3,district,leh ladakh district,22834
ladakh,2018,3,district,kargil district,7515
ladakh,2018,4,district,leh ladakh district,33942
ladakh,2018,4,district,kargil district,10556
ladakh,2019,1,district,leh ladakh district,47621
ladakh,2019,1,district,kargil district,12649
ladakh,2019,2,district,leh ladakh district,80627
ladakh,2019,2,district,kargil district,22767
ladakh,2019,3,district,leh ladakh district,103478
ladakh,2019,3,district,kargil district,17540
ladakh,2019,4,district,leh ladakh district,106714
ladakh,2019,4,district,kargil district,6496
ladakh,2020,1,district,leh ladakh district,119381
ladakh,2020,1,district,kargil district,30127
ladakh,2020,2,district,leh ladakh district,148716
ladakh,2020,2,district,kargil district,47686
ladakh,2020,3,district,leh ladakh district,225793
ladakh,2020,3,district,kargil district,65832
ladakh,2020,4,district,leh ladakh district,307488
ladakh,2020,4,district,kargil district,92766
ladakh,2021,1,district,leh ladakh district,319726
ladakh,2021,1,district,kargil district,80420
ladakh,2021,2,district,leh ladakh district,512278
ladakh,2021,2,district,kargil district,138300
ladakh,2021,3,district,leh ladakh district,739865
ladakh,2021,3,district,kargil district,190098
ladakh,2021,4,district,leh ladakh district,688076
ladakh,2021,4,district,kargil district,169563
ladakh,2022,1,district,leh ladakh district,803074
ladakh,2022,1,district,kargil district,188888
ladakh,2022,2,district,leh ladakh district,1363382
ladakh,2022,2,district,kargil district,327589
ladakh,2022,3,district,leh ladakh district,1678114
ladakh,2022,3,district,kargil district,400172
ladakh,2022,4,district,leh ladakh district,1552664
ladakh,2022,4,district,kargil district,384024
ladakh,2023,1,district,leh ladakh district,1550191
ladakh,2023,1,district,kargil district,332734
ladakh,2023,2,district,leh ladakh district,2698755
ladakh,2023,2,district,kargil district,697273
ladakh,2023,3,district,leh ladakh district,3176922
ladakh,2023,3,district,kargil district,888704
ladakh,2023,4,district,leh ladakh district,2768554
ladakh,2023,4,district,kargil district,754933
ladakh,2024,1,district,leh ladakh district,2638176
ladakh,2024,1,district,kargil district,615265
ladakh,2024,2,district,leh ladakh district,4367703
ladakh,2024,2,district,kargil district,1324236
ladakh,2024,3,district,leh ladakh district,5246159
ladakh,2024,3,district,kargil district,1717069
ladakh,2024,4,district,leh ladakh district,4308955
ladakh,2024,4,district,kargil district,1423467
ladakh,2025,1,district,leh ladakh district,3743123
ladakh,2025,1,district,kargil district,1086806
ladakh,2025,2,district,leh ladakh district,5692751
ladakh,2025,2,district,kargil district,1960961
ladakh,2025,3,district,leh ladakh district,6288596
ladakh,2025,3,district,kargil district,2493670
ladakh,2025,4,district,leh ladakh district,4471349
ladakh,2025,4,district,kargil district,1872379
ladakh,2026,1,district,leh ladakh district,4364060
ladakh,2026,1,district,kargil district,1416296
ladakh,2026,2,district,leh ladakh district,6775664
ladakh,2026,2,district,kargil district,2481761
lakshadweep,2018,1,district,lakshadweep district,1124
lakshadweep,2018,2,district,lakshadweep district,2875
lakshadweep,2018,3,district,lakshadweep district,2676
lakshadweep,2018,4,district,lakshadweep district,3019
lakshadweep,2019,1,district,lakshadweep district,4622
lakshadweep,2019,2,district,lakshadweep district,5608
lakshadweep,2019,3,district,lakshadweep district,5310
lakshadweep,2019,4,district,lakshadweep district,6097
lakshadweep,2020,1,district,lakshadweep district,8729
lakshadweep,2020,2,district,lakshadweep district,11502
lakshadweep,2020,3,district,lakshadweep district,13906
lakshadweep,2020,4,district,lakshadweep district,17672
lakshadweep,2021,1,district,lakshadweep district,16065
lakshadweep,2021,2,district,lakshadweep district,20788
lakshadweep,2021,3,district,lakshadweep district,24627
lakshadweep,2021,4,district,lakshadweep district,25317
lakshadweep,2022,1,district,lakshadweep district,30348
lakshadweep,2022,2,district,lakshadweep district,33079
lakshadweep,2022,3,district,lakshadweep district,34974
lakshadweep,2022,4,district,lakshadweep district,37014
lakshadweep,2023,1,district,lakshadweep district,43520
lakshadweep,2023,2,district,lakshadweep district,50557
lakshadweep,2023,3,district,lakshadweep district,61690
lakshadweep,2023,4,district,lakshadweep district,96514
lakshadweep,2024,1,district,lakshadweep district,120325
lakshadweep,2024,2,district,lakshadweep district,161844
lakshadweep,2024,3,district,lakshadweep district,183660
lakshadweep,2024,4,district,lakshadweep district,228820
lakshadweep,2025,1,district,lakshadweep district,286444
lakshadweep,2025,2,district,lakshadweep district,282186
lakshadweep,2025,3,district,lakshadweep district,295580
lakshadweep,2025,4,district,lakshadweep district,326937
lakshadweep,2026,1,district,lakshadweep district,351993
lakshadweep,2026,2,district,lakshadweep district,371196
madhya-pradesh,2018,1,district,bhopal district,1137054
madhya-pradesh,2018,1,district,indore district,1082574
madhya-pradesh,2018,1,district,gwalior district,416291
madhya-pradesh,2018,1,district,jabalpur district,340260
madhya-pradesh,2018,1,district,sehore district,301678
madhya-pradesh,2018,1,district,ujjain district,267596
madhya-pradesh,2018,1,district,sagar district,265021
madhya-pradesh,2018,1,district,rewa district,229984
madhya-pradesh,2018,1,district,dhar district,226166
madhya-pradesh,2018,1,district,dewas district,219694
madhya-pradesh,2018,2,district,bhopal district,1491484
madhya-pradesh,2018,2,district,indore district,1385017
madhya-pradesh,2018,2,district,gwalior district,563329
madhya-pradesh,2018,2,district,jabalpur district,477343
madhya-pradesh,2018,2,district,sehore district,389806
madhya-pradesh,2018,2,district,ujjain district,342333
madhya-pradesh,2018,2,district,sagar district,317052
madhya-pradesh,2018,2,district,rewa district,298778
madhya-pradesh,2018,2,district,dhar district,285314
madhya-pradesh,2018,2,district,dewas district,271962
madhya-pradesh,2018,3,district,bhopal district,2411884
madhya-pradesh,2018,3,district,indore district,2102275
madhya-pradesh,2018,3,district,sagar district,890530
madhya-pradesh,2018,3,district,sehore district,841757
madhya-pradesh,2018,3,district,gwalior district,811241
madhya-pradesh,2018,3,district,jabalpur district,769298
madhya-pradesh,2018,3,district,ujjain district,569558
madhya-pradesh,2018,3,district,dhar district,489999
madhya-pradesh,2018,3,district,narsinghpur district,481633
madhya-pradesh,2018,3,district,dewas district,444261
madhya-pradesh,2018,4,district,bhopal district,3321233
madhya-pradesh,2018,4,district,indore district,2940069
madhya-pradesh,2018,4,district,gwalior district,999837
madhya-pradesh,2018,4,district,jabalpur district,968133
madhya-pradesh,2018,4,district,sehore district,869944
madhya-pradesh,2018,4,district,ujjain district,672827
madhya-pradesh,2018,4,district,sagar district,663513
madhya-pradesh,2018,4,district,dhar district,628502
madhya-pradesh,2018,4,district,dewas district,574577
madhya-pradesh,2018,4,district,rewa district,569844
madhya-pradesh,2019,1,district,bhopal district,6005732
madhya-pradesh,2019,1,district,indore district,5037494
madhya-pradesh,2019,1,district,sehore district,1879285
madhya-pradesh,2019,1,district,gwalior district,1599148
madhya-pradesh,2019,1,district,jabalpur district,1480052
madhya-pradesh,2019,1,district,dhar district,1181412
madhya-pradesh,2019,1,district,ujjain district,1124659
madhya-pradesh,2019,1,district,sagar district,1124106
madhya-pradesh,2019,1,district,dewas district,1095900
madhya-pradesh,2019,1,district,singrauli district,948856
madhya-pradesh,2019,2,district,bhopal district,7900850
madhya-pradesh,2019,2,district,indore district,6017688
madhya-pradesh,2019,2,district,gwalior district,1759676
madhya-pradesh,2019,2,district,jabalpur district,1636654
madhya-pradesh,2019,2,district,sehore district,1436874
madhya-pradesh,2019,2,district,ujjain district,1189657
madhya-pradesh,2019,2,district,sagar district,1077372
madhya-pradesh,2019,2,district,dewas district,1012820
madhya-pradesh,2019,2,district,dhar district,977020
madhya-pradesh,2019,2,district,rewa district,882827
madhya-pradesh,2019,3,district,bhopal district,12886403
madhya-pradesh,2019,3,district,indore district,9861382
madhya-pradesh,2019,3,district,gwalior district,2490557
madhya-pradesh,2019,3,district,jabalpur district,2276985
madhya-pradesh,2019,3,district,ujjain district,1607476
madhya-pradesh,2019,3,district,sehore district,1590877
madhya-pradesh,2019,3,district,dewas district,1262849
madhya-pradesh,2019,3,district,sagar district,1170412
madhya-pradesh,2019,3,district,dhar district,1104927
madhya-pradesh,2019,3,district,rewa district,986062
madhya-pradesh,2019,4,district,bhopal district,15222823
madhya-pradesh,2019,4,district,indore district,13849917
madhya-pradesh,2019,4,district,gwalior district,3200958
madhya-pradesh,2019,4,district,jabalpur district,2758945
madhya-pradesh,2019,4,district,sehore district,2114289
madhya-pradesh,2019,4,district,ujjain district,2060558
madhya-pradesh,2019,4,district,dewas district,1593750
madhya-pradesh,2019,4,district,sagar district,1543802
madhya-pradesh,2019,4,district,dhar district,1484309
madhya-pradesh,2019,4,district,rewa district,1289643
madhya-pradesh,2020,1,district,indore district,15961812
madhya-pradesh,2020,1,district,bhopal district,15468576
madhya-pradesh,2020,1,district,gwalior district,3632292
madhya-pradesh,2020,1,district,jabalpur district,2973195
madhya-pradesh,2020,1,district,ujjain district,2514826
madhya-pradesh,2020,1,district,sehore district,2278850
madhya-pradesh,2020,1,district,dewas district,1997668
madhya-pradesh,2020,1,district,dhar district,1883533
madhya-pradesh,2020,1,district,sagar district,1690194
madhya-pradesh,2020,1,district,rewa district,1426324
madhya-pradesh,2020,2,district,bhopal district,9033499
madhya-pradesh,2020,2,district,indore district,8019428
madhya-pradesh,2020,2,district,gwalior district,3183921
madhya-pradesh,2020,2,district,jabalpur district,2534986
madhya-pradesh,2020,2,district,ujjain district,2516089
madhya-pradesh,2020,2,district,sehore district,2503244
madhya-pradesh,2020,2,district,dewas district,2337396
madhya-pradesh,2020,2,district,dhar district,2153016
madhya-pradesh,2020,2,district,sagar district,1993309
madhya-pradesh,2020,2,district,rajgarh district,1706567
madhya-pradesh,2020,3,district,indore district,14875834
madhya-pradesh,2020,3,district,bhopal district,14252742
madhya-pradesh,2020,3,district,gwalior district,4842356
madhya-pradesh,2020,3,district,jabalpur district,3750656
madhya-pradesh,2020,3,district,ujjain district,3689743
madhya-pradesh,2020,3,district,sehore district,3213247
madhya-pradesh,2020,3,district,dewas district,3175572
madhya-pradesh,2020,3,district,dhar district,3148397
madhya-pradesh,2020,3,district,sagar district,2553414
madhya-pradesh,2020,3,district,rewa district,2270576
madhya-pradesh,2020,4,district,indore district,23058137
madhya-pradesh,2020,4,district,bhopal district,21200470
madhya-pradesh,2020,4,district,gwalior district,6798351
madhya-pradesh,2020,4,district,jabalpur district,5337857
madhya-pradesh,2020,4,district,ujjain district,4977590
madhya-pradesh,2020,4,district,dhar district,4402912
madhya-pradesh,2020,4,district,dewas district,4273732
madhya-pradesh,2020,4,district,sehore district,4259799
madhya-pradesh,2020,4,district,sagar district,3378667
madhya-pradesh,2020,4,district,rewa district,3100795
madhya-pradesh,2021,1,district,indore district,33295634
madhya-pradesh,2021,1,district,bhopal district,28506350
madhya-pradesh,2021,1,district,gwalior district,8623505
madhya-pradesh,2021,1,district,jabalpur district,6698342
madhya-pradesh,2021,1,district,ujjain district,6468014
madhya-pradesh,2021,1,district,dhar district,5652634
madhya-pradesh,2021,1,district,dewas district,5248251
madhya-pradesh,2021,1,district,sehore district,5008467
madhya-pradesh,2021,1,district,sagar district,4188942
madhya-pradesh,2021,1,district,chhindwara district,3586936
madhya-pradesh,2021,2,district,indore district,25537075
madhya-pradesh,2021,2,district,bhopal district,23310126
madhya-pradesh,2021,2,district,gwalior district,9193851
madhya-pradesh,2021,2,district,jabalpur district,6865066
madhya-pradesh,2021,2,district,dhar district,6777467
madhya-pradesh,2021,2,district,ujjain district,6689029
madhya-pradesh,2021,2,district,dewas district,6062246
madhya-pradesh,2021,2,district,sehore district,5769025
madhya-pradesh,2021,2,district,sagar district,5077671
madhya-pradesh,2021,2,district,rajgarh district,4581766
madhya-pradesh,2021,3,district,indore district,46015536
madhya-pradesh,2021,3,district,bhopal district,38224180
madhya-pradesh,2021,3,district,gwalior district,13008785
madhya-pradesh,2021,3,district,ujjain district,10303197
madhya-pradesh,2021,3,district,jabalpur district,10045786
madhya-pradesh,2021,3,district,dhar district,9314035
madhya-pradesh,2021,3,district,dewas district,8208619
madhya-pradesh,2021,3,district,sehore district,7386951
madhya-pradesh,2021,3,district,sagar district,6450268
madhya-pradesh,2021,3,district,rajgarh district,5962491
madhya-pradesh,2021,4,district,indore district,51819206
madhya-pradesh,2021,4,district,bhopal district,42969924
madhya-pradesh,2021,4,district,gwalior district,14453360
madhya-pradesh,2021,4,district,jabalpur district,11344944
madhya-pradesh,2021,4,district,ujjain district,10977152
madhya-pradesh,2021,4,district,dhar district,10028873
madhya-pradesh,2021,4,district,dewas district,8885351
madhya-pradesh,2021,4,district,sehore district,7867490
madhya-pradesh,2021,4,district,sagar district,7158049
madhya-pradesh,2021,4,district,rajgarh district,6642364
madhya-pradesh,2022,1,district,indore district,67479841
madhya-pradesh,2022,1,district,bhopal district,54129645
madhya-pradesh,2022,1,district,gwalior district,18515353
madhya-pradesh,2022,1,district,ujjain district,14593475
madhya-pradesh,2022,1,district,jabalpur district,14320538
madhya-pradesh,2022,1,district,dhar district,13058695
madhya-pradesh,2022,1,district,dewas district,11606910
madhya-pradesh,2022,1,district,sehore district,10213633
madhya-pradesh,2022,1,district,sagar district,9320765
madhya-pradesh,2022,1,district,rajgarh district,9082764
madhya-pradesh,2022,2,district,indore district,81411073
madhya-pradesh,2022,2,district,bhopal district,63742172
madhya-pradesh,2022,2,district,gwalior district,21552142
madhya-pradesh,2022,2,district,jabalpur district,16987917
madhya-pradesh,2022,2,district,ujjain district,16910767
madhya-pradesh,2022,2,district,dhar district,15086889
madhya-pradesh,2022,2,district,dewas district,13142483
madhya-pradesh,2022,2,district,sehore district,11547592
madhya-pradesh,2022,2,district,sagar district,10749448
madhya-pradesh,2022,2,district,chhindwara district,10059025
madhya-pradesh,2022,3,district,indore district,98007107
madhya-pradesh,2022,3,district,bhopal district,71898048
madhya-pradesh,2022,3,district,gwalior district,25318585
madhya-pradesh,2022,3,district,ujjain district,20748649
madhya-pradesh,2022,3,district,jabalpur district,19335107
madhya-pradesh,2022,3,district,dhar district,18180210
madhya-pradesh,2022,3,district,dewas district,15314138
madhya-pradesh,2022,3,district,sehore district,12602707
madhya-pradesh,2022,3,district,sagar district,12057087
madhya-pradesh,2022,3,district,rajgarh district,11434647
madhya-pradesh,2022,4,district,indore district,110388562
madhya-pradesh,2022,4,district,bhopal district,80735726
madhya-pradesh,2022,4,district,gwalior district,28642075
madhya-pradesh,2022,4,district,ujjain district,23036797
madhya-pradesh,2022,4,district,jabalpur district,22158288
madhya-pradesh,2022,4,district,dhar district,20061975
madhya-pradesh,2022,4,district,dewas district,17159294
madhya-pradesh,2022,4,district,sehore district,14006801
madhya-pradesh,2022,4,district,sagar district,13722248
madhya-pradesh,2022,4,district,chhindwara district,13035659
madhya-pradesh,2023,1,district,indore district,123830691
madhya-pradesh,2023,1,district,bhopal district,88673312
madhya-pradesh,2023,1,district,gwalior district,32170629
madhya-pradesh,2023,1,district,ujjain district,26732739
madhya-pradesh,2023,1,district,jabalpur district,25047086
madhya-pradesh,2023,1,district,dhar district,22613547
madhya-pradesh,2023,1,district,dewas district,19629986
madhya-pradesh,2023,1,district,sehore district,16215617
madhya-pradesh,2023,1,district,sagar district,15840070
madhya-pradesh,2023,1,district,chhindwara district,14850790
madhya-pradesh,2023,2,district,indore district,139819874
madhya-pradesh,2023,2,district,bhopal district,99607953
madhya-pradesh,2023,2,district,gwalior district,36828939
madhya-pradesh,2023,2,district,ujjain district,30609043
madhya-pradesh,2023,2,district,jabalpur district,28750172
madhya-pradesh,2023,2,district,dhar district,26144352
madhya-pradesh,2023,2,district,dewas district,22228125
madhya-pradesh,2023,2,district,sehore district,18716154
madhya-pradesh,2023,2,district,sagar district,18503119
madhya-pradesh,2023,2,district,rewa district,17097415
madhya-pradesh,2023,3,district,indore district,162826675
madhya-pradesh,2023,3,district,bhopal district,114217822
madhya-pradesh,2023,3,district,gwalior district,43728007
madhya-pradesh,2023,3,district,ujjain district,37210351
madhya-pradesh,2023,3,district,jabalpur district,32638051
madhya-pradesh,2023,3,district,dhar district,30789094
madhya-pradesh,2023,3,district,dewas district,25545466
madhya-pradesh,2023,3,district,sehore district,21300696
madhya-pradesh,2023,3,district,sagar district,21181009
madhya-pradesh,2023,3,district,rajgarh district,19410603
madhya-pradesh,2023,4,district,indore district,179103562
madhya-pradesh,2023,4,district,bhopal district,126462944
madhya-pradesh,2023,4,district,gwalior district,48057562
madhya-pradesh,2023,4,district,ujjain district,40893419
madhya-pradesh,2023,4,district,jabalpur district,37128513
madhya-pradesh,2023,4,district,dhar district,35322466
madhya-pradesh,2023,4,district,dewas district,29284397
madhya-pradesh,2023,4,district,sehore district,24130006
madhya-pradesh,2023,4,district,sagar district,23606847
madhya-pradesh,2023,4,district,rewa district,21618820
madhya-pradesh,2024,1,district,indore district,203277253
madhya-pradesh,2024,1,district,bhopal district,139424854
madhya-pradesh,2024,1,district,gwalior district,54406340
madhya-pradesh,2024,1,district,ujjain district,48646873
madhya-pradesh,2024,1,district,dhar district,42878486
madhya-pradesh,2024,1,district,jabalpur district,41922036
madhya-pradesh,2024,1,district,dewas district,34201810
madhya-pradesh,2024,1,district,sehore district,28818904
madhya-pradesh,2024,1,district,sagar district,27906266
madhya-pradesh,2024,1,district,rajgarh district,26302773
madhya-pradesh,2024,2,district,indore district,223946747
madhya-pradesh,2024,2,district,bhopal district,152854201
madhya-pradesh,2024,2,district,gwalior district,61673902
madhya-pradesh,2024,2,district,ujjain district,53733637
madhya-pradesh,2024,2,district,jabalpur district,47329878
madhya-pradesh,2024,2,district,dhar district,46931477
madhya-pradesh,2024,2,district,dewas district,37090326
madhya-pradesh,2024,2,district,sehore district,31603598
madhya-pradesh,2024,2,district,sagar district,31565943
madhya-pradesh,2024,2,district,rajgarh district,28708741
madhya-pradesh,2024,3,district,indore district,243926087
madhya-pradesh,2024,3,district,bhopal district,165468063
madhya-pradesh,2024,3,district,gwalior district,67973565
madhya-pradesh,2024,3,district,ujjain district,59668488
madhya-pradesh,2024,3,district,dhar district,51083366
madhya-pradesh,2024,3,district,jabalpur district,50685469
madhya-pradesh,2024,3,district,dewas district,39739654
madhya-pradesh,2024,3,district,sagar district,33183005
madhya-pradesh,2024,3,district,sehore district,33138333
madhya-pradesh,2024,3,district,ratlam district,30775532
madhya-pradesh,2024,4,district,indore district,264519227
madhya-pradesh,2024,4,district,bhopal district,181350524
madhya-pradesh,2024,4,district,gwalior district,74890300
madhya-pradesh,2024,4,district,ujjain district,63600882
madhya-pradesh,2024,4,district,jabalpur district,56789100
madhya-pradesh,2024,4,district,dhar district,55374393
madhya-pradesh,2024,4,district,dewas district,43925917
madhya-pradesh,2024,4,district,sagar district,36140304
madhya-pradesh,2024,4,district,sehore district,35763263
madhya-pradesh,2024,4,district,rewa district,33825185
madhya-pradesh,2025,1,district,indore district,267265386
madhya-pradesh,2025,1,district,bhopal district,182212138
madhya-pradesh,2025,1,district,gwalior district,75839800
madhya-pradesh,2025,1,district,ujjain district,66880084
madhya-pradesh,2025,1,district,jabalpur district,58202653
madhya-pradesh,2025,1,district,dhar district,55199914
madhya-pradesh,2025,1,district,dewas district,44571010
madhya-pradesh,2025,1,district,sagar district,37139107
madhya-pradesh,2025,1,district,sehore district,36331461
madhya-pradesh,2025,1,district,rajgarh district,33964343
madhya-pradesh,2025,2,district,indore district,278728040
madhya-pradesh,2025,2,district,bhopal district,190491751
madhya-pradesh,2025,2,district,gwalior district,80358835
madhya-pradesh,2025,2,district,ujjain district,69469885
madhya-pradesh,2025,2,district,jabalpur district,61649240
madhya-pradesh,2025,2,district,dhar district,59809781
madhya-pradesh,2025,2,district,dewas district,47082753
madhya-pradesh,2025,2,district,sagar district,40721845
madhya-pradesh,2025,2,district,sehore district,39276683
madhya-pradesh,2025,2,district,rewa district,36909211
madhya-pradesh,2025,3,district,indore district,308862464
madhya-pradesh,2025,3,district,bhopal district,207868585
madhya-pradesh,2025,3,district,gwalior district,88625911
madhya-pradesh,2025,3,district,ujjain district,78757426
madhya-pradesh,2025,3,district,dhar district,67004987
madhya-pradesh,2025,3,district,jabalpur district,65417227
madhya-pradesh,2025,3,district,dewas district,51133835
madhya-pradesh,2025,3,district,sagar district,42881218
madhya-pradesh,2025,3,district,sehore district,42166958
madhya-pradesh,2025,3,district,ratlam district,40551313
madhya-pradesh,2025,4,district,indore district,325507016
madhya-pradesh,2025,4,district,bhopal district,221598315
madhya-pradesh,2025,4,district,gwalior district,92409121
madhya-pradesh,2025,4,district,ujjain district,82804706
madhya-pradesh,2025,4,district,jabalpur district,71548851
madhya-pradesh,2025,4,district,dhar district,69368845
madhya-pradesh,2025,4,district,dewas district,54670052
madhya-pradesh,2025,4,district,sagar district,45376203
madhya-pradesh,2025,4,district,sehore district,44148547
madhya-pradesh,2025,4,district,ratlam district,42503272
madhya-pradesh,2026,1,district,indore district,334698036
madhya-pradesh,2026,1,district,bhopal district,223735759
madhya-pradesh,2026,1,district,gwalior district,95549086
madhya-pradesh,2026,1,district,ujjain district,88203401
madhya-pradesh,2026,1,district,dhar district,73337032
madhya-pradesh,2026,1,district,jabalpur district,73195296
madhya-pradesh,2026,1,district,dewas district,57388265
madhya-pradesh,2026,1,district,sagar district,47505264
madhya-pradesh,2026,1,district,sehore district,46659516
madhya-pradesh,2026,1,district,rajgarh district,43987296
madhya-pradesh,2026,2,district,indore district,339895092
madhya-pradesh,2026,2,district,bhopal district,230703048
madhya-pradesh,2026,2,district,gwalior district,100545755
madhya-pradesh,2026,2,district,ujjain district,92566816
madhya-pradesh,2026,2,district,jabalpur district,76408578
madhya-pradesh,2026,2,district,dhar district,74462317
madhya-pradesh,2026,2,district,dewas district,58935467
madhya-pradesh,2026,2,district,sagar district,51924904
madhya-pradesh,2026,2,district,sehore district,48550426
madhya-pradesh,2026,2,district,rajgarh district,46547793
maharashtra,2018,1,district,pune district,3440226
maharashtra,2018,1,district,mumbai suburban district,1749592
maharashtra,2018,1,district,thane district,1346017
maharashtra,2018,1,district,nashik district,799438
maharashtra,2018,1,district,chhatrapati sambhaji nagar district,741787
maharashtra,2018,1,district,nagpur district,703169
maharashtra,2018,1,district,mumbai district,559761
maharashtra,2018,1,district,solapur district,540622
maharashtra,2018,1,district,ahilyanagar district,532119
maharashtra,2018,1,district,kolhapur district,422200
maharashtra,2018,2,district,pune district,4627919
maharashtra,2018,2,district,mumbai suburban district,2430113
maharashtra,2018,2,district,thane district,1911738
maharashtra,2018,2,district,nashik district,1135398
maharashtra,2018,2,district,chhatrapati sambhaji nagar district,931343
maharashtra,2018,2,district,nagpur district,927105
maharashtra,2018,2,district,mumbai district,794416
maharashtra,2018,2,district,solapur district,776590
maharashtra,2018,2,district,ahilyanagar district,736469
maharashtra,2018,2,district,palghar district,553167
maharashtra,2018,3,district,pune district,7177894
maharashtra,2018,3,district,mumbai suburban district,3467759
maharashtra,2018,3,district,thane district,2774565
maharashtra,2018,3,district,nashik district,1541206
maharashtra,2018,3,district,nagpur district,1393069
maharashtra,2018,3,district,chhatrapati sambhaji nagar district,1349862
maharashtra,2018,3,district,mumbai district,1162163
maharashtra,2018,3,district,solapur district,1104904
maharashtra,2018,3,district,ahilyanagar district,988685
maharashtra,2018,3,district,palghar district,827465
maharashtra,2018,4,district,pune district,10371864
maharashtra,2018,4,district,mumbai suburban district,5299733
maharashtra,2018,4,district,thane district,4549899
maharashtra,2018,4,district,nashik district,2209971
maharashtra,2018,4,district,nagpur district,2177882
maharashtra,2018,4,district,chhatrapati sambhaji nagar district,1959967
maharashtra,2018,4,district,mumbai district,1763672
maharashtra,2018,4,district,solapur district,1488728
maharashtra,2018,4,district,ahilyanagar district,1458607
maharashtra,2018,4,district,palghar district,1268374
maharashtra,2019,1,district,pune district,19341468
maharashtra,2019,1,district,mumbai suburban district,8142349
maharashtra,2019,1,district,thane district,7600470
maharashtra,2019,1,district,nagpur district,3987423
maharashtra,2019,1,district,nashik district,3622271
maharashtra,2019,1,district,chhatrapati sambhaji nagar district,3359498
maharashtra,2019,1,district,mumbai district,2738256
maharashtra,2019,1,district,ahilyanagar district,2122804
maharashtra,2019,1,district,solapur district,2080124
maharashtra,2019,1,district,palghar district,2078590
maharashtra,2019,2,district,pune district,31148227
maharashtra,2019,2,district,thane district,9928395
maharashtra,2019,2,district,mumbai suburban district,9812665
maharashtra,2019,2,district,nashik district,5431158
maharashtra,2019,2,district,nagpur district,5087456
maharashtra,2019,2,district,chhatrapati sambhaji nagar district,4573881
maharashtra,2019,2,district,mumbai district,3263564
maharashtra,2019,2,district,solapur district,2587259
maharashtra,2019,2,district,ahilyanagar district,2553993
maharashtra,2019,2,district,raigad district,2540850
maharashtra,2019,3,district,pune district,55748583
maharashtra,2019,3,district,thane district,14036476
maharashtra,2019,3,district,mumbai suburban district,13214035
maharashtra,2019,3,district,nashik district,8939040
maharashtra,2019,3,district,chhatrapati sambhaji nagar district,7316293
maharashtra,2019,3,district,nagpur district,7305022
maharashtra,2019,3,district,mumbai district,4189489
maharashtra,2019,3,district,ahilyanagar district,3556575
maharashtra,2019,3,district,solapur district,3555866
maharashtra,2019,3,district,raigad district,3480116
maharashtra,2019,4,district,pune district,74106681
maharashtra,2019,4,district,thane district,17257620
maharashtra,2019,4,district,mumbai suburban district,15408124
maharashtra,2019,4,district,nashik district,12562131
maharashtra,2019,4,district,chhatrapati sambhaji nagar district,10084388
maharashtra,2019,4,district,nagpur district,9391504
maharashtra,2019,4,district,ahilyanagar district,5348811
maharashtra,2019,4,district,mumbai district,5104247
maharashtra,2019,4,district,solapur district,4714263
maharashtra,2019,4,district,raigad district,4543916
maharashtra,2020,1,district,pune district,85765872
maharashtra,2020,1,district,thane district,19483433
maharashtra,2020,1,district,mumbai suburban district,17021372
maharashtra,2020,1,district,nashik district,15304366
maharashtra,2020,1,district,chhatrapati sambhaji nagar district,12065951
maharashtra,2020,1,district,nagpur district,11006213
maharashtra,2020,1,district,ahilyanagar district,7067004
maharashtra,2020,1,district,solapur district,6298402
maharashtra,2020,1,district,mumbai district,5560436
maharashtra,2020,1,district,raigad district,5386327
maharashtra,2020,2,district,pune district,38716794
maharashtra,2020,2,district,nashik district,14463236
maharashtra,2020,2,district,thane district,14300396
maharashtra,2020,2,district,mumbai suburban district,10773274
maharashtra,2020,2,district,chhatrapati sambhaji nagar district,9534020
maharashtra,2020,2,district,nagpur district,8630356
maharashtra,2020,2,district,ahilyanagar district,8185738
maharashtra,2020,2,district,solapur district,7750672
maharashtra,2020,2,district,palghar district,5095157
maharashtra,2020,2,district,raigad district,4934417
maharashtra,2020,3,district,pune district,66362865
maharashtra,2020,3,district,nashik district,21526496
maharashtra,2020,3,district,thane district,19929099
maharashtra,2020,3,district,mumbai suburban district,14894885
maharashtra,2020,3,district,chhatrapati sambhaji nagar district,14682723
maharashtra,2020,3,district,nagpur district,12791701
maharashtra,2020,3,district,ahilyanagar district,11246799
maharashtra,2020,3,district,solapur district,10542548
maharashtra,2020,3,district,raigad district,6807527
maharashtra,2020,3,district,palghar district,6284495
maharashtra,2020,4,district,pune district,108756047
maharashtra,2020,4,district,thane district,34270557
maharashtra,2020,4,district,nashik district,29233993
maharashtra,2020,4,district,mumbai suburban district,26205056
maharashtra,2020,4,district,chhatrapati sambhaji nagar district,21532196
maharashtra,2020,4,district,nagpur district,18617970
maharashtra,2020,4,district,ahilyanagar district,16186855
maharashtra,2020,4,district,solapur district,14806810
maharashtra,2020,4,district,raigad district,11207865
maharashtra,2020,4,district,palghar district,9394873
maharashtra,2021,1,district,pune district,143805568
maharashtra,2021,1,district,thane district,41772019
maharashtra,2021,1,district,nashik district,34049619
maharashtra,2021,1,district,mumbai suburban district,32911710
maharashtra,2021,1,district,chhatrapati sambhaji nagar district,25406556
maharashtra,2021,1,district,nagpur district,21923582
maharashtra,2021,1,district,ahilyanagar district,19515745
maharashtra,2021,1,district,solapur district,17989775
maharashtra,2021,1,district,raigad district,13960025
maharashtra,2021,1,district,mumbai district,10970993
maharashtra,2021,2,district,pune district,133033080
maharashtra,2021,2,district,thane district,44330569
maharashtra,2021,2,district,nashik district,36990814
maharashtra,2021,2,district,mumbai suburban district,33362040
maharashtra,2021,2,district,chhatrapati sambhaji nagar district,29877014
maharashtra,2021,2,district,nagpur district,24677733
maharashtra,2021,2,district,solapur district,23064240
maharashtra,2021,2,district,ahilyanagar district,23007996
maharashtra,2021,2,district,raigad district,15720154
maharashtra,2021,2,district,jalgaon district,12598958
maharashtra,2021,3,district,pune district,198601904
maharashtra,2021,3,district,thane district,59367781
maharashtra,2021,3,district,nashik district,50998738
maharashtra,2021,3,district,mumbai suburban district,46231378
maharashtra,2021,3,district,chhatrapati sambhaji nagar district,40171988
maharashtra,2021,3,district,nagpur district,34185093
maharashtra,2021,3,district,ahilyanagar district,31223504
maharashtra,2021,3,district,solapur district,30535695
maharashtra,2021,3,district,raigad district,21135599
maharashtra,2021,3,district,palghar district,16134296
maharashtra,2021,4,district,pune district,214927662
maharashtra,2021,4,district,thane district,64802610
maharashtra,2021,4,district,nashik district,56217932
maharashtra,2021,4,district,mumbai suburban district,51677043
maharashtra,2021,4,district,chhatrapati sambhaji nagar district,44918928
maharashtra,2021,4,district,nagpur district,38398340
maharashtra,2021,4,district,ahilyanagar district,35724597
maharashtra,2021,4,district,solapur district,34890375
maharashtra,2021,4,district,raigad district,23133722
maharashtra,2021,4,district,mumbai district,18482282
maharashtra,2022,1,district,pune district,281817540
maharashtra,2022,1,district,thane district,83033366
maharashtra,2022,1,district,nashik district,72601724
maharashtra,2022,1,district,mumbai suburban district,66772818
maharashtra,2022,1,district,chhatrapati sambhaji nagar district,58116665
maharashtra,2022,1,district,nagpur district,49549099
maharashtra,2022,1,district,ahilyanagar district,46660584
maharashtra,2022,1,district,solapur district,45772667
maharashtra,2022,1,district,raigad district,29771344
maharashtra,2022,1,district,mumbai district,23793286
maharashtra,2022,2,district,pune district,340860945
maharashtra,2022,2,district,thane district,96943455
maharashtra,2022,2,district,nashik district,85200392
maharashtra,2022,2,district,mumbai suburban district,79803947
maharashtra,2022,2,district,chhatrapati sambhaji nagar district,66882656
maharashtra,2022,2,district,nagpur district,59627461
maharashtra,2022,2,district,ahilyanagar district,55205232
maharashtra,2022,2,district,solapur district,54497187
maharashtra,2022,2,district,raigad district,34935522
maharashtra,2022,2,district,mumbai district,29346843
maharashtra,2022,3,district,pune district,404089860
maharashtra,2022,3,district,thane district,115629518
maharashtra,2022,3,district,mumbai suburban district,97505013
maharashtra,2022,3,district,nashik district,94778994
maharashtra,2022,3,district,chhatrapati sambhaji nagar district,78585561
maharashtra,2022,3,district,nagpur district,68589483
maharashtra,2022,3,district,solapur district,63025618
maharashtra,2022,3,district,ahilyanagar district,62265143
maharashtra,2022,3,district,raigad district,40608660
maharashtra,2022,3,district,mumbai district,35870544
maharashtra,2022,4,district,pune district,441315143
maharashtra,2022,4,district,thane district,130919429
maharashtra,2022,4,district,mumbai suburban district,109920689
maharashtra,2022,4,district,nashik district,105648346
maharashtra,2022,4,district,chhatrapati sambhaji nagar district,84625010
maharashtra,2022,4,district,nagpur district,77552945
maharashtra,2022,4,district,solapur district,71125910
maharashtra,2022,4,district,ahilyanagar district,69750283
maharashtra,2022,4,district,raigad district,46372730
maharashtra,2022,4,district,mumbai district,41787367
maharashtra,2023,1,district,pune district,497927049
maharashtra,2023,1,district,thane district,142877305
maharashtra,2023,1,district,mumbai suburban district,121102924
maharashtra,2023,1,district,nashik district,118488868
maharashtra,2023,1,district,chhatrapati sambhaji nagar district,94541901
maharashtra,2023,1,district,nagpur district,86486418
maharashtra,2023,1,district,solapur district,78200832
maharashtra,2023,1,district,ahilyanagar district,77602155
maharashtra,2023,1,district,raigad district,50512676
maharashtra,2023,1,district,mumbai district,46542192
maharashtra,2023,2,district,pune district,545792615
maharashtra,2023,2,district,thane district,156580354
maharashtra,2023,2,district,nashik district,134895562
maharashtra,2023,2,district,mumbai suburban district,132706109
maharashtra,2023,2,district,chhatrapati sambhaji nagar district,105231913
maharashtra,2023,2,district,nagpur district,96733076
maharashtra,2023,2,district,ahilyanagar district,87851874
maharashtra,2023,2,district,solapur district,87777901
maharashtra,2023,2,district,raigad district,55857379
maharashtra,2023,2,district,mumbai district,51423431
maharashtra,2023,3,district,pune district,619201309
maharashtra,2023,3,district,thane district,171606024
maharashtra,2023,3,district,mumbai suburban district,146574695
maharashtra,2023,3,district,nashik district,146489187
maharashtra,2023,3,district,chhatrapati sambhaji nagar district,118868449
maharashtra,2023,3,district,nagpur district,108735864
maharashtra,2023,3,district,solapur district,97796714
maharashtra,2023,3,district,ahilyanagar district,97141279
maharashtra,2023,3,district,raigad district,60385705
maharashtra,2023,3,district,mumbai district,57318192
maharashtra,2023,4,district,pune district,667548807
maharashtra,2023,4,district,thane district,193709943
maharashtra,2023,4,district,mumbai suburban district,163658067
maharashtra,2023,4,district,nashik district,163388722
maharashtra,2023,4,district,chhatrapati sambhaji nagar district,134069958
maharashtra,2023,4,district,nagpur district,120832982
maharashtra,2023,4,district,solapur district,113061877
maharashtra,2023,4,district,ahilyanagar district,110272085
maharashtra,2023,4,district,raigad district,69146385
maharashtra,2023,4,district,mumbai district,65901854
maharashtra,2024,1,district,pune district,728404034
maharashtra,2024,1,district,thane district,203508980
maharashtra,2024,1,district,nashik district,181184861
maharashtra,2024,1,district,mumbai suburban district,170619116
maharashtra,2024,1,district,chhatrapati sambhaji nagar district,152161055
maharashtra,2024,1,district,nagpur district,131197418
maharashtra,2024,1,district,solapur district,127014899
maharashtra,2024,1,district,ahilyanagar district,125895190
maharashtra,2024,1,district,raigad district,73410287
maharashtra,2024,1,district,mumbai district,69953367
maharashtra,2024,2,district,pune district,769538434
maharashtra,2024,2,district,thane district,219754044
maharashtra,2024,2,district,nashik district,194615011
maharashtra,2024,2,district,mumbai suburban district,183486261
maharashtra,2024,2,district,chhatrapati sambhaji nagar district,161927802
maharashtra,2024,2,district,nagpur district,140536965
maharashtra,2024,2,district,solapur district,137468307
maharashtra,2024,2,district,ahilyanagar district,137069732
maharashtra,2024,2,district,raigad district,80031820
maharashtra,2024,2,district,mumbai district,74471528
maharashtra,2024,3,district,pune district,838087562
maharashtra,2024,3,district,thane district,233352793
maharashtra,2024,3,district,nashik district,205538133
maharashtra,2024,3,district,mumbai suburban district,196308529
maharashtra,2024,3,district,chhatrapati sambhaji nagar district,175854694
maharashtra,2024,3,district,nagpur district,154306015
maharashtra,2024,3,district,solapur district,147919044
maharashtra,2024,3,district,ahilyanagar district,147354321
maharashtra,2024,3,district,raigad district,84130415
maharashtra,2024,3,district,mumbai district,80176013
maharashtra,2024,4,district,pune district,899715356
maharashtra,2024,4,district,thane district,260725962
maharashtra,2024,4,district,nashik district,228062864
maharashtra,2024,4,district,mumbai suburban district,216970043
maharashtra,2024,4,district,chhatrapati sambhaji nagar district,191667210
maharashtra,2024,4,district,nagpur district,171269614
maharashtra,2024,4,district,solapur district,164366776
maharashtra,2024,4,district,ahilyanagar district,160878363
maharashtra,2024,4,district,raigad district,95595831
maharashtra,2024,4,district,mumbai district,89536329
maharashtra,2025,1,district,pune district,973919811
maharashtra,2025,1,district,thane district,283884953
maharashtra,2025,1,district,nashik district,246676831
maharashtra,2025,1,district,mumbai suburban district,238373711
maharashtra,2025,1,district,chhatrapati sambhaji nagar district,202195789
maharashtra,2025,1,district,nagpur district,183049314
maharashtra,2025,1,district,solapur district,172562666
maharashtra,2025,1,district,ahilyanagar district,168061113
maharashtra,2025,1,district,raigad district,105350238
maharashtra,2025,1,district,mumbai district,97663697
maharashtra,2025,2,district,pune district,967178661
maharashtra,2025,2,district,thane district,277235054
maharashtra,2025,2,district,nashik district,260050324
maharashtra,2025,2,district,mumbai suburban district,229293127
maharashtra,2025,2,district,chhatrapati sambhaji nagar district,220067835
maharashtra,2025,2,district,nagpur district,185097999
maharashtra,2025,2,district,solapur district,184787727
maharashtra,2025,2,district,ahilyanagar district,174662029
maharashtra,2025,2,district,raigad district,103477611
maharashtra,2025,2,district,nanded district,100740110
maharashtra,2025,3,district,pune district,1063144981
maharashtra,2025,3,district,thane district,299850930
maharashtra,2025,3,district,nashik district,276348777
maharashtra,2025,3,district,mumbai suburban district,250184019
maharashtra,2025,3,district,chhatrapati sambhaji nagar district,235302846
maharashtra,2025,3,district,nagpur district,196970073
maharashtra,2025,3,district,solapur district,193639953
maharashtra,2025,3,district,ahilyanagar district,184739735
maharashtra,2025,3,district,raigad district,110995408
maharashtra,2025,3,district,jalgaon district,105092746
maharashtra,2025,4,district,pune district,1101376007
maharashtra,2025,4,district,thane district,321060256
maharashtra,2025,4,district,nashik district,294088764
maharashtra,2025,4,district,mumbai suburban district,265743011
maharashtra,2025,4,district,chhatrapati sambhaji nagar district,250529316
maharashtra,2025,4,district,solapur district,215461181
maharashtra,2025,4,district,nagpur district,211546751
maharashtra,2025,4,district,ahilyanagar district,201846060
maharashtra,2025,4,district,raigad district,121194063
maharashtra,2025,4,district,nanded district,113817512
maharashtra,2026,1,district,pune district,1150074364
maharashtra,2026,1,district,thane district,337525812
maharashtra,2026,1,district,nashik district,308700991
maharashtra,2026,1,district,mumbai suburban district,279927702
maharashtra,2026,1,district,chhatrapati sambhaji nagar district,261870295
maharashtra,2026,1,district,solapur district,221152066
maharashtra,2026,1,district,nagpur district,220363589
maharashtra,2026,1,district,ahilyanagar district,211296117
maharashtra,2026,1,district,raigad district,128547514
maharashtra,2026,1,district,jalgaon district,118674810
maharashtra,2026,2,district,pune district,1190115541
maharashtra,2026,2,district,thane district,346477174
maharashtra,2026,2,district,nashik district,326726159
maharashtra,2026,2,district,mumbai suburban district,281998060
maharashtra,2026,2,district,chhatrapati sambhaji nagar district,277774357
maharashtra,2026,2,district,solapur district,234327059
maharashtra,2026,2,district,nagpur district,229616391
maharashtra,2026,2,district,ahilyanagar district,222959472
maharashtra,2026,2,district,raigad district,132572113
maharashtra,2026,2,district,nanded district,131031097
manipur,2018,1,district,imphal west district,38783
manipur,2018,1,district,imphal east district,21157
manipur,2018,1,district,thoubal district,17090
manipur,2018,1,district,bishnupur district,8484
manipur,2018,1,district,churachandpur district,5387
manipur,2018,1,district,kakching district,2496
manipur,2018,1,district,kangpokpi district,2317
manipur,2018,1,district,jiribam district,1706
manipur,2018,1,district,ukhrul district,1666
manipur,2018,1,district,senapati district,1402
manipur,2018,2,district,imphal west district,55271
manipur,2018,2,district,thoubal district,40421
manipur,2018,2,district,imphal east district,40362
manipur,2018,2,district,bishnupur district,12675
manipur,2018,2,district,churachandpur district,9190
manipur,2018,2,district,kakching district,5608
manipur,2018,2,district,kangpokpi district,4763
manipur,2018,2,district,ukhrul district,3436
manipur,2018,2,district,jiribam district,3344
manipur,2018,2,district,senapati district,2143
manipur,2018,3,district,imphal west district,63242
manipur,2018,3,district,imphal east district,55304
manipur,2018,3,district,thoubal district,35286
manipur,2018,3,district,bishnupur district,16330
manipur,2018,3,district,churachandpur district,11040
manipur,2018,3,district,kangpokpi district,7325
manipur,2018,3,district,kakching district,6802
manipur,2018,3,district,jiribam district,4843
manipur,2018,3,district,ukhrul district,4330
manipur,2018,3,district,tengnoupal district,3532
manipur,2018,4,district,imphal west district,92989
manipur,2018,4,district,imphal east district,52163
manipur,2018,4,district,thoubal district,40200
manipur,2018,4,district,bishnupur district,22627
manipur,2018,4,district,churachandpur district,19131
manipur,2018,4,district,kakching district,10014
manipur,2018,4,district,kangpokpi district,8715
manipur,2018,4,district,jiribam district,6843
manipur,2018,4,district,senapati district,5683
manipur,2018,4,district,ukhrul district,5629
manipur,2019,1,district,imphal west district,107634
manipur,2019,1,district,imphal east district,61230
manipur,2019,1,district,thoubal district,40380
manipur,2019,1,district,bishnupur district,22856
manipur,2019,1,district,churachandpur district,22230
manipur,2019,1,district,kangpokpi district,10450
manipur,2019,1,district,kakching district,10408
manipur,2019,1,district,ukhrul district,7824
manipur,2019,1,district,jiribam district,7440
manipur,2019,1,district,noney district,6830
manipur,2019,2,district,imphal west district,126736
manipur,2019,2,district,imphal east district,62125
manipur,2019,2,district,thoubal district,42380
manipur,2019,2,district,bishnupur district,25029
manipur,2019,2,district,churachandpur district,24621
manipur,2019,2,district,kakching district,12835
manipur,2019,2,district,ukhrul district,12024
manipur,2019,2,district,kangpokpi district,11561
manipur,2019,2,district,senapati district,9601
manipur,2019,2,district,jiribam district,9399
manipur,2019,3,district,imphal west district,142278
manipur,2019,3,district,imphal east district,71444
manipur,2019,3,district,thoubal district,42181
manipur,2019,3,district,churachandpur district,30511
manipur,2019,3,district,bishnupur district,27282
manipur,2019,3,district,kakching district,14796
manipur,2019,3,district,kangpokpi district,13368
manipur,2019,3,district,ukhrul district,13213
manipur,2019,3,district,senapati district,11180
manipur,2019,3,district,chandel district,9728
manipur,2019,4,district,imphal west district,173908
manipur,2019,4,district,imphal east district,88186
manipur,2019,4,district,thoubal district,56618
manipur,2019,4,district,bishnupur district,37499
manipur,2019,4,district,churachandpur district,34116
manipur,2019,4,district,kakching district,18272
manipur,2019,4,district,kangpokpi district,16298
manipur,2019,4,district,senapati district,14712
manipur,2019,4,district,ukhrul district,14559
manipur,2019,4,district,chandel district,12269
manipur,2020,1,district,imphal west district,194431
manipur,2020,1,district,imphal east district,106442
manipur,2020,1,district,thoubal district,68624
manipur,2020,1,district,bishnupur district,47191
manipur,2020,1,district,churachandpur district,43181
manipur,2020,1,district,kakching district,22548
manipur,2020,1,district,kangpokpi district,20805
manipur,2020,1,district,senapati district,17451
manipur,2020,1,district,ukhrul district,15331
manipur,2020,1,district,noney district,14728
manipur,2020,2,district,imphal west district,247742
manipur,2020,2,district,imphal east district,140305
manipur,2020,2,district,thoubal district,113100
manipur,2020,2,district,bishnupur district,80096
manipur,2020,2,district,churachandpur district,64978
manipur,2020,2,district,kakching district,42482
manipur,2020,2,district,kangpokpi district,31325
manipur,2020,2,district,ukhrul district,27564
manipur,2020,2,district,senapati district,26834
manipur,2020,2,district,noney district,23917
manipur,2020,3,district,imphal west district,301870
manipur,2020,3,district,imphal east district,167059
manipur,2020,3,district,thoubal district,128644
manipur,2020,3,district,bishnupur district,94613
manipur,2020,3,district,churachandpur district,79478
manipur,2020,3,district,kakching district,46719
manipur,2020,3,district,kangpokpi district,37327
manipur,2020,3,district,senapati district,37042
manipur,2020,3,district,ukhrul district,32169
manipur,2020,3,district,chandel district,26294
manipur,2020,4,district,imphal west district,353878
manipur,2020,4,district,imphal east district,187157
manipur,2020,4,district,thoubal district,142417
manipur,2020,4,district,bishnupur district,104953
manipur,2020,4,district,churachandpur district,88816
manipur,2020,4,district,kakching district,50032
manipur,2020,4,district,senapati district,45486
manipur,2020,4,district,kangpokpi district,43225
manipur,2020,4,district,ukhrul district,36554
manipur,2020,4,district,chandel district,31877
manipur,2021,1,district,imphal west district,360958
manipur,2021,1,district,imphal east district,191175
manipur,2021,1,district,thoubal district,134693
manipur,2021,1,district,bishnupur district,91429
manipur,2021,1,district,churachandpur district,87089
manipur,2021,1,district,kakching district,47767
manipur,2021,1,district,kangpokpi district,44585
manipur,2021,1,district,senapati district,39669
manipur,2021,1,district,ukhrul district,29196
manipur,2021,1,district,chandel district,27380
manipur,2021,2,district,imphal west district,419165
manipur,2021,2,district,imphal east district,229171
manipur,2021,2,district,thoubal district,178911
manipur,2021,2,district,churachandpur district,116807
manipur,2021,2,district,bishnupur district,116398
manipur,2021,2,district,kakching district,64625
manipur,2021,2,district,kangpokpi district,61836
manipur,2021,2,district,senapati district,49979
manipur,2021,2,district,ukhrul district,39890
manipur,2021,2,district,chandel district,35317
manipur,2021,3,district,imphal west district,507011
manipur,2021,3,district,imphal east district,286139
manipur,2021,3,district,thoubal district,225707
manipur,2021,3,district,churachandpur district,159492
manipur,2021,3,district,bishnupur district,136215
manipur,2021,3,district,kakching district,77653
manipur,2021,3,district,kangpokpi district,70960
manipur,2021,3,district,senapati district,60104
manipur,2021,3,district,ukhrul district,48879
manipur,2021,3,district,chandel district,43548
manipur,2021,4,district,imphal west district,536969
manipur,2021,4,district,imphal east district,292235
manipur,2021,4,district,thoubal district,228049
manipur,2021,4,district,churachandpur district,152020
manipur,2021,4,district,bishnupur district,127314
manipur,2021,4,district,kangpokpi district,68062
manipur,2021,4,district,kakching district,67260
manipur,2021,4,district,senapati district,58223
manipur,2021,4,district,ukhrul district,47168
manipur,2021,4,district,chandel district,40807
manipur,2022,1,district,imphal west district,672068
manipur,2022,1,district,imphal east district,354935
manipur,2022,1,district,thoubal district,305609
manipur,2022,1,district,churachandpur district,186852
manipur,2022,1,district,bishnupur district,161686
manipur,2022,1,district,kangpokpi district,88081
manipur,2022,1,district,kakching district,79233
manipur,2022,1,district,senapati district,79125
manipur,2022,1,district,ukhrul district,61397
manipur,2022,1,district,tamenglong district,60332
manipur,2022,2,district,imphal west district,753227
manipur,2022,2,district,imphal east district,401507
manipur,2022,2,district,thoubal district,351519
manipur,2022,2,district,churachandpur district,190440
manipur,2022,2,district,bishnupur district,166992
manipur,2022,2,district,kangpokpi district,92410
manipur,2022,2,district,senapati district,86845
manipur,2022,2,district,kakching district,82492
manipur,2022,2,district,ukhrul district,65331
manipur,2022,2,district,noney district,54233
manipur,2022,3,district,imphal west district,933197
manipur,2022,3,district,imphal east district,492302
manipur,2022,3,district,thoubal district,445555
manipur,2022,3,district,churachandpur district,213681
manipur,2022,3,district,bishnupur district,186304
manipur,2022,3,district,senapati district,108320
manipur,2022,3,district,kangpokpi district,104378
manipur,2022,3,district,kakching district,101927
manipur,2022,3,district,ukhrul district,76616
manipur,2022,3,district,noney district,64627
manipur,2022,4,district,imphal west district,1002133
manipur,2022,4,district,imphal east district,539047
manipur,2022,4,district,thoubal district,470516
manipur,2022,4,district,churachandpur district,231147
manipur,2022,4,district,bishnupur district,199103
manipur,2022,4,district,senapati district,126723
manipur,2022,4,district,kangpokpi district,114727
manipur,2022,4,district,kakching district,100184
manipur,2022,4,district,ukhrul district,77185
manipur,2022,4,district,jiribam district,69363
manipur,2023,1,district,imphal west district,1081345
manipur,2023,1,district,imphal east district,576195
manipur,2023,1,district,thoubal district,491666
manipur,2023,1,district,churachandpur district,250605
manipur,2023,1,district,bishnupur district,218115
manipur,2023,1,district,senapati district,138357
manipur,2023,1,district,kangpokpi district,119863
manipur,2023,1,district,kakching district,102568
manipur,2023,1,district,ukhrul district,83770
manipur,2023,1,district,jiribam district,79375
manipur,2023,2,district,imphal west district,534199
manipur,2023,2,district,imphal east district,287675
manipur,2023,2,district,thoubal district,241949
manipur,2023,2,district,churachandpur district,121875
manipur,2023,2,district,bishnupur district,101326
manipur,2023,2,district,senapati district,71429
manipur,2023,2,district,kangpokpi district,55920
manipur,2023,2,district,jiribam district,55659
manipur,2023,2,district,kakching district,51674
manipur,2023,2,district,ukhrul district,40846
manipur,2023,3,district,imphal west district,324666
manipur,2023,3,district,imphal east district,173086
manipur,2023,3,district,thoubal district,101015
manipur,2023,3,district,jiribam district,49702
manipur,2023,3,district,bishnupur district,48947
manipur,2023,3,district,churachandpur district,48821
manipur,2023,3,district,senapati district,36108
manipur,2023,3,district,kangpokpi district,34865
manipur,2023,3,district,kakching district,25244
manipur,2023,3,district,ukhrul district,17039
manipur,2023,4,district,imphal west district,718682
manipur,2023,4,district,imphal east district,412570
manipur,2023,4,district,thoubal district,278085
manipur,2023,4,district,bishnupur district,152409
manipur,2023,4,district,churachandpur district,135577
manipur,2023,4,district,kangpokpi district,89105
manipur,2023,4,district,jiribam district,81368
manipur,2023,4,district,senapati district,81316
manipur,2023,4,district,kakching district,61733
manipur,2023,4,district,ukhrul district,47554
manipur,2024,1,district,imphal west district,1222552
manipur,2024,1,district,imphal east district,688920
manipur,2024,1,district,thoubal district,547698
manipur,2024,1,district,bishnupur district,294534
manipur,2024,1,district,churachandpur district,216114
manipur,2024,1,district,kangpokpi district,169877
manipur,2024,1,district,senapati district,146971
manipur,2024,1,district,jiribam district,133846
manipur,2024,1,district,kakching district,118147
manipur,2024,1,district,ukhrul district,101505
manipur,2024,2,district,imphal west district,1560727
manipur,2024,2,district,imphal east district,878994
manipur,2024,2,district,thoubal district,769629
manipur,2024,2,district,bishnupur district,426815
manipur,2024,2,district,churachandpur district,336494
manipur,2024,2,district,kangpokpi district,222892
manipur,2024,2,district,senapati district,183668
manipur,2024,2,district,jiribam district,179918
manipur,2024,2,district,kakching district,164394
manipur,2024,2,district,ukhrul district,136776
manipur,2024,3,district,imphal west district,1708226
manipur,2024,3,district,imphal east district,986423
manipur,2024,3,district,thoubal district,759958
manipur,2024,3,district,bishnupur district,482258
manipur,2024,3,district,churachandpur district,389573
manipur,2024,3,district,kangpokpi district,272319
manipur,2024,3,district,jiribam district,237456
manipur,2024,3,district,senapati district,204583
manipur,2024,3,district,kakching district,192390
manipur,2024,3,district,ukhrul district,151840
manipur,2024,4,district,imphal west district,1673458
manipur,2024,4,district,imphal east district,948068
manipur,2024,4,district,thoubal district,690708
manipur,2024,4,district,bishnupur district,517570
manipur,2024,4,district,churachandpur district,357056
manipur,2024,4,district,kangpokpi district,290030
manipur,2024,4,district,jiribam district,270363
manipur,2024,4,district,senapati district,238900
manipur,2024,4,district,kakching district,184295
manipur,2024,4,district,ukhrul district,161842
manipur,2025,1,district,imphal west district,2290697
manipur,2025,1,district,imphal east district,1321393
manipur,2025,1,district,thoubal district,890772
manipur,2025,1,district,bishnupur district,706475
manipur,2025,1,district,churachandpur district,462241
manipur,2025,1,district,kangpokpi district,417447
manipur,2025,1,district,jiribam district,417180
manipur,2025,1,district,senapati district,284583
manipur,2025,1,district,kakching district,226946
manipur,2025,1,district,ukhrul district,198598
manipur,2025,2,district,imphal west district,2506245
manipur,2025,2,district,imphal east district,1440379
manipur,2025,2,district,thoubal district,1026886
manipur,2025,2,district,bishnupur district,800723
manipur,2025,2,district,churachandpur district,547971
manipur,2025,2,district,jiribam district,486634
manipur,2025,2,district,kangpokpi district,468212
manipur,2025,2,district,senapati district,287287
manipur,2025,2,district,kakching district,241806
manipur,2025,2,district,ukhrul district,212346
manipur,2025,3,district,imphal west district,2957432
manipur,2025,3,district,imphal east district,1678175
manipur,2025,3,district,thoubal district,1163399
manipur,2025,3,district,bishnupur district,839501
manipur,2025,3,district,churachandpur district,639653
manipur,2025,3,district,jiribam district,524594
manipur,2025,3,district,kangpokpi district,511541
manipur,2025,3,district,senapati district,321961
manipur,2025,3,district,kakching district,289139
manipur,2025,3,district,ukhrul district,243850
manipur,2025,4,district,imphal west district,3012654
manipur,2025,4,district,imphal east district,1655565
manipur,2025,4,district,thoubal district,1140925
manipur,2025,4,district,bishnupur district,805418
manipur,2025,4,district,churachandpur district,677616
manipur,2025,4,district,jiribam district,516746
manipur,2025,4,district,kangpokpi district,502817
manipur,2025,4,district,senapati district,339240
manipur,2025,4,district,kakching district,281014
manipur,2025,4,district,ukhrul district,239827
manipur,2026,1,district,imphal west district,3147318
manipur,2026,1,district,imphal east district,1771567
manipur,2026,1,district,thoubal district,1125399
manipur,2026,1,district,bishnupur district,864156
manipur,2026,1,district,churachandpur district,738945
manipur,2026,1,district,jiribam district,518287
manipur,2026,1,district,kangpokpi district,517771
manipur,2026,1,district,senapati district,346476
manipur,2026,1,district,kakching district,284608
manipur,2026,1,district,ukhrul district,244559
manipur,2026,2,district,imphal west district,3117269
manipur,2026,2,district,imphal east district,1728134
manipur,2026,2,district,thoubal district,1132307
manipur,2026,2,district,bishnupur district,864524
manipur,2026,2,district,churachandpur district,853637
manipur,2026,2,district,jiribam district,558399
manipur,2026,2,district,kangpokpi district,529270
manipur,2026,2,district,senapati district,363888
manipur,2026,2,district,kakching district,304958
manipur,2026,2,district,ukhrul district,275269
meghalaya,2018,1,district,east khasi hills district,24410
meghalaya,2018,1,district,west garo hills district,8742
meghalaya,2018,1,district,ri bhoi district,7838
meghalaya,2018,1,district,east jaintia hills district,6386
meghalaya,2018,1,district,west jaintia hills district,3780
meghalaya,2018,1,district,south west garo hills district,1542
meghalaya,2018,1,district,north garo hills district,1199
meghalaya,2018,1,district,west khasi hills district,1179
meghalaya,2018,1,district,south garo hills district,981
meghalaya,2018,1,district,east garo hills district,967
meghalaya,2018,2,district,east khasi hills district,37978
meghalaya,2018,2,district,west garo hills district,11853
meghalaya,2018,2,district,ri bhoi district,10978
meghalaya,2018,2,district,east jaintia hills district,7442
meghalaya,2018,2,district,south west garo hills district,2913
meghalaya,2018,2,district,west jaintia hills district,2705
meghalaya,2018,2,district,north garo hills district,1783
meghalaya,2018,2,district,south garo hills district,1352
meghalaya,2018,2,district,east garo hills district,1089
meghalaya,2018,2,district,west khasi hills district,713
meghalaya,2018,3,district,east khasi hills district,56664
meghalaya,2018,3,district,west garo hills district,19540
meghalaya,2018,3,district,ri bhoi district,15411
meghalaya,2018,3,district,east jaintia hills district,13702
meghalaya,2018,3,district,west jaintia hills district,4204
meghalaya,2018,3,district,south west garo hills district,3906
meghalaya,2018,3,district,north garo hills district,2790
meghalaya,2018,3,district,south garo hills district,2691
meghalaya,2018,3,district,east garo hills district,1693
meghalaya,2018,3,district,south west khasi hills district,1448
meghalaya,2018,4,district,east khasi hills district,76820
meghalaya,2018,4,district,west garo hills district,28905
meghalaya,2018,4,district,east jaintia hills district,23346
meghalaya,2018,4,district,ri bhoi district,22314
meghalaya,2018,4,district,south west garo hills district,6266
meghalaya,2018,4,district,west jaintia hills district,5853
meghalaya,2018,4,district,north garo hills district,5389
meghalaya,2018,4,district,south garo hills district,3980
meghalaya,2018,4,district,east garo hills district,3554
meghalaya,2018,4,district,west khasi hills district,2376
meghalaya,2019,1,district,east khasi hills district,103168
meghalaya,2019,1,district,ri bhoi district,33907
meghalaya,2019,1,district,west garo hills district,32612
meghalaya,2019,1,district,east jaintia hills district,30261
meghalaya,2019,1,district,west jaintia hills district,7009
meghalaya,2019,1,district,south west garo hills district,6577
meghalaya,2019,1,district,north garo hills district,5074
meghalaya,2019,1,district,east garo hills district,4408
meghalaya,2019,1,district,south garo hills district,4020
meghalaya,2019,1,district,west khasi hills district,3831
meghalaya,2019,2,district,east khasi hills district,127094
meghalaya,2019,2,district,west garo hills district,41128
meghalaya,2019,2,district,ri bhoi district,40899
meghalaya,2019,2,district,east jaintia hills district,30475
meghalaya,2019,2,district,south west garo hills district,9357
meghalaya,2019,2,district,west jaintia hills district,7726
meghalaya,2019,2,district,north garo hills district,6073
meghalaya,2019,2,district,east garo hills district,5778
meghalaya,2019,2,district,south garo hills district,4785
meghalaya,2019,2,district,west khasi hills district,3587
meghalaya,2019,3,district,east khasi hills district,150495
meghalaya,2019,3,district,west garo hills district,47979
meghalaya,2019,3,district,ri bhoi district,45031
meghalaya,2019,3,district,east jaintia hills district,34153
meghalaya,2019,3,district,south west garo hills district,10345
meghalaya,2019,3,district,west jaintia hills district,10195
meghalaya,2019,3,district,north garo hills district,7480
meghalaya,2019,3,district,east garo hills district,6953
meghalaya,2019,3,district,south garo hills district,5753
meghalaya,2019,3,district,west khasi hills district,4220
meghalaya,2019,4,district,east khasi hills district,165258
meghalaya,2019,4,district,west garo hills district,54466
meghalaya,2019,4,district,ri bhoi district,53659
meghalaya,2019,4,district,east jaintia hills district,38020
meghalaya,2019,4,district,west jaintia hills district,13695
meghalaya,2019,4,district,south west garo hills district,11402
meghalaya,2019,4,district,north garo hills district,9754
meghalaya,2019,4,district,east garo hills district,9399
meghalaya,2019,4,district,south garo hills district,8228
meghalaya,2019,4,district,west khasi hills district,4116
meghalaya,2020,1,district,east khasi hills district,182039
meghalaya,2020,1,district,west garo hills district,69219
meghalaya,2020,1,district,ri bhoi district,63070
meghalaya,2020,1,district,east jaintia hills district,45519
meghalaya,2020,1,district,west jaintia hills district,18024
meghalaya,2020,1,district,south west garo hills district,15107
meghalaya,2020,1,district,south garo hills district,11954
meghalaya,2020,1,district,east garo hills district,11904
meghalaya,2020,1,district,north garo hills district,10698
meghalaya,2020,1,district,west khasi hills district,5811
meghalaya,2020,2,district,east khasi hills district,243216
meghalaya,2020,2,district,west garo hills district,111091
meghalaya,2020,2,district,ri bhoi district,69705
meghalaya,2020,2,district,east jaintia hills district,59047
meghalaya,2020,2,district,south west garo hills district,29674
meghalaya,2020,2,district,west jaintia hills district,28923
meghalaya,2020,2,district,east garo hills district,23036
meghalaya,2020,2,district,north garo hills district,21827
meghalaya,2020,2,district,south garo hills district,18093
meghalaya,2020,2,district,west khasi hills district,10318
meghalaya,2020,3,district,east khasi hills district,271765
meghalaya,2020,3,district,west garo hills district,128398
meghalaya,2020,3,district,ri bhoi district,77238
meghalaya,2020,3,district,east jaintia hills district,64165
meghalaya,2020,3,district,west jaintia hills district,32803
meghalaya,2020,3,district,south west garo hills district,28782
meghalaya,2020,3,district,east garo hills district,22609
meghalaya,2020,3,district,north garo hills district,21612
meghalaya,2020,3,district,south garo hills district,20512
meghalaya,2020,3,district,west khasi hills district,10311
meghalaya,2020,4,district,east khasi hills district,325391
meghalaya,2020,4,district,west garo hills district,157106
meghalaya,2020,4,district,ri bhoi district,101341
meghalaya,2020,4,district,east jaintia hills district,75691
meghalaya,2020,4,district,west jaintia hills district,35764
meghalaya,2020,4,district,south west garo hills district,34886
meghalaya,2020,4,district,north garo hills district,26694
meghalaya,2020,4,district,east garo hills district,25735
meghalaya,2020,4,district,south garo hills district,25550
meghalaya,2020,4,district,west khasi hills district,13457
meghalaya,2021,1,district,east khasi hills district,337893
meghalaya,2021,1,district,west garo hills district,157992
meghalaya,2021,1,district,ri bhoi district,129729
meghalaya,2021,1,district,east jaintia hills district,95636
meghalaya,2021,1,district,south west garo hills district,32767
meghalaya,2021,1,district,west jaintia hills district,31959
meghalaya,2021,1,district,north garo hills district,26952
meghalaya,2021,1,district,south garo hills district,26151
meghalaya,2021,1,district,east garo hills district,24445
meghalaya,2021,1,district,west khasi hills district,18312
meghalaya,2021,2,district,east khasi hills district,404783
meghalaya,2021,2,district,west garo hills district,215637
meghalaya,2021,2,district,ri bhoi district,153122
meghalaya,2021,2,district,east jaintia hills district,124084
meghalaya,2021,2,district,south west garo hills district,44924
meghalaya,2021,2,district,west jaintia hills district,43019
meghalaya,2021,2,district,north garo hills district,38051
meghalaya,2021,2,district,east garo hills district,34652
meghalaya,2021,2,district,south garo hills district,32530
meghalaya,2021,2,district,west khasi hills district,18114
meghalaya,2021,3,district,east khasi hills district,494585
meghalaya,2021,3,district,west garo hills district,262027
meghalaya,2021,3,district,ri bhoi district,183837
meghalaya,2021,3,district,east jaintia hills district,146047
meghalaya,2021,3,district,west jaintia hills district,53551
meghalaya,2021,3,district,south west garo hills district,52996
meghalaya,2021,3,district,north garo hills district,46238
meghalaya,2021,3,district,east garo hills district,42337
meghalaya,2021,3,district,south garo hills district,33981
meghalaya,2021,3,district,west khasi hills district,18319
meghalaya,2021,4,district,east khasi hills district,560127
meghalaya,2021,4,district,west garo hills district,278454
meghalaya,2021,4,district,ri bhoi district,247969
meghalaya,2021,4,district,east jaintia hills district,172539
meghalaya,2021,4,district,south west garo hills district,56750
meghalaya,2021,4,district,west jaintia hills district,53159
meghalaya,2021,4,district,north garo hills district,50665
meghalaya,2021,4,district,east garo hills district,46326
meghalaya,2021,4,district,south garo hills district,37514
meghalaya,2021,4,district,west khasi hills district,30894
meghalaya,2022,1,district,east khasi hills district,674456
meghalaya,2022,1,district,west garo hills district,373686
meghalaya,2022,1,district,ri bhoi district,341029
meghalaya,2022,1,district,east jaintia hills district,231523
meghalaya,2022,1,district,south west garo hills district,72465
meghalaya,2022,1,district,west jaintia hills district,65666
meghalaya,2022,1,district,south garo hills district,60800
meghalaya,2022,1,district,north garo hills district,60745
meghalaya,2022,1,district,east garo hills district,58552
meghalaya,2022,1,district,west khasi hills district,44241
meghalaya,2022,2,district,east khasi hills district,906637
meghalaya,2022,2,district,west garo hills district,468976
meghalaya,2022,2,district,ri bhoi district,453408
meghalaya,2022,2,district,east jaintia hills district,268780
meghalaya,2022,2,district,south west garo hills district,79516
meghalaya,2022,2,district,west jaintia hills district,77376
meghalaya,2022,2,district,north garo hills district,67194
meghalaya,2022,2,district,east garo hills district,63345
meghalaya,2022,2,district,south garo hills district,46445
meghalaya,2022,2,district,west khasi hills district,34972
meghalaya,2022,3,district,east khasi hills district,1161443
meghalaya,2022,3,district,west garo hills district,621240
meghalaya,2022,3,district,ri bhoi district,582252
meghalaya,2022,3,district,east jaintia hills district,359904
meghalaya,2022,3,district,south west garo hills district,102846
meghalaya,2022,3,district,west jaintia hills district,101049
meghalaya,2022,3,district,north garo hills district,86330
meghalaya,2022,3,district,east garo hills district,76754
meghalaya,2022,3,district,south garo hills district,59399
meghalaya,2022,3,district,west khasi hills district,38487
meghalaya,2022,4,district,east khasi hills district,1195452
meghalaya,2022,4,district,west garo hills district,751353
meghalaya,2022,4,district,ri bhoi district,647641
meghalaya,2022,4,district,east jaintia hills district,406435
meghalaya,2022,4,district,south west garo hills district,126541
meghalaya,2022,4,district,west jaintia hills district,114119
meghalaya,2022,4,district,north garo hills district,104632
meghalaya,2022,4,district,east garo hills district,97333
meghalaya,2022,4,district,south garo hills district,80970
meghalaya,2022,4,district,west khasi hills district,58525
meghalaya,2023,1,district,east khasi hills district,1274839
meghalaya,2023,1,district,west garo hills district,882899
meghalaya,2023,1,district,ri bhoi district,734324
meghalaya,2023,1,district,east jaintia hills district,531187
meghalaya,2023,1,district,south west garo hills district,155001
meghalaya,2023,1,district,west jaintia hills district,143645
meghalaya,2023,1,district,north garo hills district,110830
meghalaya,2023,1,district,east garo hills district,105864
meghalaya,2023,1,district,south garo hills district,104000
meghalaya,2023,1,district,west khasi hills district,74556
meghalaya,2023,2,district,east khasi hills district,1660403
meghalaya,2023,2,district,west garo hills district,1110803
meghalaya,2023,2,district,ri bhoi district,865335
meghalaya,2023,2,district,east jaintia hills district,625707
meghalaya,2023,2,district,south west garo hills district,193595
meghalaya,2023,2,district,west jaintia hills district,154694
meghalaya,2023,2,district,north garo hills district,128827
meghalaya,2023,2,district,east garo hills district,125337
meghalaya,2023,2,district,south garo hills district,115559
meghalaya,2023,2,district,west khasi hills district,64621
meghalaya,2023,3,district,east khasi hills district,1971085
meghalaya,2023,3,district,west garo hills district,1298171
meghalaya,2023,3,district,ri bhoi district,1018728
meghalaya,2023,3,district,east jaintia hills district,719643
meghalaya,2023,3,district,south west garo hills district,215228
meghalaya,2023,3,district,west jaintia hills district,167810
meghalaya,2023,3,district,north garo hills district,161323
meghalaya,2023,3,district,east garo hills district,150780
meghalaya,2023,3,district,south garo hills district,108369
meghalaya,2023,3,district,west khasi hills district,60316
meghalaya,2023,4,district,east khasi hills district,2153315
meghalaya,2023,4,district,west garo hills district,1753192
meghalaya,2023,4,district,ri bhoi district,1139838
meghalaya,2023,4,district,east jaintia hills district,880217
meghalaya,2023,4,district,south west garo hills district,289362
meghalaya,2023,4,district,north garo hills district,205159
meghalaya,2023,4,district,east garo hills district,197384
meghalaya,2023,4,district,west jaintia hills district,188318
meghalaya,2023,4,district,south garo hills district,156815
meghalaya,2023,4,district,west khasi hills district,83450
meghalaya,2024,1,district,west garo hills district,2254552
meghalaya,2024,1,district,east khasi hills district,2183235
meghalaya,2024,1,district,ri bhoi district,1268019
meghalaya,2024,1,district,east jaintia hills district,1049270
meghalaya,2024,1,district,south west garo hills district,360485
meghalaya,2024,1,district,north garo hills district,268430
meghalaya,2024,1,district,east garo hills district,246394
meghalaya,2024,1,district,south garo hills district,215559
meghalaya,2024,1,district,west jaintia hills district,203483
meghalaya,2024,1,district,west khasi hills district,119593
meghalaya,2024,2,district,west garo hills district,3251872
meghalaya,2024,2,district,east khasi hills district,3025890
meghalaya,2024,2,district,ri bhoi district,1502433
meghalaya,2024,2,district,east jaintia hills district,1123875
meghalaya,2024,2,district,south west garo hills district,513255
meghalaya,2024,2,district,north garo hills district,475856
meghalaya,2024,2,district,east garo hills district,385309
meghalaya,2024,2,district,south garo hills district,255070
meghalaya,2024,2,district,west jaintia hills district,225584
meghalaya,2024,2,district,west khasi hills district,127244
meghalaya,2024,3,district,east khasi hills district,3477814
meghalaya,2024,3,district,west garo hills district,3473708
meghalaya,2024,3,district,ri bhoi district,1684612
meghalaya,2024,3,district,east jaintia hills district,1283720
meghalaya,2024,3,district,south west garo hills district,544770
meghalaya,2024,3,district,north garo hills district,485536
meghalaya,2024,3,district,east garo hills district,412787
meghalaya,2024,3,district,south garo hills district,264697
meghalaya,2024,3,district,west jaintia hills district,239503
meghalaya,2024,3,district,west khasi hills district,124564
meghalaya,2024,4,district,west garo hills district,4231510
meghalaya,2024,4,district,east khasi hills district,3913909
meghalaya,2024,4,district,ri bhoi district,1838033
meghalaya,2024,4,district,east jaintia hills district,1426125
meghalaya,2024,4,district,south west garo hills district,653977
meghalaya,2024,4,district,north garo hills district,544935
meghalaya,2024,4,district,east garo hills district,487200
meghalaya,2024,4,district,south garo hills district,324410
meghalaya,2024,4,district,west jaintia hills district,281737
meghalaya,2024,4,district,west khasi hills district,160154
meghalaya,2025,1,district,west garo hills district,4760798
meghalaya,2025,1,district,east khasi hills district,4137174
meghalaya,2025,1,district,ri bhoi district,2056639
meghalaya,2025,1,district,east jaintia hills district,1458077
meghalaya,2025,1,district,south west garo hills district,804974
meghalaya,2025,1,district,north garo hills district,628346
meghalaya,2025,1,district,east garo hills district,555411
meghalaya,2025,1,district,south garo hills district,434753
meghalaya,2025,1,district,west jaintia hills district,322440
meghalaya,2025,1,district,west khasi hills district,232058
meghalaya,2025,2,district,west garo hills district,5697948
meghalaya,2025,2,district,east khasi hills district,4677348
meghalaya,2025,2,district,ri bhoi district,2098024
meghalaya,2025,2,district,east jaintia hills district,1398852
meghalaya,2025,2,district,south west garo hills district,961199
meghalaya,2025,2,district,north garo hills district,726125
meghalaya,2025,2,district,east garo hills district,623269
meghalaya,2025,2,district,south garo hills district,413938
meghalaya,2025,2,district,west jaintia hills district,316377
meghalaya,2025,2,district,west khasi hills district,207178
meghalaya,2025,3,district,west garo hills district,6302329
meghalaya,2025,3,district,east khasi hills district,5568767
meghalaya,2025,3,district,ri bhoi district,2469535
meghalaya,2025,3,district,east jaintia hills district,1618876
meghalaya,2025,3,district,south west garo hills district,1165755
meghalaya,2025,3,district,north garo hills district,813696
meghalaya,2025,3,district,east garo hills district,730757
meghalaya,2025,3,district,south garo hills district,448427
meghalaya,2025,3,district,west jaintia hills district,362363
meghalaya,2025,3,district,west khasi hills district,200927
meghalaya,2025,4,district,west garo hills district,6006338
meghalaya,2025,4,district,east khasi hills district,5624762
meghalaya,2025,4,district,ri bhoi district,2471626
meghalaya,2025,4,district,east jaintia hills district,1656369
meghalaya,2025,4,district,south west garo hills district,1046737
meghalaya,2025,4,district,north garo hills district,785991
meghalaya,2025,4,district,east garo hills district,722808
meghalaya,2025,4,district,west jaintia hills district,569659
meghalaya,2025,4,district,south garo hills district,493050
meghalaya,2025,4,district,west khasi hills district,253688
meghalaya,2026,1,district,east khasi hills district,5511988
meghalaya,2026,1,district,west garo hills district,5391030
meghalaya,2026,1,district,ri bhoi district,2591132
meghalaya,2026,1,district,east jaintia hills district,1837460
meghalaya,2026,1,district,west jaintia hills district,1597423
meghalaya,2026,1,district,south west garo hills district,851402
meghalaya,2026,1,district,north garo hills district,672092
meghalaya,2026,1,district,east garo hills district,559568
meghalaya,2026,1,district,south garo hills district,415895
meghalaya,2026,1,district,west khasi hills district,275186
meghalaya,2026,2,district,east khasi hills district,6655012
meghalaya,2026,2,district,west garo hills district,6421154
meghalaya,2026,2,district,ri bhoi district,2774685
meghalaya,2026,2,district,east jaintia hills district,1764638
meghalaya,2026,2,district,west jaintia hills district,1549797
meghalaya,2026,2,district,south west garo hills district,951488
meghalaya,2026,2,district,north garo hills district,770247
meghalaya,2026,2,district,east garo hills district,618280
meghalaya,2026,2,district,south garo hills district,429334
meghalaya,2026,2,district,west khasi hills district,241022
mizoram,2018,1,district,aizawl district,13569
mizoram,2018,1,district,lunglei district,2143
mizoram,2018,1,district,kolasib district,2013
mizoram,2018,1,district,mamit district,1418
mizoram,2018,1,district,serchhip district,920
mizoram,2018,1,district,lawngtlai district,894
mizoram,2018,1,district,siaha district,618
mizoram,2018,1,district,champhai district,335
mizoram,2018,1,district,khawzawl district,178
mizoram,2018,1,district,saitual district,59
mizoram,2018,2,district,aizawl district,18025
mizoram,2018,2,district,lunglei district,4141
mizoram,2018,2,district,kolasib district,2830
mizoram,2018,2,district,mamit district,2121
mizoram,2018,2,district,serchhip district,1561
mizoram,2018,2,district,siaha district,1025
mizoram,2018,2,district,lawngtlai district,780
mizoram,2018,2,district,champhai district,703
mizoram,2018,2,district,khawzawl district,241
mizoram,2018,2,district,saitual district,106
mizoram,2018,3,district,aizawl district,26628
mizoram,2018,3,district,lunglei district,5878
mizoram,2018,3,district,kolasib district,3451
mizoram,2018,3,district,mamit district,2661
mizoram,2018,3,district,serchhip district,2646
mizoram,2018,3,district,lawngtlai district,1565
mizoram,2018,3,district,siaha district,1275
mizoram,2018,3,district,champhai district,1041
mizoram,2018,3,district,saitual district,280
mizoram,2018,3,district,hnahthial district,130
mizoram,2018,4,district,aizawl district,36079
mizoram,2018,4,district,lunglei district,7843
mizoram,2018,4,district,kolasib district,6204
mizoram,2018,4,district,mamit district,5264
mizoram,2018,4,district,serchhip district,3570
mizoram,2018,4,district,lawngtlai district,3154
mizoram,2018,4,district,siaha district,1575
mizoram,2018,4,district,champhai district,1556
mizoram,2018,4,district,saitual district,418
mizoram,2018,4,district,khawzawl district,318
mizoram,2019,1,district,aizawl district,46388
mizoram,2019,1,district,lunglei district,10203
mizoram,2019,1,district,kolasib district,7496
mizoram,2019,1,district,mamit district,6758
mizoram,2019,1,district,lawngtlai district,4932
mizoram,2019,1,district,serchhip district,3854
mizoram,2019,1,district,siaha district,2648
mizoram,2019,1,district,champhai district,1700
mizoram,2019,1,district,saitual district,478
mizoram,2019,1,district,khawzawl district,414
mizoram,2019,2,district,aizawl district,54534
mizoram,2019,2,district,lunglei district,13124
mizoram,2019,2,district,kolasib district,7698
mizoram,2019,2,district,mamit district,7583
mizoram,2019,2,district,lawngtlai district,6991
mizoram,2019,2,district,serchhip district,4408
mizoram,2019,2,district,siaha district,2865
mizoram,2019,2,district,champhai district,2209
mizoram,2019,2,district,khawzawl district,651
mizoram,2019,2,district,hnahthial district,472
mizoram,2019,3,district,aizawl district,60226
mizoram,2019,3,district,lunglei district,15753
mizoram,2019,3,district,kolasib district,8420
mizoram,2019,3,district,mamit district,7857
mizoram,2019,3,district,lawngtlai district,7485
mizoram,2019,3,district,serchhip district,5555
mizoram,2019,3,district,siaha district,3470
mizoram,2019,3,district,champhai district,2946
mizoram,2019,3,district,saitual district,834
mizoram,2019,3,district,khawzawl district,824
mizoram,2019,4,district,aizawl district,75006
mizoram,2019,4,district,lunglei district,17825
mizoram,2019,4,district,kolasib district,11697
mizoram,2019,4,district,mamit district,10535
mizoram,2019,4,district,lawngtlai district,10136
mizoram,2019,4,district,serchhip district,7240
mizoram,2019,4,district,champhai district,4051
mizoram,2019,4,district,siaha district,3739
mizoram,2019,4,district,saitual district,1847
mizoram,2019,4,district,hnahthial district,1251
mizoram,2020,1,district,aizawl district,86724
mizoram,2020,1,district,lunglei district,22177
mizoram,2020,1,district,lawngtlai district,17144
mizoram,2020,1,district,mamit district,14366
mizoram,2020,1,district,kolasib district,14297
mizoram,2020,1,district,serchhip district,9109
mizoram,2020,1,district,champhai district,5133
mizoram,2020,1,district,siaha district,5033
mizoram,2020,1,district,saitual district,2103
mizoram,2020,1,district,hnahthial district,1987
mizoram,2020,2,district,aizawl district,101376
mizoram,2020,2,district,lunglei district,29684
mizoram,2020,2,district,lawngtlai district,26703
mizoram,2020,2,district,mamit district,17525
mizoram,2020,2,district,kolasib district,17207
mizoram,2020,2,district,serchhip district,12473
mizoram,2020,2,district,siaha district,7820
mizoram,2020,2,district,champhai district,6358
mizoram,2020,2,district,saitual district,3073
mizoram,2020,2,district,hnahthial district,2662
mizoram,2020,3,district,aizawl district,137736
mizoram,2020,3,district,lunglei district,34811
mizoram,2020,3,district,lawngtlai district,30994
mizoram,2020,3,district,mamit district,20518
mizoram,2020,3,district,kolasib district,19252
mizoram,2020,3,district,serchhip district,12768
mizoram,2020,3,district,champhai district,8496
mizoram,2020,3,district,siaha district,8272
mizoram,2020,3,district,saitual district,3774
mizoram,2020,3,district,khawzawl district,3080
mizoram,2020,4,district,aizawl district,170322
mizoram,2020,4,district,lunglei district,44886
mizoram,2020,4,district,lawngtlai district,37694
mizoram,2020,4,district,mamit district,24838
mizoram,2020,4,district,kolasib district,23696
mizoram,2020,4,district,serchhip district,17450
mizoram,2020,4,district,champhai district,10607
mizoram,2020,4,district,siaha district,9803
mizoram,2020,4,district,saitual district,5039
mizoram,2020,4,district,khawzawl district,4525
mizoram,2021,1,district,aizawl district,184025
mizoram,2021,1,district,lunglei district,50029
mizoram,2021,1,district,lawngtlai district,41732
mizoram,2021,1,district,kolasib district,29773
mizoram,2021,1,district,mamit district,25089
mizoram,2021,1,district,serchhip district,18015
mizoram,2021,1,district,champhai district,10736
mizoram,2021,1,district,siaha district,9909
mizoram,2021,1,district,saitual district,5253
mizoram,2021,1,district,khawzawl district,5140
mizoram,2021,2,district,aizawl district,222115
mizoram,2021,2,district,lunglei district,59351
mizoram,2021,2,district,lawngtlai district,54479
mizoram,2021,2,district,kolasib district,34018
mizoram,2021,2,district,mamit district,28869
mizoram,2021,2,district,serchhip district,23472
mizoram,2021,2,district,champhai district,13560
mizoram,2021,2,district,siaha district,13281
mizoram,2021,2,district,saitual district,8304
mizoram,2021,2,district,hnahthial district,6584
mizoram,2021,3,district,aizawl district,264049
mizoram,2021,3,district,lunglei district,72269
mizoram,2021,3,district,lawngtlai district,62611
mizoram,2021,3,district,kolasib district,41998
mizoram,2021,3,district,mamit district,32153
mizoram,2021,3,district,serchhip district,29361
mizoram,2021,3,district,champhai district,15548
mizoram,2021,3,district,siaha district,14924
mizoram,2021,3,district,saitual district,8482
mizoram,2021,3,district,khawzawl district,8158
mizoram,2021,4,district,aizawl district,268681
mizoram,2021,4,district,lunglei district,70332
mizoram,2021,4,district,lawngtlai district,58674
mizoram,2021,4,district,kolasib district,46521
mizoram,2021,4,district,mamit district,34351
mizoram,2021,4,district,serchhip district,27420
mizoram,2021,4,district,champhai district,16442
mizoram,2021,4,district,siaha district,13717
mizoram,2021,4,district,khawzawl district,11975
mizoram,2021,4,district,saitual district,9810
mizoram,2022,1,district,aizawl district,307926
mizoram,2022,1,district,lunglei district,85408
mizoram,2022,1,district,lawngtlai district,71992
mizoram,2022,1,district,kolasib district,56350
mizoram,2022,1,district,mamit district,42377
mizoram,2022,1,district,serchhip district,36362
mizoram,2022,1,district,champhai district,18645
mizoram,2022,1,district,siaha district,17781
mizoram,2022,1,district,khawzawl district,16081
mizoram,2022,1,district,saitual district,14292
mizoram,2022,2,district,aizawl district,337271
mizoram,2022,2,district,lunglei district,89606
mizoram,2022,2,district,lawngtlai district,78179
mizoram,2022,2,district,kolasib district,62067
mizoram,2022,2,district,mamit district,50000
mizoram,2022,2,district,serchhip district,34747
mizoram,2022,2,district,champhai district,21616
mizoram,2022,2,district,siaha district,20595
mizoram,2022,2,district,khawzawl district,17490
mizoram,2022,2,district,saitual district,14104
mizoram,2022,3,district,aizawl district,432577
mizoram,2022,3,district,lunglei district,105684
mizoram,2022,3,district,lawngtlai district,86385
mizoram,2022,3,district,kolasib district,68732
mizoram,2022,3,district,mamit district,53113
mizoram,2022,3,district,serchhip district,38695
mizoram,2022,3,district,siaha district,22481
mizoram,2022,3,district,champhai district,20946
mizoram,2022,3,district,khawzawl district,18592
mizoram,2022,3,district,saitual district,14560
mizoram,2022,4,district,aizawl district,483475
mizoram,2022,4,district,lunglei district,123328
mizoram,2022,4,district,lawngtlai district,100081
mizoram,2022,4,district,kolasib district,91309
mizoram,2022,4,district,mamit district,65860
mizoram,2022,4,district,serchhip district,42768
mizoram,2022,4,district,siaha district,28532
mizoram,2022,4,district,champhai district,26157
mizoram,2022,4,district,khawzawl district,24124
mizoram,2022,4,district,saitual district,19148
mizoram,2023,1,district,aizawl district,518316
mizoram,2023,1,district,lunglei district,125818
mizoram,2023,1,district,lawngtlai district,111578
mizoram,2023,1,district,kolasib district,108901
mizoram,2023,1,district,mamit district,72062
mizoram,2023,1,district,serchhip district,51978
mizoram,2023,1,district,siaha district,31188
mizoram,2023,1,district,champhai district,28309
mizoram,2023,1,district,khawzawl district,27027
mizoram,2023,1,district,saitual district,24789
mizoram,2023,2,district,aizawl district,608446
mizoram,2023,2,district,lunglei district,138118
mizoram,2023,2,district,lawngtlai district,130039
mizoram,2023,2,district,kolasib district,122742
mizoram,2023,2,district,mamit district,81282
mizoram,2023,2,district,serchhip district,65221
mizoram,2023,2,district,siaha district,39025
mizoram,2023,2,district,champhai district,31506
mizoram,2023,2,district,saitual district,26900
mizoram,2023,2,district,khawzawl district,26128
mizoram,2023,3,district,aizawl district,695311
mizoram,2023,3,district,kolasib district,137837
mizoram,2023,3,district,lunglei district,134731
mizoram,2023,3,district,lawngtlai district,121676
mizoram,2023,3,district,mamit district,82494
mizoram,2023,3,district,serchhip district,64377
mizoram,2023,3,district,siaha district,46001
mizoram,2023,3,district,saitual district,27534
mizoram,2023,3,district,champhai district,26318
mizoram,2023,3,district,khawzawl district,21419
mizoram,2023,4,district,aizawl district,792440
mizoram,2023,4,district,kolasib district,162397
mizoram,2023,4,district,lunglei district,157503
mizoram,2023,4,district,lawngtlai district,141918
mizoram,2023,4,district,mamit district,98779
mizoram,2023,4,district,serchhip district,65848
mizoram,2023,4,district,siaha district,50237
mizoram,2023,4,district,saitual district,32423
mizoram,2023,4,district,champhai district,31517
mizoram,2023,4,district,khawzawl district,25071
mizoram,2024,1,district,aizawl district,823455
mizoram,2024,1,district,kolasib district,189709
mizoram,2024,1,district,lunglei district,180230
mizoram,2024,1,district,lawngtlai district,157749
mizoram,2024,1,district,mamit district,105382
mizoram,2024,1,district,serchhip district,70163
mizoram,2024,1,district,siaha district,47214
mizoram,2024,1,district,saitual district,39113
mizoram,2024,1,district,champhai district,34791
mizoram,2024,1,district,khawzawl district,23959
mizoram,2024,2,district,aizawl district,1020828
mizoram,2024,2,district,lawngtlai district,236920
mizoram,2024,2,district,lunglei district,219098
mizoram,2024,2,district,kolasib district,217642
mizoram,2024,2,district,mamit district,113458
mizoram,2024,2,district,serchhip district,74117
mizoram,2024,2,district,siaha district,58528
mizoram,2024,2,district,saitual district,51769
mizoram,2024,2,district,champhai district,41527
mizoram,2024,2,district,hnahthial district,19523
mizoram,2024,3,district,aizawl district,1216488
mizoram,2024,3,district,lawngtlai district,257046
mizoram,2024,3,district,kolasib district,249841
mizoram,2024,3,district,lunglei district,236354
mizoram,2024,3,district,mamit district,116636
mizoram,2024,3,district,serchhip district,85737
mizoram,2024,3,district,siaha district,79899
mizoram,2024,3,district,saitual district,60050
mizoram,2024,3,district,champhai district,52502
mizoram,2024,3,district,hnahthial district,21727
mizoram,2024,4,district,aizawl district,1345535
mizoram,2024,4,district,kolasib district,281476
mizoram,2024,4,district,lawngtlai district,278720
mizoram,2024,4,district,lunglei district,264344
mizoram,2024,4,district,mamit district,153101
mizoram,2024,4,district,siaha district,106726
mizoram,2024,4,district,serchhip district,92716
mizoram,2024,4,district,saitual district,59197
mizoram,2024,4,district,champhai district,58830
mizoram,2024,4,district,hnahthial district,25874
mizoram,2025,1,district,aizawl district,1545475
mizoram,2025,1,district,kolasib district,351936
mizoram,2025,1,district,lawngtlai district,344557
mizoram,2025,1,district,lunglei district,324265
mizoram,2025,1,district,mamit district,201412
mizoram,2025,1,district,siaha district,146608
mizoram,2025,1,district,serchhip district,104856
mizoram,2025,1,district,champhai district,69859
mizoram,2025,1,district,saitual district,67915
mizoram,2025,1,district,hnahthial district,31814
mizoram,2025,2,district,aizawl district,1657634
mizoram,2025,2,district,lawngtlai district,377911
mizoram,2025,2,district,kolasib district,364496
mizoram,2025,2,district,lunglei district,327611
mizoram,2025,2,district,mamit district,204229
mizoram,2025,2,district,siaha district,166493
mizoram,2025,2,district,serchhip district,109155
mizoram,2025,2,district,champhai district,69901
mizoram,2025,2,district,saitual district,69289
mizoram,2025,2,district,hnahthial district,26903
mizoram,2025,3,district,aizawl district,1940237
mizoram,2025,3,district,lawngtlai district,431374
mizoram,2025,3,district,kolasib district,424328
mizoram,2025,3,district,lunglei district,391452
mizoram,2025,3,district,mamit district,238593
mizoram,2025,3,district,siaha district,206367
mizoram,2025,3,district,serchhip district,120389
mizoram,2025,3,district,champhai district,79498
mizoram,2025,3,district,saitual district,62857
mizoram,2025,3,district,khawzawl district,28981
mizoram,2025,4,district,aizawl district,2109914
mizoram,2025,4,district,kolasib district,415739
mizoram,2025,4,district,lawngtlai district,386649
mizoram,2025,4,district,lunglei district,379271
mizoram,2025,4,district,mamit district,272094
mizoram,2025,4,district,siaha district,195936
mizoram,2025,4,district,serchhip district,124199
mizoram,2025,4,district,champhai district,84119
mizoram,2025,4,district,saitual district,65989
mizoram,2025,4,district,khawzawl district,35304
mizoram,2026,1,district,aizawl district,2131692
mizoram,2026,1,district,kolasib district,439883
mizoram,2026,1,district,lunglei district,389783
mizoram,2026,1,district,lawngtlai district,380083
mizoram,2026,1,district,mamit district,253824
mizoram,2026,1,district,siaha district,189945
mizoram,2026,1,district,serchhip district,127735
mizoram,2026,1,district,champhai district,89545
mizoram,2026,1,district,saitual district,70241
mizoram,2026,1,district,khawzawl district,40056
mizoram,2026,2,district,aizawl district,2457520
mizoram,2026,2,district,kolasib district,487571
mizoram,2026,2,district,lunglei district,407700
mizoram,2026,2,district,lawngtlai district,398954
mizoram,2026,2,district,mamit district,265443
mizoram,2026,2,district,siaha district,210135
mizoram,2026,2,district,serchhip district,151482
mizoram,2026,2,district,champhai district,100662
mizoram,2026,2,district,saitual district,68262
mizoram,2026,2,district,hnahthial district,42012
nagaland,2018,1,district,dimapur district,16638
nagaland,2018,1,district,kohima district,10229
nagaland,2018,1,district,chumoukedima district,7165
nagaland,2018,1,district,mokokchung district,4444
nagaland,2018,1,district,mon district,2937
nagaland,2018,1,district,zunheboto district,2251
nagaland,2018,1,district,tuensang district,2106
nagaland,2018,1,district,wokha district,1892
nagaland,2018,1,district,phek district,1722
nagaland,2018,1,district,longleng district,883
nagaland,2018,2,district,dimapur district,28735
nagaland,2018,2,district,kohima district,17200
nagaland,2018,2,district,chumoukedima district,12636
nagaland,2018,2,district,mokokchung district,5321
nagaland,2018,2,district,mon district,4000
nagaland,2018,2,district,tuensang district,2834
nagaland,2018,2,district,wokha district,2789
nagaland,2018,2,district,zunheboto district,2510
nagaland,2018,2,district,phek district,2212
nagaland,2018,2,district,peren district,1531
nagaland,2018,3,district,dimapur district,39910
nagaland,2018,3,district,kohima district,23401
nagaland,2018,3,district,chumoukedima district,17567
nagaland,2018,3,district,mokokchung district,8660
nagaland,2018,3,district,mon district,6192
nagaland,2018,3,district,tuensang district,4651
nagaland,2018,3,district,zunheboto district,4186
nagaland,2018,3,district,wokha district,3160
nagaland,2018,3,district,phek district,2963
nagaland,2018,3,district,kiphire district,1953
nagaland,2018,4,district,dimapur district,60817
nagaland,2018,4,district,kohima district,32660
nagaland,2018,4,district,chumoukedima district,25613
nagaland,2018,4,district,mokokchung district,12852
nagaland,2018,4,district,mon district,11059
nagaland,2018,4,district,zunheboto district,6313
nagaland,2018,4,district,tuensang district,5031
nagaland,2018,4,district,wokha district,4624
nagaland,2018,4,district,phek district,3717
nagaland,2018,4,district,peren district,2937
nagaland,2019,1,district,dimapur district,70182
nagaland,2019,1,district,kohima district,40765
nagaland,2019,1,district,chumoukedima district,36869
nagaland,2019,1,district,mokokchung district,14733
nagaland,2019,1,district,mon district,13698
nagaland,2019,1,district,zunheboto district,7660
nagaland,2019,1,district,tuensang district,5901
nagaland,2019,1,district,phek district,5506
nagaland,2019,1,district,wokha district,5368
nagaland,2019,1,district,peren district,4037
nagaland,2019,2,district,dimapur district,90293
nagaland,2019,2,district,kohima district,51057
nagaland,2019,2,district,chumoukedima district,46617
nagaland,2019,2,district,mon district,17780
nagaland,2019,2,district,mokokchung district,17703
nagaland,2019,2,district,zunheboto district,8902
nagaland,2019,2,district,tuensang district,7136
nagaland,2019,2,district,wokha district,6732
nagaland,2019,2,district,phek district,6319
nagaland,2019,2,district,peren district,4566
nagaland,2019,3,district,dimapur district,103521
nagaland,2019,3,district,kohima district,59932
nagaland,2019,3,district,chumoukedima district,52180
nagaland,2019,3,district,mon district,23568
nagaland,2019,3,district,mokokchung district,20671
nagaland,2019,3,district,zunheboto district,10304
nagaland,2019,3,district,wokha district,9438
nagaland,2019,3,district,phek district,8747
nagaland,2019,3,district,tuensang district,8229
nagaland,2019,3,district,kiphire district,5640
nagaland,2019,4,district,dimapur district,126011
nagaland,2019,4,district,kohima district,70119
nagaland,2019,4,district,chumoukedima district,62825
nagaland,2019,4,district,mon district,31966
nagaland,2019,4,district,mokokchung district,24188
nagaland,2019,4,district,wokha district,12558
nagaland,2019,4,district,zunheboto district,12170
nagaland,2019,4,district,phek district,11188
nagaland,2019,4,district,tuensang district,9816
nagaland,2019,4,district,peren district,6668
nagaland,2020,1,district,dimapur district,148003
nagaland,2020,1,district,kohima district,80915
nagaland,2020,1,district,chumoukedima district,77064
nagaland,2020,1,district,mon district,38549
nagaland,2020,1,district,mokokchung district,26106
nagaland,2020,1,district,wokha district,14617
nagaland,2020,1,district,zunheboto district,14422
nagaland,2020,1,district,phek district,12811
nagaland,2020,1,district,tuensang district,11492
nagaland,2020,1,district,kiphire district,9804
nagaland,2020,2,district,dimapur district,184543
nagaland,2020,2,district,kohima district,108794
nagaland,2020,2,district,chumoukedima district,95207
nagaland,2020,2,district,mon district,55589
nagaland,2020,2,district,mokokchung district,37761
nagaland,2020,2,district,zunheboto district,20966
nagaland,2020,2,district,phek district,19962
nagaland,2020,2,district,wokha district,19709
nagaland,2020,2,district,tuensang district,17191
nagaland,2020,2,district,peren district,14779
nagaland,2020,3,district,dimapur district,238409
nagaland,2020,3,district,kohima district,129094
nagaland,2020,3,district,chumoukedima district,112812
nagaland,2020,3,district,mon district,69237
nagaland,2020,3,district,mokokchung district,49827
nagaland,2020,3,district,wokha district,31731
nagaland,2020,3,district,zunheboto district,25035
nagaland,2020,3,district,tuensang district,23793
nagaland,2020,3,district,phek district,23361
nagaland,2020,3,district,peren district,17607
nagaland,2020,4,district,dimapur district,292421
nagaland,2020,4,district,kohima district,141749
nagaland,2020,4,district,chumoukedima district,121180
nagaland,2020,4,district,mon district,63618
nagaland,2020,4,district,mokokchung district,53957
nagaland,2020,4,district,wokha district,34402
nagaland,2020,4,district,zunheboto district,25922
nagaland,2020,4,district,tuensang district,24857
nagaland,2020,4,district,phek district,24541
nagaland,2020,4,district,peren district,18309
nagaland,2021,1,district,dimapur district,305155
nagaland,2021,1,district,kohima district,148033
nagaland,2021,1,district,chumoukedima district,130355
nagaland,2021,1,district,mon district,64123
nagaland,2021,1,district,mokokchung district,54994
nagaland,2021,1,district,wokha district,33031
nagaland,2021,1,district,phek district,25284
nagaland,2021,1,district,zunheboto district,23951
nagaland,2021,1,district,tuensang district,23453
nagaland,2021,1,district,peren district,18046
nagaland,2021,2,district,dimapur district,376259
nagaland,2021,2,district,kohima district,184738
nagaland,2021,2,district,chumoukedima district,168750
nagaland,2021,2,district,mon district,82205
nagaland,2021,2,district,mokokchung district,70861
nagaland,2021,2,district,wokha district,43641
nagaland,2021,2,district,phek district,35582
nagaland,2021,2,district,zunheboto district,30604
nagaland,2021,2,district,tuensang district,26842
nagaland,2021,2,district,peren district,24136
nagaland,2021,3,district,dimapur district,471886
nagaland,2021,3,district,kohima district,222987
nagaland,2021,3,district,chumoukedima district,196534
nagaland,2021,3,district,mon district,91021
nagaland,2021,3,district,mokokchung district,79592
nagaland,2021,3,district,wokha district,48371
nagaland,2021,3,district,phek district,41495
nagaland,2021,3,district,zunheboto district,32428
nagaland,2021,3,district,tuensang district,30965
nagaland,2021,3,district,peren district,30406
nagaland,2021,4,district,dimapur district,503269
nagaland,2021,4,district,chumoukedima district,226405
nagaland,2021,4,district,kohima district,223726
nagaland,2021,4,district,mon district,84609
nagaland,2021,4,district,mokokchung district,75921
nagaland,2021,4,district,wokha district,46433
nagaland,2021,4,district,phek district,43721
nagaland,2021,4,district,zunheboto district,31719
nagaland,2021,4,district,tuensang district,30548
nagaland,2021,4,district,peren district,30093
nagaland,2022,1,district,dimapur district,647848
nagaland,2022,1,district,chumoukedima district,298398
nagaland,2022,1,district,kohima district,271324
nagaland,2022,1,district,mon district,103263
nagaland,2022,1,district,mokokchung district,87286
nagaland,2022,1,district,wokha district,57262
nagaland,2022,1,district,phek district,48684
nagaland,2022,1,district,zunheboto district,38537
nagaland,2022,1,district,tuensang district,38069
nagaland,2022,1,district,peren district,35016
nagaland,2022,2,district,dimapur district,770508
nagaland,2022,2,district,kohima district,333850
nagaland,2022,2,district,chumoukedima district,326624
nagaland,2022,2,district,mon district,111330
nagaland,2022,2,district,mokokchung district,101392
nagaland,2022,2,district,wokha district,64070
nagaland,2022,2,district,phek district,49285
nagaland,2022,2,district,zunheboto district,44078
nagaland,2022,2,district,tuensang district,42792
nagaland,2022,2,district,peren district,35474
nagaland,2022,3,district,dimapur district,959731
nagaland,2022,3,district,kohima district,421738
nagaland,2022,3,district,chumoukedima district,387445
nagaland,2022,3,district,mon district,129536
nagaland,2022,3,district,mokokchung district,120117
nagaland,2022,3,district,wokha district,76787
nagaland,2022,3,district,phek district,55422
nagaland,2022,3,district,tuensang district,51754
nagaland,2022,3,district,zunheboto district,46931
nagaland,2022,3,district,peren district,41986
nagaland,2022,4,district,dimapur district,1051961
nagaland,2022,4,district,kohima district,447143
nagaland,2022,4,district,chumoukedima district,427733
nagaland,2022,4,district,mon district,144177
nagaland,2022,4,district,mokokchung district,122924
nagaland,2022,4,district,wokha district,81960
nagaland,2022,4,district,phek district,54707
nagaland,2022,4,district,tuensang district,50626
nagaland,2022,4,district,zunheboto district,47213
nagaland,2022,4,district,peren district,41712
nagaland,2023,1,district,dimapur district,1096535
nagaland,2023,1,district,chumoukedima district,479593
nagaland,2023,1,district,kohima district,458334
nagaland,2023,1,district,mon district,175407
nagaland,2023,1,district,mokokchung district,144603
nagaland,2023,1,district,wokha district,92803
nagaland,2023,1,district,zunheboto district,64474
nagaland,2023,1,district,tuensang district,61895
nagaland,2023,1,district,phek district,60717
nagaland,2023,1,district,peren district,56506
nagaland,2023,2,district,dimapur district,1284453
nagaland,2023,2,district,chumoukedima district,566797
nagaland,2023,2,district,kohima district,517633
nagaland,2023,2,district,mon district,165523
nagaland,2023,2,district,mokokchung district,143459
nagaland,2023,2,district,wokha district,87515
nagaland,2023,2,district,tuensang district,55819
nagaland,2023,2,district,phek district,54573
nagaland,2023,2,district,peren district,51687
nagaland,2023,2,district,zunheboto district,47241
nagaland,2023,3,district,dimapur district,1511922
nagaland,2023,3,district,chumoukedima district,644042
nagaland,2023,3,district,kohima district,590715
nagaland,2023,3,district,mon district,195442
nagaland,2023,3,district,mokokchung district,174503
nagaland,2023,3,district,wokha district,97414
nagaland,2023,3,district,tuensang district,65890
nagaland,2023,3,district,phek district,59469
nagaland,2023,3,district,peren district,54650
nagaland,2023,3,district,zunheboto district,48614
nagaland,2023,4,district,dimapur district,1720368
nagaland,2023,4,district,chumoukedima district,717175
nagaland,2023,4,district,kohima district,606580
nagaland,2023,4,district,mon district,223800
nagaland,2023,4,district,mokokchung district,178526
nagaland,2023,4,district,wokha district,103772
nagaland,2023,4,district,tuensang district,73652
nagaland,2023,4,district,peren district,62867
nagaland,2023,4,district,phek district,61388
nagaland,2023,4,district,zunheboto district,57316
nagaland,2024,1,district,dimapur district,1912278
nagaland,2024,1,district,chumoukedima district,837811
nagaland,2024,1,district,kohima district,655098
nagaland,2024,1,district,mon district,257608
nagaland,2024,1,district,mokokchung district,195777
nagaland,2024,1,district,wokha district,115265
nagaland,2024,1,district,tuensang district,75396
nagaland,2024,1,district,peren district,70311
nagaland,2024,1,district,phek district,67396
nagaland,2024,1,district,zunheboto district,63616
nagaland,2024,2,district,dimapur district,2467468
nagaland,2024,2,district,chumoukedima district,1092191
nagaland,2024,2,district,kohima district,840360
nagaland,2024,2,district,mokokchung district,400983
nagaland,2024,2,district,mon district,301171
nagaland,2024,2,district,wokha district,206237
nagaland,2024,2,district,tuensang district,125184
nagaland,2024,2,district,zunheboto district,90942
nagaland,2024,2,district,peren district,87677
nagaland,2024,2,district,phek district,85819
nagaland,2024,3,district,dimapur district,2984682
nagaland,2024,3,district,chumoukedima district,1333806
nagaland,2024,3,district,kohima district,1061820
nagaland,2024,3,district,mokokchung district,449287
nagaland,2024,3,district,mon district,361275
nagaland,2024,3,district,wokha district,218952
nagaland,2024,3,district,tuensang district,169161
nagaland,2024,3,district,peren district,108959
nagaland,2024,3,district,zunheboto district,108049
nagaland,2024,3,district,phek district,93845
nagaland,2024,4,district,dimapur district,3310031
nagaland,2024,4,district,chumoukedima district,1515195
nagaland,2024,4,district,kohima district,1185070
nagaland,2024,4,district,mokokchung district,474947
nagaland,2024,4,district,mon district,408925
nagaland,2024,4,district,wokha district,237381
nagaland,2024,4,district,tuensang district,185746
nagaland,2024,4,district,peren district,124138
nagaland,2024,4,district,zunheboto district,124042
nagaland,2024,4,district,phek district,108729
nagaland,2025,1,district,dimapur district,3397456
nagaland,2025,1,district,chumoukedima district,1667987
nagaland,2025,1,district,kohima district,1210500
nagaland,2025,1,district,mokokchung district,540230
nagaland,2025,1,district,mon district,446577
nagaland,2025,1,district,wokha district,264778
nagaland,2025,1,district,tuensang district,187994
nagaland,2025,1,district,peren district,140191
nagaland,2025,1,district,zunheboto district,133318
nagaland,2025,1,district,phek district,118821
nagaland,2025,2,district,dimapur district,3791597
nagaland,2025,2,district,chumoukedima district,1891575
nagaland,2025,2,district,kohima district,1417952
nagaland,2025,2,district,mokokchung district,610705
nagaland,2025,2,district,mon district,475473
nagaland,2025,2,district,wokha district,305808
nagaland,2025,2,district,tuensang district,220082
nagaland,2025,2,district,peren district,155157
nagaland,2025,2,district,zunheboto district,145174
nagaland,2025,2,district,phek district,123782
nagaland,2025,3,district,dimapur district,4428771
nagaland,2025,3,district,chumoukedima district,2168620
nagaland,2025,3,district,kohima district,1736665
nagaland,2025,3,district,mokokchung district,729857
nagaland,2025,3,district,mon district,587821
nagaland,2025,3,district,wokha district,341806
nagaland,2025,3,district,tuensang district,283644
nagaland,2025,3,district,peren district,195513
nagaland,2025,3,district,zunheboto district,175567
nagaland,2025,3,district,phek district,147710
nagaland,2025,4,district,dimapur district,4500830
nagaland,2025,4,district,chumoukedima district,2172521
nagaland,2025,4,district,kohima district,1701509
nagaland,2025,4,district,mon district,642039
nagaland,2025,4,district,mokokchung district,636723
nagaland,2025,4,district,wokha district,332254
nagaland,2025,4,district,tuensang district,271380
nagaland,2025,4,district,peren district,206140
nagaland,2025,4,district,zunheboto district,165185
nagaland,2025,4,district,phek district,144386
nagaland,2026,1,district,dimapur district,4477073
nagaland,2026,1,district,chumoukedima district,2218803
nagaland,2026,1,district,kohima district,1592464
nagaland,2026,1,district,mon district,649656
nagaland,2026,1,district,mokokchung district,565313
nagaland,2026,1,district,wokha district,315694
nagaland,2026,1,district,tuensang district,265010
nagaland,2026,1,district,peren district,219623
nagaland,2026,1,district,zunheboto district,155867
nagaland,2026,1,district,phek district,146417
nagaland,2026,2,district,dimapur district,4967829
nagaland,2026,2,district,chumoukedima district,2459057
nagaland,2026,2,district,kohima district,1834641
nagaland,2026,2,district,mon district,770026
nagaland,2026,2,district,mokokchung district,618890
nagaland,2026,2,district,wokha district,344212
nagaland,2026,2,district,tuensang district,308411
nagaland,2026,2,district,peren district,234914
nagaland,2026,2,district,zunheboto district,184103
nagaland,2026,2,district,phek district,170492
odisha,2018,1,district,khordha district,1178452
odisha,2018,1,district,cuttack district,577413
odisha,2018,1,district,balasore district,568214
odisha,2018,1,district,ganjam district,499764
odisha,2018,1,district,jajpur district,455174
odisha,2018,1,district,bhadrak district,338956
odisha,2018,1,district,kendujhar district,328814
odisha,2018,1,district,puri district,328131
odisha,2018,1,district,jagatsinghpur district,270938
odisha,2018,1,district,mayurbhanj district,261879
odisha,2018,2,district,khordha district,1524462
odisha,2018,2,district,balasore district,829601
odisha,2018,2,district,cuttack district,807234
odisha,2018,2,district,ganjam district,625339
odisha,2018,2,district,jajpur district,616808
odisha,2018,2,district,bhadrak district,468646
odisha,2018,2,district,puri district,446870
odisha,2018,2,district,kendujhar district,431112
odisha,2018,2,district,jagatsinghpur district,392998
odisha,2018,2,district,mayurbhanj district,373688
odisha,2018,3,district,khordha district,5876048
odisha,2018,3,district,balasore district,4215249
odisha,2018,3,district,cuttack district,3341521
odisha,2018,3,district,jajpur district,2215740
odisha,2018,3,district,ganjam district,1870328
odisha,2018,3,district,dhenkanal district,1740572
odisha,2018,3,district,puri district,1557103
odisha,2018,3,district,bhadrak district,1555347
odisha,2018,3,district,kendujhar district,1441698
odisha,2018,3,district,nayagarh district,1300594
odisha,2018,4,district,khordha district,4417191
odisha,2018,4,district,balasore district,2151550
odisha,2018,4,district,cuttack district,2012026
odisha,2018,4,district,ganjam district,1634865
odisha,2018,4,district,jajpur district,1447245
odisha,2018,4,district,bhadrak district,1127408
odisha,2018,4,district,puri district,1109209
odisha,2018,4,district,kendujhar district,920968
odisha,2018,4,district,dhenkanal district,828368
odisha,2018,4,district,jagatsinghpur district,785221
odisha,2019,1,district,khordha district,7999556
odisha,2019,1,district,cuttack district,3218253
odisha,2019,1,district,ganjam district,2719334
odisha,2019,1,district,balasore district,2497279
odisha,2019,1,district,jajpur district,2493765
odisha,2019,1,district,puri district,1523829
odisha,2019,1,district,bhadrak district,1476769
odisha,2019,1,district,kendujhar district,1375318
odisha,2019,1,district,dhenkanal district,1355046
odisha,2019,1,district,angul district,1256387
odisha,2019,2,district,khordha district,7382688
odisha,2019,2,district,cuttack district,2638638
odisha,2019,2,district,ganjam district,2224330
odisha,2019,2,district,balasore district,1811331
odisha,2019,2,district,jajpur district,1656423
odisha,2019,2,district,kendujhar district,1151111
odisha,2019,2,district,bhadrak district,1132710
odisha,2019,2,district,sundargarh district,1108106
odisha,2019,2,district,puri district,1107744
odisha,2019,2,district,angul district,950918
odisha,2019,3,district,khordha district,11642047
odisha,2019,3,district,cuttack district,4339643
odisha,2019,3,district,balasore district,2425216
odisha,2019,3,district,jajpur district,2362704
odisha,2019,3,district,ganjam district,2157668
odisha,2019,3,district,puri district,1891773
odisha,2019,3,district,kendujhar district,1608168
odisha,2019,3,district,sundargarh district,1401461
odisha,2019,3,district,bhadrak district,1354530
odisha,2019,3,district,angul district,1181605
odisha,2019,4,district,khordha district,16848366
odisha,2019,4,district,cuttack district,6636765
odisha,2019,4,district,balasore district,5356560
odisha,2019,4,district,jajpur district,3738457
odisha,2019,4,district,ganjam district,3509012
odisha,2019,4,district,puri district,2829200
odisha,2019,4,district,kendujhar district,2767916
odisha,2019,4,district,bhadrak district,2595742
odisha,2019,4,district,dhenkanal district,2095008
odisha,2019,4,district,sundargarh district,1950428
odisha,2020,1,district,khordha district,15101600
odisha,2020,1,district,cuttack district,5133777
odisha,2020,1,district,ganjam district,3404029
odisha,2020,1,district,balasore district,3036064
odisha,2020,1,district,jajpur district,2906468
odisha,2020,1,district,puri district,2219908
odisha,2020,1,district,sundargarh district,2107331
odisha,2020,1,district,bhadrak district,1878823
odisha,2020,1,district,kendujhar district,1830651
odisha,2020,1,district,angul district,1517800
odisha,2020,2,district,khordha district,9488860
odisha,2020,2,district,cuttack district,4750992
odisha,2020,2,district,ganjam district,3605190
odisha,2020,2,district,jajpur district,2936479
odisha,2020,2,district,balasore district,2683563
odisha,2020,2,district,puri district,2263375
odisha,2020,2,district,sundargarh district,2087718
odisha,2020,2,district,kendujhar district,2024800
odisha,2020,2,district,bhadrak district,1983865
odisha,2020,2,district,angul district,1667741
odisha,2020,3,district,khordha district,15337711
odisha,2020,3,district,cuttack district,6394513
odisha,2020,3,district,ganjam district,4917354
odisha,2020,3,district,jajpur district,3946434
odisha,2020,3,district,balasore district,3624682
odisha,2020,3,district,puri district,3056225
odisha,2020,3,district,sundargarh district,2773466
odisha,2020,3,district,kendujhar district,2644487
odisha,2020,3,district,bhadrak district,2593996
odisha,2020,3,district,angul district,2214467
odisha,2020,4,district,khordha district,22626656
odisha,2020,4,district,cuttack district,8879037
odisha,2020,4,district,ganjam district,6811802
odisha,2020,4,district,jajpur district,5280471
odisha,2020,4,district,balasore district,4601988
odisha,2020,4,district,puri district,4153316
odisha,2020,4,district,sundargarh district,3902989
odisha,2020,4,district,kendujhar district,3459662
odisha,2020,4,district,bhadrak district,3317097
odisha,2020,4,district,angul district,3018828
odisha,2021,1,district,khordha district,29337548
odisha,2021,1,district,cuttack district,10741654
odisha,2021,1,district,ganjam district,7775215
odisha,2021,1,district,jajpur district,6237568
odisha,2021,1,district,balasore district,5318661
odisha,2021,1,district,puri district,4938639
odisha,2021,1,district,sundargarh district,4782524
odisha,2021,1,district,kendujhar district,4074740
odisha,2021,1,district,bhadrak district,3757934
odisha,2021,1,district,angul district,3562368
odisha,2021,2,district,khordha district,29195480
odisha,2021,2,district,cuttack district,12666338
odisha,2021,2,district,ganjam district,10558096
odisha,2021,2,district,jajpur district,7990416
odisha,2021,2,district,balasore district,6808408
odisha,2021,2,district,puri district,5973131
odisha,2021,2,district,sundargarh district,5703329
odisha,2021,2,district,kendujhar district,5412584
odisha,2021,2,district,bhadrak district,4976738
odisha,2021,2,district,angul district,4381494
odisha,2021,3,district,khordha district,41539488
odisha,2021,3,district,cuttack district,16810830
odisha,2021,3,district,ganjam district,13352692
odisha,2021,3,district,jajpur district,10138960
odisha,2021,3,district,balasore district,8896782
odisha,2021,3,district,puri district,7954034
odisha,2021,3,district,sundargarh district,7691042
odisha,2021,3,district,kendujhar district,6878112
odisha,2021,3,district,bhadrak district,6162912
odisha,2021,3,district,angul district,5823747
odisha,2021,4,district,khordha district,50601562
odisha,2021,4,district,cuttack district,19356537
odisha,2021,4,district,ganjam district,15022664
odisha,2021,4,district,jajpur district,11324502
odisha,2021,4,district,balasore district,9970847
odisha,2021,4,district,puri district,9432148
odisha,2021,4,district,sundargarh district,8913720
odisha,2021,4,district,kendujhar district,7797749
odisha,2021,4,district,bhadrak district,6997492
odisha,2021,4,district,angul district,6522495
odisha,2022,1,district,khordha district,61470800
odisha,2022,1,district,cuttack district,24035614
odisha,2022,1,district,ganjam district,18864877
odisha,2022,1,district,jajpur district,14501411
odisha,2022,1,district,balasore district,12668564
odisha,2022,1,district,puri district,11701824
odisha,2022,1,district,sundargarh district,11479323
odisha,2022,1,district,kendujhar district,10175879
odisha,2022,1,district,bhadrak district,9306735
odisha,2022,1,district,angul district,8430361
odisha,2022,2,district,khordha district,75697202
odisha,2022,2,district,cuttack district,28590688
odisha,2022,2,district,ganjam district,22787733
odisha,2022,2,district,jajpur district,17348025
odisha,2022,2,district,balasore district,15193532
odisha,2022,2,district,puri district,14058111
odisha,2022,2,district,sundargarh district,13665493
odisha,2022,2,district,kendujhar district,11856576
odisha,2022,2,district,bhadrak district,11013916
odisha,2022,2,district,angul district,9941183
odisha,2022,3,district,khordha district,90434824
odisha,2022,3,district,cuttack district,33526192
odisha,2022,3,district,ganjam district,25818284
odisha,2022,3,district,jajpur district,20321621
odisha,2022,3,district,balasore district,17686556
odisha,2022,3,district,sundargarh district,16353928
odisha,2022,3,district,puri district,16249280
odisha,2022,3,district,kendujhar district,14057763
odisha,2022,3,district,bhadrak district,12522800
odisha,2022,3,district,angul district,12244032
odisha,2022,4,district,khordha district,99609681
odisha,2022,4,district,cuttack district,37276626
odisha,2022,4,district,ganjam district,28751324
odisha,2022,4,district,jajpur district,22700473
odisha,2022,4,district,balasore district,19687838
odisha,2022,4,district,sundargarh district,18713038
odisha,2022,4,district,puri district,18355568
odisha,2022,4,district,kendujhar district,16006418
odisha,2022,4,district,bhadrak district,13909561
odisha,2022,4,district,angul district,13866969
odisha,2023,1,district,khordha district,109897833
odisha,2023,1,district,cuttack district,41408922
odisha,2023,1,district,ganjam district,32632511
odisha,2023,1,district,jajpur district,25587390
odisha,2023,1,district,balasore district,22200149
odisha,2023,1,district,sundargarh district,20876729
odisha,2023,1,district,puri district,20614011
odisha,2023,1,district,kendujhar district,18258144
odisha,2023,1,district,bhadrak district,16050072
odisha,2023,1,district,angul district,15699734
odisha,2023,2,district,khordha district,122395276
odisha,2023,2,district,cuttack district,46477245
odisha,2023,2,district,ganjam district,37367995
odisha,2023,2,district,jajpur district,29088874
odisha,2023,2,district,balasore district,25236227
odisha,2023,2,district,puri district,24058255
odisha,2023,2,district,sundargarh district,23353620
odisha,2023,2,district,kendujhar district,20445742
odisha,2023,2,district,bhadrak district,18037093
odisha,2023,2,district,angul district,17747019
odisha,2023,3,district,khordha district,143771464
odisha,2023,3,district,cuttack district,53303915
odisha,2023,3,district,ganjam district,40753704
odisha,2023,3,district,jajpur district,33060885
odisha,2023,3,district,balasore district,28249293
odisha,2023,3,district,sundargarh district,27038286
odisha,2023,3,district,puri district,26771807
odisha,2023,3,district,kendujhar district,23229559
odisha,2023,3,district,angul district,20875663
odisha,2023,3,district,bhadrak district,19752965
odisha,2023,4,district,khordha district,164565442
odisha,2023,4,district,cuttack district,62926898
odisha,2023,4,district,ganjam district,47840396
odisha,2023,4,district,jajpur district,39839746
odisha,2023,4,district,balasore district,33261464
odisha,2023,4,district,puri district,31873142
odisha,2023,4,district,sundargarh district,31213572
odisha,2023,4,district,kendujhar district,27710576
odisha,2023,4,district,angul district,25101588
odisha,2023,4,district,bhadrak district,23762913
odisha,2024,1,district,khordha district,183787931
odisha,2024,1,district,cuttack district,71956160
odisha,2024,1,district,ganjam district,57291862
odisha,2024,1,district,jajpur district,49103420
odisha,2024,1,district,balasore district,39129209
odisha,2024,1,district,puri district,37570005
odisha,2024,1,district,sundargarh district,35902047
odisha,2024,1,district,kendujhar district,32444871
odisha,2024,1,district,angul district,30723785
odisha,2024,1,district,bhadrak district,29310454
odisha,2024,2,district,khordha district,196744652
odisha,2024,2,district,cuttack district,78726132
odisha,2024,2,district,ganjam district,63501332
odisha,2024,2,district,jajpur district,53069633
odisha,2024,2,district,balasore district,43264891
odisha,2024,2,district,puri district,41532044
odisha,2024,2,district,sundargarh district,40539843
odisha,2024,2,district,kendujhar district,35754097
odisha,2024,2,district,angul district,33524717
odisha,2024,2,district,bhadrak district,32392246
odisha,2024,3,district,khordha district,218800952
odisha,2024,3,district,cuttack district,86251214
odisha,2024,3,district,ganjam district,67014499
odisha,2024,3,district,jajpur district,57694193
odisha,2024,3,district,balasore district,46940887
odisha,2024,3,district,puri district,45354322
odisha,2024,3,district,sundargarh district,43972346
odisha,2024,3,district,kendujhar district,38030336
odisha,2024,3,district,angul district,37326519
odisha,2024,3,district,bhadrak district,32882797
odisha,2024,4,district,khordha district,241060277
odisha,2024,4,district,cuttack district,96666419
odisha,2024,4,district,ganjam district,74341568
odisha,2024,4,district,jajpur district,63922957
odisha,2024,4,district,balasore district,52185023
odisha,2024,4,district,puri district,50044255
odisha,2024,4,district,sundargarh district,49870570
odisha,2024,4,district,kendujhar district,42606684
odisha,2024,4,district,angul district,41084778
odisha,2024,4,district,bhadrak district,37020018
odisha,2025,1,district,khordha district,245353161
odisha,2025,1,district,cuttack district,97246806
odisha,2025,1,district,ganjam district,77338269
odisha,2025,1,district,jajpur district,62704372
odisha,2025,1,district,balasore district,54267824
odisha,2025,1,district,puri district,52450487
odisha,2025,1,district,sundargarh district,51146160
odisha,2025,1,district,kendujhar district,43499096
odisha,2025,1,district,angul district,40091744
odisha,2025,1,district,bhadrak district,39233505
odisha,2025,2,district,khordha district,254417334
odisha,2025,2,district,cuttack district,105282660
odisha,2025,2,district,ganjam district,83577201
odisha,2025,2,district,jajpur district,70340214
odisha,2025,2,district,balasore district,58870307
odisha,2025,2,district,puri district,57903535
odisha,2025,2,district,sundargarh district,53082229
odisha,2025,2,district,kendujhar district,47243168
odisha,2025,2,district,bhadrak district,43461284
odisha,2025,2,district,angul district,43350406
odisha,2025,3,district,khordha district,276625057
odisha,2025,3,district,cuttack district,112067936
odisha,2025,3,district,ganjam district,84186474
odisha,2025,3,district,jajpur district,70854799
odisha,2025,3,district,balasore district,60544832
odisha,2025,3,district,puri district,59102304
odisha,2025,3,district,sundargarh district,57097726
odisha,2025,3,district,kendujhar district,47597815
odisha,2025,3,district,angul district,46737936
odisha,2025,3,district,bhadrak district,43030236
odisha,2025,4,district,khordha district,296871674
odisha,2025,4,district,cuttack district,119906435
odisha,2025,4,district,ganjam district,90310364
odisha,2025,4,district,jajpur district,76262149
odisha,2025,4,district,balasore district,65868961
odisha,2025,4,district,puri district,65424261
odisha,2025,4,district,sundargarh district,61168795
odisha,2025,4,district,kendujhar district,51058701
odisha,2025,4,district,angul district,48927998
odisha,2025,4,district,bhadrak district,47897604
odisha,2026,1,district,khordha district,302109179
odisha,2026,1,district,cuttack district,124949758
odisha,2026,1,district,ganjam district,96890250
odisha,2026,1,district,jajpur district,80245170
odisha,2026,1,district,puri district,70706039
odisha,2026,1,district,balasore district,69712096
odisha,2026,1,district,sundargarh district,62491841
odisha,2026,1,district,kendujhar district,53531555
odisha,2026,1,district,bhadrak district,51900041
odisha,2026,1,district,angul district,50527077
odisha,2026,2,district,khordha district,304619745
odisha,2026,2,district,cuttack district,129280852
odisha,2026,2,district,ganjam district,103810532
odisha,2026,2,district,jajpur district,82165322
odisha,2026,2,district,puri district,74152838
odisha,2026,2,district,balasore district,70787250
odisha,2026,2,district,sundargarh district,64723458
odisha,2026,2,district,kendujhar district,55567166
odisha,2026,2,district,bhadrak district,54814334
odisha,2026,2,district,angul district,51937142
puducherry,2018,1,district,puducherry district,89358
puducherry,2018,1,district,yanam district,7812
puducherry,2018,1,district,karaikal district,7199
puducherry,2018,1,district,mahe district,1843
puducherry,2018,2,district,puducherry district,106310
puducherry,2018,2,district,karaikal district,11315
puducherry,2018,2,district,yanam district,7591
puducherry,2018,2,district,mahe district,3105
puducherry,2018,3,district,puducherry district,149338
puducherry,2018,3,district,karaikal district,16732
puducherry,2018,3,district,yanam district,15588
puducherry,2018,3,district,mahe district,5211
puducherry,2018,4,district,puducherry district,267709
puducherry,2018,4,district,karaikal district,26217
puducherry,2018,4,district,yanam district,17972
puducherry,2018,4,district,mahe district,5438
puducherry,2019,1,district,puducherry district,423637
puducherry,2019,1,district,karaikal district,35700
puducherry,2019,1,district,yanam district,30415
puducherry,2019,1,district,mahe district,7977
puducherry,2019,2,district,puducherry district,496510
puducherry,2019,2,district,karaikal district,40102
puducherry,2019,2,district,yanam district,33552
puducherry,2019,2,district,mahe district,8917
puducherry,2019,3,district,puducherry district,652798
puducherry,2019,3,district,karaikal district,56244
puducherry,2019,3,district,yanam district,45253
puducherry,2019,3,district,mahe district,10736
puducherry,2019,4,district,puducherry district,938219
puducherry,2019,4,district,karaikal district,72570
puducherry,2019,4,district,yanam district,66915
puducherry,2019,4,district,mahe district,14622
puducherry,2020,1,district,puducherry district,1127177
puducherry,2020,1,district,karaikal district,88196
puducherry,2020,1,district,yanam district,86377
puducherry,2020,1,district,mahe district,17687
puducherry,2020,2,district,puducherry district,842864
puducherry,2020,2,district,yanam district,97509
puducherry,2020,2,district,karaikal district,79768
puducherry,2020,2,district,mahe district,20621
puducherry,2020,3,district,puducherry district,1268523
puducherry,2020,3,district,yanam district,138362
puducherry,2020,3,district,karaikal district,108785
puducherry,2020,3,district,mahe district,29921
puducherry,2020,4,district,puducherry district,2096621
puducherry,2020,4,district,yanam district,218806
puducherry,2020,4,district,karaikal district,170197
puducherry,2020,4,district,mahe district,48811
puducherry,2021,1,district,puducherry district,2609926
puducherry,2021,1,district,yanam district,243237
puducherry,2021,1,district,karaikal district,210704
puducherry,2021,1,district,mahe district,64354
puducherry,2021,2,district,puducherry district,2631790
puducherry,2021,2,district,yanam district,304062
puducherry,2021,2,district,karaikal district,229178
puducherry,2021,2,district,mahe district,71273
puducherry,2021,3,district,puducherry district,3755116
puducherry,2021,3,district,yanam district,409805
puducherry,2021,3,district,karaikal district,322916
puducherry,2021,3,district,mahe district,102467
puducherry,2021,4,district,puducherry district,4026657
puducherry,2021,4,district,yanam district,441833
puducherry,2021,4,district,karaikal district,345890
puducherry,2021,4,district,mahe district,118543
puducherry,2022,1,district,puducherry district,5163890
puducherry,2022,1,district,yanam district,569043
puducherry,2022,1,district,karaikal district,469412
puducherry,2022,1,district,mahe district,152242
puducherry,2022,2,district,puducherry district,6100600
puducherry,2022,2,district,yanam district,673218
puducherry,2022,2,district,karaikal district,546984
puducherry,2022,2,district,mahe district,169171
puducherry,2022,3,district,puducherry district,7203071
puducherry,2022,3,district,yanam district,761017
puducherry,2022,3,district,karaikal district,686161
puducherry,2022,3,district,mahe district,198148
puducherry,2022,4,district,puducherry district,7910147
puducherry,2022,4,district,yanam district,864372
puducherry,2022,4,district,karaikal district,743879
puducherry,2022,4,district,mahe district,229657
puducherry,2023,1,district,puducherry district,8210432
puducherry,2023,1,district,yanam district,962463
puducherry,2023,1,district,karaikal district,810755
puducherry,2023,1,district,mahe district,233839
puducherry,2023,2,district,puducherry district,8966613
puducherry,2023,2,district,yanam district,1081515
puducherry,2023,2,district,karaikal district,883545
puducherry,2023,2,district,mahe district,261965
puducherry,2023,3,district,puducherry district,9920691
puducherry,2023,3,district,yanam district,1243450
puducherry,2023,3,district,karaikal district,1010443
puducherry,2023,3,district,mahe district,290125
puducherry,2023,4,district,puducherry district,10322582
puducherry,2023,4,district,yanam district,1376558
puducherry,2023,4,district,karaikal district,1054284
puducherry,2023,4,district,mahe district,321228
puducherry,2024,1,district,puducherry district,10503751
puducherry,2024,1,district,yanam district,1607114
puducherry,2024,1,district,karaikal district,1100369
puducherry,2024,1,district,mahe district,308736
puducherry,2024,2,district,puducherry district,11350055
puducherry,2024,2,district,yanam district,1736175
puducherry,2024,2,district,karaikal district,1192485
puducherry,2024,2,district,mahe district,332152
puducherry,2024,3,district,puducherry district,12247183
puducherry,2024,3,district,yanam district,1843874
puducherry,2024,3,district,karaikal district,1366523
puducherry,2024,3,district,mahe district,363591
puducherry,2024,4,district,puducherry district,12550484
puducherry,2024,4,district,yanam district,2017876
puducherry,2024,4,district,karaikal district,1402920
puducherry,2024,4,district,mahe district,405535
puducherry,2025,1,district,puducherry district,13561879
puducherry,2025,1,district,yanam district,2077382
puducherry,2025,1,district,karaikal district,1548040
puducherry,2025,1,district,mahe district,425410
puducherry,2025,2,district,puducherry district,13392609
puducherry,2025,2,district,yanam district,2209120
puducherry,2025,2,district,karaikal district,1501841
puducherry,2025,2,district,mahe district,392445
puducherry,2025,3,district,puducherry district,14067709
puducherry,2025,3,district,yanam district,2295338
puducherry,2025,3,district,karaikal district,1614273
puducherry,2025,3,district,mahe district,424275
puducherry,2025,4,district,puducherry district,14367481
puducherry,2025,4,district,yanam district,2419332
puducherry,2025,4,district,karaikal district,1604949
puducherry,2025,4,district,mahe district,465331
puducherry,2026,1,district,puducherry district,14972481
puducherry,2026,1,district,yanam district,2612654
puducherry,2026,1,district,karaikal district,1739733
puducherry,2026,1,district,mahe district,466083
puducherry,2026,2,district,puducherry district,15606710
puducherry,2026,2,district,yanam district,2706255
puducherry,2026,2,district,karaikal district,1821128
puducherry,2026,2,district,mahe district,537816
punjab,2018,1,district,ludhiana district,476630
punjab,2018,1,district,sas nagar district,322272
punjab,2018,1,district,patiala district,148368
punjab,2018,1,district,jalandhar district,134556
punjab,2018,1,district,bathinda district,119139
punjab,2018,1,district,amritsar district,117689
punjab,2018,1,district,fazilka district,113371
punjab,2018,1,district,sangrur district,86484
punjab,2018,1,district,kapurthala district,76262
punjab,2018,1,district,ferozepur district,62835
punjab,2018,2,district,ludhiana district,636807
punjab,2018,2,district,sas nagar district,428459
punjab,2018,2,district,patiala district,213650
punjab,2018,2,district,jalandhar district,181116
punjab,2018,2,district,bathinda district,176545
punjab,2018,2,district,amritsar district,171943
punjab,2018,2,district,fazilka district,147256
punjab,2018,2,district,sangrur district,121571
punjab,2018,2,district,kapurthala district,88445
punjab,2018,2,district,ferozepur district,82864
punjab,2018,3,district,ludhiana district,866468
punjab,2018,3,district,sas nagar district,592587
punjab,2018,3,district,patiala district,264269
punjab,2018,3,district,jalandhar district,246331
punjab,2018,3,district,amritsar district,225303
punjab,2018,3,district,bathinda district,221726
punjab,2018,3,district,sangrur district,191885
punjab,2018,3,district,fazilka district,170806
punjab,2018,3,district,kapurthala district,116925
punjab,2018,3,district,ferozepur district,107523
punjab,2018,4,district,ludhiana district,1234570
punjab,2018,4,district,sas nagar district,838356
punjab,2018,4,district,patiala district,375571
punjab,2018,4,district,jalandhar district,354109
punjab,2018,4,district,amritsar district,349347
punjab,2018,4,district,bathinda district,299020
punjab,2018,4,district,sangrur district,254222
punjab,2018,4,district,fazilka district,228654
punjab,2018,4,district,kapurthala district,157978
punjab,2018,4,district,ferozepur district,154471
punjab,2019,1,district,ludhiana district,1797971
punjab,2019,1,district,sas nagar district,1321098
punjab,2019,1,district,patiala district,525348
punjab,2019,1,district,jalandhar district,507672
punjab,2019,1,district,amritsar district,480424
punjab,2019,1,district,bathinda district,395731
punjab,2019,1,district,kapurthala district,315651
punjab,2019,1,district,fazilka district,313511
punjab,2019,1,district,sangrur district,308587
punjab,2019,1,district,ferozepur district,199018
punjab,2019,2,district,ludhiana district,1879180
punjab,2019,2,district,sas nagar district,1596662
punjab,2019,2,district,jalandhar district,656444
punjab,2019,2,district,amritsar district,618595
punjab,2019,2,district,patiala district,600351
punjab,2019,2,district,bathinda district,447515
punjab,2019,2,district,kapurthala district,398925
punjab,2019,2,district,fazilka district,323954
punjab,2019,2,district,sangrur district,315291
punjab,2019,2,district,pathankot district,229726
punjab,2019,3,district,ludhiana district,2182182
punjab,2019,3,district,sas nagar district,2171491
punjab,2019,3,district,amritsar district,820408
punjab,2019,3,district,patiala district,807588
punjab,2019,3,district,jalandhar district,804838
punjab,2019,3,district,kapurthala district,659610
punjab,2019,3,district,bathinda district,524170
punjab,2019,3,district,fazilka district,360128
punjab,2019,3,district,sangrur district,328631
punjab,2019,3,district,pathankot district,265315
punjab,2019,4,district,sas nagar district,2684870
punjab,2019,4,district,ludhiana district,2650286
punjab,2019,4,district,patiala district,1001151
punjab,2019,4,district,amritsar district,1000236
punjab,2019,4,district,jalandhar district,986993
punjab,2019,4,district,kapurthala district,899120
punjab,2019,4,district,bathinda district,679878
punjab,2019,4,district,fazilka district,484441
punjab,2019,4,district,sangrur district,459276
punjab,2019,4,district,ferozepur district,357660
punjab,2020,1,district,sas nagar district,2977811
punjab,2020,1,district,ludhiana district,2951446
punjab,2020,1,district,amritsar district,1139550
punjab,2020,1,district,jalandhar district,1117158
punjab,2020,1,district,patiala district,1112655
punjab,2020,1,district,kapurthala district,956687
punjab,2020,1,district,bathinda district,760514
punjab,2020,1,district,fazilka district,569838
punjab,2020,1,district,sangrur district,461837
punjab,2020,1,district,ferozepur district,400982
punjab,2020,2,district,ludhiana district,2691539
punjab,2020,2,district,sas nagar district,1874647
punjab,2020,2,district,amritsar district,1108848
punjab,2020,2,district,patiala district,1108629
punjab,2020,2,district,jalandhar district,1016270
punjab,2020,2,district,bathinda district,761933
punjab,2020,2,district,fazilka district,661602
punjab,2020,2,district,hoshiarpur district,492694
punjab,2020,2,district,pathankot district,468398
punjab,2020,2,district,ferozepur district,446076
punjab,2020,3,district,ludhiana district,3590605
punjab,2020,3,district,sas nagar district,2883866
punjab,2020,3,district,patiala district,1400366
punjab,2020,3,district,amritsar district,1395844
punjab,2020,3,district,jalandhar district,1302214
punjab,2020,3,district,bathinda district,924969
punjab,2020,3,district,fazilka district,746574
punjab,2020,3,district,pathankot district,550814
punjab,2020,3,district,hoshiarpur district,543672
punjab,2020,3,district,ferozepur district,501177
punjab,2020,4,district,ludhiana district,4724280
punjab,2020,4,district,sas nagar district,4154203
punjab,2020,4,district,amritsar district,1848499
punjab,2020,4,district,patiala district,1822215
punjab,2020,4,district,jalandhar district,1677042
punjab,2020,4,district,bathinda district,1200997
punjab,2020,4,district,fazilka district,956689
punjab,2020,4,district,pathankot district,707800
punjab,2020,4,district,hoshiarpur district,669867
punjab,2020,4,district,ferozepur district,627321
punjab,2021,1,district,sas nagar district,5353400
punjab,2021,1,district,ludhiana district,5131473
punjab,2021,1,district,amritsar district,2200230
punjab,2021,1,district,patiala district,2048122
punjab,2021,1,district,jalandhar district,1972208
punjab,2021,1,district,bathinda district,1417489
punjab,2021,1,district,fazilka district,1105123
punjab,2021,1,district,hoshiarpur district,763177
punjab,2021,1,district,pathankot district,745651
punjab,2021,1,district,kapurthala district,707755
punjab,2021,2,district,ludhiana district,5989917
punjab,2021,2,district,sas nagar district,5684540
punjab,2021,2,district,amritsar district,2605542
punjab,2021,2,district,patiala district,2448208
punjab,2021,2,district,jalandhar district,2331077
punjab,2021,2,district,bathinda district,1708920
punjab,2021,2,district,fazilka district,1419404
punjab,2021,2,district,pathankot district,996162
punjab,2021,2,district,hoshiarpur district,985684
punjab,2021,2,district,gurdaspur district,941081
punjab,2021,3,district,ludhiana district,7913524
punjab,2021,3,district,sas nagar district,7322726
punjab,2021,3,district,amritsar district,3510086
punjab,2021,3,district,patiala district,3084146
punjab,2021,3,district,jalandhar district,2998626
punjab,2021,3,district,bathinda district,2191915
punjab,2021,3,district,fazilka district,1707261
punjab,2021,3,district,pathankot district,1257505
punjab,2021,3,district,hoshiarpur district,1226195
punjab,2021,3,district,ferozepur district,1136121
punjab,2021,4,district,ludhiana district,8273708
punjab,2021,4,district,sas nagar district,7860305
punjab,2021,4,district,amritsar district,3788653
punjab,2021,4,district,patiala district,3232272
punjab,2021,4,district,jalandhar district,3116508
punjab,2021,4,district,bathinda district,2367041
punjab,2021,4,district,fazilka district,1763856
punjab,2021,4,district,pathankot district,1378151
punjab,2021,4,district,kapurthala district,1335906
punjab,2021,4,district,hoshiarpur district,1309748
punjab,2022,1,district,ludhiana district,10212521
punjab,2022,1,district,sas nagar district,9841410
punjab,2022,1,district,amritsar district,4742999
punjab,2022,1,district,patiala district,3968767
punjab,2022,1,district,jalandhar district,3891405
punjab,2022,1,district,bathinda district,2877829
punjab,2022,1,district,fazilka district,2343591
punjab,2022,1,district,pathankot district,1759375
punjab,2022,1,district,kapurthala district,1678903
punjab,2022,1,district,hoshiarpur district,1672496
punjab,2022,2,district,ludhiana district,12809163
punjab,2022,2,district,sas nagar district,12519026
punjab,2022,2,district,amritsar district,5901159
punjab,2022,2,district,patiala district,4833566
punjab,2022,2,district,jalandhar district,4778576
punjab,2022,2,district,bathinda district,3580432
punjab,2022,2,district,fazilka district,2818094
punjab,2022,2,district,kapurthala district,2440554
punjab,2022,2,district,pathankot district,2231031
punjab,2022,2,district,hoshiarpur district,2055682
punjab,2022,3,district,ludhiana district,15896030
punjab,2022,3,district,sas nagar district,15394801
punjab,2022,3,district,amritsar district,7137283
punjab,2022,3,district,patiala district,5872857
punjab,2022,3,district,jalandhar district,5851153
punjab,2022,3,district,bathinda district,4197478
punjab,2022,3,district,kapurthala district,3955035
punjab,2022,3,district,fazilka district,3473777
punjab,2022,3,district,pathankot district,2600650
punjab,2022,3,district,hoshiarpur district,2453829
punjab,2022,4,district,ludhiana district,17834809
punjab,2022,4,district,sas nagar district,16784246
punjab,2022,4,district,amritsar district,8050308
punjab,2022,4,district,jalandhar district,6571658
punjab,2022,4,district,patiala district,6302688
punjab,2022,4,district,kapurthala district,4705081
punjab,2022,4,district,bathinda district,4458046
punjab,2022,4,district,fazilka district,3690479
punjab,2022,4,district,pathankot district,2923020
punjab,2022,4,district,hoshiarpur district,2764924
punjab,2023,1,district,ludhiana district,18377474
punjab,2023,1,district,sas nagar district,17629491
punjab,2023,1,district,amritsar district,8269053
punjab,2023,1,district,jalandhar district,6818625
punjab,2023,1,district,patiala district,6534583
punjab,2023,1,district,kapurthala district,4738105
punjab,2023,1,district,bathinda district,4582519
punjab,2023,1,district,fazilka district,3781859
punjab,2023,1,district,pathankot district,3001694
punjab,2023,1,district,hoshiarpur district,2946263
punjab,2023,2,district,ludhiana district,23378649
punjab,2023,2,district,sas nagar district,21810772
punjab,2023,2,district,amritsar district,9857961
punjab,2023,2,district,jalandhar district,8403603
punjab,2023,2,district,patiala district,7703716
punjab,2023,2,district,bathinda district,5375879
punjab,2023,2,district,kapurthala district,5245318
punjab,2023,2,district,fazilka district,4292511
punjab,2023,2,district,pathankot district,3799975
punjab,2023,2,district,gurdaspur district,3554025
punjab,2023,3,district,ludhiana district,26676773
punjab,2023,3,district,sas nagar district,24135678
punjab,2023,3,district,amritsar district,11028421
punjab,2023,3,district,jalandhar district,9533683
punjab,2023,3,district,patiala district,8620193
punjab,2023,3,district,kapurthala district,6082757
punjab,2023,3,district,bathinda district,6019152
punjab,2023,3,district,fazilka district,4703049
punjab,2023,3,district,pathankot district,4061687
punjab,2023,3,district,hoshiarpur district,3966673
punjab,2023,4,district,ludhiana district,29820515
punjab,2023,4,district,sas nagar district,24788122
punjab,2023,4,district,amritsar district,11746269
punjab,2023,4,district,jalandhar district,10258469
punjab,2023,4,district,patiala district,9026506
punjab,2023,4,district,kapurthala district,6888196
punjab,2023,4,district,bathinda district,6502745
punjab,2023,4,district,fazilka district,5136398
punjab,2023,4,district,pathankot district,4524961
punjab,2023,4,district,hoshiarpur district,4381352
punjab,2024,1,district,ludhiana district,28947818
punjab,2024,1,district,sas nagar district,25027315
punjab,2024,1,district,amritsar district,11693660
punjab,2024,1,district,jalandhar district,10296491
punjab,2024,1,district,patiala district,8892880
punjab,2024,1,district,kapurthala district,6754410
punjab,2024,1,district,bathinda district,6696921
punjab,2024,1,district,fazilka district,5394759
punjab,2024,1,district,pathankot district,4681072
punjab,2024,1,district,hoshiarpur district,4486437
punjab,2024,2,district,ludhiana district,35883251
punjab,2024,2,district,sas nagar district,30215170
punjab,2024,2,district,amritsar district,13969230
punjab,2024,2,district,jalandhar district,12536143
punjab,2024,2,district,patiala district,10956658
punjab,2024,2,district,bathinda district,7938112
punjab,2024,2,district,kapurthala district,7434371
punjab,2024,2,district,fazilka district,6182063
punjab,2024,2,district,pathankot district,5712099
punjab,2024,2,district,hoshiarpur district,5435734
punjab,2024,3,district,ludhiana district,40199099
punjab,2024,3,district,sas nagar district,33092457
punjab,2024,3,district,amritsar district,15191117
punjab,2024,3,district,jalandhar district,14000366
punjab,2024,3,district,patiala district,12069078
punjab,2024,3,district,bathinda district,8764502
punjab,2024,3,district,kapurthala district,7597291
punjab,2024,3,district,fazilka district,6367397
punjab,2024,3,district,hoshiarpur district,6008622
punjab,2024,3,district,pathankot district,5944044
punjab,2024,4,district,ludhiana district,42979064
punjab,2024,4,district,sas nagar district,33712635
punjab,2024,4,district,amritsar district,16402286
punjab,2024,4,district,jalandhar district,15086251
punjab,2024,4,district,patiala district,12765674
punjab,2024,4,district,bathinda district,9143078
punjab,2024,4,district,kapurthala district,8343065
punjab,2024,4,district,fazilka district,6697395
punjab,2024,4,district,hoshiarpur district,6615722
punjab,2024,4,district,pathankot district,6327407
punjab,2025,1,district,ludhiana district,44613407
punjab,2025,1,district,sas nagar district,37168984
punjab,2025,1,district,amritsar district,17987310
punjab,2025,1,district,jalandhar district,16361817
punjab,2025,1,district,patiala district,13704013
punjab,2025,1,district,bathinda district,9451007
punjab,2025,1,district,kapurthala district,8550575
punjab,2025,1,district,hoshiarpur district,7216048
punjab,2025,1,district,fazilka district,7150995
punjab,2025,1,district,gurdaspur district,6898933
punjab,2025,2,district,ludhiana district,47762124
punjab,2025,2,district,sas nagar district,36857062
punjab,2025,2,district,amritsar district,17684056
punjab,2025,2,district,jalandhar district,16585375
punjab,2025,2,district,patiala district,14157480
punjab,2025,2,district,bathinda district,9871047
punjab,2025,2,district,hoshiarpur district,7457514
punjab,2025,2,district,kapurthala district,7403519
punjab,2025,2,district,fazilka district,7191256
punjab,2025,2,district,gurdaspur district,7180378
punjab,2025,3,district,ludhiana district,53740546
punjab,2025,3,district,sas nagar district,40405406
punjab,2025,3,district,amritsar district,19051913
punjab,2025,3,district,jalandhar district,18065775
punjab,2025,3,district,patiala district,15297366
punjab,2025,3,district,bathinda district,10755403
punjab,2025,3,district,kapurthala district,8244188
punjab,2025,3,district,hoshiarpur district,7851559
punjab,2025,3,district,gurdaspur district,7497507
punjab,2025,3,district,fazilka district,7462095
punjab,2025,4,district,ludhiana district,55276617
punjab,2025,4,district,sas nagar district,40775780
punjab,2025,4,district,amritsar district,20334904
punjab,2025,4,district,jalandhar district,18771784
punjab,2025,4,district,patiala district,15904953
punjab,2025,4,district,bathinda district,11673066
punjab,2025,4,district,kapurthala district,10416223
punjab,2025,4,district,hoshiarpur district,8335202
punjab,2025,4,district,gurdaspur district,8157001
punjab,2025,4,district,fazilka district,7936443
punjab,2026,1,district,ludhiana district,55115184
punjab,2026,1,district,sas nagar district,42393256
punjab,2026,1,district,amritsar district,21060292
punjab,2026,1,district,jalandhar district,19252355
punjab,2026,1,district,patiala district,16330546
punjab,2026,1,district,bathinda district,11817428
punjab,2026,1,district,kapurthala district,10119263
punjab,2026,1,district,hoshiarpur district,8720387
punjab,2026,1,district,gurdaspur district,8595160
punjab,2026,1,district,fazilka district,8257095
punjab,2026,2,district,ludhiana district,60025670
punjab,2026,2,district,sas nagar district,46199012
punjab,2026,2,district,amritsar district,23249586
punjab,2026,2,district,jalandhar district,20981567
punjab,2026,2,district,patiala district,18047391
punjab,2026,2,district,bathinda district,13099461
punjab,2026,2,district,kapurthala district,10609846
punjab,2026,2,district,hoshiarpur district,9789677
punjab,2026,2,district,gurdaspur district,9751226
punjab,2026,2,district,fazilka district,8765617
rajasthan,2018,1,district,jaipur district,2740898
rajasthan,2018,1,district,sikar district,399134
rajasthan,2018,1,district,kota district,390870
rajasthan,2018,1,district,bhilwara district,378527
rajasthan,2018,1,district,jodhpur district,363327
rajasthan,2018,1,district,sri ganganagar district,297373
rajasthan,2018,1,district,alwar district,284916
rajasthan,2018,1,district,dausa district,277847
rajasthan,2018,1,district,udaipur district,264140
rajasthan,2018,1,district,jhunjhunu district,263556
rajasthan,2018,2,district,jaipur district,3507461
rajasthan,2018,2,district,sikar district,481891
rajasthan,2018,2,district,jodhpur district,478488
rajasthan,2018,2,district,kota district,468099
rajasthan,2018,2,district,bhilwara district,464724
rajasthan,2018,2,district,alwar district,393991
rajasthan,2018,2,district,sri ganganagar district,381772
rajasthan,2018,2,district,dausa district,348777
rajasthan,2018,2,district,jhunjhunu district,348532
rajasthan,2018,2,district,udaipur district,332845
rajasthan,2018,3,district,jaipur district,5372755
rajasthan,2018,3,district,kota district,654471
rajasthan,2018,3,district,bhilwara district,646418
rajasthan,2018,3,district,jodhpur district,600937
rajasthan,2018,3,district,alwar district,569878
rajasthan,2018,3,district,sikar district,564408
rajasthan,2018,3,district,dausa district,533305
rajasthan,2018,3,district,udaipur district,460092
rajasthan,2018,3,district,sri ganganagar district,447743
rajasthan,2018,3,district,jhunjhunu district,413579
rajasthan,2018,4,district,jaipur district,7928107
rajasthan,2018,4,district,kota district,937951
rajasthan,2018,4,district,bhilwara district,928130
rajasthan,2018,4,district,jodhpur district,913733
rajasthan,2018,4,district,sikar district,873336
rajasthan,2018,4,district,alwar district,866103
rajasthan,2018,4,district,dausa district,789392
rajasthan,2018,4,district,udaipur district,670954
rajasthan,2018,4,district,sri ganganagar district,663242
rajasthan,2018,4,district,kotputli behror district,620821
rajasthan,2019,1,district,jaipur district,17477572
rajasthan,2019,1,district,kota district,2082070
rajasthan,2019,1,district,bhilwara district,1947673
rajasthan,2019,1,district,dausa district,1702356
rajasthan,2019,1,district,jodhpur district,1672015
rajasthan,2019,1,district,sikar district,1618985
rajasthan,2019,1,district,alwar district,1585381
rajasthan,2019,1,district,kotputli behror district,1226400
rajasthan,2019,1,district,udaipur district,1162760
rajasthan,2019,1,district,tonk district,1136546
rajasthan,2019,2,district,jaipur district,18787801
rajasthan,2019,2,district,kota district,2077816
rajasthan,2019,2,district,jodhpur district,1882073
rajasthan,2019,2,district,bhilwara district,1808283
rajasthan,2019,2,district,sikar district,1688967
rajasthan,2019,2,district,alwar district,1649080
rajasthan,2019,2,district,dausa district,1539038
rajasthan,2019,2,district,udaipur district,1347942
rajasthan,2019,2,district,kotputli behror district,1256216
rajasthan,2019,2,district,ajmer district,1189098
rajasthan,2019,3,district,jaipur district,28128811
rajasthan,2019,3,district,kota district,2979540
rajasthan,2019,3,district,jodhpur district,2487813
rajasthan,2019,3,district,bhilwara district,2392120
rajasthan,2019,3,district,sikar district,2078284
rajasthan,2019,3,district,udaipur district,2014282
rajasthan,2019,3,district,alwar district,1988488
rajasthan,2019,3,district,dausa district,1823106
rajasthan,2019,3,district,kotputli behror district,1505437
rajasthan,2019,3,district,ajmer district,1486812
rajasthan,2019,4,district,jaipur district,33289321
rajasthan,2019,4,district,kota district,3513758
rajasthan,2019,4,district,jodhpur district,3256099
rajasthan,2019,4,district,bhilwara district,2978599
rajasthan,2019,4,district,sikar district,2842428
rajasthan,2019,4,district,udaipur district,2790586
rajasthan,2019,4,district,alwar district,2489693
rajasthan,2019,4,district,dausa district,2408270
rajasthan,2019,4,district,kotputli behror district,2035817
rajasthan,2019,4,district,ajmer district,2004118
rajasthan,2020,1,district,jaipur district,37092144
rajasthan,2020,1,district,kota district,4064375
rajasthan,2020,1,district,jodhpur district,4044340
rajasthan,2020,1,district,bhilwara district,3759788
rajasthan,2020,1,district,sikar district,3676528
rajasthan,2020,1,district,udaipur district,3291917
rajasthan,2020,1,district,alwar district,3004499
rajasthan,2020,1,district,dausa district,2967732
rajasthan,2020,1,district,ajmer district,2607048
rajasthan,2020,1,district,kotputli behror district,2550792
rajasthan,2020,2,district,jaipur district,26684648
rajasthan,2020,2,district,sikar district,4292028
rajasthan,2020,2,district,bhilwara district,3791805
rajasthan,2020,2,district,jodhpur district,3776733
rajasthan,2020,2,district,dausa district,3598013
rajasthan,2020,2,district,alwar district,3452794
rajasthan,2020,2,district,kota district,3156208
rajasthan,2020,2,district,kotputli behror district,2995906
rajasthan,2020,2,district,jhunjhunu district,2804372
rajasthan,2020,2,district,ajmer district,2527238
rajasthan,2020,3,district,jaipur district,46515427
rajasthan,2020,3,district,jodhpur district,5865555
rajasthan,2020,3,district,sikar district,5859500
rajasthan,2020,3,district,bhilwara district,5657351
rajasthan,2020,3,district,dausa district,4593937
rajasthan,2020,3,district,kota district,4583501
rajasthan,2020,3,district,alwar district,4391914
rajasthan,2020,3,district,udaipur district,4276959
rajasthan,2020,3,district,kotputli behror district,4169624
rajasthan,2020,3,district,ajmer district,3959071
rajasthan,2020,4,district,jaipur district,59211343
rajasthan,2020,4,district,jodhpur district,8050410
rajasthan,2020,4,district,sikar district,7780290
rajasthan,2020,4,district,bhilwara district,7563231
rajasthan,2020,4,district,kota district,6323529
rajasthan,2020,4,district,udaipur district,5947714
rajasthan,2020,4,district,ajmer district,5537528
rajasthan,2020,4,district,alwar district,5506639
rajasthan,2020,4,district,kotputli behror district,5027992
rajasthan,2020,4,district,dausa district,4698078
rajasthan,2021,1,district,jaipur district,78067785
rajasthan,2021,1,district,jodhpur district,11163050
rajasthan,2021,1,district,sikar district,10018658
rajasthan,2021,1,district,bhilwara district,9539810
rajasthan,2021,1,district,kota district,8831319
rajasthan,2021,1,district,udaipur district,8030914
rajasthan,2021,1,district,ajmer district,7409636
rajasthan,2021,1,district,alwar district,7045867
rajasthan,2021,1,district,dausa district,6657086
rajasthan,2021,1,district,kotputli behror district,6331645
rajasthan,2021,2,district,jaipur district,73936006
rajasthan,2021,2,district,jodhpur district,12495419
rajasthan,2021,2,district,sikar district,12183705
rajasthan,2021,2,district,bhilwara district,11219549
rajasthan,2021,2,district,kota district,9064808
rajasthan,2021,2,district,dausa district,8907950
rajasthan,2021,2,district,alwar district,8743412
rajasthan,2021,2,district,ajmer district,8410954
rajasthan,2021,2,district,jhunjhunu district,7980695
rajasthan,2021,2,district,kotputli behror district,7763034
rajasthan,2021,3,district,jaipur district,112855012
rajasthan,2021,3,district,jodhpur district,18806694
rajasthan,2021,3,district,sikar district,16463829
rajasthan,2021,3,district,bhilwara district,15959722
rajasthan,2021,3,district,kota district,13436742
rajasthan,2021,3,district,ajmer district,12859034
rajasthan,2021,3,district,udaipur district,11849684
rajasthan,2021,3,district,alwar district,11363251
rajasthan,2021,3,district,dausa district,11142193
rajasthan,2021,3,district,bikaner district,10872424
rajasthan,2021,4,district,jaipur district,115373755
rajasthan,2021,4,district,jodhpur district,19989040
rajasthan,2021,4,district,sikar district,17501444
rajasthan,2021,4,district,bhilwara district,17384503
rajasthan,2021,4,district,kota district,14750013
rajasthan,2021,4,district,ajmer district,13850388
rajasthan,2021,4,district,alwar district,12784851
rajasthan,2021,4,district,udaipur district,12314044
rajasthan,2021,4,district,dausa district,11992696
rajasthan,2021,4,district,bikaner district,11491145
rajasthan,2022,1,district,jaipur district,147119251
rajasthan,2022,1,district,jodhpur district,26652362
rajasthan,2022,1,district,bhilwara district,22897643
rajasthan,2022,1,district,sikar district,22323694
rajasthan,2022,1,district,kota district,19271839
rajasthan,2022,1,district,ajmer district,18588745
rajasthan,2022,1,district,alwar district,16896810
rajasthan,2022,1,district,udaipur district,15543218
rajasthan,2022,1,district,bikaner district,15384802
rajasthan,2022,1,district,dausa district,15303874
rajasthan,2022,2,district,jaipur district,172674289
rajasthan,2022,2,district,jodhpur district,30069964
rajasthan,2022,2,district,sikar district,26321996
rajasthan,2022,2,district,bhilwara district,25413020
rajasthan,2022,2,district,kota district,23333865
rajasthan,2022,2,district,ajmer district,21612622
rajasthan,2022,2,district,alwar district,19009738
rajasthan,2022,2,district,udaipur district,18418702
rajasthan,2022,2,district,bikaner district,18189613
rajasthan,2022,2,district,dausa district,16732439
rajasthan,2022,3,district,jaipur district,198817077
rajasthan,2022,3,district,jodhpur district,38295950
rajasthan,2022,3,district,bhilwara district,31183256
rajasthan,2022,3,district,sikar district,30681179
rajasthan,2022,3,district,kota district,28684385
rajasthan,2022,3,district,ajmer district,26085255
rajasthan,2022,3,district,alwar district,22548704
rajasthan,2022,3,district,bikaner district,22107614
rajasthan,2022,3,district,udaipur district,20913556
rajasthan,2022,3,district,jhunjhunu district,19171157
rajasthan,2022,4,district,jaipur district,219882925
rajasthan,2022,4,district,jodhpur district,43593833
rajasthan,2022,4,district,bhilwara district,34654973
rajasthan,2022,4,district,kota district,33401300
rajasthan,2022,4,district,sikar district,32924291
rajasthan,2022,4,district,ajmer district,29040665
rajasthan,2022,4,district,alwar district,24575400
rajasthan,2022,4,district,udaipur district,24262997
rajasthan,2022,4,district,bikaner district,24010384
rajasthan,2022,4,district,jhunjhunu district,21113214
rajasthan,2023,1,district,jaipur district,238056224
rajasthan,2023,1,district,jodhpur district,48871776
rajasthan,2023,1,district,bhilwara district,39697144
rajasthan,2023,1,district,kota district,37425483
rajasthan,2023,1,district,sikar district,37210000
rajasthan,2023,1,district,ajmer district,33026392
rajasthan,2023,1,district,alwar district,27641073
rajasthan,2023,1,district,bikaner district,27272146
rajasthan,2023,1,district,udaipur district,26038911
rajasthan,2023,1,district,sri ganganagar district,23470989
rajasthan,2023,2,district,jaipur district,277017737
rajasthan,2023,2,district,jodhpur district,55997814
rajasthan,2023,2,district,bhilwara district,46129330
rajasthan,2023,2,district,sikar district,43697692
rajasthan,2023,2,district,kota district,42501714
rajasthan,2023,2,district,ajmer district,38605505
rajasthan,2023,2,district,alwar district,33129176
rajasthan,2023,2,district,bikaner district,31683133
rajasthan,2023,2,district,udaipur district,30036829
rajasthan,2023,2,district,jhunjhunu district,27860163
rajasthan,2023,3,district,jaipur district,327940307
rajasthan,2023,3,district,jodhpur district,65739970
rajasthan,2023,3,district,bhilwara district,51999457
rajasthan,2023,3,district,kota district,50515684
rajasthan,2023,3,district,sikar district,50096614
rajasthan,2023,3,district,ajmer district,45236831
rajasthan,2023,3,district,alwar district,38416637
rajasthan,2023,3,district,bikaner district,35904789
rajasthan,2023,3,district,udaipur district,34086698
rajasthan,2023,3,district,jhunjhunu district,30742098
rajasthan,2023,4,district,jaipur district,348392091
rajasthan,2023,4,district,jodhpur district,70713686
rajasthan,2023,4,district,bhilwara district,58125360
rajasthan,2023,4,district,sikar district,54789655
rajasthan,2023,4,district,kota district,54174805
rajasthan,2023,4,district,ajmer district,50222195
rajasthan,2023,4,district,alwar district,41423676
rajasthan,2023,4,district,bikaner district,39268869
rajasthan,2023,4,district,udaipur district,36548544
rajasthan,2023,4,district,jhunjhunu district,33941681
rajasthan,2024,1,district,jaipur district,400041970
rajasthan,2024,1,district,jodhpur district,83990264
rajasthan,2024,1,district,bhilwara district,68612567
rajasthan,2024,1,district,sikar district,66021483
rajasthan,2024,1,district,kota district,62237065
rajasthan,2024,1,district,ajmer district,59309877
rajasthan,2024,1,district,alwar district,50241009
rajasthan,2024,1,district,bikaner district,47305577
rajasthan,2024,1,district,udaipur district,41991528
rajasthan,2024,1,district,dausa district,40003368
rajasthan,2024,2,district,jaipur district,453349756
rajasthan,2024,2,district,jodhpur district,96526987
rajasthan,2024,2,district,bhilwara district,76305658
rajasthan,2024,2,district,sikar district,74433901
rajasthan,2024,2,district,kota district,67813794
rajasthan,2024,2,district,ajmer district,67676158
rajasthan,2024,2,district,alwar district,57116015
rajasthan,2024,2,district,bikaner district,55096084
rajasthan,2024,2,district,udaipur district,49127359
rajasthan,2024,2,district,jhunjhunu district,44970158
rajasthan,2024,3,district,jaipur district,489252970
rajasthan,2024,3,district,jodhpur district,104081569
rajasthan,2024,3,district,bhilwara district,81184882
rajasthan,2024,3,district,sikar district,79559561
rajasthan,2024,3,district,kota district,74505518
rajasthan,2024,3,district,ajmer district,73088176
rajasthan,2024,3,district,alwar district,59379425
rajasthan,2024,3,district,bikaner district,58640342
rajasthan,2024,3,district,udaipur district,51322405
rajasthan,2024,3,district,sri ganganagar district,47528336
rajasthan,2024,4,district,jaipur district,522715198
rajasthan,2024,4,district,jodhpur district,108104300
rajasthan,2024,4,district,bhilwara district,85115569
rajasthan,2024,4,district,sikar district,82544878
rajasthan,2024,4,district,kota district,78486018
rajasthan,2024,4,district,ajmer district,77858282
rajasthan,2024,4,district,alwar district,61182237
rajasthan,2024,4,district,bikaner district,60583674
rajasthan,2024,4,district,udaipur district,56817193
rajasthan,2024,4,district,sri ganganagar district,50483157
rajasthan,2025,1,district,jaipur district,522673707
rajasthan,2025,1,district,jodhpur district,108722494
rajasthan,2025,1,district,bhilwara district,83286270
rajasthan,2025,1,district,sikar district,80473846
rajasthan,2025,1,district,kota district,79003903
rajasthan,2025,1,district,ajmer district,77156445
rajasthan,2025,1,district,bikaner district,60105331
rajasthan,2025,1,district,alwar district,59287801
rajasthan,2025,1,district,udaipur district,58508136
rajasthan,2025,1,district,sri ganganagar district,49843320
rajasthan,2025,2,district,jaipur district,549775199
rajasthan,2025,2,district,jodhpur district,115626189
rajasthan,2025,2,district,bhilwara district,89083380
rajasthan,2025,2,district,sikar district,87868857
rajasthan,2025,2,district,ajmer district,83744720
rajasthan,2025,2,district,kota district,82290095
rajasthan,2025,2,district,bikaner district,66119953
rajasthan,2025,2,district,alwar district,65311855
rajasthan,2025,2,district,udaipur district,60367433
rajasthan,2025,2,district,sri ganganagar district,53775476
rajasthan,2025,3,district,jaipur district,594086757
rajasthan,2025,3,district,jodhpur district,126880180
rajasthan,2025,3,district,bhilwara district,95369514
rajasthan,2025,3,district,sikar district,91862314
rajasthan,2025,3,district,ajmer district,90417604
rajasthan,2025,3,district,kota district,88718869
rajasthan,2025,3,district,bikaner district,71187274
rajasthan,2025,3,district,alwar district,68376298
rajasthan,2025,3,district,udaipur district,65532608
rajasthan,2025,3,district,sri ganganagar district,56376961
rajasthan,2025,4,district,jaipur district,604913509
rajasthan,2025,4,district,jodhpur district,125608298
rajasthan,2025,4,district,bhilwara district,97901034
rajasthan,2025,4,district,ajmer district,93707671
rajasthan,2025,4,district,sikar district,93447757
rajasthan,2025,4,district,kota district,92974450
rajasthan,2025,4,district,bikaner district,69920979
rajasthan,2025,4,district,alwar district,67951112
rajasthan,2025,4,district,udaipur district,66342358
rajasthan,2025,4,district,sri ganganagar district,57076451
rajasthan,2026,1,district,jaipur district,613042253
rajasthan,2026,1,district,jodhpur district,130348077
rajasthan,2026,1,district,bhilwara district,101669185
rajasthan,2026,1,district,kota district,96852694
rajasthan,2026,1,district,sikar district,96400715
rajasthan,2026,1,district,ajmer district,95749759
rajasthan,2026,1,district,bikaner district,73572719
rajasthan,2026,1,district,alwar district,70178105
rajasthan,2026,1,district,udaipur district,68205918
rajasthan,2026,1,district,sri ganganagar district,58075429
rajasthan,2026,2,district,jaipur district,637259898
rajasthan,2026,2,district,jodhpur district,136439834
rajasthan,2026,2,district,bhilwara district,104898430
rajasthan,2026,2,district,ajmer district,100906421
rajasthan,2026,2,district,sikar district,100642547
rajasthan,2026,2,district,kota district,99833807
rajasthan,2026,2,district,bikaner district,77321307
rajasthan,2026,2,district,alwar district,74083150
rajasthan,2026,2,district,udaipur district,71477414
rajasthan,2026,2,district,sri ganganagar district,61808283
sikkim,2018,1,district,gangtok district,21040
sikkim,2018,1,district,pakyong district,13897
sikkim,2018,1,district,namchi district,7861
sikkim,2018,1,district,mangan district,4064
sikkim,2018,1,district,gyalshing district,3783
sikkim,2018,1,district,soreng district,1777
sikkim,2018,2,district,gangtok district,34801
sikkim,2018,2,district,pakyong district,20903
sikkim,2018,2,district,namchi district,11778
sikkim,2018,2,district,gyalshing district,9146
sikkim,2018,2,district,mangan district,7727
sikkim,2018,2,district,soreng district,2993
sikkim,2018,3,district,gangtok district,49747
sikkim,2018,3,district,pakyong district,29407
sikkim,2018,3,district,namchi district,17206
sikkim,2018,3,district,mangan district,11777
sikkim,2018,3,district,gyalshing district,10955
sikkim,2018,3,district,soreng district,4942
sikkim,2018,4,district,gangtok district,74593
sikkim,2018,4,district,pakyong district,38426
sikkim,2018,4,district,namchi district,27058
sikkim,2018,4,district,mangan district,19196
sikkim,2018,4,district,gyalshing district,15405
sikkim,2018,4,district,soreng district,7167
sikkim,2019,1,district,gangtok district,98681
sikkim,2019,1,district,pakyong district,50739
sikkim,2019,1,district,namchi district,39196
sikkim,2019,1,district,mangan district,19034
sikkim,2019,1,district,gyalshing district,16721
sikkim,2019,1,district,soreng district,8660
sikkim,2019,2,district,gangtok district,131058
sikkim,2019,2,district,pakyong district,58803
sikkim,2019,2,district,namchi district,44958
sikkim,2019,2,district,mangan district,26955
sikkim,2019,2,district,gyalshing district,24687
sikkim,2019,2,district,soreng district,11971
sikkim,2019,3,district,gangtok district,143054
sikkim,2019,3,district,pakyong district,70043
sikkim,2019,3,district,namchi district,50246
sikkim,2019,3,district,mangan district,33137
sikkim,2019,3,district,gyalshing district,23876
sikkim,2019,3,district,soreng district,13345
sikkim,2019,4,district,gangtok district,174904
sikkim,2019,4,district,pakyong district,84346
sikkim,2019,4,district,namchi district,62437
sikkim,2019,4,district,mangan district,38472
sikkim,2019,4,district,gyalshing district,29916
sikkim,2019,4,district,soreng district,19012
sikkim,2020,1,district,gangtok district,195540
sikkim,2020,1,district,pakyong district,99128
sikkim,2020,1,district,namchi district,69012
sikkim,2020,1,district,mangan district,40474
sikkim,2020,1,district,gyalshing district,33973
sikkim,2020,1,district,soreng district,21450
sikkim,2020,2,district,gangtok district,219905
sikkim,2020,2,district,pakyong district,111406
sikkim,2020,2,district,namchi district,87195
sikkim,2020,2,district,mangan district,53640
sikkim,2020,2,district,gyalshing district,44473
sikkim,2020,2,district,soreng district,30750
sikkim,2020,3,district,gangtok district,265721
sikkim,2020,3,district,pakyong district,121186
sikkim,2020,3,district,namchi district,98094
sikkim,2020,3,district,mangan district,67289
sikkim,2020,3,district,gyalshing district,51509
sikkim,2020,3,district,soreng district,35778
sikkim,2020,4,district,gangtok district,329563
sikkim,2020,4,district,pakyong district,142810
sikkim,2020,4,district,namchi district,116465
sikkim,2020,4,district,mangan district,90318
sikkim,2020,4,district,gyalshing district,59137
sikkim,2020,4,district,soreng district,40042
sikkim,2021,1,district,gangtok district,393317
sikkim,2021,1,district,pakyong district,165118
sikkim,2021,1,district,namchi district,128526
sikkim,2021,1,district,mangan district,87179
sikkim,2021,1,district,gyalshing district,63664
sikkim,2021,1,district,soreng district,41889
sikkim,2021,2,district,gangtok district,444817
sikkim,2021,2,district,pakyong district,203763
sikkim,2021,2,district,namchi district,170752
sikkim,2021,2,district,mangan district,111328
sikkim,2021,2,district,gyalshing district,78161
sikkim,2021,2,district,soreng district,55998
sikkim,2021,3,district,gangtok district,563477
sikkim,2021,3,district,pakyong district,246002
sikkim,2021,3,district,namchi district,199842
sikkim,2021,3,district,mangan district,133010
sikkim,2021,3,district,gyalshing district,93059
sikkim,2021,3,district,soreng district,59753
sikkim,2021,4,district,gangtok district,704465
sikkim,2021,4,district,pakyong district,260688
sikkim,2021,4,district,namchi district,222372
sikkim,2021,4,district,mangan district,147768
sikkim,2021,4,district,gyalshing district,102936
sikkim,2021,4,district,soreng district,59862
sikkim,2022,1,district,gangtok district,839825
sikkim,2022,1,district,pakyong district,341933
sikkim,2022,1,district,namchi district,291269
sikkim,2022,1,district,mangan district,161325
sikkim,2022,1,district,gyalshing district,124619
sikkim,2022,1,district,soreng district,75563
sikkim,2022,2,district,gangtok district,1175001
sikkim,2022,2,district,pakyong district,451030
sikkim,2022,2,district,namchi district,392936
sikkim,2022,2,district,mangan district,232328
sikkim,2022,2,district,gyalshing district,161446
sikkim,2022,2,district,soreng district,99499
sikkim,2022,3,district,gangtok district,1325951
sikkim,2022,3,district,pakyong district,526062
sikkim,2022,3,district,namchi district,474085
sikkim,2022,3,district,mangan district,284894
sikkim,2022,3,district,gyalshing district,177497
sikkim,2022,3,district,soreng district,115976
sikkim,2022,4,district,gangtok district,1511824
sikkim,2022,4,district,pakyong district,556214
sikkim,2022,4,district,namchi district,497936
sikkim,2022,4,district,mangan district,307257
sikkim,2022,4,district,gyalshing district,194536
sikkim,2022,4,district,soreng district,125161
sikkim,2023,1,district,gangtok district,1618811
sikkim,2023,1,district,pakyong district,611317
sikkim,2023,1,district,namchi district,546562
sikkim,2023,1,district,mangan district,289282
sikkim,2023,1,district,gyalshing district,204570
sikkim,2023,1,district,soreng district,130957
sikkim,2023,2,district,gangtok district,2173204
sikkim,2023,2,district,pakyong district,721662
sikkim,2023,2,district,namchi district,702190
sikkim,2023,2,district,mangan district,400362
sikkim,2023,2,district,gyalshing district,270242
sikkim,2023,2,district,soreng district,169942
sikkim,2023,3,district,gangtok district,2243063
sikkim,2023,3,district,pakyong district,802062
sikkim,2023,3,district,namchi district,791955
sikkim,2023,3,district,mangan district,425582
sikkim,2023,3,district,gyalshing district,282760
sikkim,2023,3,district,soreng district,194739
sikkim,2023,4,district,gangtok district,2333837
sikkim,2023,4,district,pakyong district,831609
sikkim,2023,4,district,namchi district,808647
sikkim,2023,4,district,mangan district,353161
sikkim,2023,4,district,gyalshing district,314530
sikkim,2023,4,district,soreng district,200717
sikkim,2024,1,district,gangtok district,2714897
sikkim,2024,1,district,pakyong district,1018421
sikkim,2024,1,district,namchi district,948716
sikkim,2024,1,district,mangan district,468850
sikkim,2024,1,district,gyalshing district,361188
sikkim,2024,1,district,soreng district,223805
sikkim,2024,2,district,gangtok district,3411239
sikkim,2024,2,district,namchi district,1190375
sikkim,2024,2,district,pakyong district,1187850
sikkim,2024,2,district,mangan district,554483
sikkim,2024,2,district,gyalshing district,486739
sikkim,2024,2,district,soreng district,295318
sikkim,2024,3,district,gangtok district,3625774
sikkim,2024,3,district,namchi district,1377253
sikkim,2024,3,district,pakyong district,1336358
sikkim,2024,3,district,mangan district,617476
sikkim,2024,3,district,gyalshing district,519065
sikkim,2024,3,district,soreng district,361909
sikkim,2024,4,district,gangtok district,4228485
sikkim,2024,4,district,namchi district,1566639
sikkim,2024,4,district,pakyong district,1456844
sikkim,2024,4,district,mangan district,718418
sikkim,2024,4,district,gyalshing district,640105
sikkim,2024,4,district,soreng district,411485
sikkim,2025,1,district,gangtok district,4552142
sikkim,2025,1,district,namchi district,1751675
sikkim,2025,1,district,pakyong district,1584153
sikkim,2025,1,district,mangan district,749610
sikkim,2025,1,district,gyalshing district,722367
sikkim,2025,1,district,soreng district,492523
sikkim,2025,2,district,gangtok district,5227454
sikkim,2025,2,district,namchi district,1994408
sikkim,2025,2,district,pakyong district,1697098
sikkim,2025,2,district,gyalshing district,838778
sikkim,2025,2,district,mangan district,835558
sikkim,2025,2,district,soreng district,563539
sikkim,2025,3,district,gangtok district,5359001
sikkim,2025,3,district,namchi district,2184989
sikkim,2025,3,district,pakyong district,1932042
sikkim,2025,3,district,mangan district,915846
sikkim,2025,3,district,gyalshing district,872694
sikkim,2025,3,district,soreng district,617254
sikkim,2025,4,district,gangtok district,5559207
sikkim,2025,4,district,namchi district,2128673
sikkim,2025,4,district,pakyong district,1893022
sikkim,2025,4,district,mangan district,1038404
sikkim,2025,4,district,gyalshing district,875308
sikkim,2025,4,district,soreng district,627576
sikkim,2026,1,district,gangtok district,6026537
sikkim,2026,1,district,namchi district,2347901
sikkim,2026,1,district,pakyong district,2119252
sikkim,2026,1,district,mangan district,1126612
sikkim,2026,1,district,gyalshing district,963303
sikkim,2026,1,district,soreng district,704199
sikkim,2026,2,district,gangtok district,7028410
sikkim,2026,2,district,namchi district,2590504
sikkim,2026,2,district,pakyong district,2197973
sikkim,2026,2,district,mangan district,1242933
sikkim,2026,2,district,gyalshing district,1119535
sikkim,2026,2,district,soreng district,776889
tamil-nadu,2018,1,district,chennai district,1307629
tamil-nadu,2018,1,district,chengalpattu district,534905
tamil-nadu,2018,1,district,coimbatore district,389938
tamil-nadu,2018,1,district,tiruvallur district,274757
tamil-nadu,2018,1,district,tiruppur district,227495
tamil-nadu,2018,1,district,salem district,187883
tamil-nadu,2018,1,district,kancheepuram district,166436
tamil-nadu,2018,1,district,krishnagiri district,141796
tamil-nadu,2018,1,district,madurai district,135812
tamil-nadu,2018,1,district,tiruchirappalli district,129855
tamil-nadu,2018,2,district,chennai district,1858210
tamil-nadu,2018,2,district,chengalpattu district,757700
tamil-nadu,2018,2,district,coimbatore district,561605
tamil-nadu,2018,2,district,tiruvallur district,394580
tamil-nadu,2018,2,district,tiruppur district,347929
tamil-nadu,2018,2,district,salem district,264196
tamil-nadu,2018,2,district,kancheepuram district,227679
tamil-nadu,2018,2,district,krishnagiri district,215364
tamil-nadu,2018,2,district,madurai district,212184
tamil-nadu,2018,2,district,tiruchirappalli district,188521
tamil-nadu,2018,3,district,chennai district,2757799
tamil-nadu,2018,3,district,chengalpattu district,1161879
tamil-nadu,2018,3,district,coimbatore district,880982
tamil-nadu,2018,3,district,tiruvallur district,611654
tamil-nadu,2018,3,district,tiruppur district,534273
tamil-nadu,2018,3,district,kancheepuram district,387209
tamil-nadu,2018,3,district,salem district,382549
tamil-nadu,2018,3,district,krishnagiri district,360764
tamil-nadu,2018,3,district,madurai district,300649
tamil-nadu,2018,3,district,thanjavur district,289004
tamil-nadu,2018,4,district,chennai district,4721520
tamil-nadu,2018,4,district,chengalpattu district,1740204
tamil-nadu,2018,4,district,coimbatore district,1295443
tamil-nadu,2018,4,district,tiruvallur district,999726
tamil-nadu,2018,4,district,tiruppur district,765904
tamil-nadu,2018,4,district,kancheepuram district,595207
tamil-nadu,2018,4,district,salem district,589791
tamil-nadu,2018,4,district,krishnagiri district,535421
tamil-nadu,2018,4,district,madurai district,486137
tamil-nadu,2018,4,district,tiruchirappalli district,456207
tamil-nadu,2019,1,district,chennai district,7324756
tamil-nadu,2019,1,district,chengalpattu district,2974038
tamil-nadu,2019,1,district,coimbatore district,1746630
tamil-nadu,2019,1,district,tiruvallur district,1574499
tamil-nadu,2019,1,district,kancheepuram district,1000975
tamil-nadu,2019,1,district,tiruppur district,944571
tamil-nadu,2019,1,district,krishnagiri district,803877
tamil-nadu,2019,1,district,salem district,753917
tamil-nadu,2019,1,district,madurai district,682121
tamil-nadu,2019,1,district,tiruchirappalli district,630805
tamil-nadu,2019,2,district,chennai district,9226612
tamil-nadu,2019,2,district,chengalpattu district,3873145
tamil-nadu,2019,2,district,coimbatore district,2161274
tamil-nadu,2019,2,district,tiruvallur district,1927894
tamil-nadu,2019,2,district,tiruppur district,1122409
tamil-nadu,2019,2,district,kancheepuram district,1062975
tamil-nadu,2019,2,district,krishnagiri district,939249
tamil-nadu,2019,2,district,salem district,903780
tamil-nadu,2019,2,district,madurai district,855000
tamil-nadu,2019,2,district,tiruchirappalli district,747550
tamil-nadu,2019,3,district,chennai district,12497189
tamil-nadu,2019,3,district,chengalpattu district,5723618
tamil-nadu,2019,3,district,coimbatore district,3143480
tamil-nadu,2019,3,district,tiruvallur district,2539272
tamil-nadu,2019,3,district,tiruppur district,1405517
tamil-nadu,2019,3,district,kancheepuram district,1317839
tamil-nadu,2019,3,district,krishnagiri district,1156346
tamil-nadu,2019,3,district,salem district,1108035
tamil-nadu,2019,3,district,madurai district,1046738
tamil-nadu,2019,3,district,vellore district,951563
tamil-nadu,2019,4,district,chennai district,16399824
tamil-nadu,2019,4,district,chengalpattu district,7694378
tamil-nadu,2019,4,district,coimbatore district,4451923
tamil-nadu,2019,4,district,tiruvallur district,3165643
tamil-nadu,2019,4,district,tiruppur district,1785814
tamil-nadu,2019,4,district,kancheepuram district,1710039
tamil-nadu,2019,4,district,krishnagiri district,1674877
tamil-nadu,2019,4,district,salem district,1487614
tamil-nadu,2019,4,district,madurai district,1395833
tamil-nadu,2019,4,district,vellore district,1310129
tamil-nadu,2020,1,district,chennai district,18915185
tamil-nadu,2020,1,district,chengalpattu district,8914412
tamil-nadu,2020,1,district,coimbatore district,5630054
tamil-nadu,2020,1,district,tiruvallur district,3744170
tamil-nadu,2020,1,district,krishnagiri district,2182832
tamil-nadu,2020,1,district,tiruppur district,2133566
tamil-nadu,2020,1,district,kancheepuram district,2023768
tamil-nadu,2020,1,district,salem district,1832026
tamil-nadu,2020,1,district,madurai district,1705829
tamil-nadu,2020,1,district,vellore district,1564928
tamil-nadu,2020,2,district,chennai district,9051786
tamil-nadu,2020,2,district,chengalpattu district,4254564
tamil-nadu,2020,2,district,coimbatore district,3666402
tamil-nadu,2020,2,district,tiruvallur district,2875063
tamil-nadu,2020,2,district,krishnagiri district,2206164
tamil-nadu,2020,2,district,salem district,2014950
tamil-nadu,2020,2,district,tiruppur district,1886994
tamil-nadu,2020,2,district,madurai district,1768928
tamil-nadu,2020,2,district,tiruchirappalli district,1499472
tamil-nadu,2020,2,district,kancheepuram district,1249794
tamil-nadu,2020,3,district,chennai district,13747280
tamil-nadu,2020,3,district,chengalpattu district,6144951
tamil-nadu,2020,3,district,coimbatore district,5920065
tamil-nadu,2020,3,district,tiruvallur district,4007778
tamil-nadu,2020,3,district,krishnagiri district,3457539
tamil-nadu,2020,3,district,tiruppur district,3112168
tamil-nadu,2020,3,district,salem district,2701332
tamil-nadu,2020,3,district,madurai district,2350269
tamil-nadu,2020,3,district,kancheepuram district,1996176
tamil-nadu,2020,3,district,tiruchirappalli district,1989464
tamil-nadu,2020,4,district,chennai district,25583359
tamil-nadu,2020,4,district,chengalpattu district,10736129
tamil-nadu,2020,4,district,coimbatore district,9744769
tamil-nadu,2020,4,district,tiruvallur district,6511096
tamil-nadu,2020,4,district,krishnagiri district,5842260
tamil-nadu,2020,4,district,tiruppur district,4777177
tamil-nadu,2020,4,district,salem district,3994281
tamil-nadu,2020,4,district,kancheepuram district,3493358
tamil-nadu,2020,4,district,madurai district,3422268
tamil-nadu,2020,4,district,tiruchirappalli district,2854461
tamil-nadu,2021,1,district,chennai district,32453166
tamil-nadu,2021,1,district,chengalpattu district,13671665
tamil-nadu,2021,1,district,coimbatore district,12461974
tamil-nadu,2021,1,district,tiruvallur district,8113518
tamil-nadu,2021,1,district,krishnagiri district,6786154
tamil-nadu,2021,1,district,tiruppur district,5730830
tamil-nadu,2021,1,district,salem district,4676060
tamil-nadu,2021,1,district,kancheepuram district,4337496
tamil-nadu,2021,1,district,madurai district,3860040
tamil-nadu,2021,1,district,tiruchirappalli district,3208896
tamil-nadu,2021,2,district,chennai district,29007025
tamil-nadu,2021,2,district,chengalpattu district,12721555
tamil-nadu,2021,2,district,coimbatore district,11522187
tamil-nadu,2021,2,district,tiruvallur district,8585778
tamil-nadu,2021,2,district,krishnagiri district,7731222
tamil-nadu,2021,2,district,tiruppur district,6015387
tamil-nadu,2021,2,district,salem district,5447053
tamil-nadu,2021,2,district,madurai district,4391511
tamil-nadu,2021,2,district,kancheepuram district,4352040
tamil-nadu,2021,2,district,tiruchirappalli district,3637023
tamil-nadu,2021,3,district,chennai district,42299460
tamil-nadu,2021,3,district,chengalpattu district,17768037
tamil-nadu,2021,3,district,coimbatore district,17345498
tamil-nadu,2021,3,district,tiruvallur district,11833075
tamil-nadu,2021,3,district,krishnagiri district,10885833
tamil-nadu,2021,3,district,tiruppur district,10001784
tamil-nadu,2021,3,district,salem district,7622869
tamil-nadu,2021,3,district,kancheepuram district,6122932
tamil-nadu,2021,3,district,madurai district,5897696
tamil-nadu,2021,3,district,tiruchirappalli district,4821800
tamil-nadu,2021,4,district,chennai district,44948712
tamil-nadu,2021,4,district,coimbatore district,20075280
tamil-nadu,2021,4,district,chengalpattu district,18923521
tamil-nadu,2021,4,district,tiruvallur district,12766632
tamil-nadu,2021,4,district,krishnagiri district,12001129
tamil-nadu,2021,4,district,tiruppur district,11365435
tamil-nadu,2021,4,district,salem district,8552695
tamil-nadu,2021,4,district,kancheepuram district,6412663
tamil-nadu,2021,4,district,madurai district,6376380
tamil-nadu,2021,4,district,tiruchirappalli district,5365606
tamil-nadu,2022,1,district,chennai district,57348036
tamil-nadu,2022,1,district,coimbatore district,24762708
tamil-nadu,2022,1,district,chengalpattu district,23842514
tamil-nadu,2022,1,district,tiruvallur district,15936831
tamil-nadu,2022,1,district,krishnagiri district,15304245
tamil-nadu,2022,1,district,tiruppur district,14646552
tamil-nadu,2022,1,district,salem district,11011851
tamil-nadu,2022,1,district,kancheepuram district,8163646
tamil-nadu,2022,1,district,madurai district,8041773
tamil-nadu,2022,1,district,tiruchirappalli district,6785878
tamil-nadu,2022,2,district,chennai district,70502423
tamil-nadu,2022,2,district,coimbatore district,30443555
tamil-nadu,2022,2,district,chengalpattu district,30077037
tamil-nadu,2022,2,district,tiruvallur district,19236473
tamil-nadu,2022,2,district,krishnagiri district,18381471
tamil-nadu,2022,2,district,tiruppur district,18071841
tamil-nadu,2022,2,district,salem district,13363849
tamil-nadu,2022,2,district,kancheepuram district,9753790
tamil-nadu,2022,2,district,madurai district,9495295
tamil-nadu,2022,2,district,tiruchirappalli district,8021215
tamil-nadu,2022,3,district,chennai district,84857959
tamil-nadu,2022,3,district,coimbatore district,35785891
tamil-nadu,2022,3,district,chengalpattu district,35626582
tamil-nadu,2022,3,district,tiruvallur district,22622828
tamil-nadu,2022,3,district,krishnagiri district,22321177
tamil-nadu,2022,3,district,tiruppur district,22021386
tamil-nadu,2022,3,district,salem district,16129851
tamil-nadu,2022,3,district,kancheepuram district,11764637
tamil-nadu,2022,3,district,madurai district,11261157
tamil-nadu,2022,3,district,erode district,9429247
tamil-nadu,2022,4,district,chennai district,88869398
tamil-nadu,2022,4,district,chengalpattu district,38224393
tamil-nadu,2022,4,district,coimbatore district,38151693
tamil-nadu,2022,4,district,krishnagiri district,24613752
tamil-nadu,2022,4,district,tiruvallur district,24081041
tamil-nadu,2022,4,district,tiruppur district,23027145
tamil-nadu,2022,4,district,salem district,17788859
tamil-nadu,2022,4,district,kancheepuram district,12758204
tamil-nadu,2022,4,district,madurai district,12369027
tamil-nadu,2022,4,district,tiruchirappalli district,10200661
tamil-nadu,2023,1,district,chennai district,96520353
tamil-nadu,2023,1,district,chengalpattu district,41053289
tamil-nadu,2023,1,district,coimbatore district,39684437
tamil-nadu,2023,1,district,krishnagiri district,26957834
tamil-nadu,2023,1,district,tiruvallur district,25737256
tamil-nadu,2023,1,district,tiruppur district,23362834
tamil-nadu,2023,1,district,salem district,19332478
tamil-nadu,2023,1,district,kancheepuram district,13362295
tamil-nadu,2023,1,district,madurai district,13310221
tamil-nadu,2023,1,district,dharmapuri district,11536751
tamil-nadu,2023,2,district,chennai district,104045006
tamil-nadu,2023,2,district,chengalpattu district,44075510
tamil-nadu,2023,2,district,coimbatore district,42098563
tamil-nadu,2023,2,district,krishnagiri district,30298123
tamil-nadu,2023,2,district,tiruvallur district,27936370
tamil-nadu,2023,2,district,tiruppur district,25533005
tamil-nadu,2023,2,district,salem district,20932152
tamil-nadu,2023,2,district,kancheepuram district,14531430
tamil-nadu,2023,2,district,madurai district,14098678
tamil-nadu,2023,2,district,dharmapuri district,12380864
tamil-nadu,2023,3,district,chennai district,115145418
tamil-nadu,2023,3,district,chengalpattu district,48929816
tamil-nadu,2023,3,district,coimbatore district,46959237
tamil-nadu,2023,3,district,krishnagiri district,34135598
tamil-nadu,2023,3,district,tiruvallur district,31468294
tamil-nadu,2023,3,district,tiruppur district,30325571
tamil-nadu,2023,3,district,salem district,22842844
tamil-nadu,2023,3,district,kancheepuram district,16395624
tamil-nadu,2023,3,district,madurai district,15399891
tamil-nadu,2023,3,district,dharmapuri district,13358870
tamil-nadu,2023,4,district,chennai district,112440352
tamil-nadu,2023,4,district,coimbatore district,49911028
tamil-nadu,2023,4,district,chengalpattu district,49570889
tamil-nadu,2023,4,district,krishnagiri district,38405991
tamil-nadu,2023,4,district,tiruppur district,33506856
tamil-nadu,2023,4,district,tiruvallur district,32665159
tamil-nadu,2023,4,district,salem district,25755067
tamil-nadu,2023,4,district,kancheepuram district,17445275
tamil-nadu,2023,4,district,madurai district,16925141
tamil-nadu,2023,4,district,dharmapuri district,15588295
tamil-nadu,2024,1,district,chennai district,119487934
tamil-nadu,2024,1,district,chengalpattu district,52721074
tamil-nadu,2024,1,district,coimbatore district,52024759
tamil-nadu,2024,1,district,krishnagiri district,42413415
tamil-nadu,2024,1,district,tiruppur district,37042645
tamil-nadu,2024,1,district,tiruvallur district,35660965
tamil-nadu,2024,1,district,salem district,27834105
tamil-nadu,2024,1,district,kancheepuram district,18934767
tamil-nadu,2024,1,district,madurai district,17960822
tamil-nadu,2024,1,district,dharmapuri district,17879062
tamil-nadu,2024,2,district,chennai district,130396598
tamil-nadu,2024,2,district,chengalpattu district,56926729
tamil-nadu,2024,2,district,coimbatore district,56215750
tamil-nadu,2024,2,district,krishnagiri district,47511039
tamil-nadu,2024,2,district,tiruppur district,42391295
tamil-nadu,2024,2,district,tiruvallur district,39353864
tamil-nadu,2024,2,district,salem district,30629645
tamil-nadu,2024,2,district,kancheepuram district,20854247
tamil-nadu,2024,2,district,dharmapuri district,19629319
tamil-nadu,2024,2,district,madurai district,19531520
tamil-nadu,2024,3,district,chennai district,143485928
tamil-nadu,2024,3,district,chengalpattu district,63796344
tamil-nadu,2024,3,district,coimbatore district,62471216
tamil-nadu,2024,3,district,krishnagiri district,52546785
tamil-nadu,2024,3,district,tiruppur district,48954498
tamil-nadu,2024,3,district,tiruvallur district,44221593
tamil-nadu,2024,3,district,salem district,33272660
tamil-nadu,2024,3,district,kancheepuram district,23700940
tamil-nadu,2024,3,district,dharmapuri district,21410632
tamil-nadu,2024,3,district,madurai district,21308780
tamil-nadu,2024,4,district,chennai district,144618851
tamil-nadu,2024,4,district,chengalpattu district,65428186
tamil-nadu,2024,4,district,coimbatore district,65273447
tamil-nadu,2024,4,district,krishnagiri district,55917943
tamil-nadu,2024,4,district,tiruppur district,51464978
tamil-nadu,2024,4,district,tiruvallur district,45993534
tamil-nadu,2024,4,district,salem district,35582761
tamil-nadu,2024,4,district,kancheepuram district,24617303
tamil-nadu,2024,4,district,madurai district,23007284
tamil-nadu,2024,4,district,dharmapuri district,22987358
tamil-nadu,2025,1,district,chennai district,159357855
tamil-nadu,2025,1,district,chengalpattu district,71971125
tamil-nadu,2025,1,district,coimbatore district,67691118
tamil-nadu,2025,1,district,krishnagiri district,57823944
tamil-nadu,2025,1,district,tiruppur district,51916746
tamil-nadu,2025,1,district,tiruvallur district,50295937
tamil-nadu,2025,1,district,salem district,37312507
tamil-nadu,2025,1,district,kancheepuram district,25387433
tamil-nadu,2025,1,district,madurai district,24278489
tamil-nadu,2025,1,district,dharmapuri district,24242134
tamil-nadu,2025,2,district,chennai district,155257593
tamil-nadu,2025,2,district,chengalpattu district,70048571
tamil-nadu,2025,2,district,coimbatore district,67239415
tamil-nadu,2025,2,district,krishnagiri district,59913416
tamil-nadu,2025,2,district,tiruppur district,54983018
tamil-nadu,2025,2,district,tiruvallur district,50266298
tamil-nadu,2025,2,district,salem district,37979130
tamil-nadu,2025,2,district,kancheepuram district,26042794
tamil-nadu,2025,2,district,dharmapuri district,24735808
tamil-nadu,2025,2,district,madurai district,24577837
tamil-nadu,2025,3,district,chennai district,169918182
tamil-nadu,2025,3,district,chengalpattu district,78772720
tamil-nadu,2025,3,district,coimbatore district,75071784
tamil-nadu,2025,3,district,krishnagiri district,64873599
tamil-nadu,2025,3,district,tiruppur district,61291853
tamil-nadu,2025,3,district,tiruvallur district,55630191
tamil-nadu,2025,3,district,salem district,40024616
tamil-nadu,2025,3,district,kancheepuram district,29782917
tamil-nadu,2025,3,district,madurai district,26195183
tamil-nadu,2025,3,district,dharmapuri district,25854160
tamil-nadu,2025,4,district,chennai district,169266433
tamil-nadu,2025,4,district,chengalpattu district,78985211
tamil-nadu,2025,4,district,coimbatore district,76801646
tamil-nadu,2025,4,district,krishnagiri district,68766287
tamil-nadu,2025,4,district,tiruppur district,60440092
tamil-nadu,2025,4,district,tiruvallur district,55730259
tamil-nadu,2025,4,district,salem district,42092483
tamil-nadu,2025,4,district,kancheepuram district,30249566
tamil-nadu,2025,4,district,dharmapuri district,27745509
tamil-nadu,2025,4,district,madurai district,27683373
tamil-nadu,2026,1,district,chennai district,174402318
tamil-nadu,2026,1,district,chengalpattu district,81193991
tamil-nadu,2026,1,district,coimbatore district,78478621
tamil-nadu,2026,1,district,krishnagiri district,71000927
tamil-nadu,2026,1,district,tiruppur district,60800225
tamil-nadu,2026,1,district,tiruvallur district,58410838
tamil-nadu,2026,1,district,salem district,43399025
tamil-nadu,2026,1,district,kancheepuram district,31168277
tamil-nadu,2026,1,district,dharmapuri district,29746670
tamil-nadu,2026,1,district,madurai district,28617293
tamil-nadu,2026,2,district,chennai district,179679932
tamil-nadu,2026,2,district,chengalpattu district,82177962
tamil-nadu,2026,2,district,coimbatore district,79944035
tamil-nadu,2026,2,district,krishnagiri district,73564258
tamil-nadu,2026,2,district,tiruppur district,61845424
tamil-nadu,2026,2,district,tiruvallur district,59754761
tamil-nadu,2026,2,district,salem district,45190578
tamil-nadu,2026,2,district,kancheepuram district,31446921
tamil-nadu,2026,2,district,dharmapuri district,30627477
tamil-nadu,2026,2,district,madurai district,29998831
telangana,2018,1,district,rangareddy district,1746541
telangana,2018,1,district,hyderabad district,1740752
telangana,2018,1,district,medchal malkajgiri district,1643812
telangana,2018,1,district,sangareddy district,361847
telangana,2018,1,district,hanumakonda district,311097
telangana,2018,1,district,karimnagar district,272982
telangana,2018,1,district,nalgonda district,249905
telangana,2018,1,district,warangal district,230496
telangana,2018,1,district,khammam district,219693
telangana,2018,1,district,peddapalli district,216223
telangana,2018,2,district,rangareddy district,2219054
telangana,2018,2,district,hyderabad district,2215097
telangana,2018,2,district,medchal malkajgiri district,2056524
telangana,2018,2,district,sangareddy district,443103
telangana,2018,2,district,hanumakonda district,335949
telangana,2018,2,district,karimnagar district,295774
telangana,2018,2,district,nalgonda district,291834
telangana,2018,2,district,khammam district,277049
telangana,2018,2,district,peddapalli district,261885
telangana,2018,2,district,warangal district,252099
telangana,2018,3,district,hyderabad district,4127131
telangana,2018,3,district,rangareddy district,3982120
telangana,2018,3,district,medchal malkajgiri district,3555038
telangana,2018,3,district,hanumakonda district,774616
telangana,2018,3,district,nirmal district,674006
telangana,2018,3,district,karimnagar district,637142
telangana,2018,3,district,sangareddy district,629981
telangana,2018,3,district,warangal district,561548
telangana,2018,3,district,peddapalli district,393920
telangana,2018,3,district,nalgonda district,386075
telangana,2018,4,district,hyderabad district,6923412
telangana,2018,4,district,rangareddy district,6354449
telangana,2018,4,district,medchal malkajgiri district,6260178
telangana,2018,4,district,sangareddy district,1020098
telangana,2018,4,district,hanumakonda district,782119
telangana,2018,4,district,karimnagar district,694382
telangana,2018,4,district,nalgonda district,609056
telangana,2018,4,district,warangal district,569422
telangana,2018,4,district,khammam district,530233
telangana,2018,4,district,siddipet district,513500
telangana,2019,1,district,hyderabad district,14543912
telangana,2019,1,district,rangareddy district,14534815
telangana,2019,1,district,medchal malkajgiri district,14462336
telangana,2019,1,district,sangareddy district,2168068
telangana,2019,1,district,hanumakonda district,1745779
telangana,2019,1,district,karimnagar district,1297707
telangana,2019,1,district,warangal district,1270916
telangana,2019,1,district,nalgonda district,1204942
telangana,2019,1,district,siddipet district,1062252
telangana,2019,1,district,khammam district,1023798
telangana,2019,2,district,medchal malkajgiri district,19280665
telangana,2019,2,district,rangareddy district,18870419
telangana,2019,2,district,hyderabad district,18191146
telangana,2019,2,district,sangareddy district,2684093
telangana,2019,2,district,hanumakonda district,2208999
telangana,2019,2,district,warangal district,1542131
telangana,2019,2,district,karimnagar district,1462689
telangana,2019,2,district,nalgonda district,1371148
telangana,2019,2,district,khammam district,1294289
telangana,2019,2,district,siddipet district,1189299
telangana,2019,3,district,rangareddy district,27929960
telangana,2019,3,district,medchal malkajgiri district,27791877
telangana,2019,3,district,hyderabad district,26197103
telangana,2019,3,district,sangareddy district,3484367
telangana,2019,3,district,hanumakonda district,3135491
telangana,2019,3,district,warangal district,2177002
telangana,2019,3,district,karimnagar district,1991291
telangana,2019,3,district,khammam district,1708339
telangana,2019,3,district,nalgonda district,1645181
telangana,2019,3,district,nizamabad district,1480224
telangana,2019,4,district,rangareddy district,36880655
telangana,2019,4,district,medchal malkajgiri district,36049870
telangana,2019,4,district,hyderabad district,33210689
telangana,2019,4,district,sangareddy district,4725798
telangana,2019,4,district,hanumakonda district,4384372
telangana,2019,4,district,warangal district,3046607
telangana,2019,4,district,karimnagar district,2830875
telangana,2019,4,district,nalgonda district,2445813
telangana,2019,4,district,khammam district,2424771
telangana,2019,4,district,nizamabad district,2094905
telangana,2020,1,district,rangareddy district,41279225
telangana,2020,1,district,medchal malkajgiri district,40193902
telangana,2020,1,district,hyderabad district,36362094
telangana,2020,1,district,sangareddy district,5891312
telangana,2020,1,district,hanumakonda district,4905409
telangana,2020,1,district,warangal district,3559556
telangana,2020,1,district,karimnagar district,3376239
telangana,2020,1,district,nalgonda district,3338592
telangana,2020,1,district,khammam district,3192153
telangana,2020,1,district,nizamabad district,2682087
telangana,2020,2,district,medchal malkajgiri district,27001927
telangana,2020,2,district,rangareddy district,22291222
telangana,2020,2,district,hyderabad district,17074901
telangana,2020,2,district,sangareddy district,5911059
telangana,2020,2,district,nalgonda district,4555686
telangana,2020,2,district,hanumakonda district,4343395
telangana,2020,2,district,warangal district,4038865
telangana,2020,2,district,khammam district,4035603
telangana,2020,2,district,karimnagar district,3581982
telangana,2020,2,district,nizamabad district,3385737
telangana,2020,3,district,medchal malkajgiri district,43693259
telangana,2020,3,district,rangareddy district,36636155
telangana,2020,3,district,hyderabad district,29891548
telangana,2020,3,district,sangareddy district,8507904
telangana,2020,3,district,hanumakonda district,6443623
telangana,2020,3,district,nalgonda district,5933467
telangana,2020,3,district,khammam district,5720132
telangana,2020,3,district,warangal district,5339323
telangana,2020,3,district,karimnagar district,5317503
telangana,2020,3,district,nizamabad district,4719634
telangana,2020,4,district,medchal malkajgiri district,68762357
telangana,2020,4,district,rangareddy district,59841187
telangana,2020,4,district,hyderabad district,53047871
telangana,2020,4,district,sangareddy district,13041887
telangana,2020,4,district,hanumakonda district,9264495
telangana,2020,4,district,nalgonda district,8527537
telangana,2020,4,district,khammam district,8009720
telangana,2020,4,district,karimnagar district,7833945
telangana,2020,4,district,warangal district,7312558
telangana,2020,4,district,nizamabad district,6790185
telangana,2021,1,district,medchal malkajgiri district,85053552
telangana,2021,1,district,rangareddy district,76399308
telangana,2021,1,district,hyderabad district,69967142
telangana,2021,1,district,sangareddy district,15842664
telangana,2021,1,district,hanumakonda district,10968747
telangana,2021,1,district,nalgonda district,9728735
telangana,2021,1,district,khammam district,9041023
telangana,2021,1,district,karimnagar district,8842208
telangana,2021,1,district,warangal district,8136835
telangana,2021,1,district,nizamabad district,7577895
telangana,2021,2,district,medchal malkajgiri district,94702431
telangana,2021,2,district,rangareddy district,82379633
telangana,2021,2,district,hyderabad district,70983744
telangana,2021,2,district,sangareddy district,19766493
telangana,2021,2,district,nalgonda district,13415983
telangana,2021,2,district,hanumakonda district,12586604
telangana,2021,2,district,khammam district,11927009
telangana,2021,2,district,karimnagar district,11255188
telangana,2021,2,district,nizamabad district,10455613
telangana,2021,2,district,warangal district,10073351
telangana,2021,3,district,medchal malkajgiri district,125908908
telangana,2021,3,district,rangareddy district,113406927
telangana,2021,3,district,hyderabad district,101383072
telangana,2021,3,district,sangareddy district,24653187
telangana,2021,3,district,hanumakonda district,16303303
telangana,2021,3,district,nalgonda district,15481251
telangana,2021,3,district,khammam district,14234142
telangana,2021,3,district,karimnagar district,13953263
telangana,2021,3,district,nizamabad district,12404279
telangana,2021,3,district,warangal district,11893830
telangana,2021,4,district,medchal malkajgiri district,135196932
telangana,2021,4,district,rangareddy district,124706786
telangana,2021,4,district,hyderabad district,112733990
telangana,2021,4,district,sangareddy district,26714519
telangana,2021,4,district,hanumakonda district,17263572
telangana,2021,4,district,nalgonda district,16517556
telangana,2021,4,district,khammam district,15035151
telangana,2021,4,district,karimnagar district,14606606
telangana,2021,4,district,nizamabad district,13934205
telangana,2021,4,district,warangal district,12318064
telangana,2022,1,district,medchal malkajgiri district,171021858
telangana,2022,1,district,rangareddy district,160752318
telangana,2022,1,district,hyderabad district,141137087
telangana,2022,1,district,sangareddy district,34687191
telangana,2022,1,district,hanumakonda district,21694657
telangana,2022,1,district,nalgonda district,21564132
telangana,2022,1,district,khammam district,19274460
telangana,2022,1,district,karimnagar district,18535838
telangana,2022,1,district,nizamabad district,17702011
telangana,2022,1,district,warangal district,15546262
telangana,2022,2,district,medchal malkajgiri district,207985715
telangana,2022,2,district,rangareddy district,204912427
telangana,2022,2,district,hyderabad district,172802760
telangana,2022,2,district,sangareddy district,41847339
telangana,2022,2,district,hanumakonda district,25773765
telangana,2022,2,district,nalgonda district,25500174
telangana,2022,2,district,khammam district,22500789
telangana,2022,2,district,karimnagar district,22349995
telangana,2022,2,district,nizamabad district,21298509
telangana,2022,2,district,siddipet district,18037361
telangana,2022,3,district,rangareddy district,251023450
telangana,2022,3,district,medchal malkajgiri district,247349625
telangana,2022,3,district,hyderabad district,206423823
telangana,2022,3,district,sangareddy district,49801027
telangana,2022,3,district,hanumakonda district,28979335
telangana,2022,3,district,nalgonda district,28970832
telangana,2022,3,district,karimnagar district,25375443
telangana,2022,3,district,khammam district,25084603
telangana,2022,3,district,nizamabad district,23445757
telangana,2022,3,district,siddipet district,19944993
telangana,2022,4,district,rangareddy district,282784779
telangana,2022,4,district,medchal malkajgiri district,273161629
telangana,2022,4,district,hyderabad district,230765688
telangana,2022,4,district,sangareddy district,56580998
telangana,2022,4,district,nalgonda district,32314183
telangana,2022,4,district,hanumakonda district,31890224
telangana,2022,4,district,karimnagar district,28130291
telangana,2022,4,district,khammam district,27732678
telangana,2022,4,district,nizamabad district,27158654
telangana,2022,4,district,siddipet district,22672141
telangana,2023,1,district,rangareddy district,317175554
telangana,2023,1,district,medchal malkajgiri district,299733980
telangana,2023,1,district,hyderabad district,251840836
telangana,2023,1,district,sangareddy district,62551786
telangana,2023,1,district,nalgonda district,35060191
telangana,2023,1,district,hanumakonda district,34587627
telangana,2023,1,district,khammam district,30508804
telangana,2023,1,district,karimnagar district,30239789
telangana,2023,1,district,nizamabad district,29199239
telangana,2023,1,district,siddipet district,24642317
telangana,2023,2,district,rangareddy district,369160590
telangana,2023,2,district,medchal malkajgiri district,346264499
telangana,2023,2,district,hyderabad district,287581506
telangana,2023,2,district,sangareddy district,73135290
telangana,2023,2,district,nalgonda district,40423399
telangana,2023,2,district,hanumakonda district,38764543
telangana,2023,2,district,khammam district,35462635
telangana,2023,2,district,karimnagar district,34571917
telangana,2023,2,district,nizamabad district,34361493
telangana,2023,2,district,siddipet district,28637297
telangana,2023,3,district,rangareddy district,423620559
telangana,2023,3,district,medchal malkajgiri district,401281503
telangana,2023,3,district,hyderabad district,327444695
telangana,2023,3,district,sangareddy district,84398846
telangana,2023,3,district,nalgonda district,44829924
telangana,2023,3,district,hanumakonda district,42761959
telangana,2023,3,district,khammam district,39400954
telangana,2023,3,district,karimnagar district,38310375
telangana,2023,3,district,nizamabad district,37273152
telangana,2023,3,district,siddipet district,31138659
telangana,2023,4,district,rangareddy district,444156542
telangana,2023,4,district,medchal malkajgiri district,424456421
telangana,2023,4,district,hyderabad district,341779570
telangana,2023,4,district,sangareddy district,93496431
telangana,2023,4,district,nalgonda district,50075467
telangana,2023,4,district,hanumakonda district,46868084
telangana,2023,4,district,khammam district,43213224
telangana,2023,4,district,nizamabad district,42489026
telangana,2023,4,district,karimnagar district,42072819
telangana,2023,4,district,siddipet district,34879703
telangana,2024,1,district,rangareddy district,472949279
telangana,2024,1,district,medchal malkajgiri district,445641955
telangana,2024,1,district,hyderabad district,354590792
telangana,2024,1,district,sangareddy district,105063821
telangana,2024,1,district,nalgonda district,55735558
telangana,2024,1,district,hanumakonda district,52144014
telangana,2024,1,district,khammam district,48998396
telangana,2024,1,district,nizamabad district,47018051
telangana,2024,1,district,karimnagar district,45771367
telangana,2024,1,district,siddipet district,39041175
telangana,2024,2,district,rangareddy district,522423295
telangana,2024,2,district,medchal malkajgiri district,487885715
telangana,2024,2,district,hyderabad district,382550989
telangana,2024,2,district,sangareddy district,116880097
telangana,2024,2,district,nalgonda district,63045600
telangana,2024,2,district,hanumakonda district,57116281
telangana,2024,2,district,khammam district,55893428
telangana,2024,2,district,nizamabad district,54586023
telangana,2024,2,district,karimnagar district,51460353
telangana,2024,2,district,siddipet district,44339374
telangana,2024,3,district,rangareddy district,580862732
telangana,2024,3,district,medchal malkajgiri district,541940805
telangana,2024,3,district,hyderabad district,422924899
telangana,2024,3,district,sangareddy district,128620268
telangana,2024,3,district,nalgonda district,66805480
telangana,2024,3,district,hanumakonda district,61830876
telangana,2024,3,district,khammam district,59467019
telangana,2024,3,district,nizamabad district,55834787
telangana,2024,3,district,karimnagar district,55283878
telangana,2024,3,district,siddipet district,45535503
telangana,2024,4,district,rangareddy district,620654033
telangana,2024,4,district,medchal malkajgiri district,578315871
telangana,2024,4,district,hyderabad district,451899639
telangana,2024,4,district,sangareddy district,139668830
telangana,2024,4,district,nalgonda district,72645556
telangana,2024,4,district,hanumakonda district,67136314
telangana,2024,4,district,khammam district,65921862
telangana,2024,4,district,nizamabad district,63640335
telangana,2024,4,district,karimnagar district,60646188
telangana,2024,4,district,siddipet district,50644039
telangana,2025,1,district,rangareddy district,665666525
telangana,2025,1,district,medchal malkajgiri district,615484296
telangana,2025,1,district,hyderabad district,484806524
telangana,2025,1,district,sangareddy district,145174179
telangana,2025,1,district,nalgonda district,73321328
telangana,2025,1,district,hanumakonda district,68657072
telangana,2025,1,district,khammam district,68257387
telangana,2025,1,district,nizamabad district,63413801
telangana,2025,1,district,karimnagar district,61833288
telangana,2025,1,district,siddipet district,50917770
telangana,2025,2,district,rangareddy district,673709097
telangana,2025,2,district,medchal malkajgiri district,611959984
telangana,2025,2,district,hyderabad district,471449661
telangana,2025,2,district,sangareddy district,151112489
telangana,2025,2,district,nalgonda district,79586737
telangana,2025,2,district,khammam district,73420245
telangana,2025,2,district,hanumakonda district,71819534
telangana,2025,2,district,nizamabad district,69143419
telangana,2025,2,district,karimnagar district,66156399
telangana,2025,2,district,siddipet district,55888635
telangana,2025,3,district,rangareddy district,728431615
telangana,2025,3,district,medchal malkajgiri district,663507357
telangana,2025,3,district,hyderabad district,507168561
telangana,2025,3,district,sangareddy district,164815514
telangana,2025,3,district,nalgonda district,81767515
telangana,2025,3,district,hanumakonda district,76004815
telangana,2025,3,district,khammam district,75873864
telangana,2025,3,district,nizamabad district,70650478
telangana,2025,3,district,karimnagar district,69389538
telangana,2025,3,district,siddipet district,56598571
telangana,2025,4,district,rangareddy district,770532407
telangana,2025,4,district,medchal malkajgiri district,704713859
telangana,2025,4,district,hyderabad district,535096537
telangana,2025,4,district,sangareddy district,179180154
telangana,2025,4,district,nalgonda district,90711488
telangana,2025,4,district,khammam district,83743892
telangana,2025,4,district,hanumakonda district,83093487
telangana,2025,4,district,nizamabad district,79937955
telangana,2025,4,district,karimnagar district,76434451
telangana,2025,4,district,bhadradri kothagudem district,63259244
telangana,2026,1,district,rangareddy district,782985571
telangana,2026,1,district,medchal malkajgiri district,708421079
telangana,2026,1,district,hyderabad district,540787927
telangana,2026,1,district,sangareddy district,185277689
telangana,2026,1,district,nalgonda district,95056308
telangana,2026,1,district,khammam district,88524270
telangana,2026,1,district,hanumakonda district,86183745
telangana,2026,1,district,nizamabad district,81148447
telangana,2026,1,district,karimnagar district,78197824
telangana,2026,1,district,bhadradri kothagudem district,66655801
telangana,2026,2,district,rangareddy district,845329674
telangana,2026,2,district,medchal malkajgiri district,759040841
telangana,2026,2,district,hyderabad district,572092204
telangana,2026,2,district,sangareddy district,199983054
telangana,2026,2,district,nalgonda district,105596264
telangana,2026,2,district,khammam district,97870411
telangana,2026,2,district,nizamabad district,95166828
telangana,2026,2,district,hanumakonda district,92268996
telangana,2026,2,district,karimnagar district,85576688
telangana,2026,2,district,siddipet district,73789970
tripura,2018,1,district,west tripura district,83950
tripura,2018,1,district,south tripura district,23031
tripura,2018,1,district,gomati district,16885
tripura,2018,1,district,sepahijala district,16568
tripura,2018,1,district,north tripura district,12706
tripura,2018,1,district,dhalai district,12025
tripura,2018,1,district,khowai district,11620
tripura,2018,1,district,unakoti district,7284
tripura,2018,2,district,west tripura district,128946
tripura,2018,2,district,south tripura district,27584
tripura,2018,2,district,gomati district,23010
tripura,2018,2,district,sepahijala district,20075
tripura,2018,2,district,dhalai district,18638
tripura,2018,2,district,north tripura district,17271
tripura,2018,2,district,khowai district,14660
tripura,2018,2,district,unakoti district,12799
tripura,2018,3,district,west tripura district,194123
tripura,2018,3,district,south tripura district,57920
tripura,2018,3,district,gomati district,44655
tripura,2018,3,district,unakoti district,38179
tripura,2018,3,district,sepahijala district,35049
tripura,2018,3,district,north tripura district,29674
tripura,2018,3,district,dhalai district,28322
tripura,2018,3,district,khowai district,18823
tripura,2018,4,district,west tripura district,224269
tripura,2018,4,district,south tripura district,61363
tripura,2018,4,district,gomati district,55761
tripura,2018,4,district,sepahijala district,54790
tripura,2018,4,district,north tripura district,42033
tripura,2018,4,district,dhalai district,36678
tripura,2018,4,district,khowai district,33475
tripura,2018,4,district,unakoti district,29995
tripura,2019,1,district,west tripura district,327273
tripura,2019,1,district,south tripura district,81921
tripura,2019,1,district,gomati district,74708
tripura,2019,1,district,sepahijala district,70159
tripura,2019,1,district,khowai district,45730
tripura,2019,1,district,north tripura district,44870
tripura,2019,1,district,dhalai district,43339
tripura,2019,1,district,unakoti district,34617
tripura,2019,2,district,west tripura district,367901
tripura,2019,2,district,south tripura district,89411
tripura,2019,2,district,gomati district,76238
tripura,2019,2,district,sepahijala district,68687
tripura,2019,2,district,dhalai district,55252
tripura,2019,2,district,north tripura district,53252
tripura,2019,2,district,khowai district,41913
tripura,2019,2,district,unakoti district,34527
tripura,2019,3,district,west tripura district,449194
tripura,2019,3,district,gomati district,82627
tripura,2019,3,district,south tripura district,82315
tripura,2019,3,district,sepahijala district,72652
tripura,2019,3,district,north tripura district,62269
tripura,2019,3,district,dhalai district,56867
tripura,2019,3,district,khowai district,39318
tripura,2019,3,district,unakoti district,35033
tripura,2019,4,district,west tripura district,495581
tripura,2019,4,district,gomati district,102923
tripura,2019,4,district,south tripura district,95386
tripura,2019,4,district,sepahijala district,83076
tripura,2019,4,district,north tripura district,77167
tripura,2019,4,district,dhalai district,66768
tripura,2019,4,district,unakoti district,51108
tripura,2019,4,district,khowai district,45653
tripura,2020,1,district,west tripura district,542094
tripura,2020,1,district,south tripura district,110882
tripura,2020,1,district,gomati district,109305
tripura,2020,1,district,sepahijala district,92607
tripura,2020,1,district,north tripura district,90682
tripura,2020,1,district,dhalai district,77454
tripura,2020,1,district,khowai district,54100
tripura,2020,1,district,unakoti district,52866
tripura,2020,2,district,west tripura district,469596
tripura,2020,2,district,south tripura district,145072
tripura,2020,2,district,gomati district,131596
tripura,2020,2,district,sepahijala district,125922
tripura,2020,2,district,north tripura district,122839
tripura,2020,2,district,dhalai district,112919
tripura,2020,2,district,unakoti district,74515
tripura,2020,2,district,khowai district,70908
tripura,2020,3,district,west tripura district,648739
tripura,2020,3,district,south tripura district,190647
tripura,2020,3,district,gomati district,172617
tripura,2020,3,district,sepahijala district,168499
tripura,2020,3,district,north tripura district,161272
tripura,2020,3,district,dhalai district,147294
tripura,2020,3,district,unakoti district,94603
tripura,2020,3,district,khowai district,93327
tripura,2020,4,district,west tripura district,803630
tripura,2020,4,district,south tripura district,215761
tripura,2020,4,district,gomati district,199979
tripura,2020,4,district,north tripura district,194784
tripura,2020,4,district,sepahijala district,178617
tripura,2020,4,district,dhalai district,164517
tripura,2020,4,district,unakoti district,110177
tripura,2020,4,district,khowai district,100302
tripura,2021,1,district,west tripura district,875229
tripura,2021,1,district,south tripura district,202967
tripura,2021,1,district,north tripura district,198769
tripura,2021,1,district,gomati district,192876
tripura,2021,1,district,sepahijala district,176720
tripura,2021,1,district,dhalai district,160302
tripura,2021,1,district,unakoti district,110468
tripura,2021,1,district,khowai district,95213
tripura,2021,2,district,west tripura district,1006564
tripura,2021,2,district,north tripura district,260644
tripura,2021,2,district,south tripura district,242659
tripura,2021,2,district,gomati district,238667
tripura,2021,2,district,sepahijala district,217223
tripura,2021,2,district,dhalai district,200139
tripura,2021,2,district,unakoti district,145617
tripura,2021,2,district,khowai district,117433
tripura,2021,3,district,west tripura district,1237569
tripura,2021,3,district,north tripura district,311703
tripura,2021,3,district,gomati district,265509
tripura,2021,3,district,south tripura district,264045
tripura,2021,3,district,sepahijala district,256192
tripura,2021,3,district,dhalai district,240832
tripura,2021,3,district,unakoti district,173389
tripura,2021,3,district,khowai district,127177
tripura,2021,4,district,west tripura district,1312626
tripura,2021,4,district,north tripura district,327493
tripura,2021,4,district,gomati district,271665
tripura,2021,4,district,south tripura district,265410
tripura,2021,4,district,sepahijala district,261198
tripura,2021,4,district,dhalai district,240103
tripura,2021,4,district,unakoti district,184222
tripura,2021,4,district,khowai district,134849
tripura,2022,1,district,west tripura district,1677305
tripura,2022,1,district,north tripura district,443571
tripura,2022,1,district,gomati district,349404
tripura,2022,1,district,south tripura district,330759
tripura,2022,1,district,sepahijala district,322970
tripura,2022,1,district,dhalai district,300342
tripura,2022,1,district,unakoti district,247434
tripura,2022,1,district,khowai district,169720
tripura,2022,2,district,west tripura district,2073205
tripura,2022,2,district,north tripura district,513894
tripura,2022,2,district,gomati district,416024
tripura,2022,2,district,sepahijala district,378560
tripura,2022,2,district,south tripura district,374114
tripura,2022,2,district,dhalai district,365967
tripura,2022,2,district,unakoti district,274226
tripura,2022,2,district,khowai district,202036
tripura,2022,3,district,west tripura district,2632612
tripura,2022,3,district,north tripura district,679896
tripura,2022,3,district,gomati district,514956
tripura,2022,3,district,dhalai district,472565
tripura,2022,3,district,sepahijala district,470597
tripura,2022,3,district,south tripura district,461661
tripura,2022,3,district,unakoti district,330453
tripura,2022,3,district,khowai district,251512
tripura,2022,4,district,west tripura district,2847150
tripura,2022,4,district,north tripura district,814158
tripura,2022,4,district,gomati district,541925
tripura,2022,4,district,south tripura district,512386
tripura,2022,4,district,sepahijala district,498118
tripura,2022,4,district,dhalai district,475574
tripura,2022,4,district,unakoti district,389288
tripura,2022,4,district,khowai district,282175
tripura,2023,1,district,west tripura district,3219463
tripura,2023,1,district,north tripura district,1016376
tripura,2023,1,district,gomati district,647759
tripura,2023,1,district,south tripura district,633680
tripura,2023,1,district,sepahijala district,615317
tripura,2023,1,district,dhalai district,596445
tripura,2023,1,district,unakoti district,478096
tripura,2023,1,district,khowai district,357837
tripura,2023,2,district,west tripura district,3622736
tripura,2023,2,district,north tripura district,1184505
tripura,2023,2,district,gomati district,725607
tripura,2023,2,district,south tripura district,706051
tripura,2023,2,district,sepahijala district,683849
tripura,2023,2,district,dhalai district,663264
tripura,2023,2,district,unakoti district,555845
tripura,2023,2,district,khowai district,376382
tripura,2023,3,district,west tripura district,4226918
tripura,2023,3,district,north tripura district,1346083
tripura,2023,3,district,gomati district,779079
tripura,2023,3,district,south tripura district,755884
tripura,2023,3,district,sepahijala district,754411
tripura,2023,3,district,dhalai district,742987
tripura,2023,3,district,unakoti district,618048
tripura,2023,3,district,khowai district,408131
tripura,2023,4,district,west tripura district,4609856
tripura,2023,4,district,north tripura district,1553774
tripura,2023,4,district,south tripura district,880952
tripura,2023,4,district,gomati district,871737
tripura,2023,4,district,dhalai district,822142
tripura,2023,4,district,sepahijala district,809040
tripura,2023,4,district,unakoti district,695246
tripura,2023,4,district,khowai district,464871
tripura,2024,1,district,west tripura district,4861115
tripura,2024,1,district,north tripura district,1749810
tripura,2024,1,district,south tripura district,990991
tripura,2024,1,district,gomati district,929228
tripura,2024,1,district,dhalai district,892200
tripura,2024,1,district,sepahijala district,876687
tripura,2024,1,district,unakoti district,764173
tripura,2024,1,district,khowai district,517295
tripura,2024,2,district,west tripura district,5559265
tripura,2024,2,district,north tripura district,2037562
tripura,2024,2,district,south tripura district,1141395
tripura,2024,2,district,gomati district,1127460
tripura,2024,2,district,dhalai district,1063392
tripura,2024,2,district,sepahijala district,1023156
tripura,2024,2,district,unakoti district,913547
tripura,2024,2,district,khowai district,626990
tripura,2024,3,district,west tripura district,6239429
tripura,2024,3,district,north tripura district,2216916
tripura,2024,3,district,south tripura district,1146392
tripura,2024,3,district,gomati district,1136489
tripura,2024,3,district,dhalai district,1104927
tripura,2024,3,district,sepahijala district,1076543
tripura,2024,3,district,unakoti district,999990
tripura,2024,3,district,khowai district,654720
tripura,2024,4,district,west tripura district,6899595
tripura,2024,4,district,north tripura district,2288842
tripura,2024,4,district,south tripura district,1321958
tripura,2024,4,district,gomati district,1304759
tripura,2024,4,district,dhalai district,1248086
tripura,2024,4,district,sepahijala district,1205430
tripura,2024,4,district,unakoti district,1027736
tripura,2024,4,district,khowai district,738176
tripura,2025,1,district,west tripura district,7781449
tripura,2025,1,district,north tripura district,2847202
tripura,2025,1,district,gomati district,1520344
tripura,2025,1,district,south tripura district,1497235
tripura,2025,1,district,dhalai district,1470573
tripura,2025,1,district,sepahijala district,1385531
tripura,2025,1,district,unakoti district,1273441
tripura,2025,1,district,khowai district,846302
tripura,2025,2,district,west tripura district,7756747
tripura,2025,2,district,north tripura district,2886003
tripura,2025,2,district,south tripura district,1532626
tripura,2025,2,district,gomati district,1526222
tripura,2025,2,district,dhalai district,1472794
tripura,2025,2,district,sepahijala district,1400803
tripura,2025,2,district,unakoti district,1323508
tripura,2025,2,district,khowai district,854523
tripura,2025,3,district,west tripura district,8741832
tripura,2025,3,district,north tripura district,3214657
tripura,2025,3,district,south tripura district,1685995
tripura,2025,3,district,gomati district,1656260
tripura,2025,3,district,dhalai district,1590396
tripura,2025,3,district,sepahijala district,1504160
tripura,2025,3,district,unakoti district,1456113
tripura,2025,3,district,khowai district,942480
tripura,2025,4,district,west tripura district,8776035
tripura,2025,4,district,north tripura district,3386632
tripura,2025,4,district,gomati district,1669879
tripura,2025,4,district,south tripura district,1662356
tripura,2025,4,district,dhalai district,1536934
tripura,2025,4,district,sepahijala district,1483258
tripura,2025,4,district,unakoti district,1471079
tripura,2025,4,district,khowai district,927563
tripura,2026,1,district,west tripura district,9290827
tripura,2026,1,district,north tripura district,3539235
tripura,2026,1,district,south tripura district,1781895
tripura,2026,1,district,gomati district,1754365
tripura,2026,1,district,dhalai district,1625826
tripura,2026,1,district,sepahijala district,1574390
tripura,2026,1,district,unakoti district,1545684
tripura,2026,1,district,khowai district,985028
tripura,2026,2,district,west tripura district,9674111
tripura,2026,2,district,north tripura district,3562235
tripura,2026,2,district,gomati district,1849515
tripura,2026,2,district,south tripura district,1793135
tripura,2026,2,district,dhalai district,1672139
tripura,2026,2,district,sepahijala district,1664679
tripura,2026,2,district,unakoti district,1633398
tripura,2026,2,district,khowai district,1013782
uttar-pradesh,2018,1,district,gautambuddha nagar district,1257362
uttar-pradesh,2018,1,district,lucknow district,1123531
uttar-pradesh,2018,1,district,prayagraj district,774844
uttar-pradesh,2018,1,district,ghaziabad district,756948
uttar-pradesh,2018,1,district,varanasi district,686479
uttar-pradesh,2018,1,district,kanpur nagar district,580121
uttar-pradesh,2018,1,district,gorakhpur district,404274
uttar-pradesh,2018,1,district,bareilly district,374615
uttar-pradesh,2018,1,district,agra district,367958
uttar-pradesh,2018,1,district,meerut district,324748
uttar-pradesh,2018,2,district,gautambuddha nagar district,1701011
uttar-pradesh,2018,2,district,lucknow district,1497476
uttar-pradesh,2018,2,district,ghaziabad district,1034920
uttar-pradesh,2018,2,district,varanasi district,977550
uttar-pradesh,2018,2,district,prayagraj district,964872
uttar-pradesh,2018,2,district,kanpur nagar district,788308
uttar-pradesh,2018,2,district,gorakhpur district,554274
uttar-pradesh,2018,2,district,agra district,479059
uttar-pradesh,2018,2,district,jaunpur district,463339
uttar-pradesh,2018,2,district,bareilly district,457982
uttar-pradesh,2018,3,district,varanasi district,3705261
uttar-pradesh,2018,3,district,gautambuddha nagar district,3065832
uttar-pradesh,2018,3,district,lucknow district,1947018
uttar-pradesh,2018,3,district,ghaziabad district,1532782
uttar-pradesh,2018,3,district,sitapur district,1375605
uttar-pradesh,2018,3,district,prayagraj district,1242134
uttar-pradesh,2018,3,district,kanpur nagar district,991166
uttar-pradesh,2018,3,district,gorakhpur district,677840
uttar-pradesh,2018,3,district,lakhimpur kheri district,657168
uttar-pradesh,2018,3,district,bareilly district,594323
uttar-pradesh,2018,4,district,gautambuddha nagar district,6294978
uttar-pradesh,2018,4,district,ghaziabad district,3054675
uttar-pradesh,2018,4,district,lucknow district,2930782
uttar-pradesh,2018,4,district,varanasi district,2015548
uttar-pradesh,2018,4,district,prayagraj district,1834023
uttar-pradesh,2018,4,district,kanpur nagar district,1408889
uttar-pradesh,2018,4,district,gorakhpur district,1024261
uttar-pradesh,2018,4,district,bareilly district,861573
uttar-pradesh,2018,4,district,agra district,814180
uttar-pradesh,2018,4,district,meerut district,813449
uttar-pradesh,2019,1,district,gautambuddha nagar district,12176763
uttar-pradesh,2019,1,district,ghaziabad district,5045319
uttar-pradesh,2019,1,district,lucknow district,4605763
uttar-pradesh,2019,1,district,prayagraj district,2951568
uttar-pradesh,2019,1,district,varanasi district,2602461
uttar-pradesh,2019,1,district,kanpur nagar district,2125024
uttar-pradesh,2019,1,district,gorakhpur district,1537816
uttar-pradesh,2019,1,district,bareilly district,1366732
uttar-pradesh,2019,1,district,meerut district,1325976
uttar-pradesh,2019,1,district,agra district,1275539
uttar-pradesh,2019,2,district,gautambuddha nagar district,12908956
uttar-pradesh,2019,2,district,ghaziabad district,6033627
uttar-pradesh,2019,2,district,lucknow district,5251031
uttar-pradesh,2019,2,district,prayagraj district,2859774
uttar-pradesh,2019,2,district,kanpur nagar district,2457765
uttar-pradesh,2019,2,district,varanasi district,2417728
uttar-pradesh,2019,2,district,gorakhpur district,1668099
uttar-pradesh,2019,2,district,agra district,1546950
uttar-pradesh,2019,2,district,meerut district,1460959
uttar-pradesh,2019,2,district,bareilly district,1258434
uttar-pradesh,2019,3,district,gautambuddha nagar district,16921676
uttar-pradesh,2019,3,district,ghaziabad district,7799373
uttar-pradesh,2019,3,district,lucknow district,6597153
uttar-pradesh,2019,3,district,prayagraj district,3245195
uttar-pradesh,2019,3,district,kanpur nagar district,3045082
uttar-pradesh,2019,3,district,varanasi district,2709830
uttar-pradesh,2019,3,district,agra district,2130625
uttar-pradesh,2019,3,district,meerut district,1701743
uttar-pradesh,2019,3,district,gorakhpur district,1639255
uttar-pradesh,2019,3,district,bareilly district,1480821
uttar-pradesh,2019,4,district,gautambuddha nagar district,20550917
uttar-pradesh,2019,4,district,ghaziabad district,9093858
uttar-pradesh,2019,4,district,lucknow district,7425228
uttar-pradesh,2019,4,district,varanasi district,5043012
uttar-pradesh,2019,4,district,prayagraj district,3994555
uttar-pradesh,2019,4,district,kanpur nagar district,3400548
uttar-pradesh,2019,4,district,agra district,2500647
uttar-pradesh,2019,4,district,meerut district,2125121
uttar-pradesh,2019,4,district,gorakhpur district,2119343
uttar-pradesh,2019,4,district,bareilly district,1720438
uttar-pradesh,2020,1,district,gautambuddha nagar district,21812961
uttar-pradesh,2020,1,district,ghaziabad district,9994494
uttar-pradesh,2020,1,district,lucknow district,8014717
uttar-pradesh,2020,1,district,prayagraj district,4285510
uttar-pradesh,2020,1,district,varanasi district,3908834
uttar-pradesh,2020,1,district,kanpur nagar district,3834105
uttar-pradesh,2020,1,district,agra district,3081825
uttar-pradesh,2020,1,district,meerut district,2504889
uttar-pradesh,2020,1,district,gorakhpur district,2397971
uttar-pradesh,2020,1,district,bareilly district,1946958
uttar-pradesh,2020,2,district,gautambuddha nagar district,13414751
uttar-pradesh,2020,2,district,ghaziabad district,9095731
uttar-pradesh,2020,2,district,lucknow district,5831503
uttar-pradesh,2020,2,district,kanpur nagar district,3447236
uttar-pradesh,2020,2,district,prayagraj district,3417886
uttar-pradesh,2020,2,district,agra district,3060437
uttar-pradesh,2020,2,district,varanasi district,2932590
uttar-pradesh,2020,2,district,meerut district,2673325
uttar-pradesh,2020,2,district,gorakhpur district,2658812
uttar-pradesh,2020,2,district,aligarh district,2196232
uttar-pradesh,2020,3,district,gautambuddha nagar district,21399302
uttar-pradesh,2020,3,district,ghaziabad district,12599999
uttar-pradesh,2020,3,district,lucknow district,9109295
uttar-pradesh,2020,3,district,prayagraj district,4760795
uttar-pradesh,2020,3,district,kanpur nagar district,4682605
uttar-pradesh,2020,3,district,agra district,4118732
uttar-pradesh,2020,3,district,varanasi district,4021286
uttar-pradesh,2020,3,district,gorakhpur district,3604161
uttar-pradesh,2020,3,district,meerut district,3570166
uttar-pradesh,2020,3,district,jaunpur district,2585294
uttar-pradesh,2020,4,district,gautambuddha nagar district,30843204
uttar-pradesh,2020,4,district,ghaziabad district,17120026
uttar-pradesh,2020,4,district,lucknow district,13347963
uttar-pradesh,2020,4,district,prayagraj district,6771357
uttar-pradesh,2020,4,district,kanpur nagar district,6531198
uttar-pradesh,2020,4,district,agra district,5772702
uttar-pradesh,2020,4,district,varanasi district,5654270
uttar-pradesh,2020,4,district,gorakhpur district,4928379
uttar-pradesh,2020,4,district,meerut district,4926635
uttar-pradesh,2020,4,district,aligarh district,3489707
uttar-pradesh,2021,1,district,gautambuddha nagar district,39323851
uttar-pradesh,2021,1,district,ghaziabad district,20178309
uttar-pradesh,2021,1,district,lucknow district,17339893
uttar-pradesh,2021,1,district,prayagraj district,8663265
uttar-pradesh,2021,1,district,kanpur nagar district,7807231
uttar-pradesh,2021,1,district,agra district,7106060
uttar-pradesh,2021,1,district,varanasi district,6840324
uttar-pradesh,2021,1,district,meerut district,5887265
uttar-pradesh,2021,1,district,gorakhpur district,5367759
uttar-pradesh,2021,1,district,mathura district,4346670
uttar-pradesh,2021,2,district,gautambuddha nagar district,36697873
uttar-pradesh,2021,2,district,ghaziabad district,21437306
uttar-pradesh,2021,2,district,lucknow district,15642750
uttar-pradesh,2021,2,district,prayagraj district,8911894
uttar-pradesh,2021,2,district,kanpur nagar district,8658341
uttar-pradesh,2021,2,district,agra district,8361806
uttar-pradesh,2021,2,district,varanasi district,7346664
uttar-pradesh,2021,2,district,meerut district,6987832
uttar-pradesh,2021,2,district,gorakhpur district,6844884
uttar-pradesh,2021,2,district,aligarh district,5411345
uttar-pradesh,2021,3,district,gautambuddha nagar district,52958346
uttar-pradesh,2021,3,district,ghaziabad district,28102943
uttar-pradesh,2021,3,district,lucknow district,25241280
uttar-pradesh,2021,3,district,prayagraj district,12526672
uttar-pradesh,2021,3,district,kanpur nagar district,11434721
uttar-pradesh,2021,3,district,agra district,11270994
uttar-pradesh,2021,3,district,varanasi district,10233038
uttar-pradesh,2021,3,district,meerut district,9235617
uttar-pradesh,2021,3,district,gorakhpur district,8411761
uttar-pradesh,2021,3,district,mathura district,7266908
uttar-pradesh,2021,4,district,gautambuddha nagar district,56613483
uttar-pradesh,2021,4,district,ghaziabad district,30017225
uttar-pradesh,2021,4,district,lucknow district,28705049
uttar-pradesh,2021,4,district,prayagraj district,14828651
uttar-pradesh,2021,4,district,agra district,12915603
uttar-pradesh,2021,4,district,kanpur nagar district,12832851
uttar-pradesh,2021,4,district,varanasi district,11577779
uttar-pradesh,2021,4,district,meerut district,10561058
uttar-pradesh,2021,4,district,gorakhpur district,9682838
uttar-pradesh,2021,4,district,saharanpur district,8639378
uttar-pradesh,2022,1,district,gautambuddha nagar district,71227942
uttar-pradesh,2022,1,district,ghaziabad district,37486076
uttar-pradesh,2022,1,district,lucknow district,35834472
uttar-pradesh,2022,1,district,prayagraj district,18639273
uttar-pradesh,2022,1,district,agra district,16946277
uttar-pradesh,2022,1,district,kanpur nagar district,16153199
uttar-pradesh,2022,1,district,varanasi district,15224578
uttar-pradesh,2022,1,district,meerut district,13678525
uttar-pradesh,2022,1,district,gorakhpur district,12068702
uttar-pradesh,2022,1,district,mathura district,11232335
uttar-pradesh,2022,2,district,gautambuddha nagar district,92498119
uttar-pradesh,2022,2,district,ghaziabad district,45679235
uttar-pradesh,2022,2,district,lucknow district,44452885
uttar-pradesh,2022,2,district,prayagraj district,23363968
uttar-pradesh,2022,2,district,agra district,20239606
uttar-pradesh,2022,2,district,kanpur nagar district,19747443
uttar-pradesh,2022,2,district,varanasi district,18844648
uttar-pradesh,2022,2,district,meerut district,17046572
uttar-pradesh,2022,2,district,gorakhpur district,15428001
uttar-pradesh,2022,2,district,mathura district,13574587
uttar-pradesh,2022,3,district,gautambuddha nagar district,111692643
uttar-pradesh,2022,3,district,lucknow district,53536580
uttar-pradesh,2022,3,district,ghaziabad district,53520995
uttar-pradesh,2022,3,district,prayagraj district,27928283
uttar-pradesh,2022,3,district,agra district,24675271
uttar-pradesh,2022,3,district,kanpur nagar district,22969562
uttar-pradesh,2022,3,district,varanasi district,22194072
uttar-pradesh,2022,3,district,meerut district,20040556
uttar-pradesh,2022,3,district,gorakhpur district,17514207
uttar-pradesh,2022,3,district,mathura district,17149927
uttar-pradesh,2022,4,district,gautambuddha nagar district,119632750
uttar-pradesh,2022,4,district,lucknow district,59824623
uttar-pradesh,2022,4,district,ghaziabad district,58391964
uttar-pradesh,2022,4,district,prayagraj district,31004491
uttar-pradesh,2022,4,district,agra district,27681121
uttar-pradesh,2022,4,district,kanpur nagar district,25919947
uttar-pradesh,2022,4,district,varanasi district,24873145
uttar-pradesh,2022,4,district,meerut district,22744367
uttar-pradesh,2022,4,district,gorakhpur district,20808126
uttar-pradesh,2022,4,district,mathura district,19003206
uttar-pradesh,2023,1,district,gautambuddha nagar district,133151137
uttar-pradesh,2023,1,district,lucknow district,65638151
uttar-pradesh,2023,1,district,ghaziabad district,64976836
uttar-pradesh,2023,1,district,prayagraj district,34999463
uttar-pradesh,2023,1,district,agra district,30465528
uttar-pradesh,2023,1,district,kanpur nagar district,28717735
uttar-pradesh,2023,1,district,varanasi district,27767210
uttar-pradesh,2023,1,district,meerut district,25533304
uttar-pradesh,2023,1,district,gorakhpur district,22803524
uttar-pradesh,2023,1,district,mathura district,22433476
uttar-pradesh,2023,2,district,gautambuddha nagar district,160526920
uttar-pradesh,2023,2,district,ghaziabad district,76747805
uttar-pradesh,2023,2,district,lucknow district,75492496
uttar-pradesh,2023,2,district,prayagraj district,41003073
uttar-pradesh,2023,2,district,agra district,36089875
uttar-pradesh,2023,2,district,kanpur nagar district,33210049
uttar-pradesh,2023,2,district,varanasi district,33055048
uttar-pradesh,2023,2,district,meerut district,30175218
uttar-pradesh,2023,2,district,gorakhpur district,28797205
uttar-pradesh,2023,2,district,mathura district,27397886
uttar-pradesh,2023,3,district,gautambuddha nagar district,184492827
uttar-pradesh,2023,3,district,ghaziabad district,87402526
uttar-pradesh,2023,3,district,lucknow district,86296422
uttar-pradesh,2023,3,district,prayagraj district,45898042
uttar-pradesh,2023,3,district,agra district,41501861
uttar-pradesh,2023,3,district,varanasi district,37040996
uttar-pradesh,2023,3,district,kanpur nagar district,36852028
uttar-pradesh,2023,3,district,meerut district,34066809
uttar-pradesh,2023,3,district,mathura district,32740799
uttar-pradesh,2023,3,district,gorakhpur district,30173047
uttar-pradesh,2023,4,district,gautambuddha nagar district,196791106
uttar-pradesh,2023,4,district,ghaziabad district,96758075
uttar-pradesh,2023,4,district,lucknow district,94383819
uttar-pradesh,2023,4,district,prayagraj district,52195878
uttar-pradesh,2023,4,district,agra district,47849341
uttar-pradesh,2023,4,district,varanasi district,41306595
uttar-pradesh,2023,4,district,kanpur nagar district,40802565
uttar-pradesh,2023,4,district,meerut district,39463045
uttar-pradesh,2023,4,district,mathura district,36596067
uttar-pradesh,2023,4,district,gorakhpur district,36029054
uttar-pradesh,2024,1,district,gautambuddha nagar district,219918587
uttar-pradesh,2024,1,district,ghaziabad district,106900650
uttar-pradesh,2024,1,district,lucknow district,99045904
uttar-pradesh,2024,1,district,prayagraj district,59439388
uttar-pradesh,2024,1,district,agra district,55445487
uttar-pradesh,2024,1,district,varanasi district,45835266
uttar-pradesh,2024,1,district,meerut district,44612257
uttar-pradesh,2024,1,district,kanpur nagar district,44236502
uttar-pradesh,2024,1,district,mathura district,43545657
uttar-pradesh,2024,1,district,aligarh district,41129191
uttar-pradesh,2024,2,district,gautambuddha nagar district,271681049
uttar-pradesh,2024,2,district,ghaziabad district,130984432
uttar-pradesh,2024,2,district,lucknow district,114916751
uttar-pradesh,2024,2,district,prayagraj district,68774703
uttar-pradesh,2024,2,district,agra district,64913986
uttar-pradesh,2024,2,district,varanasi district,53592765
uttar-pradesh,2024,2,district,meerut district,53108542
uttar-pradesh,2024,2,district,kanpur nagar district,51715494
uttar-pradesh,2024,2,district,mathura district,50447268
uttar-pradesh,2024,2,district,aligarh district,47877594
uttar-pradesh,2024,3,district,gautambuddha nagar district,298306360
uttar-pradesh,2024,3,district,ghaziabad district,142861688
uttar-pradesh,2024,3,district,lucknow district,127944814
uttar-pradesh,2024,3,district,prayagraj district,73739992
uttar-pradesh,2024,3,district,agra district,70324375
uttar-pradesh,2024,3,district,varanasi district,57527806
uttar-pradesh,2024,3,district,meerut district,56365686
uttar-pradesh,2024,3,district,mathura district,56101885
uttar-pradesh,2024,3,district,kanpur nagar district,55482453
uttar-pradesh,2024,3,district,aligarh district,51766322
uttar-pradesh,2024,4,district,gautambuddha nagar district,315171462
uttar-pradesh,2024,4,district,ghaziabad district,155752095
uttar-pradesh,2024,4,district,lucknow district,139962588
uttar-pradesh,2024,4,district,prayagraj district,82781060
uttar-pradesh,2024,4,district,agra district,77921014
uttar-pradesh,2024,4,district,varanasi district,64224190
uttar-pradesh,2024,4,district,meerut district,62280192
uttar-pradesh,2024,4,district,kanpur nagar district,61281429
uttar-pradesh,2024,4,district,mathura district,59929805
uttar-pradesh,2024,4,district,gorakhpur district,56851253
uttar-pradesh,2025,1,district,gautambuddha nagar district,329723690
uttar-pradesh,2025,1,district,ghaziabad district,159261063
uttar-pradesh,2025,1,district,lucknow district,144727031
uttar-pradesh,2025,1,district,prayagraj district,98894637
uttar-pradesh,2025,1,district,agra district,80649657
uttar-pradesh,2025,1,district,varanasi district,70630433
uttar-pradesh,2025,1,district,kanpur nagar district,64005983
uttar-pradesh,2025,1,district,meerut district,62714207
uttar-pradesh,2025,1,district,mathura district,62542899
uttar-pradesh,2025,1,district,gorakhpur district,57859577
uttar-pradesh,2025,2,district,gautambuddha nagar district,354355389
uttar-pradesh,2025,2,district,ghaziabad district,169007131
uttar-pradesh,2025,2,district,lucknow district,151167537
uttar-pradesh,2025,2,district,prayagraj district,89947249
uttar-pradesh,2025,2,district,agra district,87191579
uttar-pradesh,2025,2,district,varanasi district,70472150
uttar-pradesh,2025,2,district,meerut district,69332077
uttar-pradesh,2025,2,district,mathura district,68195825
uttar-pradesh,2025,2,district,kanpur nagar district,65978957
uttar-pradesh,2025,2,district,gorakhpur district,64272509
uttar-pradesh,2025,3,district,gautambuddha nagar district,387124767
uttar-pradesh,2025,3,district,ghaziabad district,182812786
uttar-pradesh,2025,3,district,lucknow district,163729848
uttar-pradesh,2025,3,district,prayagraj district,92730504
uttar-pradesh,2025,3,district,agra district,92687977
uttar-pradesh,2025,3,district,mathura district,75861820
uttar-pradesh,2025,3,district,varanasi district,73880459
uttar-pradesh,2025,3,district,meerut district,73423474
uttar-pradesh,2025,3,district,kanpur nagar district,68728037
uttar-pradesh,2025,3,district,aligarh district,68098117
uttar-pradesh,2025,4,district,gautambuddha nagar district,386375774
uttar-pradesh,2025,4,district,ghaziabad district,187701710
uttar-pradesh,2025,4,district,lucknow district,173795111
uttar-pradesh,2025,4,district,prayagraj district,101280554
uttar-pradesh,2025,4,district,agra district,98424640
uttar-pradesh,2025,4,district,varanasi district,81049281
uttar-pradesh,2025,4,district,mathura district,79802059
uttar-pradesh,2025,4,district,meerut district,78176512
uttar-pradesh,2025,4,district,kanpur nagar district,74161905
uttar-pradesh,2025,4,district,aligarh district,72625401
uttar-pradesh,2026,1,district,gautambuddha nagar district,390944738
uttar-pradesh,2026,1,district,ghaziabad district,187059378
uttar-pradesh,2026,1,district,lucknow district,175711947
uttar-pradesh,2026,1,district,prayagraj district,105128042
uttar-pradesh,2026,1,district,agra district,100455072
uttar-pradesh,2026,1,district,varanasi district,85002819
uttar-pradesh,2026,1,district,mathura district,82227835
uttar-pradesh,2026,1,district,meerut district,77861280
uttar-pradesh,2026,1,district,kanpur nagar district,75984056
uttar-pradesh,2026,1,district,aligarh district,74362346
uttar-pradesh,2026,2,district,gautambuddha nagar district,431415785
uttar-pradesh,2026,2,district,ghaziabad district,205969183
uttar-pradesh,2026,2,district,lucknow district,192163913
uttar-pradesh,2026,2,district,prayagraj district,112729000
uttar-pradesh,2026,2,district,agra district,109610679
uttar-pradesh,2026,2,district,varanasi district,92690252
uttar-pradesh,2026,2,district,mathura district,90335602
uttar-pradesh,2026,2,district,meerut district,86313793
uttar-pradesh,2026,2,district,gorakhpur district,84223276
uttar-pradesh,2026,2,district,kanpur nagar district,82570995
uttarakhand,2018,1,district,udham singh nagar district,397700
uttarakhand,2018,1,district,dehradun district,370254
uttarakhand,2018,1,district,haridwar district,332946
uttarakhand,2018,1,district,nainital district,126890
uttarakhand,2018,1,district,pauri garhwal district,58399
uttarakhand,2018,1,district,tehri garhwal district,36482
uttarakhand,2018,1,district,almora district,29763
uttarakhand,2018,1,district,pithoragarh district,23194
uttarakhand,2018,1,district,chamoli district,20140
uttarakhand,2018,1,district,uttarkashi district,15832
uttarakhand,2018,2,district,dehradun district,521788
uttarakhand,2018,2,district,udham singh nagar district,479039
uttarakhand,2018,2,district,haridwar district,442775
uttarakhand,2018,2,district,nainital district,168779
uttarakhand,2018,2,district,pauri garhwal district,101890
uttarakhand,2018,2,district,tehri garhwal district,58342
uttarakhand,2018,2,district,almora district,45876
uttarakhand,2018,2,district,pithoragarh district,38247
uttarakhand,2018,2,district,chamoli district,28473
uttarakhand,2018,2,district,uttarkashi district,22508
uttarakhand,2018,3,district,udham singh nagar district,743268
uttarakhand,2018,3,district,dehradun district,644105
uttarakhand,2018,3,district,haridwar district,547139
uttarakhand,2018,3,district,nainital district,189611
uttarakhand,2018,3,district,pauri garhwal district,102375
uttarakhand,2018,3,district,tehri garhwal district,62870
uttarakhand,2018,3,district,almora district,58330
uttarakhand,2018,3,district,pithoragarh district,45371
uttarakhand,2018,3,district,chamoli district,35533
uttarakhand,2018,3,district,uttarkashi district,28997
uttarakhand,2018,4,district,udham singh nagar district,952487
uttarakhand,2018,4,district,dehradun district,950905
uttarakhand,2018,4,district,haridwar district,846594
uttarakhand,2018,4,district,nainital district,291705
uttarakhand,2018,4,district,pauri garhwal district,145188
uttarakhand,2018,4,district,tehri garhwal district,93607
uttarakhand,2018,4,district,almora district,83321
uttarakhand,2018,4,district,pithoragarh district,67346
uttarakhand,2018,4,district,chamoli district,56440
uttarakhand,2018,4,district,uttarkashi district,42301
uttarakhand,2019,1,district,udham singh nagar district,2259566
uttarakhand,2019,1,district,haridwar district,1613216
uttarakhand,2019,1,district,dehradun district,1459713
uttarakhand,2019,1,district,nainital district,436434
uttarakhand,2019,1,district,pauri garhwal district,184127
uttarakhand,2019,1,district,tehri garhwal district,122376
uttarakhand,2019,1,district,almora district,101794
uttarakhand,2019,1,district,pithoragarh district,85208
uttarakhand,2019,1,district,chamoli district,73387
uttarakhand,2019,1,district,uttarkashi district,55527
uttarakhand,2019,2,district,dehradun district,1945072
uttarakhand,2019,2,district,haridwar district,1429857
uttarakhand,2019,2,district,udham singh nagar district,1380076
uttarakhand,2019,2,district,nainital district,484859
uttarakhand,2019,2,district,pauri garhwal district,266312
uttarakhand,2019,2,district,tehri garhwal district,197002
uttarakhand,2019,2,district,almora district,157612
uttarakhand,2019,2,district,pithoragarh district,120716
uttarakhand,2019,2,district,chamoli district,106753
uttarakhand,2019,2,district,uttarkashi district,78559
uttarakhand,2019,3,district,dehradun district,2463385
uttarakhand,2019,3,district,haridwar district,1615370
uttarakhand,2019,3,district,udham singh nagar district,1098152
uttarakhand,2019,3,district,nainital district,500678
uttarakhand,2019,3,district,pauri garhwal district,233282
uttarakhand,2019,3,district,tehri garhwal district,181313
uttarakhand,2019,3,district,almora district,130439
uttarakhand,2019,3,district,pithoragarh district,112177
uttarakhand,2019,3,district,chamoli district,108271
uttarakhand,2019,3,district,uttarkashi district,81890
uttarakhand,2019,4,district,dehradun district,3422176
uttarakhand,2019,4,district,haridwar district,1910113
uttarakhand,2019,4,district,udham singh nagar district,1348473
uttarakhand,2019,4,district,nainital district,631016
uttarakhand,2019,4,district,pauri garhwal district,297584
uttarakhand,2019,4,district,tehri garhwal district,233939
uttarakhand,2019,4,district,almora district,177978
uttarakhand,2019,4,district,pithoragarh district,136696
uttarakhand,2019,4,district,chamoli district,129204
uttarakhand,2019,4,district,uttarkashi district,101778
uttarakhand,2020,1,district,dehradun district,3851472
uttarakhand,2020,1,district,haridwar district,2216106
uttarakhand,2020,1,district,udham singh nagar district,1485456
uttarakhand,2020,1,district,nainital district,738450
uttarakhand,2020,1,district,pauri garhwal district,314794
uttarakhand,2020,1,district,tehri garhwal district,266278
uttarakhand,2020,1,district,almora district,180326
uttarakhand,2020,1,district,pithoragarh district,160451
uttarakhand,2020,1,district,chamoli district,152477
uttarakhand,2020,1,district,uttarkashi district,118664
uttarakhand,2020,2,district,dehradun district,2918636
uttarakhand,2020,2,district,haridwar district,1998626
uttarakhand,2020,2,district,udham singh nagar district,1426532
uttarakhand,2020,2,district,nainital district,784639
uttarakhand,2020,2,district,pauri garhwal district,397013
uttarakhand,2020,2,district,tehri garhwal district,340095
uttarakhand,2020,2,district,almora district,297484
uttarakhand,2020,2,district,pithoragarh district,230924
uttarakhand,2020,2,district,chamoli district,216806
uttarakhand,2020,2,district,uttarkashi district,173103
uttarakhand,2020,3,district,dehradun district,4412011
uttarakhand,2020,3,district,haridwar district,2828275
uttarakhand,2020,3,district,udham singh nagar district,1930185
uttarakhand,2020,3,district,nainital district,1093290
uttarakhand,2020,3,district,pauri garhwal district,539199
uttarakhand,2020,3,district,tehri garhwal district,457988
uttarakhand,2020,3,district,almora district,398909
uttarakhand,2020,3,district,pithoragarh district,295803
uttarakhand,2020,3,district,chamoli district,276111
uttarakhand,2020,3,district,uttarkashi district,208873
uttarakhand,2020,4,district,dehradun district,6807983
uttarakhand,2020,4,district,haridwar district,3879022
uttarakhand,2020,4,district,udham singh nagar district,2750266
uttarakhand,2020,4,district,nainital district,1655538
uttarakhand,2020,4,district,pauri garhwal district,774286
uttarakhand,2020,4,district,tehri garhwal district,716246
uttarakhand,2020,4,district,almora district,542065
uttarakhand,2020,4,district,pithoragarh district,411662
uttarakhand,2020,4,district,chamoli district,408339
uttarakhand,2020,4,district,uttarkashi district,300457
uttarakhand,2021,1,district,dehradun district,8938607
uttarakhand,2021,1,district,haridwar district,4759136
uttarakhand,2021,1,district,udham singh nagar district,3040503
uttarakhand,2021,1,district,nainital district,1777762
uttarakhand,2021,1,district,pauri garhwal district,782228
uttarakhand,2021,1,district,tehri garhwal district,735519
uttarakhand,2021,1,district,almora district,425402
uttarakhand,2021,1,district,pithoragarh district,356001
uttarakhand,2021,1,district,chamoli district,348205
uttarakhand,2021,1,district,uttarkashi district,272385
uttarakhand,2021,2,district,dehradun district,8835636
uttarakhand,2021,2,district,haridwar district,5583686
uttarakhand,2021,2,district,udham singh nagar district,3850987
uttarakhand,2021,2,district,nainital district,2137857
uttarakhand,2021,2,district,pauri garhwal district,1035874
uttarakhand,2021,2,district,tehri garhwal district,915931
uttarakhand,2021,2,district,almora district,734445
uttarakhand,2021,2,district,pithoragarh district,537606
uttarakhand,2021,2,district,chamoli district,491597
uttarakhand,2021,2,district,uttarkashi district,392566
uttarakhand,2021,3,district,dehradun district,12452663
uttarakhand,2021,3,district,haridwar district,7384040
uttarakhand,2021,3,district,udham singh nagar district,5091824
uttarakhand,2021,3,district,nainital district,2849318
uttarakhand,2021,3,district,pauri garhwal district,1230484
uttarakhand,2021,3,district,tehri garhwal district,1100445
uttarakhand,2021,3,district,almora district,726461
uttarakhand,2021,3,district,pithoragarh district,573905
uttarakhand,2021,3,district,chamoli district,513421
uttarakhand,2021,3,district,uttarkashi district,398651
uttarakhand,2021,4,district,dehradun district,14181458
uttarakhand,2021,4,district,haridwar district,8123960
uttarakhand,2021,4,district,udham singh nagar district,5736824
uttarakhand,2021,4,district,nainital district,3098567
uttarakhand,2021,4,district,pauri garhwal district,1326212
uttarakhand,2021,4,district,tehri garhwal district,1198413
uttarakhand,2021,4,district,almora district,744828
uttarakhand,2021,4,district,pithoragarh district,600375
uttarakhand,2021,4,district,chamoli district,546596
uttarakhand,2021,4,district,uttarkashi district,414073
uttarakhand,2022,1,district,dehradun district,16812696
uttarakhand,2022,1,district,haridwar district,10414592
uttarakhand,2022,1,district,udham singh nagar district,7474194
uttarakhand,2022,1,district,nainital district,3832274
uttarakhand,2022,1,district,pauri garhwal district,1596469
uttarakhand,2022,1,district,tehri garhwal district,1440138
uttarakhand,2022,1,district,almora district,820418
uttarakhand,2022,1,district,pithoragarh district,693779
uttarakhand,2022,1,district,chamoli district,626927
uttarakhand,2022,1,district,uttarkashi district,485922
uttarakhand,2022,2,district,dehradun district,21937740
uttarakhand,2022,2,district,haridwar district,13801230
uttarakhand,2022,2,district,udham singh nagar district,9314356
uttarakhand,2022,2,district,nainital district,5050373
uttarakhand,2022,2,district,tehri garhwal district,2450782
uttarakhand,2022,2,district,pauri garhwal district,2239173
uttarakhand,2022,2,district,almora district,1250886
uttarakhand,2022,2,district,pithoragarh district,1031495
uttarakhand,2022,2,district,chamoli district,1016670
uttarakhand,2022,2,district,rudraprayag district,768309
uttarakhand,2022,3,district,dehradun district,24522312
uttarakhand,2022,3,district,haridwar district,16158983
uttarakhand,2022,3,district,udham singh nagar district,11108829
uttarakhand,2022,3,district,nainital district,5615380
uttarakhand,2022,3,district,pauri garhwal district,2214837
uttarakhand,2022,3,district,tehri garhwal district,2180629
uttarakhand,2022,3,district,almora district,1273695
uttarakhand,2022,3,district,chamoli district,1102923
uttarakhand,2022,3,district,pithoragarh district,1092024
uttarakhand,2022,3,district,rudraprayag district,867621
uttarakhand,2022,4,district,dehradun district,27241087
uttarakhand,2022,4,district,haridwar district,17122355
uttarakhand,2022,4,district,udham singh nagar district,12664369
uttarakhand,2022,4,district,nainital district,6387091
uttarakhand,2022,4,district,pauri garhwal district,2484940
uttarakhand,2022,4,district,tehri garhwal district,2451846
uttarakhand,2022,4,district,almora district,1492078
uttarakhand,2022,4,district,pithoragarh district,1326354
uttarakhand,2022,4,district,chamoli district,1185650
uttarakhand,2022,4,district,uttarkashi district,869208
uttarakhand,2023,1,district,dehradun district,28494138
uttarakhand,2023,1,district,haridwar district,18875980
uttarakhand,2023,1,district,udham singh nagar district,14074718
uttarakhand,2023,1,district,nainital district,6794835
uttarakhand,2023,1,district,pauri garhwal district,2575110
uttarakhand,2023,1,district,tehri garhwal district,2558489
uttarakhand,2023,1,district,almora district,1468429
uttarakhand,2023,1,district,pithoragarh district,1382415
uttarakhand,2023,1,district,chamoli district,1111411
uttarakhand,2023,1,district,uttarkashi district,890688
uttarakhand,2023,2,district,dehradun district,34898293
uttarakhand,2023,2,district,haridwar district,24266669
uttarakhand,2023,2,district,udham singh nagar district,17064743
uttarakhand,2023,2,district,nainital district,8852577
uttarakhand,2023,2,district,tehri garhwal district,4268036
uttarakhand,2023,2,district,pauri garhwal district,3631636
uttarakhand,2023,2,district,almora district,2135964
uttarakhand,2023,2,district,chamoli district,1955808
uttarakhand,2023,2,district,pithoragarh district,1885314
uttarakhand,2023,2,district,rudraprayag district,1884703
uttarakhand,2023,3,district,dehradun district,36638820
uttarakhand,2023,3,district,haridwar district,26448332
uttarakhand,2023,3,district,udham singh nagar district,18591791
uttarakhand,2023,3,district,nainital district,8732367
uttarakhand,2023,3,district,tehri garhwal district,3276646
uttarakhand,2023,3,district,pauri garhwal district,3242050
uttarakhand,2023,3,district,almora district,1916552
uttarakhand,2023,3,district,chamoli district,1737384
uttarakhand,2023,3,district,pithoragarh district,1734082
uttarakhand,2023,3,district,rudraprayag district,1536469
uttarakhand,2023,4,district,dehradun district,40073093
uttarakhand,2023,4,district,haridwar district,28595049
uttarakhand,2023,4,district,udham singh nagar district,21464889
uttarakhand,2023,4,district,nainital district,10182038
uttarakhand,2023,4,district,tehri garhwal district,3836981
uttarakhand,2023,4,district,pauri garhwal district,3773796
uttarakhand,2023,4,district,almora district,2233134
uttarakhand,2023,4,district,pithoragarh district,2026028
uttarakhand,2023,4,district,chamoli district,1961917
uttarakhand,2023,4,district,rudraprayag district,1631776
uttarakhand,2024,1,district,dehradun district,40899926
uttarakhand,2024,1,district,haridwar district,31557632
uttarakhand,2024,1,district,udham singh nagar district,23369668
uttarakhand,2024,1,district,nainital district,10175344
uttarakhand,2024,1,district,pauri garhwal district,3735667
uttarakhand,2024,1,district,tehri garhwal district,3731744
uttarakhand,2024,1,district,almora district,2157250
uttarakhand,2024,1,district,pithoragarh district,2092340
uttarakhand,2024,1,district,chamoli district,1663642
uttarakhand,2024,1,district,uttarkashi district,1310689
uttarakhand,2024,2,district,dehradun district,50262413
uttarakhand,2024,2,district,haridwar district,40402413
uttarakhand,2024,2,district,udham singh nagar district,28158989
uttarakhand,2024,2,district,nainital district,13664066
uttarakhand,2024,2,district,tehri garhwal district,6072276
uttarakhand,2024,2,district,pauri garhwal district,5163099
uttarakhand,2024,2,district,almora district,2991592
uttarakhand,2024,2,district,pithoragarh district,2803347
uttarakhand,2024,2,district,chamoli district,2673090
uttarakhand,2024,2,district,rudraprayag district,2445493
uttarakhand,2024,3,district,dehradun district,51893938
uttarakhand,2024,3,district,haridwar district,42567473
uttarakhand,2024,3,district,udham singh nagar district,29392713
uttarakhand,2024,3,district,nainital district,13370826
uttarakhand,2024,3,district,tehri garhwal district,4504321
uttarakhand,2024,3,district,pauri garhwal district,4493524
uttarakhand,2024,3,district,almora district,2538759
uttarakhand,2024,3,district,pithoragarh district,2514823
uttarakhand,2024,3,district,chamoli district,2346387
uttarakhand,2024,3,district,rudraprayag district,1798643
uttarakhand,2024,4,district,dehradun district,56156320
uttarakhand,2024,4,district,haridwar district,43588191
uttarakhand,2024,4,district,udham singh nagar district,32330436
uttarakhand,2024,4,district,nainital district,14949518
uttarakhand,2024,4,district,tehri garhwal district,5007412
uttarakhand,2024,4,district,pauri garhwal district,4979722
uttarakhand,2024,4,district,almora district,2851750
uttarakhand,2024,4,district,pithoragarh district,2835102
uttarakhand,2024,4,district,chamoli district,2404085
uttarakhand,2024,4,district,rudraprayag district,1791262
uttarakhand,2025,1,district,dehradun district,58084276
uttarakhand,2025,1,district,haridwar district,44307911
uttarakhand,2025,1,district,udham singh nagar district,32991685
uttarakhand,2025,1,district,nainital district,15440986
uttarakhand,2025,1,district,tehri garhwal district,5271625
uttarakhand,2025,1,district,pauri garhwal district,5101996
uttarakhand,2025,1,district,almora district,2920689
uttarakhand,2025,1,district,pithoragarh district,2902936
uttarakhand,2025,1,district,chamoli district,2221601
uttarakhand,2025,1,district,champawat district,1820689
uttarakhand,2025,2,district,dehradun district,63118055
uttarakhand,2025,2,district,haridwar district,51386891
uttarakhand,2025,2,district,udham singh nagar district,36270806
uttarakhand,2025,2,district,nainital district,17868656
uttarakhand,2025,2,district,tehri garhwal district,7500038
uttarakhand,2025,2,district,pauri garhwal district,6512455
uttarakhand,2025,2,district,almora district,3747621
uttarakhand,2025,2,district,pithoragarh district,3512603
uttarakhand,2025,2,district,chamoli district,3495888
uttarakhand,2025,2,district,rudraprayag district,3203407
uttarakhand,2025,3,district,dehradun district,63331800
uttarakhand,2025,3,district,haridwar district,53771769
uttarakhand,2025,3,district,udham singh nagar district,37110851
uttarakhand,2025,3,district,nainital district,16451746
uttarakhand,2025,3,district,pauri garhwal district,5463232
uttarakhand,2025,3,district,tehri garhwal district,5242450
uttarakhand,2025,3,district,pithoragarh district,3177221
uttarakhand,2025,3,district,almora district,3131381
uttarakhand,2025,3,district,chamoli district,2857434
uttarakhand,2025,3,district,rudraprayag district,2186277
uttarakhand,2025,4,district,dehradun district,67032077
uttarakhand,2025,4,district,haridwar district,52883453
uttarakhand,2025,4,district,udham singh nagar district,38635928
uttarakhand,2025,4,district,nainital district,17804237
uttarakhand,2025,4,district,pauri garhwal district,5768899
uttarakhand,2025,4,district,tehri garhwal district,5644606
uttarakhand,2025,4,district,pithoragarh district,3266824
uttarakhand,2025,4,district,almora district,3219361
uttarakhand,2025,4,district,chamoli district,2756323
uttarakhand,2025,4,district,champawat district,2003561
uttarakhand,2026,1,district,dehradun district,66792505
uttarakhand,2026,1,district,haridwar district,53732793
uttarakhand,2026,1,district,udham singh nagar district,39405152
uttarakhand,2026,1,district,nainital district,17976343
uttarakhand,2026,1,district,tehri garhwal district,5810801
uttarakhand,2026,1,district,pauri garhwal district,5710062
uttarakhand,2026,1,district,pithoragarh district,3203989
uttarakhand,2026,1,district,almora district,3120835
uttarakhand,2026,1,district,chamoli district,2391192
uttarakhand,2026,1,district,champawat district,2091007
uttarakhand,2026,2,district,dehradun district,77212838
uttarakhand,2026,2,district,haridwar district,64545515
uttarakhand,2026,2,district,udham singh nagar district,43576307
uttarakhand,2026,2,district,nainital district,21564039
uttarakhand,2026,2,district,tehri garhwal district,9376523
uttarakhand,2026,2,district,pauri garhwal district,7748054
uttarakhand,2026,2,district,chamoli district,4129071
uttarakhand,2026,2,district,rudraprayag district,4124958
uttarakhand,2026,2,district,almora district,4086066
uttarakhand,2026,2,district,pithoragarh district,3890802
west-bengal,2018,1,district,north twenty four parganas district,1467769
west-bengal,2018,1,district,murshidabad district,954516
west-bengal,2018,1,district,kolkata district,795180
west-bengal,2018,1,district,nadia district,658834
west-bengal,2018,1,district,purba medinipur district,628849
west-bengal,2018,1,district,malda district,595837
west-bengal,2018,1,district,south twenty four parganas district,493086
west-bengal,2018,1,district,paschim medinipur district,482958
west-bengal,2018,1,district,purba bardhaman district,478357
west-bengal,2018,1,district,bankura district,455572
west-bengal,2018,2,district,north twenty four parganas district,2455431
west-bengal,2018,2,district,murshidabad district,1461280
west-bengal,2018,2,district,kolkata district,1223739
west-bengal,2018,2,district,nadia district,1139868
west-bengal,2018,2,district,purba medinipur district,1014065
west-bengal,2018,2,district,purba bardhaman district,864141
west-bengal,2018,2,district,bankura district,862182
west-bengal,2018,2,district,south twenty four parganas district,830843
west-bengal,2018,2,district,malda district,825581
west-bengal,2018,2,district,paschim medinipur district,767763
west-bengal,2018,3,district,bankura district,5781016
west-bengal,2018,3,district,north twenty four parganas district,5396753
west-bengal,2018,3,district,murshidabad district,4343864
west-bengal,2018,3,district,purba bardhaman district,4051451
west-bengal,2018,3,district,nadia district,3929473
west-bengal,2018,3,district,birbhum district,3913508
west-bengal,2018,3,district,paschim bardhaman district,3161076
west-bengal,2018,3,district,purba medinipur district,3009112
west-bengal,2018,3,district,purulia district,2959475
west-bengal,2018,3,district,paschim medinipur district,2824598
west-bengal,2018,4,district,north twenty four parganas district,4977026
west-bengal,2018,4,district,kolkata district,2854125
west-bengal,2018,4,district,murshidabad district,2719425
west-bengal,2018,4,district,hooghly district,2381339
west-bengal,2018,4,district,south twenty four parganas district,2083749
west-bengal,2018,4,district,purba medinipur district,1852044
west-bengal,2018,4,district,nadia district,1793170
west-bengal,2018,4,district,bankura district,1788340
west-bengal,2018,4,district,paschim medinipur district,1740079
west-bengal,2018,4,district,purba bardhaman district,1688398
west-bengal,2019,1,district,north twenty four parganas district,7217268
west-bengal,2019,1,district,kolkata district,4242211
west-bengal,2019,1,district,murshidabad district,3065685
west-bengal,2019,1,district,hooghly district,2938337
west-bengal,2019,1,district,south twenty four parganas district,2862387
west-bengal,2019,1,district,purba medinipur district,2647779
west-bengal,2019,1,district,paschim medinipur district,2340787
west-bengal,2019,1,district,howrah district,2287084
west-bengal,2019,1,district,nadia district,2260397
west-bengal,2019,1,district,purba bardhaman district,2016866
west-bengal,2019,2,district,north twenty four parganas district,8463580
west-bengal,2019,2,district,kolkata district,5049392
west-bengal,2019,2,district,hooghly district,3169671
west-bengal,2019,2,district,south twenty four parganas district,2917366
west-bengal,2019,2,district,murshidabad district,2803819
west-bengal,2019,2,district,purba medinipur district,2557278
west-bengal,2019,2,district,howrah district,2416497
west-bengal,2019,2,district,nadia district,2304903
west-bengal,2019,2,district,paschim medinipur district,2061516
west-bengal,2019,2,district,purba bardhaman district,1933069
west-bengal,2019,3,district,north twenty four parganas district,11320492
west-bengal,2019,3,district,kolkata district,6240243
west-bengal,2019,3,district,murshidabad district,5083803
west-bengal,2019,3,district,hooghly district,4487189
west-bengal,2019,3,district,south twenty four parganas district,3465211
west-bengal,2019,3,district,purba medinipur district,3251903
west-bengal,2019,3,district,nadia district,3166165
west-bengal,2019,3,district,howrah district,2930238
west-bengal,2019,3,district,paschim medinipur district,2815232
west-bengal,2019,3,district,bankura district,2789574
west-bengal,2019,4,district,north twenty four parganas district,13226566
west-bengal,2019,4,district,bankura district,8003537
west-bengal,2019,4,district,kolkata district,7257199
west-bengal,2019,4,district,murshidabad district,6497504
west-bengal,2019,4,district,hooghly district,5630858
west-bengal,2019,4,district,birbhum district,5277361
west-bengal,2019,4,district,purba bardhaman district,5271820
west-bengal,2019,4,district,paschim medinipur district,5184374
west-bengal,2019,4,district,purba medinipur district,5067616
west-bengal,2019,4,district,nadia district,4871927
west-bengal,2020,1,district,north twenty four parganas district,11993848
west-bengal,2020,1,district,kolkata district,7208990
west-bengal,2020,1,district,hooghly district,4077729
west-bengal,2020,1,district,south twenty four parganas district,3778587
west-bengal,2020,1,district,purba medinipur district,3730239
west-bengal,2020,1,district,murshidabad district,3685738
west-bengal,2020,1,district,nadia district,3375199
west-bengal,2020,1,district,paschim medinipur district,3298555
west-bengal,2020,1,district,howrah district,3208281
west-bengal,2020,1,district,bankura district,3050418
west-bengal,2020,2,district,north twenty four parganas district,9752903
west-bengal,2020,2,district,kolkata district,5563543
west-bengal,2020,2,district,south twenty four parganas district,4159100
west-bengal,2020,2,district,hooghly district,4108971
west-bengal,2020,2,district,purba medinipur district,3590141
west-bengal,2020,2,district,murshidabad district,3521937
west-bengal,2020,2,district,howrah district,3247387
west-bengal,2020,2,district,nadia district,3122764
west-bengal,2020,2,district,paschim medinipur district,3078118
west-bengal,2020,2,district,purba bardhaman district,2632710
west-bengal,2020,3,district,north twenty four parganas district,13588705
west-bengal,2020,3,district,kolkata district,8196527
west-bengal,2020,3,district,south twenty four parganas district,5652769
west-bengal,2020,3,district,hooghly district,5481158
west-bengal,2020,3,district,purba medinipur district,4874166
west-bengal,2020,3,district,murshidabad district,4462499
west-bengal,2020,3,district,howrah district,4456673
west-bengal,2020,3,district,nadia district,4227233
west-bengal,2020,3,district,paschim medinipur district,3886296
west-bengal,2020,3,district,purba bardhaman district,3344140
west-bengal,2020,4,district,north twenty four parganas district,18144124
west-bengal,2020,4,district,kolkata district,12029154
west-bengal,2020,4,district,south twenty four parganas district,6905590
west-bengal,2020,4,district,hooghly district,6597540
west-bengal,2020,4,district,purba medinipur district,6024073
west-bengal,2020,4,district,howrah district,5703611
west-bengal,2020,4,district,murshidabad district,5649162
west-bengal,2020,4,district,nadia district,5353877
west-bengal,2020,4,district,paschim medinipur district,4735682
west-bengal,2020,4,district,paschim bardhaman district,4387154
west-bengal,2021,1,district,north twenty four parganas district,20878362
west-bengal,2021,1,district,kolkata district,14396888
west-bengal,2021,1,district,south twenty four parganas district,7407934
west-bengal,2021,1,district,hooghly district,7123203
west-bengal,2021,1,district,murshidabad district,6684953
west-bengal,2021,1,district,purba medinipur district,6525161
west-bengal,2021,1,district,howrah district,6503519
west-bengal,2021,1,district,nadia district,5851964
west-bengal,2021,1,district,paschim medinipur district,5254212
west-bengal,2021,1,district,paschim bardhaman district,5096078
west-bengal,2021,2,district,north twenty four parganas district,23947265
west-bengal,2021,2,district,kolkata district,15573897
west-bengal,2021,2,district,south twenty four parganas district,9190541
west-bengal,2021,2,district,hooghly district,8736388
west-bengal,2021,2,district,murshidabad district,8393290
west-bengal,2021,2,district,purba medinipur district,8294991
west-bengal,2021,2,district,howrah district,7880649
west-bengal,2021,2,district,nadia district,7354636
west-bengal,2021,2,district,paschim medinipur district,6638018
west-bengal,2021,2,district,paschim bardhaman district,6138387
west-bengal,2021,3,district,north twenty four parganas district,30730314
west-bengal,2021,3,district,kolkata district,21508627
west-bengal,2021,3,district,south twenty four parganas district,11156583
west-bengal,2021,3,district,murshidabad district,10634616
west-bengal,2021,3,district,hooghly district,10569815
west-bengal,2021,3,district,purba medinipur district,10099295
west-bengal,2021,3,district,howrah district,9857024
west-bengal,2021,3,district,nadia district,9047040
west-bengal,2021,3,district,paschim medinipur district,8175333
west-bengal,2021,3,district,paschim bardhaman district,8084969
west-bengal,2021,4,district,north twenty four parganas district,33041162
west-bengal,2021,4,district,kolkata district,23452097
west-bengal,2021,4,district,south twenty four parganas district,11796906
west-bengal,2021,4,district,murshidabad district,11536155
west-bengal,2021,4,district,hooghly district,10926614
west-bengal,2021,4,district,purba medinipur district,10915056
west-bengal,2021,4,district,howrah district,10312310
west-bengal,2021,4,district,nadia district,9653786
west-bengal,2021,4,district,paschim bardhaman district,9107470
west-bengal,2021,4,district,paschim medinipur district,8906160
west-bengal,2022,1,district,north twenty four parganas district,42331700
west-bengal,2022,1,district,kolkata district,30238914
west-bengal,2022,1,district,murshidabad district,15105518
west-bengal,2022,1,district,south twenty four parganas district,14897758
west-bengal,2022,1,district,purba medinipur district,14108463
west-bengal,2022,1,district,hooghly district,13767811
west-bengal,2022,1,district,howrah district,13214643
west-bengal,2022,1,district,nadia district,12346130
west-bengal,2022,1,district,paschim bardhaman district,11794817
west-bengal,2022,1,district,paschim medinipur district,11590889
west-bengal,2022,2,district,north twenty four parganas district,52886342
west-bengal,2022,2,district,kolkata district,37718879
west-bengal,2022,2,district,south twenty four parganas district,18126727
west-bengal,2022,2,district,murshidabad district,18090576
west-bengal,2022,2,district,purba medinipur district,17229998
west-bengal,2022,2,district,hooghly district,16123068
west-bengal,2022,2,district,howrah district,15862184
west-bengal,2022,2,district,nadia district,14921763
west-bengal,2022,2,district,paschim bardhaman district,14465054
west-bengal,2022,2,district,paschim medinipur district,13838640
west-bengal,2022,3,district,north twenty four parganas district,65099209
west-bengal,2022,3,district,kolkata district,46992096
west-bengal,2022,3,district,murshidabad district,22632789
west-bengal,2022,3,district,south twenty four parganas district,21988367
west-bengal,2022,3,district,purba medinipur district,20017582
west-bengal,2022,3,district,howrah district,19529979
west-bengal,2022,3,district,hooghly district,19354549
west-bengal,2022,3,district,nadia district,17891318
west-bengal,2022,3,district,paschim bardhaman district,17510284
west-bengal,2022,3,district,paschim medinipur district,16510300
west-bengal,2022,4,district,north twenty four parganas district,71489138
west-bengal,2022,4,district,kolkata district,51640275
west-bengal,2022,4,district,murshidabad district,24502951
west-bengal,2022,4,district,south twenty four parganas district,24097175
west-bengal,2022,4,district,purba medinipur district,22367498
west-bengal,2022,4,district,howrah district,21657447
west-bengal,2022,4,district,hooghly district,21097498
west-bengal,2022,4,district,nadia district,19841235
west-bengal,2022,4,district,paschim bardhaman district,19426612
west-bengal,2022,4,district,paschim medinipur district,18555932
west-bengal,2023,1,district,north twenty four parganas district,82907075
west-bengal,2023,1,district,kolkata district,59930309
west-bengal,2023,1,district,murshidabad district,29934956
west-bengal,2023,1,district,south twenty four parganas district,28386977
west-bengal,2023,1,district,purba medinipur district,26221879
west-bengal,2023,1,district,howrah district,25333251
west-bengal,2023,1,district,hooghly district,23979744
west-bengal,2023,1,district,nadia district,23024533
west-bengal,2023,1,district,paschim bardhaman district,22303207
west-bengal,2023,1,district,paschim medinipur district,21909747
west-bengal,2023,2,district,north twenty four parganas district,97365621
west-bengal,2023,2,district,kolkata district,69072751
west-bengal,2023,2,district,murshidabad district,35977019
west-bengal,2023,2,district,south twenty four parganas district,33468161
west-bengal,2023,2,district,purba medinipur district,31416439
west-bengal,2023,2,district,howrah district,29780562
west-bengal,2023,2,district,hooghly district,27897992
west-bengal,2023,2,district,nadia district,27218616
west-bengal,2023,2,district,paschim medinipur district,26234475
west-bengal,2023,2,district,paschim bardhaman district,26218704
west-bengal,2023,3,district,north twenty four parganas district,114510047
west-bengal,2023,3,district,kolkata district,81505928
west-bengal,2023,3,district,murshidabad district,41928407
west-bengal,2023,3,district,south twenty four parganas district,38667974
west-bengal,2023,3,district,purba medinipur district,34893846
west-bengal,2023,3,district,howrah district,34553309
west-bengal,2023,3,district,hooghly district,32080291
west-bengal,2023,3,district,nadia district,31168939
west-bengal,2023,3,district,paschim bardhaman district,30608209
west-bengal,2023,3,district,paschim medinipur district,29842688
west-bengal,2023,4,district,north twenty four parganas district,128613111
west-bengal,2023,4,district,kolkata district,90420955
west-bengal,2023,4,district,murshidabad district,51406334
west-bengal,2023,4,district,south twenty four parganas district,45773658
west-bengal,2023,4,district,purba medinipur district,41249718
west-bengal,2023,4,district,howrah district,39897018
west-bengal,2023,4,district,nadia district,37360563
west-bengal,2023,4,district,hooghly district,36907135
west-bengal,2023,4,district,malda district,35394639
west-bengal,2023,4,district,paschim bardhaman district,35375528
west-bengal,2024,1,district,north twenty four parganas district,138989686
west-bengal,2024,1,district,kolkata district,94429857
west-bengal,2024,1,district,murshidabad district,63036946
west-bengal,2024,1,district,south twenty four parganas district,52350042
west-bengal,2024,1,district,purba medinipur district,46758649
west-bengal,2024,1,district,howrah district,44675092
west-bengal,2024,1,district,nadia district,43230516
west-bengal,2024,1,district,malda district,42803931
west-bengal,2024,1,district,hooghly district,40696140
west-bengal,2024,1,district,paschim medinipur district,39758436
west-bengal,2024,2,district,north twenty four parganas district,158474890
west-bengal,2024,2,district,kolkata district,104858371
west-bengal,2024,2,district,murshidabad district,77539982
west-bengal,2024,2,district,south twenty four parganas district,60847793
west-bengal,2024,2,district,purba medinipur district,56015057
west-bengal,2024,2,district,malda district,53007911
west-bengal,2024,2,district,howrah district,52231486
west-bengal,2024,2,district,nadia district,50760601
west-bengal,2024,2,district,hooghly district,47528026
west-bengal,2024,2,district,paschim medinipur district,46802053
west-bengal,2024,3,district,north twenty four parganas district,178390159
west-bengal,2024,3,district,kolkata district,120190948
west-bengal,2024,3,district,murshidabad district,83680324
west-bengal,2024,3,district,south twenty four parganas district,67953287
west-bengal,2024,3,district,purba medinipur district,59531907
west-bengal,2024,3,district,howrah district,59463566
west-bengal,2024,3,district,nadia district,56201419
west-bengal,2024,3,district,malda district,56034557
west-bengal,2024,3,district,hooghly district,52935476
west-bengal,2024,3,district,paschim medinipur district,51350275
west-bengal,2024,4,district,north twenty four parganas district,198546759
west-bengal,2024,4,district,kolkata district,134200355
west-bengal,2024,4,district,murshidabad district,88866107
west-bengal,2024,4,district,south twenty four parganas district,78924916
west-bengal,2024,4,district,purba medinipur district,67801577
west-bengal,2024,4,district,howrah district,67118795
west-bengal,2024,4,district,nadia district,65316034
west-bengal,2024,4,district,malda district,63563230
west-bengal,2024,4,district,hooghly district,59721928
west-bengal,2024,4,district,paschim medinipur district,58318572
west-bengal,2025,1,district,north twenty four parganas district,213879780
west-bengal,2025,1,district,kolkata district,150034312
west-bengal,2025,1,district,murshidabad district,93801542
west-bengal,2025,1,district,south twenty four parganas district,84799029
west-bengal,2025,1,district,howrah district,72799587
west-bengal,2025,1,district,purba medinipur district,69010910
west-bengal,2025,1,district,nadia district,67242794
west-bengal,2025,1,district,hooghly district,63617994
west-bengal,2025,1,district,paschim medinipur district,62564623
west-bengal,2025,1,district,malda district,62261647
west-bengal,2025,2,district,north twenty four parganas district,220305798
west-bengal,2025,2,district,kolkata district,146621207
west-bengal,2025,2,district,murshidabad district,109301229
west-bengal,2025,2,district,south twenty four parganas district,91285676
west-bengal,2025,2,district,purba medinipur district,79744336
west-bengal,2025,2,district,howrah district,77123964
west-bengal,2025,2,district,malda district,76533129
west-bengal,2025,2,district,nadia district,73923772
west-bengal,2025,2,district,hooghly district,67491825
west-bengal,2025,2,district,paschim medinipur district,67314605
west-bengal,2025,3,district,north twenty four parganas district,244975751
west-bengal,2025,3,district,kolkata district,164461758
west-bengal,2025,3,district,murshidabad district,115004465
west-bengal,2025,3,district,south twenty four parganas district,99582101
west-bengal,2025,3,district,howrah district,85021890
west-bengal,2025,3,district,purba medinipur district,82583823
west-bengal,2025,3,district,malda district,81013082
west-bengal,2025,3,district,nadia district,80044797
west-bengal,2025,3,district,hooghly district,74429080
west-bengal,2025,3,district,paschim medinipur district,72501730
west-bengal,2025,4,district,north twenty four parganas district,252959592
west-bengal,2025,4,district,kolkata district,168506437
west-bengal,2025,4,district,murshidabad district,118648557
west-bengal,2025,4,district,south twenty four parganas district,105316596
west-bengal,2025,4,district,howrah district,88084961
west-bengal,2025,4,district,purba medinipur district,86795205
west-bengal,2025,4,district,nadia district,85126140
west-bengal,2025,4,district,malda district,84445089
west-bengal,2025,4,district,hooghly district,77681249
west-bengal,2025,4,district,paschim medinipur district,74357534
west-bengal,2026,1,district,north twenty four parganas district,262627430
west-bengal,2026,1,district,kolkata district,175338559
west-bengal,2026,1,district,murshidabad district,128873297
west-bengal,2026,1,district,south twenty four parganas district,113529625
west-bengal,2026,1,district,howrah district,93374670
west-bengal,2026,1,district,purba medinipur district,92189626
west-bengal,2026,1,district,nadia district,89659450
west-bengal,2026,1,district,malda district,88725199
west-bengal,2026,1,district,hooghly district,82383693
west-bengal,2026,1,district,paschim medinipur district,80200547
west-bengal,2026,2,district,north twenty four parganas district,270929160
west-bengal,2026,2,district,kolkata district,178593980
west-bengal,2026,2,district,murshidabad district,137557474
west-bengal,2026,2,district,south twenty four parganas district,118227823
west-bengal,2026,2,district,malda district,100728885
west-bengal,2026,2,district,purba medinipur district,98690655
west-bengal,2026,2,district,howrah district,97633524
west-bengal,2026,2,district,nadia district,94303859
west-bengal,2026,2,district,hooghly district,87725602
west-bengal,2026,2,district,paschim medinipur district,83507774
