state,year,quarter,level,entity,registered_count
andaman-&-nicobar-islands,2019,1,district,south andaman district,3
andaman-&-nicobar-islands,2019,1,district,north and middle andaman district,2
andaman-&-nicobar-islands,2019,2,district,south andaman district,5
andaman-&-nicobar-islands,2019,2,district,north and middle andaman district,3
andaman-&-nicobar-islands,2019,2,district,nicobar district,1
andaman-&-nicobar-islands,2019,3,district,south andaman district,15
andaman-&-nicobar-islands,2019,3,district,north and middle andaman district,5
andaman-&-nicobar-islands,2019,3,district,nicobar district,2
andaman-&-nicobar-islands,2019,4,district,south andaman district,24
andaman-&-nicobar-islands,2019,4,district,north and middle andaman district,8
andaman-&-nicobar-islands,2019,4,district,nicobar district,2
andaman-&-nicobar-islands,2020,1,district,south andaman district,39
andaman-&-nicobar-islands,2020,1,district,north and middle andaman district,14
andaman-&-nicobar-islands,2020,1,district,nicobar district,2
andaman-&-nicobar-islands,2020,2,district,south andaman district,45
andaman-&-nicobar-islands,2020,2,district,north and middle andaman district,19
andaman-&-nicobar-islands,2020,2,district,nicobar district,3
andaman-&-nicobar-islands,2020,3,district,south andaman district,53
andaman-&-nicobar-islands,2020,3,district,north and middle andaman district,20
andaman-&-nicobar-islands,2020,3,district,nicobar district,3
andaman-&-nicobar-islands,2020,4,district,south andaman district,160
andaman-&-nicobar-islands,2020,4,district,north and middle andaman district,23
andaman-&-nicobar-islands,2020,4,district,nicobar district,4
andaman-&-nicobar-islands,2021,1,district,south andaman district,301
andaman-&-nicobar-islands,2021,1,district,north and middle andaman district,24
andaman-&-nicobar-islands,2021,1,district,nicobar district,4
andaman-&-nicobar-islands,2021,2,district,south andaman district,370
andaman-&-nicobar-islands,2021,2,district,north and middle andaman district,29
andaman-&-nicobar-islands,2021,2,district,nicobar district,7
andaman-&-nicobar-islands,2021,3,district,south andaman district,549
andaman-&-nicobar-islands,2021,3,district,north and middle andaman district,32
andaman-&-nicobar-islands,2021,3,district,nicobar district,8
andaman-&-nicobar-islands,2021,4,district,south andaman district,1055
andaman-&-nicobar-islands,2021,4,district,north and middle andaman district,44
andaman-&-nicobar-islands,2021,4,district,nicobar district,11
andaman-&-nicobar-islands,2022,1,district,south andaman district,1550
andaman-&-nicobar-islands,2022,1,district,north and middle andaman district,53
andaman-&-nicobar-islands,2022,1,district,nicobar district,15
andaman-&-nicobar-islands,2022,2,district,south andaman district,1955
andaman-&-nicobar-islands,2022,2,district,north and middle andaman district,64
andaman-&-nicobar-islands,2022,2,district,nicobar district,17
andaman-&-nicobar-islands,2022,3,district,south andaman district,2362
andaman-&-nicobar-islands,2022,3,district,north and middle andaman district,85
andaman-&-nicobar-islands,2022,3,district,nicobar district,22
andaman-&-nicobar-islands,2022,4,district,south andaman district,2619
andaman-&-nicobar-islands,2022,4,district,north and middle andaman district,94
andaman-&-nicobar-islands,2022,4,district,nicobar district,27
andaman-&-nicobar-islands,2023,1,district,south andaman district,2757
andaman-&-nicobar-islands,2023,1,district,north and middle andaman district,95
andaman-&-nicobar-islands,2023,1,district,nicobar district,28
andaman-&-nicobar-islands,2023,2,district,south andaman district,2906
andaman-&-nicobar-islands,2023,2,district,north and middle andaman district,96
andaman-&-nicobar-islands,2023,2,district,nicobar district,28
andaman-&-nicobar-islands,2023,3,district,south andaman district,3013
andaman-&-nicobar-islands,2023,3,district,north and middle andaman district,101
andaman-&-nicobar-islands,2023,3,district,nicobar district,29
andaman-&-nicobar-islands,2023,4,district,south andaman district,3075
andaman-&-nicobar-islands,2023,4,district,north and middle andaman district,101
andaman-&-nicobar-islands,2023,4,district,nicobar district,29
andaman-&-nicobar-islands,2024,1,district,south andaman district,3117
andaman-&-nicobar-islands,2024,1,district,north and middle andaman district,112
andaman-&-nicobar-islands,2024,1,district,nicobar district,26
andaman-&-nicobar-islands,2024,2,district,south andaman district,3300
andaman-&-nicobar-islands,2024,2,district,north and middle andaman district,114
andaman-&-nicobar-islands,2024,2,district,nicobar district,26
andaman-&-nicobar-islands,2024,3,district,south andaman district,3597
andaman-&-nicobar-islands,2024,3,district,north and middle andaman district,116
andaman-&-nicobar-islands,2024,3,district,nicobar district,26
andaman-&-nicobar-islands,2024,4,district,south andaman district,3899
andaman-&-nicobar-islands,2024,4,district,north and middle andaman district,116
andaman-&-nicobar-islands,2024,4,district,nicobar district,26
andaman-&-nicobar-islands,2025,1,district,south andaman district,4199
andaman-&-nicobar-islands,2025,1,district,north and middle andaman district,119
andaman-&-nicobar-islands,2025,1,district,nicobar district,26
andaman-&-nicobar-islands,2025,2,district,south andaman district,4426
andaman-&-nicobar-islands,2025,2,district,north and middle andaman district,137
andaman-&-nicobar-islands,2025,2,district,nicobar district,26
andaman-&-nicobar-islands,2025,3,district,south andaman district,4658
andaman-&-nicobar-islands,2025,3,district,north and middle andaman district,210
andaman-&-nicobar-islands,2025,3,district,nicobar district,26
andaman-&-nicobar-islands,2025,4,district,south andaman district,4908
andaman-&-nicobar-islands,2025,4,district,north and middle andaman district,326
andaman-&-nicobar-islands,2025,4,district,nicobar district,26
andaman-&-nicobar-islands,2026,1,district,south andaman district,5114
andaman-&-nicobar-islands,2026,1,district,north and middle andaman district,399
andaman-&-nicobar-islands,2026,1,district,nicobar district,28
andaman-&-nicobar-islands,2026,2,district,south andaman district,5317
andaman-&-nicobar-islands,2026,2,district,north and middle andaman district,444
andaman-&-nicobar-islands,2026,2,district,nicobar district,28
andhra-pradesh,2018,1,district,ntr district,9
andhra-pradesh,2018,1,district,chittoor district,4
andhra-pradesh,2018,1,district,alluri sitharama raju district,4
andhra-pradesh,2018,1,district,sri sathyasai district,3
andhra-pradesh,2018,1,district,kakinada district,2
andhra-pradesh,2018,1,district,tirupati district,2
andhra-pradesh,2018,1,district,visakhapatnam district,2
andhra-pradesh,2018,1,district,annamayya district,1
andhra-pradesh,2018,1,district,guntur district,1
andhra-pradesh,2018,1,district,ysr kadapa district,1
andhra-pradesh,2018,1,district,kurnool district,1
andhra-pradesh,2018,2,district,visakhapatnam district,108
andhra-pradesh,2018,2,district,ntr district,8
andhra-pradesh,2018,2,district,chittoor district,4
andhra-pradesh,2018,2,district,sri sathyasai district,4
andhra-pradesh,2018,2,district,alluri sitharama raju district,3
andhra-pradesh,2018,2,district,tirupati district,3
andhra-pradesh,2018,2,district,guntur district,3
andhra-pradesh,2018,2,district,kakinada district,2
andhra-pradesh,2018,2,district,ananthapuramu district,1
andhra-pradesh,2018,2,district,kurnool district,1
andhra-pradesh,2018,2,district,ysr kadapa district,1
andhra-pradesh,2018,2,district,vizianagaram district,1
andhra-pradesh,2018,2,district,annamayya district,1
andhra-pradesh,2018,3,district,visakhapatnam district,7638
andhra-pradesh,2018,3,district,anakapalli district,844
andhra-pradesh,2018,3,district,nandyal district,490
andhra-pradesh,2018,3,district,vizianagaram district,130
andhra-pradesh,2018,3,district,ananthapuramu district,55
andhra-pradesh,2018,3,district,srikakulam district,43
andhra-pradesh,2018,3,district,annamayya district,38
andhra-pradesh,2018,3,district,ntr district,37
andhra-pradesh,2018,3,district,ysr kadapa district,35
andhra-pradesh,2018,3,district,sri sathyasai district,33
andhra-pradesh,2018,4,district,visakhapatnam district,15395
andhra-pradesh,2018,4,district,anakapalli district,2766
andhra-pradesh,2018,4,district,ntr district,2314
andhra-pradesh,2018,4,district,vizianagaram district,1775
andhra-pradesh,2018,4,district,tirupati district,1255
andhra-pradesh,2018,4,district,nandyal district,651
andhra-pradesh,2018,4,district,east godavari district,623
andhra-pradesh,2018,4,district,parvathipuram manyam district,600
andhra-pradesh,2018,4,district,kakinada district,584
andhra-pradesh,2018,4,district,annamayya district,476
andhra-pradesh,2019,1,district,visakhapatnam district,29516
andhra-pradesh,2019,1,district,ntr district,14739
andhra-pradesh,2019,1,district,tirupati district,10271
andhra-pradesh,2019,1,district,anakapalli district,7412
andhra-pradesh,2019,1,district,kurnool district,7083
andhra-pradesh,2019,1,district,kakinada district,6335
andhra-pradesh,2019,1,district,east godavari district,4873
andhra-pradesh,2019,1,district,nandyal district,4692
andhra-pradesh,2019,1,district,vizianagaram district,4673
andhra-pradesh,2019,1,district,dr br ambedkar konaseema district,3412
andhra-pradesh,2019,2,district,visakhapatnam district,38859
andhra-pradesh,2019,2,district,ntr district,21437
andhra-pradesh,2019,2,district,tirupati district,16774
andhra-pradesh,2019,2,district,kurnool district,13429
andhra-pradesh,2019,2,district,anakapalli district,10242
andhra-pradesh,2019,2,district,ananthapuramu district,10040
andhra-pradesh,2019,2,district,kakinada district,9810
andhra-pradesh,2019,2,district,guntur district,9689
andhra-pradesh,2019,2,district,east godavari district,8599
andhra-pradesh,2019,2,district,vizianagaram district,7194
andhra-pradesh,2019,3,district,visakhapatnam district,50671
andhra-pradesh,2019,3,district,ntr district,27925
andhra-pradesh,2019,3,district,tirupati district,22542
andhra-pradesh,2019,3,district,kurnool district,17518
andhra-pradesh,2019,3,district,ananthapuramu district,16876
andhra-pradesh,2019,3,district,kakinada district,13882
andhra-pradesh,2019,3,district,guntur district,13764
andhra-pradesh,2019,3,district,anakapalli district,13116
andhra-pradesh,2019,3,district,east godavari district,11399
andhra-pradesh,2019,3,district,vizianagaram district,9243
andhra-pradesh,2019,4,district,visakhapatnam district,59313
andhra-pradesh,2019,4,district,ntr district,34698
andhra-pradesh,2019,4,district,tirupati district,28155
andhra-pradesh,2019,4,district,ananthapuramu district,21234
andhra-pradesh,2019,4,district,kurnool district,20729
andhra-pradesh,2019,4,district,guntur district,17989
andhra-pradesh,2019,4,district,kakinada district,16837
andhra-pradesh,2019,4,district,anakapalli district,15341
andhra-pradesh,2019,4,district,east godavari district,13698
andhra-pradesh,2019,4,district,sri potti sriramulu nellore district,13035
andhra-pradesh,2020,1,district,visakhapatnam district,66775
andhra-pradesh,2020,1,district,ntr district,40288
andhra-pradesh,2020,1,district,tirupati district,31669
andhra-pradesh,2020,1,district,ananthapuramu district,24712
andhra-pradesh,2020,1,district,kurnool district,23880
andhra-pradesh,2020,1,district,guntur district,21630
andhra-pradesh,2020,1,district,kakinada district,19094
andhra-pradesh,2020,1,district,anakapalli district,16887
andhra-pradesh,2020,1,district,sri potti sriramulu nellore district,15944
andhra-pradesh,2020,1,district,east godavari district,15732
andhra-pradesh,2020,2,district,visakhapatnam district,71580
andhra-pradesh,2020,2,district,ntr district,42511
andhra-pradesh,2020,2,district,tirupati district,33431
andhra-pradesh,2020,2,district,ananthapuramu district,26244
andhra-pradesh,2020,2,district,kurnool district,24824
andhra-pradesh,2020,2,district,guntur district,23554
andhra-pradesh,2020,2,district,kakinada district,20420
andhra-pradesh,2020,2,district,anakapalli district,18109
andhra-pradesh,2020,2,district,sri potti sriramulu nellore district,17596
andhra-pradesh,2020,2,district,east godavari district,16915
andhra-pradesh,2020,3,district,visakhapatnam district,83211
andhra-pradesh,2020,3,district,ntr district,49242
andhra-pradesh,2020,3,district,tirupati district,36814
andhra-pradesh,2020,3,district,ananthapuramu district,31712
andhra-pradesh,2020,3,district,kurnool district,28886
andhra-pradesh,2020,3,district,guntur district,28737
andhra-pradesh,2020,3,district,kakinada district,23960
andhra-pradesh,2020,3,district,sri potti sriramulu nellore district,21514
andhra-pradesh,2020,3,district,anakapalli district,21257
andhra-pradesh,2020,3,district,east godavari district,19232
andhra-pradesh,2020,4,district,visakhapatnam district,95703
andhra-pradesh,2020,4,district,ntr district,57053
andhra-pradesh,2020,4,district,tirupati district,42177
andhra-pradesh,2020,4,district,ananthapuramu district,42105
andhra-pradesh,2020,4,district,kurnool district,36966
andhra-pradesh,2020,4,district,guntur district,36880
andhra-pradesh,2020,4,district,kakinada district,31588
andhra-pradesh,2020,4,district,sri potti sriramulu nellore district,28422
andhra-pradesh,2020,4,district,anakapalli district,25822
andhra-pradesh,2020,4,district,nandyal district,24563
andhra-pradesh,2021,1,district,visakhapatnam district,104658
andhra-pradesh,2021,1,district,ntr district,64033
andhra-pradesh,2021,1,district,ananthapuramu district,48028
andhra-pradesh,2021,1,district,tirupati district,46183
andhra-pradesh,2021,1,district,guntur district,43015
andhra-pradesh,2021,1,district,kurnool district,41102
andhra-pradesh,2021,1,district,kakinada district,36915
andhra-pradesh,2021,1,district,sri potti sriramulu nellore district,34055
andhra-pradesh,2021,1,district,east godavari district,28692
andhra-pradesh,2021,1,district,anakapalli district,28678
andhra-pradesh,2021,2,district,visakhapatnam district,108849
andhra-pradesh,2021,2,district,ntr district,66612
andhra-pradesh,2021,2,district,ananthapuramu district,52586
andhra-pradesh,2021,2,district,tirupati district,48803
andhra-pradesh,2021,2,district,guntur district,45893
andhra-pradesh,2021,2,district,kurnool district,44250
andhra-pradesh,2021,2,district,kakinada district,39407
andhra-pradesh,2021,2,district,sri potti sriramulu nellore district,36874
andhra-pradesh,2021,2,district,east godavari district,30692
andhra-pradesh,2021,2,district,anakapalli district,30647
andhra-pradesh,2021,3,district,visakhapatnam district,113336
andhra-pradesh,2021,3,district,ntr district,71495
andhra-pradesh,2021,3,district,ananthapuramu district,57327
andhra-pradesh,2021,3,district,tirupati district,53211
andhra-pradesh,2021,3,district,guntur district,50836
andhra-pradesh,2021,3,district,kurnool district,47234
andhra-pradesh,2021,3,district,kakinada district,42440
andhra-pradesh,2021,3,district,sri potti sriramulu nellore district,39518
andhra-pradesh,2021,3,district,east godavari district,33390
andhra-pradesh,2021,3,district,nandyal district,32959
andhra-pradesh,2021,4,district,visakhapatnam district,119590
andhra-pradesh,2021,4,district,ntr district,77288
andhra-pradesh,2021,4,district,ananthapuramu district,62018
andhra-pradesh,2021,4,district,tirupati district,57580
andhra-pradesh,2021,4,district,guntur district,57359
andhra-pradesh,2021,4,district,kurnool district,51361
andhra-pradesh,2021,4,district,kakinada district,46193
andhra-pradesh,2021,4,district,sri potti sriramulu nellore district,42224
andhra-pradesh,2021,4,district,ysr kadapa district,37475
andhra-pradesh,2021,4,district,east godavari district,36771
andhra-pradesh,2022,1,district,visakhapatnam district,127413
andhra-pradesh,2022,1,district,ntr district,83367
andhra-pradesh,2022,1,district,ananthapuramu district,66133
andhra-pradesh,2022,1,district,guntur district,63328
andhra-pradesh,2022,1,district,tirupati district,62171
andhra-pradesh,2022,1,district,kurnool district,55022
andhra-pradesh,2022,1,district,kakinada district,49610
andhra-pradesh,2022,1,district,sri potti sriramulu nellore district,45055
andhra-pradesh,2022,1,district,ysr kadapa district,41300
andhra-pradesh,2022,1,district,east godavari district,40506
andhra-pradesh,2022,2,district,visakhapatnam district,134320
andhra-pradesh,2022,2,district,ntr district,88279
andhra-pradesh,2022,2,district,ananthapuramu district,69991
andhra-pradesh,2022,2,district,guntur district,67715
andhra-pradesh,2022,2,district,tirupati district,66050
andhra-pradesh,2022,2,district,kurnool district,58388
andhra-pradesh,2022,2,district,kakinada district,51788
andhra-pradesh,2022,2,district,sri potti sriramulu nellore district,47820
andhra-pradesh,2022,2,district,ysr kadapa district,45195
andhra-pradesh,2022,2,district,east godavari district,43073
andhra-pradesh,2022,3,district,visakhapatnam district,139614
andhra-pradesh,2022,3,district,ntr district,92470
andhra-pradesh,2022,3,district,ananthapuramu district,73399
andhra-pradesh,2022,3,district,guntur district,71121
andhra-pradesh,2022,3,district,tirupati district,69298
andhra-pradesh,2022,3,district,kurnool district,60981
andhra-pradesh,2022,3,district,kakinada district,53771
andhra-pradesh,2022,3,district,sri potti sriramulu nellore district,50494
andhra-pradesh,2022,3,district,ysr kadapa district,48185
andhra-pradesh,2022,3,district,east godavari district,45697
andhra-pradesh,2022,4,district,visakhapatnam district,144022
andhra-pradesh,2022,4,district,ntr district,95215
andhra-pradesh,2022,4,district,ananthapuramu district,75932
andhra-pradesh,2022,4,district,guntur district,74018
andhra-pradesh,2022,4,district,tirupati district,72780
andhra-pradesh,2022,4,district,kurnool district,62848
andhra-pradesh,2022,4,district,kakinada district,55246
andhra-pradesh,2022,4,district,sri potti sriramulu nellore district,52742
andhra-pradesh,2022,4,district,ysr kadapa district,50794
andhra-pradesh,2022,4,district,east godavari district,47844
andhra-pradesh,2023,1,district,visakhapatnam district,145520
andhra-pradesh,2023,1,district,ntr district,96152
andhra-pradesh,2023,1,district,ananthapuramu district,75750
andhra-pradesh,2023,1,district,guntur district,75398
andhra-pradesh,2023,1,district,tirupati district,74444
andhra-pradesh,2023,1,district,kurnool district,63192
andhra-pradesh,2023,1,district,kakinada district,56111
andhra-pradesh,2023,1,district,sri potti sriramulu nellore district,53989
andhra-pradesh,2023,1,district,ysr kadapa district,51660
andhra-pradesh,2023,1,district,prakasam district,50026
andhra-pradesh,2023,2,district,visakhapatnam district,148687
andhra-pradesh,2023,2,district,ntr district,98173
andhra-pradesh,2023,2,district,guntur district,77700
andhra-pradesh,2023,2,district,ananthapuramu district,76919
andhra-pradesh,2023,2,district,tirupati district,76186
andhra-pradesh,2023,2,district,kurnool district,64154
andhra-pradesh,2023,2,district,kakinada district,57295
andhra-pradesh,2023,2,district,sri potti sriramulu nellore district,55819
andhra-pradesh,2023,2,district,ysr kadapa district,52568
andhra-pradesh,2023,2,district,prakasam district,51651
andhra-pradesh,2023,3,district,visakhapatnam district,152792
andhra-pradesh,2023,3,district,ntr district,101635
andhra-pradesh,2023,3,district,guntur district,81198
andhra-pradesh,2023,3,district,tirupati district,79288
andhra-pradesh,2023,3,district,ananthapuramu district,78633
andhra-pradesh,2023,3,district,kurnool district,65861
andhra-pradesh,2023,3,district,kakinada district,59309
andhra-pradesh,2023,3,district,sri potti sriramulu nellore district,58400
andhra-pradesh,2023,3,district,prakasam district,55051
andhra-pradesh,2023,3,district,ysr kadapa district,54255
andhra-pradesh,2023,4,district,visakhapatnam district,157177
andhra-pradesh,2023,4,district,ntr district,106383
andhra-pradesh,2023,4,district,guntur district,85405
andhra-pradesh,2023,4,district,tirupati district,82773
andhra-pradesh,2023,4,district,ananthapuramu district,80641
andhra-pradesh,2023,4,district,kurnool district,68906
andhra-pradesh,2023,4,district,kakinada district,62478
andhra-pradesh,2023,4,district,sri potti sriramulu nellore district,61264
andhra-pradesh,2023,4,district,prakasam district,58196
andhra-pradesh,2023,4,district,ysr kadapa district,56168
andhra-pradesh,2024,1,district,visakhapatnam district,164791
andhra-pradesh,2024,1,district,ntr district,113022
andhra-pradesh,2024,1,district,guntur district,91191
andhra-pradesh,2024,1,district,tirupati district,87591
andhra-pradesh,2024,1,district,ananthapuramu district,83231
andhra-pradesh,2024,1,district,kurnool district,72680
andhra-pradesh,2024,1,district,kakinada district,67139
andhra-pradesh,2024,1,district,sri potti sriramulu nellore district,64874
andhra-pradesh,2024,1,district,prakasam district,62054
andhra-pradesh,2024,1,district,ysr kadapa district,58354
andhra-pradesh,2024,2,district,visakhapatnam district,171005
andhra-pradesh,2024,2,district,ntr district,117807
andhra-pradesh,2024,2,district,guntur district,95285
andhra-pradesh,2024,2,district,tirupati district,91624
andhra-pradesh,2024,2,district,ananthapuramu district,86094
andhra-pradesh,2024,2,district,kurnool district,75494
andhra-pradesh,2024,2,district,kakinada district,70887
andhra-pradesh,2024,2,district,sri potti sriramulu nellore district,68464
andhra-pradesh,2024,2,district,prakasam district,65109
andhra-pradesh,2024,2,district,ysr kadapa district,60474
andhra-pradesh,2024,3,district,visakhapatnam district,176698
andhra-pradesh,2024,3,district,ntr district,122446
andhra-pradesh,2024,3,district,guntur district,99892
andhra-pradesh,2024,3,district,tirupati district,95378
andhra-pradesh,2024,3,district,ananthapuramu district,89565
andhra-pradesh,2024,3,district,kurnool district,77968
andhra-pradesh,2024,3,district,kakinada district,73700
andhra-pradesh,2024,3,district,sri potti sriramulu nellore district,71356
andhra-pradesh,2024,3,district,prakasam district,68105
andhra-pradesh,2024,3,district,ysr kadapa district,62525
andhra-pradesh,2024,4,district,visakhapatnam district,184013
andhra-pradesh,2024,4,district,ntr district,128208
andhra-pradesh,2024,4,district,guntur district,105279
andhra-pradesh,2024,4,district,tirupati district,98916
andhra-pradesh,2024,4,district,ananthapuramu district,93040
andhra-pradesh,2024,4,district,kurnool district,81208
andhra-pradesh,2024,4,district,kakinada district,76564
andhra-pradesh,2024,4,district,sri potti sriramulu nellore district,74416
andhra-pradesh,2024,4,district,prakasam district,71423
andhra-pradesh,2024,4,district,ysr kadapa district,65224
andhra-pradesh,2025,1,district,visakhapatnam district,190513
andhra-pradesh,2025,1,district,ntr district,133425
andhra-pradesh,2025,1,district,guntur district,110196
andhra-pradesh,2025,1,district,tirupati district,102390
andhra-pradesh,2025,1,district,ananthapuramu district,95816
andhra-pradesh,2025,1,district,kurnool district,84062
andhra-pradesh,2025,1,district,kakinada district,79460
andhra-pradesh,2025,1,district,sri potti sriramulu nellore district,77574
andhra-pradesh,2025,1,district,prakasam district,74043
andhra-pradesh,2025,1,district,ysr kadapa district,67378
andhra-pradesh,2025,2,district,visakhapatnam district,195430
andhra-pradesh,2025,2,district,ntr district,138204
andhra-pradesh,2025,2,district,guntur district,114454
andhra-pradesh,2025,2,district,tirupati district,105934
andhra-pradesh,2025,2,district,ananthapuramu district,98547
andhra-pradesh,2025,2,district,kurnool district,87138
andhra-pradesh,2025,2,district,kakinada district,82025
andhra-pradesh,2025,2,district,sri potti sriramulu nellore district,81115
andhra-pradesh,2025,2,district,prakasam district,76440
andhra-pradesh,2025,2,district,ysr kadapa district,69252
andhra-pradesh,2025,3,district,visakhapatnam district,199715
andhra-pradesh,2025,3,district,ntr district,142394
andhra-pradesh,2025,3,district,guntur district,118362
andhra-pradesh,2025,3,district,tirupati district,109169
andhra-pradesh,2025,3,district,ananthapuramu district,101081
andhra-pradesh,2025,3,district,kurnool district,89654
andhra-pradesh,2025,3,district,kakinada district,84520
andhra-pradesh,2025,3,district,sri potti sriramulu nellore district,84072
andhra-pradesh,2025,3,district,prakasam district,79510
andhra-pradesh,2025,3,district,ysr kadapa district,71474
andhra-pradesh,2025,4,district,visakhapatnam district,205089
andhra-pradesh,2025,4,district,ntr district,147413
andhra-pradesh,2025,4,district,guntur district,123111
andhra-pradesh,2025,4,district,tirupati district,112985
andhra-pradesh,2025,4,district,ananthapuramu district,104215
andhra-pradesh,2025,4,district,kurnool district,92688
andhra-pradesh,2025,4,district,kakinada district,88186
andhra-pradesh,2025,4,district,sri potti sriramulu nellore district,87608
andhra-pradesh,2025,4,district,prakasam district,82473
andhra-pradesh,2025,4,district,ysr kadapa district,74937
andhra-pradesh,2026,1,district,visakhapatnam district,209298
andhra-pradesh,2026,1,district,ntr district,151376
andhra-pradesh,2026,1,district,guntur district,127784
andhra-pradesh,2026,1,district,tirupati district,115731
andhra-pradesh,2026,1,district,ananthapuramu district,106385
andhra-pradesh,2026,1,district,kurnool district,94882
andhra-pradesh,2026,1,district,kakinada district,90998
andhra-pradesh,2026,1,district,sri potti sriramulu nellore district,90460
andhra-pradesh,2026,1,district,prakasam district,84604
andhra-pradesh,2026,1,district,ysr kadapa district,76884
andhra-pradesh,2026,2,district,visakhapatnam district,213703
andhra-pradesh,2026,2,district,ntr district,155490
andhra-pradesh,2026,2,district,guntur district,132072
andhra-pradesh,2026,2,district,tirupati district,118910
andhra-pradesh,2026,2,district,ananthapuramu district,108540
andhra-pradesh,2026,2,district,kurnool district,96636
andhra-pradesh,2026,2,district,kakinada district,94093
andhra-pradesh,2026,2,district,sri potti sriramulu nellore district,93583
andhra-pradesh,2026,2,district,prakasam district,87194
andhra-pradesh,2026,2,district,ysr kadapa district,79060
arunachal-pradesh,2018,4,district,lower dibang valley district,1
arunachal-pradesh,2018,4,district,itanagar capital complex district,1
arunachal-pradesh,2019,1,district,itanagar capital complex district,10
arunachal-pradesh,2019,1,district,papum pare district,4
arunachal-pradesh,2019,1,district,east siang district,3
arunachal-pradesh,2019,1,district,lepa rada district,2
arunachal-pradesh,2019,1,district,changlang district,1
arunachal-pradesh,2019,1,district,lower dibang valley district,1
arunachal-pradesh,2019,1,district,west siang district,1
arunachal-pradesh,2019,1,district,tirap district,1
arunachal-pradesh,2019,1,district,keyi panyor district,1
arunachal-pradesh,2019,1,district,kurung kumey district,1
arunachal-pradesh,2019,1,district,longding district,1
arunachal-pradesh,2019,1,district,tawang district,1
arunachal-pradesh,2019,2,district,itanagar capital complex district,23
arunachal-pradesh,2019,2,district,papum pare district,8
arunachal-pradesh,2019,2,district,west kameng district,7
arunachal-pradesh,2019,2,district,east siang district,7
arunachal-pradesh,2019,2,district,lepa rada district,5
arunachal-pradesh,2019,2,district,changlang district,4
arunachal-pradesh,2019,2,district,upper subansiri district,4
arunachal-pradesh,2019,2,district,tirap district,4
arunachal-pradesh,2019,2,district,namsai district,2
arunachal-pradesh,2019,2,district,keyi panyor district,2
arunachal-pradesh,2019,2,district,lohit district,2
arunachal-pradesh,2019,2,district,west siang district,2
arunachal-pradesh,2019,2,district,lower dibang valley district,2
arunachal-pradesh,2019,3,district,itanagar capital complex district,38
arunachal-pradesh,2019,3,district,papum pare district,15
arunachal-pradesh,2019,3,district,east siang district,13
arunachal-pradesh,2019,3,district,west kameng district,10
arunachal-pradesh,2019,3,district,tirap district,9
arunachal-pradesh,2019,3,district,changlang district,9
arunachal-pradesh,2019,3,district,west siang district,8
arunachal-pradesh,2019,3,district,namsai district,8
arunachal-pradesh,2019,3,district,lepa rada district,7
arunachal-pradesh,2019,3,district,lohit district,5
arunachal-pradesh,2019,3,district,upper subansiri district,5
arunachal-pradesh,2019,4,district,itanagar capital complex district,45
arunachal-pradesh,2019,4,district,papum pare district,20
arunachal-pradesh,2019,4,district,east siang district,16
arunachal-pradesh,2019,4,district,namsai district,15
arunachal-pradesh,2019,4,district,west kameng district,11
arunachal-pradesh,2019,4,district,west siang district,11
arunachal-pradesh,2019,4,district,changlang district,10
arunachal-pradesh,2019,4,district,tirap district,10
arunachal-pradesh,2019,4,district,lepa rada district,8
arunachal-pradesh,2019,4,district,lohit district,7
arunachal-pradesh,2020,1,district,itanagar capital complex district,60
arunachal-pradesh,2020,1,district,papum pare district,24
arunachal-pradesh,2020,1,district,namsai district,20
arunachal-pradesh,2020,1,district,east siang district,19
arunachal-pradesh,2020,1,district,west kameng district,18
arunachal-pradesh,2020,1,district,west siang district,14
arunachal-pradesh,2020,1,district,changlang district,12
arunachal-pradesh,2020,1,district,tirap district,11
arunachal-pradesh,2020,1,district,lepa rada district,9
arunachal-pradesh,2020,1,district,lohit district,7
arunachal-pradesh,2020,2,district,itanagar capital complex district,72
arunachal-pradesh,2020,2,district,papum pare district,27
arunachal-pradesh,2020,2,district,west kameng district,25
arunachal-pradesh,2020,2,district,namsai district,23
arunachal-pradesh,2020,2,district,east siang district,22
arunachal-pradesh,2020,2,district,west siang district,19
arunachal-pradesh,2020,2,district,changlang district,15
arunachal-pradesh,2020,2,district,tirap district,11
arunachal-pradesh,2020,2,district,lepa rada district,10
arunachal-pradesh,2020,2,district,lohit district,8
arunachal-pradesh,2020,2,district,lower dibang valley district,8
arunachal-pradesh,2020,3,district,itanagar capital complex district,78
arunachal-pradesh,2020,3,district,papum pare district,29
arunachal-pradesh,2020,3,district,west kameng district,26
arunachal-pradesh,2020,3,district,namsai district,25
arunachal-pradesh,2020,3,district,east siang district,25
arunachal-pradesh,2020,3,district,west siang district,22
arunachal-pradesh,2020,3,district,changlang district,16
arunachal-pradesh,2020,3,district,tirap district,11
arunachal-pradesh,2020,3,district,lepa rada district,10
arunachal-pradesh,2020,3,district,lower dibang valley district,9
arunachal-pradesh,2020,4,district,itanagar capital complex district,91
arunachal-pradesh,2020,4,district,papum pare district,33
arunachal-pradesh,2020,4,district,east siang district,32
arunachal-pradesh,2020,4,district,west kameng district,28
arunachal-pradesh,2020,4,district,namsai district,27
arunachal-pradesh,2020,4,district,west siang district,26
arunachal-pradesh,2020,4,district,changlang district,19
arunachal-pradesh,2020,4,district,lower dibang valley district,13
arunachal-pradesh,2020,4,district,tirap district,12
arunachal-pradesh,2020,4,district,lepa rada district,10
arunachal-pradesh,2020,4,district,lohit district,10
arunachal-pradesh,2021,1,district,itanagar capital complex district,119
arunachal-pradesh,2021,1,district,east siang district,38
arunachal-pradesh,2021,1,district,west kameng district,35
arunachal-pradesh,2021,1,district,papum pare district,34
arunachal-pradesh,2021,1,district,west siang district,32
arunachal-pradesh,2021,1,district,namsai district,30
arunachal-pradesh,2021,1,district,changlang district,23
arunachal-pradesh,2021,1,district,lower dibang valley district,16
arunachal-pradesh,2021,1,district,lepa rada district,12
arunachal-pradesh,2021,1,district,tirap district,12
arunachal-pradesh,2021,2,district,itanagar capital complex district,168
arunachal-pradesh,2021,2,district,east siang district,56
arunachal-pradesh,2021,2,district,west kameng district,44
arunachal-pradesh,2021,2,district,papum pare district,40
arunachal-pradesh,2021,2,district,namsai district,37
arunachal-pradesh,2021,2,district,west siang district,35
arunachal-pradesh,2021,2,district,changlang district,29
arunachal-pradesh,2021,2,district,lower dibang valley district,23
arunachal-pradesh,2021,2,district,lohit district,17
arunachal-pradesh,2021,2,district,tirap district,16
arunachal-pradesh,2021,3,district,itanagar capital complex district,245
arunachal-pradesh,2021,3,district,papum pare district,89
arunachal-pradesh,2021,3,district,east siang district,81
arunachal-pradesh,2021,3,district,west kameng district,64
arunachal-pradesh,2021,3,district,namsai district,57
arunachal-pradesh,2021,3,district,changlang district,50
arunachal-pradesh,2021,3,district,lower dibang valley district,42
arunachal-pradesh,2021,3,district,west siang district,37
arunachal-pradesh,2021,3,district,lepa rada district,33
arunachal-pradesh,2021,3,district,lohit district,27
arunachal-pradesh,2021,4,district,itanagar capital complex district,369
arunachal-pradesh,2021,4,district,papum pare district,169
arunachal-pradesh,2021,4,district,lohit district,128
arunachal-pradesh,2021,4,district,lower dibang valley district,126
arunachal-pradesh,2021,4,district,west kameng district,121
arunachal-pradesh,2021,4,district,namsai district,111
arunachal-pradesh,2021,4,district,east siang district,109
arunachal-pradesh,2021,4,district,west siang district,100
arunachal-pradesh,2021,4,district,changlang district,74
arunachal-pradesh,2021,4,district,lepa rada district,37
arunachal-pradesh,2022,1,district,itanagar capital complex district,684
arunachal-pradesh,2022,1,district,west kameng district,270
arunachal-pradesh,2022,1,district,papum pare district,257
arunachal-pradesh,2022,1,district,east siang district,229
arunachal-pradesh,2022,1,district,lower dibang valley district,146
arunachal-pradesh,2022,1,district,lohit district,139
arunachal-pradesh,2022,1,district,west siang district,135
arunachal-pradesh,2022,1,district,namsai district,135
arunachal-pradesh,2022,1,district,changlang district,122
arunachal-pradesh,2022,1,district,lower siang district,60
arunachal-pradesh,2022,2,district,itanagar capital complex district,903
arunachal-pradesh,2022,2,district,papum pare district,603
arunachal-pradesh,2022,2,district,east siang district,459
arunachal-pradesh,2022,2,district,west kameng district,372
arunachal-pradesh,2022,2,district,changlang district,225
arunachal-pradesh,2022,2,district,lower dibang valley district,184
arunachal-pradesh,2022,2,district,namsai district,176
arunachal-pradesh,2022,2,district,lohit district,160
arunachal-pradesh,2022,2,district,west siang district,159
arunachal-pradesh,2022,2,district,upper subansiri district,102
arunachal-pradesh,2022,3,district,itanagar capital complex district,2186
arunachal-pradesh,2022,3,district,papum pare district,1140
arunachal-pradesh,2022,3,district,west kameng district,1061
arunachal-pradesh,2022,3,district,east siang district,581
arunachal-pradesh,2022,3,district,changlang district,440
arunachal-pradesh,2022,3,district,namsai district,307
arunachal-pradesh,2022,3,district,lower dibang valley district,232
arunachal-pradesh,2022,3,district,lohit district,190
arunachal-pradesh,2022,3,district,west siang district,182
arunachal-pradesh,2022,3,district,east kameng district,166
arunachal-pradesh,2022,4,district,itanagar capital complex district,2893
arunachal-pradesh,2022,4,district,papum pare district,1403
arunachal-pradesh,2022,4,district,west kameng district,1256
arunachal-pradesh,2022,4,district,east siang district,808
arunachal-pradesh,2022,4,district,changlang district,496
arunachal-pradesh,2022,4,district,namsai district,404
arunachal-pradesh,2022,4,district,west siang district,353
arunachal-pradesh,2022,4,district,east kameng district,340
arunachal-pradesh,2022,4,district,lohit district,332
arunachal-pradesh,2022,4,district,lower dibang valley district,326
arunachal-pradesh,2023,1,district,itanagar capital complex district,3020
arunachal-pradesh,2023,1,district,papum pare district,1600
arunachal-pradesh,2023,1,district,west kameng district,1416
arunachal-pradesh,2023,1,district,east siang district,891
arunachal-pradesh,2023,1,district,changlang district,572
arunachal-pradesh,2023,1,district,east kameng district,447
arunachal-pradesh,2023,1,district,namsai district,403
arunachal-pradesh,2023,1,district,west siang district,356
arunachal-pradesh,2023,1,district,lohit district,334
arunachal-pradesh,2023,1,district,lower dibang valley district,325
arunachal-pradesh,2023,2,district,itanagar capital complex district,3358
arunachal-pradesh,2023,2,district,papum pare district,1768
arunachal-pradesh,2023,2,district,west kameng district,1619
arunachal-pradesh,2023,2,district,east siang district,941
arunachal-pradesh,2023,2,district,changlang district,615
arunachal-pradesh,2023,2,district,east kameng district,540
arunachal-pradesh,2023,2,district,namsai district,403
arunachal-pradesh,2023,2,district,west siang district,356
arunachal-pradesh,2023,2,district,lohit district,333
arunachal-pradesh,2023,2,district,lower dibang valley district,326
arunachal-pradesh,2023,3,district,itanagar capital complex district,4346
arunachal-pradesh,2023,3,district,papum pare district,2090
arunachal-pradesh,2023,3,district,west kameng district,1787
arunachal-pradesh,2023,3,district,east siang district,953
arunachal-pradesh,2023,3,district,changlang district,663
arunachal-pradesh,2023,3,district,east kameng district,639
arunachal-pradesh,2023,3,district,namsai district,415
arunachal-pradesh,2023,3,district,lower dibang valley district,390
arunachal-pradesh,2023,3,district,lohit district,371
arunachal-pradesh,2023,3,district,west siang district,355
arunachal-pradesh,2023,3,district,lower subansiri district,355
arunachal-pradesh,2023,4,district,itanagar capital complex district,4881
arunachal-pradesh,2023,4,district,papum pare district,2264
arunachal-pradesh,2023,4,district,west kameng district,1876
arunachal-pradesh,2023,4,district,east siang district,1126
arunachal-pradesh,2023,4,district,changlang district,767
arunachal-pradesh,2023,4,district,east kameng district,743
arunachal-pradesh,2023,4,district,namsai district,452
arunachal-pradesh,2023,4,district,lower dibang valley district,435
arunachal-pradesh,2023,4,district,lohit district,422
arunachal-pradesh,2023,4,district,lower subansiri district,360
arunachal-pradesh,2024,1,district,itanagar capital complex district,5685
arunachal-pradesh,2024,1,district,papum pare district,2383
arunachal-pradesh,2024,1,district,west kameng district,1936
arunachal-pradesh,2024,1,district,east siang district,1293
arunachal-pradesh,2024,1,district,east kameng district,844
arunachal-pradesh,2024,1,district,changlang district,834
arunachal-pradesh,2024,1,district,namsai district,494
arunachal-pradesh,2024,1,district,lower dibang valley district,456
arunachal-pradesh,2024,1,district,lohit district,428
arunachal-pradesh,2024,1,district,west siang district,366
arunachal-pradesh,2024,2,district,itanagar capital complex district,6435
arunachal-pradesh,2024,2,district,papum pare district,2594
arunachal-pradesh,2024,2,district,west kameng district,2027
arunachal-pradesh,2024,2,district,east siang district,1437
arunachal-pradesh,2024,2,district,east kameng district,939
arunachal-pradesh,2024,2,district,changlang district,921
arunachal-pradesh,2024,2,district,namsai district,557
arunachal-pradesh,2024,2,district,upper subansiri district,503
arunachal-pradesh,2024,2,district,lower dibang valley district,484
arunachal-pradesh,2024,2,district,lohit district,450
arunachal-pradesh,2024,3,district,itanagar capital complex district,7147
arunachal-pradesh,2024,3,district,papum pare district,2829
arunachal-pradesh,2024,3,district,west kameng district,2129
arunachal-pradesh,2024,3,district,east siang district,1547
arunachal-pradesh,2024,3,district,east kameng district,1011
arunachal-pradesh,2024,3,district,changlang district,993
arunachal-pradesh,2024,3,district,upper subansiri district,665
arunachal-pradesh,2024,3,district,namsai district,595
arunachal-pradesh,2024,3,district,lower dibang valley district,569
arunachal-pradesh,2024,3,district,west siang district,567
arunachal-pradesh,2024,4,district,itanagar capital complex district,7987
arunachal-pradesh,2024,4,district,papum pare district,3114
arunachal-pradesh,2024,4,district,west kameng district,2270
arunachal-pradesh,2024,4,district,east siang district,1642
arunachal-pradesh,2024,4,district,east kameng district,1098
arunachal-pradesh,2024,4,district,changlang district,1076
arunachal-pradesh,2024,4,district,upper subansiri district,824
arunachal-pradesh,2024,4,district,lower dibang valley district,619
arunachal-pradesh,2024,4,district,namsai district,612
arunachal-pradesh,2024,4,district,west siang district,587
arunachal-pradesh,2025,1,district,itanagar capital complex district,8889
arunachal-pradesh,2025,1,district,papum pare district,3451
arunachal-pradesh,2025,1,district,west kameng district,2357
arunachal-pradesh,2025,1,district,east siang district,1700
arunachal-pradesh,2025,1,district,east kameng district,1187
arunachal-pradesh,2025,1,district,changlang district,1139
arunachal-pradesh,2025,1,district,upper subansiri district,875
arunachal-pradesh,2025,1,district,lower dibang valley district,628
arunachal-pradesh,2025,1,district,namsai district,617
arunachal-pradesh,2025,1,district,west siang district,607
arunachal-pradesh,2025,2,district,itanagar capital complex district,9582
arunachal-pradesh,2025,2,district,papum pare district,3700
arunachal-pradesh,2025,2,district,west kameng district,2518
arunachal-pradesh,2025,2,district,east siang district,1907
arunachal-pradesh,2025,2,district,east kameng district,1286
arunachal-pradesh,2025,2,district,changlang district,1146
arunachal-pradesh,2025,2,district,upper subansiri district,879
arunachal-pradesh,2025,2,district,west siang district,660
arunachal-pradesh,2025,2,district,lower subansiri district,640
arunachal-pradesh,2025,2,district,lower dibang valley district,636
arunachal-pradesh,2025,3,district,itanagar capital complex district,10369
arunachal-pradesh,2025,3,district,papum pare district,3973
arunachal-pradesh,2025,3,district,west kameng district,2627
arunachal-pradesh,2025,3,district,east siang district,2246
arunachal-pradesh,2025,3,district,east kameng district,1393
arunachal-pradesh,2025,3,district,changlang district,1229
arunachal-pradesh,2025,3,district,upper subansiri district,939
arunachal-pradesh,2025,3,district,lower subansiri district,716
arunachal-pradesh,2025,3,district,west siang district,697
arunachal-pradesh,2025,3,district,lower dibang valley district,651
arunachal-pradesh,2025,4,district,itanagar capital complex district,11201
arunachal-pradesh,2025,4,district,papum pare district,4304
arunachal-pradesh,2025,4,district,west kameng district,2679
arunachal-pradesh,2025,4,district,east siang district,2456
arunachal-pradesh,2025,4,district,east kameng district,1452
arunachal-pradesh,2025,4,district,changlang district,1246
arunachal-pradesh,2025,4,district,upper subansiri district,953
arunachal-pradesh,2025,4,district,lower subansiri district,774
arunachal-pradesh,2025,4,district,west siang district,740
arunachal-pradesh,2025,4,district,lower dibang valley district,667
arunachal-pradesh,2026,1,district,itanagar capital complex district,12294
arunachal-pradesh,2026,1,district,papum pare district,4661
arunachal-pradesh,2026,1,district,east siang district,2747
arunachal-pradesh,2026,1,district,west kameng district,2724
arunachal-pradesh,2026,1,district,east kameng district,1481
arunachal-pradesh,2026,1,district,changlang district,1247
arunachal-pradesh,2026,1,district,upper subansiri district,1001
arunachal-pradesh,2026,1,district,lower subansiri district,826
arunachal-pradesh,2026,1,district,west siang district,816
arunachal-pradesh,2026,1,district,lower dibang valley district,690
arunachal-pradesh,2026,2,district,itanagar capital complex district,13506
arunachal-pradesh,2026,2,district,papum pare district,5026
arunachal-pradesh,2026,2,district,east siang district,3200
arunachal-pradesh,2026,2,district,west kameng district,2834
arunachal-pradesh,2026,2,district,east kameng district,1481
arunachal-pradesh,2026,2,district,changlang district,1255
arunachal-pradesh,2026,2,district,upper subansiri district,1035
arunachal-pradesh,2026,2,district,lower subansiri district,866
arunachal-pradesh,2026,2,district,west siang district,860
arunachal-pradesh,2026,2,district,lower dibang valley district,710
assam,2018,3,district,cachar district,4
assam,2018,3,district,kamrup metropolitan district,3
assam,2018,3,district,morigaon district,2
assam,2018,3,district,sribhumi district,1
assam,2018,3,district,darrang district,1
assam,2018,3,district,goalpara district,1
assam,2018,4,district,kamrup metropolitan district,9
assam,2018,4,district,hailakandi district,8
assam,2018,4,district,cachar district,7
assam,2018,4,district,morigaon district,4
assam,2018,4,district,nagaon district,4
assam,2018,4,district,sribhumi district,4
assam,2018,4,district,kamrup district,3
assam,2018,4,district,dhubri district,2
assam,2018,4,district,kokrajhar district,2
assam,2018,4,district,darrang district,2
assam,2018,4,district,hojai district,2
assam,2018,4,district,goalpara district,2
assam,2019,1,district,kamrup metropolitan district,712
assam,2019,1,district,nagaon district,248
assam,2019,1,district,kamrup district,134
assam,2019,1,district,morigaon district,126
assam,2019,1,district,barpeta district,124
assam,2019,1,district,dhubri district,103
assam,2019,1,district,cachar district,81
assam,2019,1,district,goalpara district,75
assam,2019,1,district,hojai district,50
assam,2019,1,district,bongaigaon district,48
assam,2019,2,district,kamrup metropolitan district,2937
assam,2019,2,district,nagaon district,414
assam,2019,2,district,barpeta district,297
assam,2019,2,district,dhubri district,294
assam,2019,2,district,kamrup district,288
assam,2019,2,district,morigaon district,226
assam,2019,2,district,cachar district,149
assam,2019,2,district,goalpara district,138
assam,2019,2,district,darrang district,110
assam,2019,2,district,bongaigaon district,108
assam,2019,3,district,kamrup metropolitan district,3255
assam,2019,3,district,nagaon district,598
assam,2019,3,district,barpeta district,412
assam,2019,3,district,dhubri district,375
assam,2019,3,district,kamrup district,373
assam,2019,3,district,morigaon district,356
assam,2019,3,district,cachar district,231
assam,2019,3,district,goalpara district,211
assam,2019,3,district,hojai district,166
assam,2019,3,district,sonitpur district,161
assam,2019,4,district,kamrup metropolitan district,3647
assam,2019,4,district,nagaon district,731
assam,2019,4,district,barpeta district,491
assam,2019,4,district,kamrup district,464
assam,2019,4,district,morigaon district,449
assam,2019,4,district,dhubri district,443
assam,2019,4,district,cachar district,293
assam,2019,4,district,nalbari district,252
assam,2019,4,district,goalpara district,247
assam,2019,4,district,hojai district,221
assam,2020,1,district,kamrup metropolitan district,3859
assam,2020,1,district,nagaon district,876
assam,2020,1,district,barpeta district,623
assam,2020,1,district,morigaon district,543
assam,2020,1,district,kamrup district,542
assam,2020,1,district,dhubri district,509
assam,2020,1,district,cachar district,383
assam,2020,1,district,goalpara district,318
assam,2020,1,district,hojai district,290
assam,2020,1,district,nalbari district,280
assam,2020,2,district,kamrup metropolitan district,4214
assam,2020,2,district,nagaon district,954
assam,2020,2,district,barpeta district,703
assam,2020,2,district,kamrup district,596
assam,2020,2,district,morigaon district,581
assam,2020,2,district,dhubri district,567
assam,2020,2,district,cachar district,494
assam,2020,2,district,goalpara district,364
assam,2020,2,district,hojai district,329
assam,2020,2,district,nalbari district,298
assam,2020,3,district,kamrup metropolitan district,5024
assam,2020,3,district,nagaon district,983
assam,2020,3,district,barpeta district,733
assam,2020,3,district,kamrup district,618
assam,2020,3,district,morigaon district,611
assam,2020,3,district,dhubri district,578
assam,2020,3,district,cachar district,526
assam,2020,3,district,goalpara district,381
assam,2020,3,district,hojai district,348
assam,2020,3,district,nalbari district,308
assam,2020,4,district,kamrup metropolitan district,6577
assam,2020,4,district,nagaon district,1272
assam,2020,4,district,dhubri district,1161
assam,2020,4,district,kamrup district,882
assam,2020,4,district,barpeta district,797
assam,2020,4,district,darrang district,670
assam,2020,4,district,morigaon district,658
assam,2020,4,district,cachar district,591
assam,2020,4,district,sonitpur district,451
assam,2020,4,district,hojai district,440
assam,2021,1,district,kamrup metropolitan district,8071
assam,2021,1,district,barpeta district,6645
assam,2021,1,district,dhubri district,3415
assam,2021,1,district,bongaigaon district,3022
assam,2021,1,district,darrang district,2240
assam,2021,1,district,goalpara district,2176
assam,2021,1,district,nagaon district,2026
assam,2021,1,district,morigaon district,1883
assam,2021,1,district,kamrup district,1659
assam,2021,1,district,cachar district,1002
assam,2021,2,district,kamrup metropolitan district,11295
assam,2021,2,district,barpeta district,10124
assam,2021,2,district,dhubri district,6639
assam,2021,2,district,bongaigaon district,4596
assam,2021,2,district,kamrup district,4378
assam,2021,2,district,nagaon district,3845
assam,2021,2,district,darrang district,3544
assam,2021,2,district,cachar district,3051
assam,2021,2,district,goalpara district,2951
assam,2021,2,district,morigaon district,2668
assam,2021,3,district,kamrup metropolitan district,15607
assam,2021,3,district,barpeta district,15318
assam,2021,3,district,dhubri district,9064
assam,2021,3,district,kamrup district,6798
assam,2021,3,district,bongaigaon district,6485
assam,2021,3,district,nagaon district,6020
assam,2021,3,district,cachar district,5627
assam,2021,3,district,darrang district,5069
assam,2021,3,district,goalpara district,4130
assam,2021,3,district,morigaon district,3844
assam,2021,4,district,kamrup metropolitan district,25238
assam,2021,4,district,barpeta district,18937
assam,2021,4,district,dhubri district,11146
assam,2021,4,district,kamrup district,9532
assam,2021,4,district,nagaon district,9002
assam,2021,4,district,cachar district,8204
assam,2021,4,district,darrang district,7428
assam,2021,4,district,bongaigaon district,7346
assam,2021,4,district,sonitpur district,7251
assam,2021,4,district,goalpara district,5879
assam,2022,1,district,kamrup metropolitan district,33848
assam,2022,1,district,barpeta district,23568
assam,2022,1,district,dhubri district,15342
assam,2022,1,district,nagaon district,14580
assam,2022,1,district,kamrup district,14064
assam,2022,1,district,darrang district,10802
assam,2022,1,district,cachar district,10617
assam,2022,1,district,sonitpur district,10411
assam,2022,1,district,bongaigaon district,9818
assam,2022,1,district,goalpara district,8522
assam,2022,2,district,kamrup metropolitan district,41843
assam,2022,2,district,barpeta district,26981
assam,2022,2,district,dhubri district,18624
assam,2022,2,district,nagaon district,18501
assam,2022,2,district,kamrup district,17394
assam,2022,2,district,sonitpur district,13390
assam,2022,2,district,darrang district,13012
assam,2022,2,district,cachar district,12700
assam,2022,2,district,bongaigaon district,11812
assam,2022,2,district,goalpara district,10498
assam,2022,3,district,kamrup metropolitan district,52264
assam,2022,3,district,barpeta district,30218
assam,2022,3,district,dhubri district,22362
assam,2022,3,district,kamrup district,21074
assam,2022,3,district,nagaon district,20975
assam,2022,3,district,sonitpur district,15822
assam,2022,3,district,darrang district,15280
assam,2022,3,district,bongaigaon district,14466
assam,2022,3,district,cachar district,14341
assam,2022,3,district,morigaon district,12492
assam,2022,4,district,kamrup metropolitan district,60430
assam,2022,4,district,barpeta district,33817
assam,2022,4,district,dhubri district,24879
assam,2022,4,district,kamrup district,24024
assam,2022,4,district,nagaon district,23704
assam,2022,4,district,sonitpur district,17797
assam,2022,4,district,darrang district,17749
assam,2022,4,district,bongaigaon district,16428
assam,2022,4,district,cachar district,15580
assam,2022,4,district,goalpara district,14086
assam,2023,1,district,kamrup metropolitan district,67215
assam,2023,1,district,barpeta district,35493
assam,2023,1,district,kamrup district,26132
assam,2023,1,district,dhubri district,25895
assam,2023,1,district,nagaon district,25749
assam,2023,1,district,sonitpur district,19453
assam,2023,1,district,darrang district,19272
assam,2023,1,district,bongaigaon district,17515
assam,2023,1,district,cachar district,16708
assam,2023,1,district,morigaon district,15919
assam,2023,2,district,kamrup metropolitan district,73277
assam,2023,2,district,barpeta district,36647
assam,2023,2,district,nagaon district,27957
assam,2023,2,district,kamrup district,27954
assam,2023,2,district,dhubri district,26411
assam,2023,2,district,darrang district,20968
assam,2023,2,district,sonitpur district,20732
assam,2023,2,district,bongaigaon district,18139
assam,2023,2,district,cachar district,17427
assam,2023,2,district,morigaon district,17057
assam,2023,3,district,kamrup metropolitan district,78904
assam,2023,3,district,barpeta district,38821
assam,2023,3,district,kamrup district,30781
assam,2023,3,district,nagaon district,29748
assam,2023,3,district,dhubri district,27909
assam,2023,3,district,darrang district,22729
assam,2023,3,district,sonitpur district,22602
assam,2023,3,district,bongaigaon district,19517
assam,2023,3,district,cachar district,19121
assam,2023,3,district,morigaon district,18408
assam,2023,4,district,kamrup metropolitan district,82864
assam,2023,4,district,barpeta district,40873
assam,2023,4,district,kamrup district,32620
assam,2023,4,district,nagaon district,32127
assam,2023,4,district,dhubri district,29612
assam,2023,4,district,darrang district,24071
assam,2023,4,district,sonitpur district,23910
assam,2023,4,district,cachar district,20880
assam,2023,4,district,bongaigaon district,20809
assam,2023,4,district,morigaon district,19421
assam,2024,1,district,kamrup metropolitan district,88178
assam,2024,1,district,barpeta district,43139
assam,2024,1,district,kamrup district,34671
assam,2024,1,district,nagaon district,34335
assam,2024,1,district,dhubri district,31485
assam,2024,1,district,darrang district,25445
assam,2024,1,district,sonitpur district,25037
assam,2024,1,district,cachar district,23607
assam,2024,1,district,bongaigaon district,22113
assam,2024,1,district,morigaon district,20769
assam,2024,2,district,kamrup metropolitan district,92556
assam,2024,2,district,barpeta district,44975
assam,2024,2,district,nagaon district,36332
assam,2024,2,district,kamrup district,36322
assam,2024,2,district,dhubri district,33142
assam,2024,2,district,darrang district,26698
assam,2024,2,district,sonitpur district,26397
assam,2024,2,district,cachar district,25759
assam,2024,2,district,bongaigaon district,23195
assam,2024,2,district,morigaon district,21931
assam,2024,3,district,kamrup metropolitan district,97958
assam,2024,3,district,barpeta district,46806
assam,2024,3,district,nagaon district,38396
assam,2024,3,district,kamrup district,38157
assam,2024,3,district,dhubri district,34948
assam,2024,3,district,cachar district,28349
assam,2024,3,district,sonitpur district,27900
assam,2024,3,district,darrang district,27829
assam,2024,3,district,bongaigaon district,24175
assam,2024,3,district,morigaon district,23507
assam,2024,4,district,kamrup metropolitan district,102781
assam,2024,4,district,barpeta district,49464
assam,2024,4,district,nagaon district,40509
assam,2024,4,district,kamrup district,39725
assam,2024,4,district,dhubri district,38225
assam,2024,4,district,cachar district,31035
assam,2024,4,district,sonitpur district,29348
assam,2024,4,district,darrang district,29038
assam,2024,4,district,bongaigaon district,25553
assam,2024,4,district,morigaon district,25078
assam,2025,1,district,kamrup metropolitan district,107855
assam,2025,1,district,barpeta district,52000
assam,2025,1,district,nagaon district,42704
assam,2025,1,district,kamrup district,40957
assam,2025,1,district,dhubri district,40394
assam,2025,1,district,cachar district,33638
assam,2025,1,district,sonitpur district,30502
assam,2025,1,district,darrang district,30027
assam,2025,1,district,bongaigaon district,27303
assam,2025,1,district,morigaon district,26292
assam,2025,2,district,kamrup metropolitan district,112749
assam,2025,2,district,barpeta district,53520
assam,2025,2,district,nagaon district,44489
assam,2025,2,district,kamrup district,42842
assam,2025,2,district,dhubri district,42831
assam,2025,2,district,cachar district,35737
assam,2025,2,district,sonitpur district,31692
assam,2025,2,district,darrang district,30993
assam,2025,2,district,bongaigaon district,29108
assam,2025,2,district,morigaon district,27141
assam,2025,3,district,kamrup metropolitan district,117707
assam,2025,3,district,barpeta district,56000
assam,2025,3,district,nagaon district,46321
assam,2025,3,district,dhubri district,45077
assam,2025,3,district,kamrup district,44851
assam,2025,3,district,cachar district,38221
assam,2025,3,district,sonitpur district,32890
assam,2025,3,district,darrang district,32151
assam,2025,3,district,bongaigaon district,30799
assam,2025,3,district,morigaon district,27834
assam,2025,4,district,kamrup metropolitan district,123267
assam,2025,4,district,barpeta district,60400
assam,2025,4,district,nagaon district,49091
assam,2025,4,district,dhubri district,48910
assam,2025,4,district,kamrup district,48100
assam,2025,4,district,cachar district,40654
assam,2025,4,district,sonitpur district,34498
assam,2025,4,district,bongaigaon district,33360
assam,2025,4,district,darrang district,33347
assam,2025,4,district,morigaon district,28991
assam,2026,1,district,kamrup metropolitan district,127064
assam,2026,1,district,barpeta district,63666
assam,2026,1,district,dhubri district,52187
assam,2026,1,district,nagaon district,52134
assam,2026,1,district,kamrup district,50610
assam,2026,1,district,cachar district,41813
assam,2026,1,district,sonitpur district,35603
assam,2026,1,district,bongaigaon district,35021
assam,2026,1,district,darrang district,34490
assam,2026,1,district,goalpara district,31486
assam,2026,2,district,kamrup metropolitan district,132725
assam,2026,2,district,barpeta district,67370
assam,2026,2,district,dhubri district,63485
assam,2026,2,district,nagaon district,55055
assam,2026,2,district,kamrup district,53444
assam,2026,2,district,cachar district,43480
assam,2026,2,district,sonitpur district,37276
assam,2026,2,district,goalpara district,37138
assam,2026,2,district,bongaigaon district,36579
assam,2026,2,district,darrang district,35618
bihar,2018,1,district,nawada district,2
bihar,2018,2,district,nawada district,2
bihar,2018,2,district,patna district,2
bihar,2018,3,district,patna district,10
bihar,2018,3,district,darbhanga district,10
bihar,2018,3,district,muzaffarpur district,6
bihar,2018,3,district,saran district,6
bihar,2018,3,district,madhubani district,6
bihar,2018,3,district,siwan district,5
bihar,2018,3,district,nalanda district,4
bihar,2018,3,district,pashchim champaran district,4
bihar,2018,3,district,purbi champaran district,3
bihar,2018,3,district,rohtas district,3
bihar,2018,4,district,patna district,87
bihar,2018,4,district,darbhanga district,67
bihar,2018,4,district,madhubani district,65
bihar,2018,4,district,muzaffarpur district,55
bihar,2018,4,district,purbi champaran district,42
bihar,2018,4,district,sitamarhi district,35
bihar,2018,4,district,gaya district,34
bihar,2018,4,district,siwan district,30
bihar,2018,4,district,gopalganj district,27
bihar,2018,4,district,pashchim champaran district,23
bihar,2019,1,district,patna district,19109
bihar,2019,1,district,muzaffarpur district,4019
bihar,2019,1,district,gaya district,2785
bihar,2019,1,district,bhagalpur district,1785
bihar,2019,1,district,vaishali district,1709
bihar,2019,1,district,nalanda district,1476
bihar,2019,1,district,katihar district,1288
bihar,2019,1,district,pashchim champaran district,1181
bihar,2019,1,district,purbi champaran district,1144
bihar,2019,1,district,saran district,981
bihar,2019,2,district,patna district,34999
bihar,2019,2,district,muzaffarpur district,11752
bihar,2019,2,district,gaya district,10139
bihar,2019,2,district,vaishali district,7135
bihar,2019,2,district,saran district,6646
bihar,2019,2,district,nalanda district,4641
bihar,2019,2,district,bhagalpur district,4450
bihar,2019,2,district,purbi champaran district,4409
bihar,2019,2,district,katihar district,3775
bihar,2019,2,district,siwan district,3409
bihar,2019,3,district,patna district,46298
bihar,2019,3,district,muzaffarpur district,16568
bihar,2019,3,district,gaya district,14234
bihar,2019,3,district,vaishali district,9979
bihar,2019,3,district,saran district,9684
bihar,2019,3,district,nalanda district,6657
bihar,2019,3,district,purbi champaran district,6385
bihar,2019,3,district,siwan district,5841
bihar,2019,3,district,bhagalpur district,5786
bihar,2019,3,district,katihar district,5396
bihar,2019,4,district,patna district,55440
bihar,2019,4,district,muzaffarpur district,19570
bihar,2019,4,district,gaya district,16835
bihar,2019,4,district,saran district,12150
bihar,2019,4,district,vaishali district,11882
bihar,2019,4,district,nalanda district,8714
bihar,2019,4,district,purbi champaran district,8240
bihar,2019,4,district,siwan district,7960
bihar,2019,4,district,bhagalpur district,6664
bihar,2019,4,district,gopalganj district,6216
bihar,2020,1,district,patna district,65251
bihar,2020,1,district,muzaffarpur district,22377
bihar,2020,1,district,gaya district,19382
bihar,2020,1,district,saran district,14387
bihar,2020,1,district,vaishali district,13557
bihar,2020,1,district,nalanda district,10846
bihar,2020,1,district,purbi champaran district,10133
bihar,2020,1,district,siwan district,9659
bihar,2020,1,district,gopalganj district,8059
bihar,2020,1,district,madhubani district,8006
bihar,2020,2,district,patna district,68997
bihar,2020,2,district,muzaffarpur district,23491
bihar,2020,2,district,gaya district,20565
bihar,2020,2,district,saran district,15453
bihar,2020,2,district,vaishali district,14733
bihar,2020,2,district,nalanda district,11784
bihar,2020,2,district,purbi champaran district,10979
bihar,2020,2,district,siwan district,10535
bihar,2020,2,district,madhubani district,9363
bihar,2020,2,district,darbhanga district,8853
bihar,2020,3,district,patna district,78052
bihar,2020,3,district,muzaffarpur district,26306
bihar,2020,3,district,gaya district,23672
bihar,2020,3,district,saran district,18488
bihar,2020,3,district,vaishali district,17908
bihar,2020,3,district,purbi champaran district,15364
bihar,2020,3,district,nalanda district,14662
bihar,2020,3,district,siwan district,13084
bihar,2020,3,district,madhubani district,12374
bihar,2020,3,district,darbhanga district,11419
bihar,2020,4,district,patna district,89531
bihar,2020,4,district,muzaffarpur district,32169
bihar,2020,4,district,gaya district,29541
bihar,2020,4,district,saran district,27706
bihar,2020,4,district,vaishali district,21607
bihar,2020,4,district,siwan district,21283
bihar,2020,4,district,purbi champaran district,21043
bihar,2020,4,district,nalanda district,19446
bihar,2020,4,district,madhubani district,19209
bihar,2020,4,district,darbhanga district,17638
bihar,2021,1,district,patna district,103244
bihar,2021,1,district,muzaffarpur district,40591
bihar,2021,1,district,saran district,37854
bihar,2021,1,district,gaya district,35705
bihar,2021,1,district,purbi champaran district,33888
bihar,2021,1,district,vaishali district,29478
bihar,2021,1,district,madhubani district,27940
bihar,2021,1,district,siwan district,27591
bihar,2021,1,district,pashchim champaran district,26947
bihar,2021,1,district,darbhanga district,25248
bihar,2021,2,district,patna district,112243
bihar,2021,2,district,muzaffarpur district,46690
bihar,2021,2,district,saran district,43567
bihar,2021,2,district,purbi champaran district,43392
bihar,2021,2,district,gaya district,38748
bihar,2021,2,district,pashchim champaran district,34820
bihar,2021,2,district,madhubani district,34329
bihar,2021,2,district,vaishali district,34232
bihar,2021,2,district,darbhanga district,32132
bihar,2021,2,district,samastipur district,32069
bihar,2021,3,district,patna district,124518
bihar,2021,3,district,purbi champaran district,58811
bihar,2021,3,district,muzaffarpur district,57428
bihar,2021,3,district,saran district,53415
bihar,2021,3,district,pashchim champaran district,46479
bihar,2021,3,district,madhubani district,44162
bihar,2021,3,district,samastipur district,43101
bihar,2021,3,district,gaya district,42990
bihar,2021,3,district,vaishali district,42326
bihar,2021,3,district,darbhanga district,41599
bihar,2021,4,district,patna district,133319
bihar,2021,4,district,purbi champaran district,73222
bihar,2021,4,district,muzaffarpur district,66207
bihar,2021,4,district,saran district,60982
bihar,2021,4,district,pashchim champaran district,57041
bihar,2021,4,district,samastipur district,53442
bihar,2021,4,district,madhubani district,53150
bihar,2021,4,district,darbhanga district,49596
bihar,2021,4,district,vaishali district,49000
bihar,2021,4,district,gaya district,48104
bihar,2022,1,district,patna district,144810
bihar,2022,1,district,purbi champaran district,88405
bihar,2022,1,district,muzaffarpur district,77658
bihar,2022,1,district,saran district,71177
bihar,2022,1,district,pashchim champaran district,68899
bihar,2022,1,district,samastipur district,64659
bihar,2022,1,district,madhubani district,62494
bihar,2022,1,district,vaishali district,59030
bihar,2022,1,district,darbhanga district,57746
bihar,2022,1,district,gaya district,54938
bihar,2022,2,district,patna district,155548
bihar,2022,2,district,purbi champaran district,97812
bihar,2022,2,district,muzaffarpur district,84048
bihar,2022,2,district,saran district,77919
bihar,2022,2,district,pashchim champaran district,75923
bihar,2022,2,district,samastipur district,71432
bihar,2022,2,district,madhubani district,68544
bihar,2022,2,district,vaishali district,65115
bihar,2022,2,district,darbhanga district,62871
bihar,2022,2,district,gaya district,59356
bihar,2022,3,district,patna district,164312
bihar,2022,3,district,purbi champaran district,107211
bihar,2022,3,district,muzaffarpur district,90697
bihar,2022,3,district,saran district,85117
bihar,2022,3,district,pashchim champaran district,83538
bihar,2022,3,district,samastipur district,77152
bihar,2022,3,district,madhubani district,73828
bihar,2022,3,district,vaishali district,69450
bihar,2022,3,district,darbhanga district,67246
bihar,2022,3,district,gaya district,62952
bihar,2022,4,district,patna district,170514
bihar,2022,4,district,purbi champaran district,115533
bihar,2022,4,district,muzaffarpur district,96232
bihar,2022,4,district,saran district,92413
bihar,2022,4,district,pashchim champaran district,91374
bihar,2022,4,district,samastipur district,84270
bihar,2022,4,district,madhubani district,78311
bihar,2022,4,district,vaishali district,73775
bihar,2022,4,district,darbhanga district,71725
bihar,2022,4,district,begusarai district,69754
bihar,2023,1,district,patna district,167245
bihar,2023,1,district,purbi champaran district,118528
bihar,2023,1,district,muzaffarpur district,98078
bihar,2023,1,district,pashchim champaran district,94440
bihar,2023,1,district,saran district,91293
bihar,2023,1,district,samastipur district,85660
bihar,2023,1,district,madhubani district,79146
bihar,2023,1,district,vaishali district,73952
bihar,2023,1,district,darbhanga district,71952
bihar,2023,1,district,purnea district,69622
bihar,2023,2,district,patna district,170716
bihar,2023,2,district,purbi champaran district,120604
bihar,2023,2,district,muzaffarpur district,99800
bihar,2023,2,district,pashchim champaran district,96565
bihar,2023,2,district,saran district,94118
bihar,2023,2,district,samastipur district,87569
bihar,2023,2,district,madhubani district,80368
bihar,2023,2,district,vaishali district,75198
bihar,2023,2,district,darbhanga district,72485
bihar,2023,2,district,purnea district,71480
bihar,2023,3,district,patna district,175991
bihar,2023,3,district,purbi champaran district,124722
bihar,2023,3,district,muzaffarpur district,104017
bihar,2023,3,district,pashchim champaran district,100568
bihar,2023,3,district,saran district,97645
bihar,2023,3,district,samastipur district,92013
bihar,2023,3,district,madhubani district,82658
bihar,2023,3,district,vaishali district,77803
bihar,2023,3,district,darbhanga district,74432
bihar,2023,3,district,purnea district,74119
bihar,2023,4,district,patna district,183883
bihar,2023,4,district,purbi champaran district,128520
bihar,2023,4,district,muzaffarpur district,108384
bihar,2023,4,district,pashchim champaran district,103430
bihar,2023,4,district,saran district,99998
bihar,2023,4,district,samastipur district,95585
bihar,2023,4,district,madhubani district,84840
bihar,2023,4,district,vaishali district,80516
bihar,2023,4,district,darbhanga district,77178
bihar,2023,4,district,purnea district,76711
bihar,2024,1,district,patna district,196419
bihar,2024,1,district,purbi champaran district,131765
bihar,2024,1,district,muzaffarpur district,113744
bihar,2024,1,district,pashchim champaran district,105738
bihar,2024,1,district,saran district,102132
bihar,2024,1,district,samastipur district,99007
bihar,2024,1,district,madhubani district,85852
bihar,2024,1,district,vaishali district,82853
bihar,2024,1,district,darbhanga district,80046
bihar,2024,1,district,purnea district,78641
bihar,2024,2,district,patna district,206497
bihar,2024,2,district,purbi champaran district,135424
bihar,2024,2,district,muzaffarpur district,120895
bihar,2024,2,district,pashchim champaran district,107998
bihar,2024,2,district,saran district,105329
bihar,2024,2,district,samastipur district,103245
bihar,2024,2,district,madhubani district,87921
bihar,2024,2,district,vaishali district,85616
bihar,2024,2,district,darbhanga district,83554
bihar,2024,2,district,purnea district,81205
bihar,2024,3,district,patna district,216342
bihar,2024,3,district,purbi champaran district,140352
bihar,2024,3,district,muzaffarpur district,126864
bihar,2024,3,district,pashchim champaran district,110529
bihar,2024,3,district,saran district,109160
bihar,2024,3,district,samastipur district,107354
bihar,2024,3,district,madhubani district,91139
bihar,2024,3,district,vaishali district,88216
bihar,2024,3,district,darbhanga district,86972
bihar,2024,3,district,gaya district,83621
bihar,2024,4,district,patna district,224436
bihar,2024,4,district,purbi champaran district,145192
bihar,2024,4,district,muzaffarpur district,131528
bihar,2024,4,district,saran district,113098
bihar,2024,4,district,pashchim champaran district,112742
bihar,2024,4,district,samastipur district,111387
bihar,2024,4,district,madhubani district,93780
bihar,2024,4,district,vaishali district,90952
bihar,2024,4,district,darbhanga district,89958
bihar,2024,4,district,gaya district,86694
bihar,2025,1,district,patna district,232008
bihar,2025,1,district,purbi champaran district,149123
bihar,2025,1,district,muzaffarpur district,135391
bihar,2025,1,district,saran district,116670
bihar,2025,1,district,pashchim champaran district,115341
bihar,2025,1,district,samastipur district,114959
bihar,2025,1,district,madhubani district,95989
bihar,2025,1,district,vaishali district,93225
bihar,2025,1,district,darbhanga district,92486
bihar,2025,1,district,gaya district,89678
bihar,2025,2,district,patna district,239154
bihar,2025,2,district,purbi champaran district,152423
bihar,2025,2,district,muzaffarpur district,139197
bihar,2025,2,district,saran district,119594
bihar,2025,2,district,pashchim champaran district,118570
bihar,2025,2,district,samastipur district,118187
bihar,2025,2,district,madhubani district,98246
bihar,2025,2,district,vaishali district,95322
bihar,2025,2,district,darbhanga district,95310
bihar,2025,2,district,gaya district,92579
bihar,2025,3,district,patna district,245746
bihar,2025,3,district,purbi champaran district,155515
bihar,2025,3,district,muzaffarpur district,142238
bihar,2025,3,district,saran district,122685
bihar,2025,3,district,samastipur district,122466
bihar,2025,3,district,pashchim champaran district,122257
bihar,2025,3,district,madhubani district,101210
bihar,2025,3,district,darbhanga district,98374
bihar,2025,3,district,vaishali district,97725
bihar,2025,3,district,gaya district,95531
bihar,2025,4,district,patna district,254557
bihar,2025,4,district,purbi champaran district,159327
bihar,2025,4,district,muzaffarpur district,146768
bihar,2025,4,district,samastipur district,127985
bihar,2025,4,district,pashchim champaran district,127084
bihar,2025,4,district,saran district,126386
bihar,2025,4,district,madhubani district,105712
bihar,2025,4,district,darbhanga district,102125
bihar,2025,4,district,vaishali district,101455
bihar,2025,4,district,gaya district,99124
bihar,2026,1,district,patna district,260707
bihar,2026,1,district,purbi champaran district,162491
bihar,2026,1,district,muzaffarpur district,148869
bihar,2026,1,district,samastipur district,130709
bihar,2026,1,district,pashchim champaran district,129585
bihar,2026,1,district,saran district,128440
bihar,2026,1,district,madhubani district,108978
bihar,2026,1,district,darbhanga district,105083
bihar,2026,1,district,vaishali district,103318
bihar,2026,1,district,gaya district,102131
bihar,2026,2,district,patna district,268226
bihar,2026,2,district,purbi champaran district,165992
bihar,2026,2,district,muzaffarpur district,152204
bihar,2026,2,district,samastipur district,133736
bihar,2026,2,district,pashchim champaran district,132309
bihar,2026,2,district,saran district,130370
bihar,2026,2,district,madhubani district,112605
bihar,2026,2,district,darbhanga district,108685
bihar,2026,2,district,vaishali district,105317
bihar,2026,2,district,gaya district,104785
chandigarh,2018,2,district,chandigarh district,2
chandigarh,2018,3,district,chandigarh district,6
chandigarh,2018,4,district,chandigarh district,17
chandigarh,2019,1,district,chandigarh district,6750
chandigarh,2019,2,district,chandigarh district,15994
chandigarh,2019,3,district,chandigarh district,18880
chandigarh,2019,4,district,chandigarh district,21146
chandigarh,2020,1,district,chandigarh district,24121
chandigarh,2020,2,district,chandigarh district,25176
chandigarh,2020,3,district,chandigarh district,28162
chandigarh,2020,4,district,chandigarh district,31497
chandigarh,2021,1,district,chandigarh district,34879
chandigarh,2021,2,district,chandigarh district,37747
chandigarh,2021,3,district,chandigarh district,39808
chandigarh,2021,4,district,chandigarh district,41069
chandigarh,2022,1,district,chandigarh district,42930
chandigarh,2022,2,district,chandigarh district,44644
chandigarh,2022,3,district,chandigarh district,46291
chandigarh,2022,4,district,chandigarh district,47980
chandigarh,2023,1,district,chandigarh district,47270
chandigarh,2023,2,district,chandigarh district,48825
chandigarh,2023,3,district,chandigarh district,49865
chandigarh,2023,4,district,chandigarh district,50833
chandigarh,2024,1,district,chandigarh district,52271
chandigarh,2024,2,district,chandigarh district,53545
chandigarh,2024,3,district,chandigarh district,54821
chandigarh,2024,4,district,chandigarh district,56177
chandigarh,2025,1,district,chandigarh district,57875
chandigarh,2025,2,district,chandigarh district,59143
chandigarh,2025,3,district,chandigarh district,60176
chandigarh,2025,4,district,chandigarh district,61497
chandigarh,2026,1,district,chandigarh district,62840
chandigarh,2026,2,district,chandigarh district,64346
chhattisgarh,2018,1,district,bilaspur district,3
chhattisgarh,2018,1,district,janjgir champa district,3
chhattisgarh,2018,1,district,sukma district,2
chhattisgarh,2018,1,district,rajnandgaon district,2
chhattisgarh,2018,2,district,janjgir champa district,9
chhattisgarh,2018,2,district,bilaspur district,3
chhattisgarh,2018,2,district,rajnandgaon district,3
chhattisgarh,2018,2,district,sukma district,1
chhattisgarh,2018,2,district,durg district,1
chhattisgarh,2018,3,district,rajnandgaon district,6
chhattisgarh,2018,3,district,janjgir champa district,6
chhattisgarh,2018,3,district,raipur district,5
chhattisgarh,2018,3,district,bilaspur district,3
chhattisgarh,2018,3,district,durg district,2
chhattisgarh,2018,3,district,sukma district,1
chhattisgarh,2018,3,district,raigarh district,1
chhattisgarh,2018,3,district,mohla manpur ambagarh chouki district,1
chhattisgarh,2018,3,district,balodabazar bhatapara district,1
chhattisgarh,2018,3,district,bastar district,1
chhattisgarh,2018,4,district,raipur district,496
chhattisgarh,2018,4,district,durg district,266
chhattisgarh,2018,4,district,bilaspur district,12
chhattisgarh,2018,4,district,balodabazar bhatapara district,12
chhattisgarh,2018,4,district,janjgir champa district,10
chhattisgarh,2018,4,district,rajnandgaon district,7
chhattisgarh,2018,4,district,narayanpur district,3
chhattisgarh,2018,4,district,surguja district,2
chhattisgarh,2018,4,district,bastar district,2
chhattisgarh,2018,4,district,jashpur district,2
chhattisgarh,2018,4,district,korba district,2
chhattisgarh,2018,4,district,korea district,2
chhattisgarh,2018,4,district,sarangarh bilaigarh district,2
chhattisgarh,2018,4,district,mahasamund district,2
chhattisgarh,2018,4,district,mohla manpur ambagarh chouki district,2
chhattisgarh,2019,1,district,raipur district,11764
chhattisgarh,2019,1,district,durg district,9775
chhattisgarh,2019,1,district,rajnandgaon district,310
chhattisgarh,2019,1,district,balodabazar bhatapara district,252
chhattisgarh,2019,1,district,mahasamund district,198
chhattisgarh,2019,1,district,bilaspur district,194
chhattisgarh,2019,1,district,janjgir champa district,190
chhattisgarh,2019,1,district,balod district,187
chhattisgarh,2019,1,district,korba district,126
chhattisgarh,2019,1,district,kabirdham district,97
chhattisgarh,2019,2,district,raipur district,21855
chhattisgarh,2019,2,district,durg district,18600
chhattisgarh,2019,2,district,bilaspur district,899
chhattisgarh,2019,2,district,balodabazar bhatapara district,881
chhattisgarh,2019,2,district,rajnandgaon district,811
chhattisgarh,2019,2,district,dhamtari district,745
chhattisgarh,2019,2,district,mahasamund district,621
chhattisgarh,2019,2,district,bemetara district,599
chhattisgarh,2019,2,district,janjgir champa district,578
chhattisgarh,2019,2,district,balod district,485
chhattisgarh,2019,3,district,raipur district,28556
chhattisgarh,2019,3,district,durg district,22945
chhattisgarh,2019,3,district,bilaspur district,2863
chhattisgarh,2019,3,district,korba district,1275
chhattisgarh,2019,3,district,rajnandgaon district,1150
chhattisgarh,2019,3,district,balodabazar bhatapara district,1118
chhattisgarh,2019,3,district,dhamtari district,924
chhattisgarh,2019,3,district,janjgir champa district,912
chhattisgarh,2019,3,district,bemetara district,743
chhattisgarh,2019,3,district,mahasamund district,742
chhattisgarh,2019,4,district,raipur district,34384
chhattisgarh,2019,4,district,durg district,25668
chhattisgarh,2019,4,district,bilaspur district,6166
chhattisgarh,2019,4,district,korba district,2778
chhattisgarh,2019,4,district,janjgir champa district,1921
chhattisgarh,2019,4,district,balodabazar bhatapara district,1527
chhattisgarh,2019,4,district,rajnandgaon district,1475
chhattisgarh,2019,4,district,dhamtari district,1023
chhattisgarh,2019,4,district,mahasamund district,959
chhattisgarh,2019,4,district,bemetara district,936
chhattisgarh,2020,1,district,raipur district,40385
chhattisgarh,2020,1,district,durg district,29010
chhattisgarh,2020,1,district,bilaspur district,8091
chhattisgarh,2020,1,district,korba district,3917
chhattisgarh,2020,1,district,janjgir champa district,2245
chhattisgarh,2020,1,district,rajnandgaon district,1891
chhattisgarh,2020,1,district,balodabazar bhatapara district,1885
chhattisgarh,2020,1,district,dhamtari district,1247
chhattisgarh,2020,1,district,mahasamund district,1245
chhattisgarh,2020,1,district,bemetara district,1193
chhattisgarh,2020,2,district,raipur district,42714
chhattisgarh,2020,2,district,durg district,30361
chhattisgarh,2020,2,district,bilaspur district,8722
chhattisgarh,2020,2,district,korba district,4282
chhattisgarh,2020,2,district,janjgir champa district,2428
chhattisgarh,2020,2,district,rajnandgaon district,2018
chhattisgarh,2020,2,district,balodabazar bhatapara district,2015
chhattisgarh,2020,2,district,mahasamund district,1401
chhattisgarh,2020,2,district,sakti district,1344
chhattisgarh,2020,2,district,dhamtari district,1298
chhattisgarh,2020,3,district,raipur district,47326
chhattisgarh,2020,3,district,durg district,33070
chhattisgarh,2020,3,district,bilaspur district,10209
chhattisgarh,2020,3,district,korba district,5169
chhattisgarh,2020,3,district,janjgir champa district,2800
chhattisgarh,2020,3,district,balodabazar bhatapara district,2558
chhattisgarh,2020,3,district,rajnandgaon district,2429
chhattisgarh,2020,3,district,mahasamund district,2157
chhattisgarh,2020,3,district,sakti district,1784
chhattisgarh,2020,3,district,raigarh district,1614
chhattisgarh,2020,4,district,raipur district,54489
chhattisgarh,2020,4,district,durg district,36930
chhattisgarh,2020,4,district,bilaspur district,12963
chhattisgarh,2020,4,district,korba district,6858
chhattisgarh,2020,4,district,janjgir champa district,4553
chhattisgarh,2020,4,district,balodabazar bhatapara district,3937
chhattisgarh,2020,4,district,rajnandgaon district,3481
chhattisgarh,2020,4,district,mahasamund district,3444
chhattisgarh,2020,4,district,sakti district,3231
chhattisgarh,2020,4,district,dhamtari district,2834
chhattisgarh,2021,1,district,raipur district,59541
chhattisgarh,2021,1,district,durg district,39433
chhattisgarh,2021,1,district,bilaspur district,14771
chhattisgarh,2021,1,district,korba district,8609
chhattisgarh,2021,1,district,janjgir champa district,6138
chhattisgarh,2021,1,district,balodabazar bhatapara district,5223
chhattisgarh,2021,1,district,mahasamund district,5091
chhattisgarh,2021,1,district,rajnandgaon district,4812
chhattisgarh,2021,1,district,raigarh district,4772
chhattisgarh,2021,1,district,sakti district,4531
chhattisgarh,2021,2,district,raipur district,61921
chhattisgarh,2021,2,district,durg district,40477
chhattisgarh,2021,2,district,bilaspur district,15658
chhattisgarh,2021,2,district,korba district,9480
chhattisgarh,2021,2,district,janjgir champa district,6682
chhattisgarh,2021,2,district,mahasamund district,5757
chhattisgarh,2021,2,district,raigarh district,5682
chhattisgarh,2021,2,district,balodabazar bhatapara district,5644
chhattisgarh,2021,2,district,sakti district,5238
chhattisgarh,2021,2,district,rajnandgaon district,5205
chhattisgarh,2021,3,district,raipur district,67774
chhattisgarh,2021,3,district,durg district,43065
chhattisgarh,2021,3,district,bilaspur district,17438
chhattisgarh,2021,3,district,korba district,11172
chhattisgarh,2021,3,district,janjgir champa district,7935
chhattisgarh,2021,3,district,mahasamund district,7703
chhattisgarh,2021,3,district,raigarh district,7680
chhattisgarh,2021,3,district,balodabazar bhatapara district,6776
chhattisgarh,2021,3,district,sakti district,6488
chhattisgarh,2021,3,district,rajnandgaon district,5856
chhattisgarh,2021,4,district,raipur district,74166
chhattisgarh,2021,4,district,durg district,46054
chhattisgarh,2021,4,district,bilaspur district,20006
chhattisgarh,2021,4,district,korba district,13422
chhattisgarh,2021,4,district,mahasamund district,9969
chhattisgarh,2021,4,district,raigarh district,9951
chhattisgarh,2021,4,district,janjgir champa district,9911
chhattisgarh,2021,4,district,balodabazar bhatapara district,8195
chhattisgarh,2021,4,district,sakti district,8185
chhattisgarh,2021,4,district,rajnandgaon district,6884
chhattisgarh,2022,1,district,raipur district,80313
chhattisgarh,2022,1,district,durg district,48835
chhattisgarh,2022,1,district,bilaspur district,22789
chhattisgarh,2022,1,district,korba district,16251
chhattisgarh,2022,1,district,raigarh district,12118
chhattisgarh,2022,1,district,janjgir champa district,11993
chhattisgarh,2022,1,district,mahasamund district,11479
chhattisgarh,2022,1,district,sakti district,10241
chhattisgarh,2022,1,district,balodabazar bhatapara district,10052
chhattisgarh,2022,1,district,kabirdham district,8699
chhattisgarh,2022,2,district,raipur district,85757
chhattisgarh,2022,2,district,durg district,51448
chhattisgarh,2022,2,district,bilaspur district,25290
chhattisgarh,2022,2,district,korba district,18414
chhattisgarh,2022,2,district,raigarh district,13501
chhattisgarh,2022,2,district,mahasamund district,13429
chhattisgarh,2022,2,district,janjgir champa district,13308
chhattisgarh,2022,2,district,balodabazar bhatapara district,11469
chhattisgarh,2022,2,district,sakti district,11249
chhattisgarh,2022,2,district,kabirdham district,9925
chhattisgarh,2022,3,district,raipur district,90584
chhattisgarh,2022,3,district,durg district,54446
chhattisgarh,2022,3,district,bilaspur district,27598
chhattisgarh,2022,3,district,korba district,20687
chhattisgarh,2022,3,district,mahasamund district,15336
chhattisgarh,2022,3,district,raigarh district,15275
chhattisgarh,2022,3,district,janjgir champa district,14479
chhattisgarh,2022,3,district,balodabazar bhatapara district,13213
chhattisgarh,2022,3,district,sakti district,12348
chhattisgarh,2022,3,district,kabirdham district,11421
chhattisgarh,2022,4,district,raipur district,94948
chhattisgarh,2022,4,district,durg district,56648
chhattisgarh,2022,4,district,bilaspur district,29706
chhattisgarh,2022,4,district,korba district,22709
chhattisgarh,2022,4,district,mahasamund district,17455
chhattisgarh,2022,4,district,janjgir champa district,16936
chhattisgarh,2022,4,district,raigarh district,16634
chhattisgarh,2022,4,district,balodabazar bhatapara district,14402
chhattisgarh,2022,4,district,sakti district,13424
chhattisgarh,2022,4,district,kabirdham district,12656
chhattisgarh,2023,1,district,raipur district,94724
chhattisgarh,2023,1,district,durg district,57283
chhattisgarh,2023,1,district,bilaspur district,30886
chhattisgarh,2023,1,district,korba district,23334
chhattisgarh,2023,1,district,mahasamund district,19312
chhattisgarh,2023,1,district,janjgir champa district,18177
chhattisgarh,2023,1,district,raigarh district,17468
chhattisgarh,2023,1,district,balodabazar bhatapara district,15498
chhattisgarh,2023,1,district,sakti district,14300
chhattisgarh,2023,1,district,surguja district,13486
chhattisgarh,2023,2,district,raipur district,97531
chhattisgarh,2023,2,district,durg district,58647
chhattisgarh,2023,2,district,bilaspur district,32087
chhattisgarh,2023,2,district,korba district,23823
chhattisgarh,2023,2,district,mahasamund district,20115
chhattisgarh,2023,2,district,janjgir champa district,18433
chhattisgarh,2023,2,district,raigarh district,17846
chhattisgarh,2023,2,district,balodabazar bhatapara district,15982
chhattisgarh,2023,2,district,sakti district,14633
chhattisgarh,2023,2,district,kabirdham district,14090
chhattisgarh,2023,3,district,raipur district,100487
chhattisgarh,2023,3,district,durg district,60444
chhattisgarh,2023,3,district,bilaspur district,33419
chhattisgarh,2023,3,district,korba district,24858
chhattisgarh,2023,3,district,mahasamund district,21187
chhattisgarh,2023,3,district,janjgir champa district,18805
chhattisgarh,2023,3,district,raigarh district,18393
chhattisgarh,2023,3,district,balodabazar bhatapara district,16972
chhattisgarh,2023,3,district,sakti district,14980
chhattisgarh,2023,3,district,kabirdham district,14802
chhattisgarh,2023,4,district,raipur district,103657
chhattisgarh,2023,4,district,durg district,62949
chhattisgarh,2023,4,district,bilaspur district,34893
chhattisgarh,2023,4,district,korba district,25669
chhattisgarh,2023,4,district,mahasamund district,22250
chhattisgarh,2023,4,district,janjgir champa district,19394
chhattisgarh,2023,4,district,raigarh district,19041
chhattisgarh,2023,4,district,balodabazar bhatapara district,17822
chhattisgarh,2023,4,district,surguja district,15410
chhattisgarh,2023,4,district,sakti district,15143
chhattisgarh,2024,1,district,raipur district,109828
chhattisgarh,2024,1,district,durg district,67214
chhattisgarh,2024,1,district,bilaspur district,37524
chhattisgarh,2024,1,district,korba district,26293
chhattisgarh,2024,1,district,mahasamund district,23128
chhattisgarh,2024,1,district,raigarh district,20147
chhattisgarh,2024,1,district,janjgir champa district,19981
chhattisgarh,2024,1,district,balodabazar bhatapara district,18501
chhattisgarh,2024,1,district,surguja district,16114
chhattisgarh,2024,1,district,kabirdham district,15678
chhattisgarh,2024,2,district,raipur district,114263
chhattisgarh,2024,2,district,durg district,71447
chhattisgarh,2024,2,district,bilaspur district,39844
chhattisgarh,2024,2,district,korba district,26792
chhattisgarh,2024,2,district,mahasamund district,24072
chhattisgarh,2024,2,district,raigarh district,21161
chhattisgarh,2024,2,district,janjgir champa district,20870
chhattisgarh,2024,2,district,balodabazar bhatapara district,19252
chhattisgarh,2024,2,district,surguja district,16886
chhattisgarh,2024,2,district,kabirdham district,16131
chhattisgarh,2024,3,district,raipur district,118684
chhattisgarh,2024,3,district,durg district,75722
chhattisgarh,2024,3,district,bilaspur district,42544
chhattisgarh,2024,3,district,korba district,27478
chhattisgarh,2024,3,district,mahasamund district,25030
chhattisgarh,2024,3,district,raigarh district,22172
chhattisgarh,2024,3,district,janjgir champa district,21423
chhattisgarh,2024,3,district,balodabazar bhatapara district,19689
chhattisgarh,2024,3,district,surguja district,17931
chhattisgarh,2024,3,district,kabirdham district,16710
chhattisgarh,2024,4,district,raipur district,123355
chhattisgarh,2024,4,district,durg district,80990
chhattisgarh,2024,4,district,bilaspur district,45294
chhattisgarh,2024,4,district,korba district,28181
chhattisgarh,2024,4,district,mahasamund district,26034
chhattisgarh,2024,4,district,raigarh district,23302
chhattisgarh,2024,4,district,janjgir champa district,22046
chhattisgarh,2024,4,district,balodabazar bhatapara district,20474
chhattisgarh,2024,4,district,surguja district,18793
chhattisgarh,2024,4,district,sakti district,17097
chhattisgarh,2025,1,district,raipur district,127427
chhattisgarh,2025,1,district,durg district,87150
chhattisgarh,2025,1,district,bilaspur district,47892
chhattisgarh,2025,1,district,korba district,28912
chhattisgarh,2025,1,district,mahasamund district,26820
chhattisgarh,2025,1,district,raigarh district,24390
chhattisgarh,2025,1,district,janjgir champa district,22453
chhattisgarh,2025,1,district,balodabazar bhatapara district,20936
chhattisgarh,2025,1,district,surguja district,19632
chhattisgarh,2025,1,district,sakti district,17449
chhattisgarh,2025,2,district,raipur district,131041
chhattisgarh,2025,2,district,durg district,92478
chhattisgarh,2025,2,district,bilaspur district,50441
chhattisgarh,2025,2,district,korba district,29795
chhattisgarh,2025,2,district,mahasamund district,27528
chhattisgarh,2025,2,district,raigarh district,25556
chhattisgarh,2025,2,district,janjgir champa district,22947
chhattisgarh,2025,2,district,balodabazar bhatapara district,21371
chhattisgarh,2025,2,district,surguja district,20586
chhattisgarh,2025,2,district,sakti district,17935
chhattisgarh,2025,3,district,raipur district,133901
chhattisgarh,2025,3,district,durg district,97185
chhattisgarh,2025,3,district,bilaspur district,52770
chhattisgarh,2025,3,district,korba district,30635
chhattisgarh,2025,3,district,mahasamund district,28714
chhattisgarh,2025,3,district,raigarh district,26615
chhattisgarh,2025,3,district,janjgir champa district,23718
chhattisgarh,2025,3,district,balodabazar bhatapara district,22330
chhattisgarh,2025,3,district,surguja district,21533
chhattisgarh,2025,3,district,sakti district,18635
chhattisgarh,2025,4,district,raipur district,136504
chhattisgarh,2025,4,district,durg district,100540
chhattisgarh,2025,4,district,bilaspur district,55553
chhattisgarh,2025,4,district,korba district,31977
chhattisgarh,2025,4,district,mahasamund district,29856
chhattisgarh,2025,4,district,raigarh district,27923
chhattisgarh,2025,4,district,janjgir champa district,24583
chhattisgarh,2025,4,district,balodabazar bhatapara district,23272
chhattisgarh,2025,4,district,surguja district,22655
chhattisgarh,2025,4,district,sakti district,19210
chhattisgarh,2026,1,district,raipur district,138163
chhattisgarh,2026,1,district,durg district,101926
chhattisgarh,2026,1,district,bilaspur district,57276
chhattisgarh,2026,1,district,korba district,32751
chhattisgarh,2026,1,district,mahasamund district,30492
chhattisgarh,2026,1,district,raigarh district,28648
chhattisgarh,2026,1,district,janjgir champa district,25322
chhattisgarh,2026,1,district,balodabazar bhatapara district,23797
chhattisgarh,2026,1,district,surguja district,23413
chhattisgarh,2026,1,district,sakti district,19678
chhattisgarh,2026,2,district,raipur district,139909
chhattisgarh,2026,2,district,durg district,103081
chhattisgarh,2026,2,district,bilaspur district,58872
chhattisgarh,2026,2,district,korba district,33599
chhattisgarh,2026,2,district,mahasamund district,31122
chhattisgarh,2026,2,district,raigarh district,29404
chhattisgarh,2026,2,district,janjgir champa district,25851
chhattisgarh,2026,2,district,balodabazar bhatapara district,24256
chhattisgarh,2026,2,district,surguja district,23910
chhattisgarh,2026,2,district,sakti district,20186
dadra-&-nagar-haveli-&-daman-&-diu,2018,2,district,daman district,1
dadra-&-nagar-haveli-&-daman-&-diu,2018,3,district,dadra and nagar haveli district,3
dadra-&-nagar-haveli-&-daman-&-diu,2018,3,district,diu district,1
dadra-&-nagar-haveli-&-daman-&-diu,2018,3,district,daman district,1
dadra-&-nagar-haveli-&-daman-&-diu,2018,4,district,dadra and nagar haveli district,6
dadra-&-nagar-haveli-&-daman-&-diu,2018,4,district,diu district,2
dadra-&-nagar-haveli-&-daman-&-diu,2018,4,district,daman district,1
dadra-&-nagar-haveli-&-daman-&-diu,2019,1,district,dadra and nagar haveli district,97
dadra-&-nagar-haveli-&-daman-&-diu,2019,1,district,daman district,34
dadra-&-nagar-haveli-&-daman-&-diu,2019,1,district,diu district,8
dadra-&-nagar-haveli-&-daman-&-diu,2019,2,district,dadra and nagar haveli district,1350
dadra-&-nagar-haveli-&-daman-&-diu,2019,2,district,daman district,393
dadra-&-nagar-haveli-&-daman-&-diu,2019,2,district,diu district,36
dadra-&-nagar-haveli-&-daman-&-diu,2019,3,district,dadra and nagar haveli district,2759
dadra-&-nagar-haveli-&-daman-&-diu,2019,3,district,daman district,569
dadra-&-nagar-haveli-&-daman-&-diu,2019,3,district,diu district,65
dadra-&-nagar-haveli-&-daman-&-diu,2019,4,district,dadra and nagar haveli district,3560
dadra-&-nagar-haveli-&-daman-&-diu,2019,4,district,daman district,795
dadra-&-nagar-haveli-&-daman-&-diu,2019,4,district,diu district,71
dadra-&-nagar-haveli-&-daman-&-diu,2020,1,district,dadra and nagar haveli district,4034
dadra-&-nagar-haveli-&-daman-&-diu,2020,1,district,daman district,1006
dadra-&-nagar-haveli-&-daman-&-diu,2020,1,district,diu district,78
dadra-&-nagar-haveli-&-daman-&-diu,2020,2,district,dadra and nagar haveli district,4313
dadra-&-nagar-haveli-&-daman-&-diu,2020,2,district,daman district,1041
dadra-&-nagar-haveli-&-daman-&-diu,2020,2,district,diu district,81
dadra-&-nagar-haveli-&-daman-&-diu,2020,3,district,dadra and nagar haveli district,5567
dadra-&-nagar-haveli-&-daman-&-diu,2020,3,district,daman district,1575
dadra-&-nagar-haveli-&-daman-&-diu,2020,3,district,diu district,82
dadra-&-nagar-haveli-&-daman-&-diu,2020,4,district,dadra and nagar haveli district,6997
dadra-&-nagar-haveli-&-daman-&-diu,2020,4,district,daman district,2524
dadra-&-nagar-haveli-&-daman-&-diu,2020,4,district,diu district,107
dadra-&-nagar-haveli-&-daman-&-diu,2021,1,district,dadra and nagar haveli district,7892
dadra-&-nagar-haveli-&-daman-&-diu,2021,1,district,daman district,3162
dadra-&-nagar-haveli-&-daman-&-diu,2021,1,district,diu district,292
dadra-&-nagar-haveli-&-daman-&-diu,2021,2,district,dadra and nagar haveli district,8207
dadra-&-nagar-haveli-&-daman-&-diu,2021,2,district,daman district,3405
dadra-&-nagar-haveli-&-daman-&-diu,2021,2,district,diu district,348
dadra-&-nagar-haveli-&-daman-&-diu,2021,3,district,dadra and nagar haveli district,8738
dadra-&-nagar-haveli-&-daman-&-diu,2021,3,district,daman district,3913
dadra-&-nagar-haveli-&-daman-&-diu,2021,3,district,diu district,392
dadra-&-nagar-haveli-&-daman-&-diu,2021,4,district,dadra and nagar haveli district,9388
dadra-&-nagar-haveli-&-daman-&-diu,2021,4,district,daman district,4420
dadra-&-nagar-haveli-&-daman-&-diu,2021,4,district,diu district,492
dadra-&-nagar-haveli-&-daman-&-diu,2022,1,district,dadra and nagar haveli district,10448
dadra-&-nagar-haveli-&-daman-&-diu,2022,1,district,daman district,4743
dadra-&-nagar-haveli-&-daman-&-diu,2022,1,district,diu district,601
dadra-&-nagar-haveli-&-daman-&-diu,2022,2,district,dadra and nagar haveli district,10844
dadra-&-nagar-haveli-&-daman-&-diu,2022,2,district,daman district,4960
dadra-&-nagar-haveli-&-daman-&-diu,2022,2,district,diu district,803
dadra-&-nagar-haveli-&-daman-&-diu,2022,3,district,dadra and nagar haveli district,11101
dadra-&-nagar-haveli-&-daman-&-diu,2022,3,district,daman district,5062
dadra-&-nagar-haveli-&-daman-&-diu,2022,3,district,diu district,952
dadra-&-nagar-haveli-&-daman-&-diu,2022,4,district,dadra and nagar haveli district,11303
dadra-&-nagar-haveli-&-daman-&-diu,2022,4,district,daman district,5195
dadra-&-nagar-haveli-&-daman-&-diu,2022,4,district,diu district,1028
dadra-&-nagar-haveli-&-daman-&-diu,2023,1,district,dadra and nagar haveli district,11042
dadra-&-nagar-haveli-&-daman-&-diu,2023,1,district,daman district,5107
dadra-&-nagar-haveli-&-daman-&-diu,2023,1,district,diu district,1013
dadra-&-nagar-haveli-&-daman-&-diu,2023,2,district,dadra and nagar haveli district,11213
dadra-&-nagar-haveli-&-daman-&-diu,2023,2,district,daman district,5227
dadra-&-nagar-haveli-&-daman-&-diu,2023,2,district,diu district,1013
dadra-&-nagar-haveli-&-daman-&-diu,2023,3,district,dadra and nagar haveli district,11572
dadra-&-nagar-haveli-&-daman-&-diu,2023,3,district,daman district,5440
dadra-&-nagar-haveli-&-daman-&-diu,2023,3,district,diu district,1014
dadra-&-nagar-haveli-&-daman-&-diu,2023,4,district,dadra and nagar haveli district,12043
dadra-&-nagar-haveli-&-daman-&-diu,2023,4,district,daman district,5842
dadra-&-nagar-haveli-&-daman-&-diu,2023,4,district,diu district,1026
dadra-&-nagar-haveli-&-daman-&-diu,2024,1,district,dadra and nagar haveli district,12785
dadra-&-nagar-haveli-&-daman-&-diu,2024,1,district,daman district,6456
dadra-&-nagar-haveli-&-daman-&-diu,2024,1,district,diu district,1026
dadra-&-nagar-haveli-&-daman-&-diu,2024,2,district,dadra and nagar haveli district,13365
dadra-&-nagar-haveli-&-daman-&-diu,2024,2,district,daman district,6923
dadra-&-nagar-haveli-&-daman-&-diu,2024,2,district,diu district,1049
dadra-&-nagar-haveli-&-daman-&-diu,2024,3,district,dadra and nagar haveli district,14068
dadra-&-nagar-haveli-&-daman-&-diu,2024,3,district,daman district,7369
dadra-&-nagar-haveli-&-daman-&-diu,2024,3,district,diu district,1060
dadra-&-nagar-haveli-&-daman-&-diu,2024,4,district,dadra and nagar haveli district,14654
dadra-&-nagar-haveli-&-daman-&-diu,2024,4,district,daman district,7772
dadra-&-nagar-haveli-&-daman-&-diu,2024,4,district,diu district,1068
dadra-&-nagar-haveli-&-daman-&-diu,2025,1,district,dadra and nagar haveli district,15135
dadra-&-nagar-haveli-&-daman-&-diu,2025,1,district,daman district,8058
dadra-&-nagar-haveli-&-daman-&-diu,2025,1,district,diu district,1076
dadra-&-nagar-haveli-&-daman-&-diu,2025,2,district,dadra and nagar haveli district,15516
dadra-&-nagar-haveli-&-daman-&-diu,2025,2,district,daman district,8310
dadra-&-nagar-haveli-&-daman-&-diu,2025,2,district,diu district,1083
dadra-&-nagar-haveli-&-daman-&-diu,2025,3,district,dadra and nagar haveli district,16002
dadra-&-nagar-haveli-&-daman-&-diu,2025,3,district,daman district,8656
dadra-&-nagar-haveli-&-daman-&-diu,2025,3,district,diu district,1083
dadra-&-nagar-haveli-&-daman-&-diu,2025,4,district,dadra and nagar haveli district,16475
dadra-&-nagar-haveli-&-daman-&-diu,2025,4,district,daman district,9077
dadra-&-nagar-haveli-&-daman-&-diu,2025,4,district,diu district,1083
dadra-&-nagar-haveli-&-daman-&-diu,2026,1,district,dadra and nagar haveli district,16889
dadra-&-nagar-haveli-&-daman-&-diu,2026,1,district,daman district,9402
dadra-&-nagar-haveli-&-daman-&-diu,2026,1,district,diu district,1086
dadra-&-nagar-haveli-&-daman-&-diu,2026,2,district,dadra and nagar haveli district,17263
dadra-&-nagar-haveli-&-daman-&-diu,2026,2,district,daman district,9624
dadra-&-nagar-haveli-&-daman-&-diu,2026,2,district,diu district,1105
delhi,2018,1,district,new delhi district,7
delhi,2018,1,district,south east district,6
delhi,2018,1,district,east district,6
delhi,2018,1,district,shahdara district,6
delhi,2018,1,district,south district,4
delhi,2018,1,district,west district,2
delhi,2018,1,district,central district,2
delhi,2018,1,district,north east district,2
delhi,2018,2,district,south west district,259
delhi,2018,2,district,new delhi district,209
delhi,2018,2,district,south east district,196
delhi,2018,2,district,west district,169
delhi,2018,2,district,north west district,161
delhi,2018,2,district,central district,138
delhi,2018,2,district,east district,129
delhi,2018,2,district,south district,127
delhi,2018,2,district,north district,99
delhi,2018,2,district,shahdara district,71
delhi,2018,3,district,south east district,4686
delhi,2018,3,district,south west district,3794
delhi,2018,3,district,central district,2308
delhi,2018,3,district,west district,1912
delhi,2018,3,district,north west district,1782
delhi,2018,3,district,south district,1609
delhi,2018,3,district,north east district,1423
delhi,2018,3,district,north district,1400
delhi,2018,3,district,new delhi district,843
delhi,2018,3,district,east district,831
delhi,2018,4,district,south east district,20199
delhi,2018,4,district,south west district,19381
delhi,2018,4,district,north west district,16479
delhi,2018,4,district,west district,12590
delhi,2018,4,district,north district,9948
delhi,2018,4,district,central district,9196
delhi,2018,4,district,east district,8313
delhi,2018,4,district,north east district,8002
delhi,2018,4,district,south district,7249
delhi,2018,4,district,shahdara district,6810
delhi,2019,1,district,south east district,49496
delhi,2019,1,district,south west district,43734
delhi,2019,1,district,north west district,35063
delhi,2019,1,district,west district,30810
delhi,2019,1,district,central district,26286
delhi,2019,1,district,east district,21088
delhi,2019,1,district,south district,20346
delhi,2019,1,district,north district,20213
delhi,2019,1,district,shahdara district,15996
delhi,2019,1,district,north east district,15422
delhi,2019,2,district,south east district,63027
delhi,2019,2,district,south west district,56087
delhi,2019,2,district,north west district,43272
delhi,2019,2,district,west district,38705
delhi,2019,2,district,central district,36170
delhi,2019,2,district,east district,28651
delhi,2019,2,district,south district,26463
delhi,2019,2,district,north district,25796
delhi,2019,2,district,shahdara district,21973
delhi,2019,2,district,north east district,20500
delhi,2019,3,district,south east district,78202
delhi,2019,3,district,south west district,65188
delhi,2019,3,district,north west district,50064
delhi,2019,3,district,west district,44383
delhi,2019,3,district,central district,43870
delhi,2019,3,district,east district,36123
delhi,2019,3,district,south district,33435
delhi,2019,3,district,north district,30347
delhi,2019,3,district,shahdara district,28177
delhi,2019,3,district,north east district,26883
delhi,2019,4,district,south east district,89900
delhi,2019,4,district,south west district,75604
delhi,2019,4,district,north west district,57126
delhi,2019,4,district,central district,52160
delhi,2019,4,district,west district,51623
delhi,2019,4,district,east district,42717
delhi,2019,4,district,south district,39187
delhi,2019,4,district,north district,35661
delhi,2019,4,district,shahdara district,33558
delhi,2019,4,district,north east district,32451
delhi,2020,1,district,south east district,102800
delhi,2020,1,district,south west district,87660
delhi,2020,1,district,north west district,65276
delhi,2020,1,district,central district,60674
delhi,2020,1,district,west district,60065
delhi,2020,1,district,east district,49984
delhi,2020,1,district,south district,45674
delhi,2020,1,district,north district,41051
delhi,2020,1,district,shahdara district,38875
delhi,2020,1,district,north east district,37812
delhi,2020,2,district,south east district,109035
delhi,2020,2,district,south west district,93991
delhi,2020,2,district,north west district,69468
delhi,2020,2,district,central district,64708
delhi,2020,2,district,west district,63873
delhi,2020,2,district,east district,52897
delhi,2020,2,district,south district,48735
delhi,2020,2,district,north district,43937
delhi,2020,2,district,shahdara district,41341
delhi,2020,2,district,north east district,40539
delhi,2020,3,district,south east district,132333
delhi,2020,3,district,south west district,114142
delhi,2020,3,district,north west district,83292
delhi,2020,3,district,central district,79374
delhi,2020,3,district,west district,78099
delhi,2020,3,district,east district,63501
delhi,2020,3,district,south district,59552
delhi,2020,3,district,north district,53306
delhi,2020,3,district,north east district,50467
delhi,2020,3,district,shahdara district,49881
delhi,2020,4,district,south east district,153806
delhi,2020,4,district,south west district,134495
delhi,2020,4,district,central district,98399
delhi,2020,4,district,north west district,96168
delhi,2020,4,district,west district,92988
delhi,2020,4,district,east district,74746
delhi,2020,4,district,south district,68431
delhi,2020,4,district,north district,64572
delhi,2020,4,district,north east district,60941
delhi,2020,4,district,shahdara district,59066
delhi,2021,1,district,south east district,170604
delhi,2021,1,district,south west district,151384
delhi,2021,1,district,central district,113440
delhi,2021,1,district,north west district,107022
delhi,2021,1,district,west district,105779
delhi,2021,1,district,east district,83348
delhi,2021,1,district,south district,75441
delhi,2021,1,district,north district,73195
delhi,2021,1,district,north east district,68509
delhi,2021,1,district,shahdara district,67290
delhi,2021,2,district,south east district,177245
delhi,2021,2,district,south west district,158308
delhi,2021,2,district,central district,118796
delhi,2021,2,district,north west district,111430
delhi,2021,2,district,west district,111025
delhi,2021,2,district,east district,86690
delhi,2021,2,district,south district,78295
delhi,2021,2,district,north district,77047
delhi,2021,2,district,north east district,72254
delhi,2021,2,district,shahdara district,70667
delhi,2021,3,district,south east district,193666
delhi,2021,3,district,south west district,172581
delhi,2021,3,district,central district,129300
delhi,2021,3,district,west district,120858
delhi,2021,3,district,north west district,120200
delhi,2021,3,district,east district,93501
delhi,2021,3,district,south district,85431
delhi,2021,3,district,north district,84333
delhi,2021,3,district,north east district,79412
delhi,2021,3,district,shahdara district,77068
delhi,2021,4,district,south east district,204321
delhi,2021,4,district,south west district,182096
delhi,2021,4,district,central district,139379
delhi,2021,4,district,west district,129254
delhi,2021,4,district,north west district,128167
delhi,2021,4,district,east district,98781
delhi,2021,4,district,north district,91882
delhi,2021,4,district,south district,91257
delhi,2021,4,district,north east district,85851
delhi,2021,4,district,shahdara district,83213
delhi,2022,1,district,south east district,221400
delhi,2022,1,district,south west district,195717
delhi,2022,1,district,central district,151644
delhi,2022,1,district,west district,139149
delhi,2022,1,district,north west district,137483
delhi,2022,1,district,east district,105408
delhi,2022,1,district,north district,99846
delhi,2022,1,district,south district,99642
delhi,2022,1,district,north east district,93936
delhi,2022,1,district,shahdara district,89815
delhi,2022,2,district,south east district,231852
delhi,2022,2,district,south west district,207797
delhi,2022,2,district,central district,161058
delhi,2022,2,district,west district,146737
delhi,2022,2,district,north west district,145100
delhi,2022,2,district,east district,110943
delhi,2022,2,district,south district,106434
delhi,2022,2,district,north district,106412
delhi,2022,2,district,new delhi district,101193
delhi,2022,2,district,north east district,98707
delhi,2022,3,district,south east district,237651
delhi,2022,3,district,south west district,213652
delhi,2022,3,district,central district,165832
delhi,2022,3,district,west district,150136
delhi,2022,3,district,north west district,149232
delhi,2022,3,district,east district,114391
delhi,2022,3,district,south district,110571
delhi,2022,3,district,north district,110040
delhi,2022,3,district,new delhi district,106286
delhi,2022,3,district,north east district,101688
delhi,2022,4,district,south east district,242414
delhi,2022,4,district,south west district,218627
delhi,2022,4,district,central district,169647
delhi,2022,4,district,west district,152958
delhi,2022,4,district,north west district,152410
delhi,2022,4,district,east district,116895
delhi,2022,4,district,north district,112993
delhi,2022,4,district,south district,112800
delhi,2022,4,district,new delhi district,109961
delhi,2022,4,district,north east district,103697
delhi,2023,1,district,south east district,224003
delhi,2023,1,district,south west district,205375
delhi,2023,1,district,central district,160795
delhi,2023,1,district,north west district,145051
delhi,2023,1,district,west district,144240
delhi,2023,1,district,east district,110407
delhi,2023,1,district,north district,109081
delhi,2023,1,district,south district,104555
delhi,2023,1,district,new delhi district,103612
delhi,2023,1,district,north east district,97424
delhi,2023,2,district,south east district,225832
delhi,2023,2,district,south west district,208078
delhi,2023,2,district,central district,163234
delhi,2023,2,district,north west district,146815
delhi,2023,2,district,west district,145801
delhi,2023,2,district,east district,111386
delhi,2023,2,district,north district,110969
delhi,2023,2,district,south district,105442
delhi,2023,2,district,new delhi district,104902
delhi,2023,2,district,north east district,98792
delhi,2023,3,district,south east district,228645
delhi,2023,3,district,south west district,212096
delhi,2023,3,district,central district,166223
delhi,2023,3,district,north west district,149149
delhi,2023,3,district,west district,148275
delhi,2023,3,district,north district,113294
delhi,2023,3,district,east district,113011
delhi,2023,3,district,south district,108014
delhi,2023,3,district,new delhi district,106658
delhi,2023,3,district,north east district,100630
delhi,2023,4,district,south east district,232307
delhi,2023,4,district,south west district,215604
delhi,2023,4,district,central district,168852
delhi,2023,4,district,north west district,151542
delhi,2023,4,district,west district,150177
delhi,2023,4,district,north district,115587
delhi,2023,4,district,east district,114696
delhi,2023,4,district,south district,109859
delhi,2023,4,district,new delhi district,107972
delhi,2023,4,district,north east district,102115
delhi,2024,1,district,south east district,239764
delhi,2024,1,district,south west district,219541
delhi,2024,1,district,central district,173017
delhi,2024,1,district,north west district,155133
delhi,2024,1,district,west district,153863
delhi,2024,1,district,north district,119734
delhi,2024,1,district,east district,118124
delhi,2024,1,district,south district,113700
delhi,2024,1,district,new delhi district,110428
delhi,2024,1,district,north east district,104232
delhi,2024,2,district,south east district,245206
delhi,2024,2,district,south west district,224294
delhi,2024,2,district,central district,177282
delhi,2024,2,district,north west district,159080
delhi,2024,2,district,west district,156972
delhi,2024,2,district,north district,123039
delhi,2024,2,district,east district,121565
delhi,2024,2,district,south district,116634
delhi,2024,2,district,new delhi district,112704
delhi,2024,2,district,north east district,106049
delhi,2024,3,district,south east district,249936
delhi,2024,3,district,south west district,228041
delhi,2024,3,district,central district,180677
delhi,2024,3,district,north west district,161844
delhi,2024,3,district,west district,159438
delhi,2024,3,district,north district,125566
delhi,2024,3,district,east district,123706
delhi,2024,3,district,south district,118897
delhi,2024,3,district,new delhi district,114545
delhi,2024,3,district,north east district,107586
delhi,2024,4,district,south east district,254867
delhi,2024,4,district,south west district,231773
delhi,2024,4,district,central district,184584
delhi,2024,4,district,north west district,164624
delhi,2024,4,district,west district,162072
delhi,2024,4,district,north district,128022
delhi,2024,4,district,east district,125730
delhi,2024,4,district,south district,121085
delhi,2024,4,district,new delhi district,116449
delhi,2024,4,district,shahdara district,109342
delhi,2025,1,district,south east district,259253
delhi,2025,1,district,south west district,235089
delhi,2025,1,district,central district,188664
delhi,2025,1,district,north west district,166910
delhi,2025,1,district,west district,164647
delhi,2025,1,district,north district,130879
delhi,2025,1,district,east district,127679
delhi,2025,1,district,south district,122978
delhi,2025,1,district,new delhi district,118336
delhi,2025,1,district,shahdara district,111097
delhi,2025,2,district,south east district,263923
delhi,2025,2,district,south west district,238760
delhi,2025,2,district,central district,192625
delhi,2025,2,district,north west district,169153
delhi,2025,2,district,west district,167229
delhi,2025,2,district,north district,133777
delhi,2025,2,district,east district,129605
delhi,2025,2,district,south district,124712
delhi,2025,2,district,new delhi district,120022
delhi,2025,2,district,shahdara district,113251
delhi,2025,3,district,south east district,268525
delhi,2025,3,district,south west district,242342
delhi,2025,3,district,central district,196632
delhi,2025,3,district,north west district,171322
delhi,2025,3,district,west district,169773
delhi,2025,3,district,north district,136993
delhi,2025,3,district,east district,131797
delhi,2025,3,district,south district,126696
delhi,2025,3,district,new delhi district,121803
delhi,2025,3,district,shahdara district,115618
delhi,2025,4,district,south east district,274568
delhi,2025,4,district,south west district,247045
delhi,2025,4,district,central district,201826
delhi,2025,4,district,north west district,174045
delhi,2025,4,district,west district,173195
delhi,2025,4,district,north district,140412
delhi,2025,4,district,east district,134806
delhi,2025,4,district,south district,128674
delhi,2025,4,district,new delhi district,124351
delhi,2025,4,district,shahdara district,118880
delhi,2026,1,district,south east district,279704
delhi,2026,1,district,south west district,251087
delhi,2026,1,district,central district,205859
delhi,2026,1,district,north west district,176114
delhi,2026,1,district,west district,175404
delhi,2026,1,district,north district,142873
delhi,2026,1,district,east district,137047
delhi,2026,1,district,south district,130803
delhi,2026,1,district,new delhi district,125810
delhi,2026,1,district,shahdara district,120947
delhi,2026,2,district,south east district,284668
delhi,2026,2,district,south west district,254998
delhi,2026,2,district,central district,209427
delhi,2026,2,district,north west district,178617
delhi,2026,2,district,west district,177715
delhi,2026,2,district,north district,145465
delhi,2026,2,district,east district,139256
delhi,2026,2,district,south district,132581
delhi,2026,2,district,new delhi district,127391
delhi,2026,2,district,shahdara district,123302
goa,2018,2,district,south goa district,1
goa,2018,3,district,north goa district,3
goa,2018,3,district,south goa district,1
goa,2018,4,district,north goa district,192
goa,2018,4,district,south goa district,39
goa,2019,1,district,north goa district,399
goa,2019,1,district,south goa district,367
goa,2019,2,district,north goa district,1113
goa,2019,2,district,south goa district,750
goa,2019,3,district,north goa district,2143
goa,2019,3,district,south goa district,1315
goa,2019,4,district,north goa district,2935
goa,2019,4,district,south goa district,1857
goa,2020,1,district,north goa district,3465
goa,2020,1,district,south goa district,2119
goa,2020,2,district,north goa district,3734
goa,2020,2,district,south goa district,2723
goa,2020,3,district,north goa district,4113
goa,2020,3,district,south goa district,3379
goa,2020,4,district,north goa district,5255
goa,2020,4,district,south goa district,4206
goa,2021,1,district,north goa district,6808
goa,2021,1,district,south goa district,4940
goa,2021,2,district,north goa district,7383
goa,2021,2,district,south goa district,5369
goa,2021,3,district,north goa district,8373
goa,2021,3,district,south goa district,6474
goa,2021,4,district,north goa district,9829
goa,2021,4,district,south goa district,7867
goa,2022,1,district,north goa district,11152
goa,2022,1,district,south goa district,9069
goa,2022,2,district,north goa district,12073
goa,2022,2,district,south goa district,9713
goa,2022,3,district,north goa district,13383
goa,2022,3,district,south goa district,10446
goa,2022,4,district,north goa district,14254
goa,2022,4,district,south goa district,10946
goa,2023,1,district,north goa district,14465
goa,2023,1,district,south goa district,11144
goa,2023,2,district,north goa district,14917
goa,2023,2,district,south goa district,11368
goa,2023,3,district,north goa district,15644
goa,2023,3,district,south goa district,11718
goa,2023,4,district,north goa district,16327
goa,2023,4,district,south goa district,12062
goa,2024,1,district,north goa district,16952
goa,2024,1,district,south goa district,12368
goa,2024,2,district,north goa district,17392
goa,2024,2,district,south goa district,12889
goa,2024,3,district,north goa district,17809
goa,2024,3,district,south goa district,13441
goa,2024,4,district,north goa district,18304
goa,2024,4,district,south goa district,13977
goa,2025,1,district,north goa district,19003
goa,2025,1,district,south goa district,14491
goa,2025,2,district,north goa district,19577
goa,2025,2,district,south goa district,14869
goa,2025,3,district,north goa district,20022
goa,2025,3,district,south goa district,15161
goa,2025,4,district,north goa district,20378
goa,2025,4,district,south goa district,15356
goa,2026,1,district,north goa district,20650
goa,2026,1,district,south goa district,15429
goa,2026,2,district,north goa district,20847
goa,2026,2,district,south goa district,15557
gujarat,2018,1,district,ahmedabad district,6
gujarat,2018,1,district,vadodara district,4
gujarat,2018,1,district,panchmahals district,4
gujarat,2018,1,district,surat district,3
gujarat,2018,1,district,sabarkantha district,2
gujarat,2018,1,district,bhavnagar district,2
gujarat,2018,1,district,valsad district,1
gujarat,2018,1,district,dangs district,1
gujarat,2018,2,district,ahmedabad district,73
gujarat,2018,2,district,vadodara district,8
gujarat,2018,2,district,gandhinagar district,6
gujarat,2018,2,district,valsad district,5
gujarat,2018,2,district,surat district,5
gujarat,2018,2,district,panchmahals district,4
gujarat,2018,2,district,bhavnagar district,4
gujarat,2018,2,district,mahesana district,2
gujarat,2018,2,district,sabarkantha district,2
gujarat,2018,2,district,navsari district,1
gujarat,2018,2,district,dangs district,1
gujarat,2018,2,district,tapi district,1
gujarat,2018,3,district,ahmedabad district,133
gujarat,2018,3,district,vadodara district,33
gujarat,2018,3,district,surat district,32
gujarat,2018,3,district,navsari district,28
gujarat,2018,3,district,valsad district,14
gujarat,2018,3,district,gandhinagar district,8
gujarat,2018,3,district,banaskantha district,4
gujarat,2018,3,district,mahesana district,3
gujarat,2018,3,district,bhavnagar district,3
gujarat,2018,3,district,anand district,2
gujarat,2018,3,district,kachchh district,2
gujarat,2018,3,district,panchmahals district,2
gujarat,2018,3,district,vav tharad district,2
gujarat,2018,3,district,bharuch district,2
gujarat,2018,4,district,ahmedabad district,492
gujarat,2018,4,district,surat district,186
gujarat,2018,4,district,vadodara district,70
gujarat,2018,4,district,valsad district,67
gujarat,2018,4,district,gandhinagar district,46
gujarat,2018,4,district,navsari district,29
gujarat,2018,4,district,kachchh district,24
gujarat,2018,4,district,rajkot district,20
gujarat,2018,4,district,bharuch district,19
gujarat,2018,4,district,anand district,16
gujarat,2019,1,district,ahmedabad district,25057
gujarat,2019,1,district,surat district,16959
gujarat,2019,1,district,gandhinagar district,2594
gujarat,2019,1,district,valsad district,701
gujarat,2019,1,district,vadodara district,666
gujarat,2019,1,district,bhavnagar district,447
gujarat,2019,1,district,rajkot district,418
gujarat,2019,1,district,mahesana district,374
gujarat,2019,1,district,kheda district,374
gujarat,2019,1,district,banaskantha district,322
gujarat,2019,2,district,ahmedabad district,91757
gujarat,2019,2,district,surat district,62389
gujarat,2019,2,district,vadodara district,13467
gujarat,2019,2,district,gandhinagar district,9760
gujarat,2019,2,district,rajkot district,5224
gujarat,2019,2,district,mahesana district,3670
gujarat,2019,2,district,anand district,3554
gujarat,2019,2,district,kheda district,3435
gujarat,2019,2,district,banaskantha district,2709
gujarat,2019,2,district,patan district,2539
gujarat,2019,3,district,ahmedabad district,134876
gujarat,2019,3,district,surat district,94184
gujarat,2019,3,district,vadodara district,30784
gujarat,2019,3,district,rajkot district,18610
gujarat,2019,3,district,gandhinagar district,15734
gujarat,2019,3,district,anand district,9251
gujarat,2019,3,district,mahesana district,7954
gujarat,2019,3,district,kheda district,7343
gujarat,2019,3,district,bhavnagar district,7025
gujarat,2019,3,district,jamnagar district,5811
gujarat,2019,4,district,ahmedabad district,163356
gujarat,2019,4,district,surat district,114874
gujarat,2019,4,district,vadodara district,40165
gujarat,2019,4,district,rajkot district,27067
gujarat,2019,4,district,gandhinagar district,19414
gujarat,2019,4,district,anand district,10917
gujarat,2019,4,district,bhavnagar district,10454
gujarat,2019,4,district,mahesana district,10080
gujarat,2019,4,district,jamnagar district,8742
gujarat,2019,4,district,kheda district,8491
gujarat,2020,1,district,ahmedabad district,196520
gujarat,2020,1,district,surat district,132543
gujarat,2020,1,district,vadodara district,48876
gujarat,2020,1,district,rajkot district,33581
gujarat,2020,1,district,gandhinagar district,23202
gujarat,2020,1,district,bhavnagar district,13108
gujarat,2020,1,district,anand district,12511
gujarat,2020,1,district,mahesana district,11573
gujarat,2020,1,district,jamnagar district,10698
gujarat,2020,1,district,bharuch district,10596
gujarat,2020,2,district,ahmedabad district,212844
gujarat,2020,2,district,surat district,141617
gujarat,2020,2,district,vadodara district,52827
gujarat,2020,2,district,rajkot district,36142
gujarat,2020,2,district,gandhinagar district,25332
gujarat,2020,2,district,bhavnagar district,14303
gujarat,2020,2,district,anand district,13373
gujarat,2020,2,district,mahesana district,12316
gujarat,2020,2,district,bharuch district,11849
gujarat,2020,2,district,jamnagar district,11360
gujarat,2020,3,district,ahmedabad district,258927
gujarat,2020,3,district,surat district,165766
gujarat,2020,3,district,vadodara district,63556
gujarat,2020,3,district,rajkot district,45616
gujarat,2020,3,district,gandhinagar district,31813
gujarat,2020,3,district,bhavnagar district,18856
gujarat,2020,3,district,anand district,15690
gujarat,2020,3,district,mahesana district,14958
gujarat,2020,3,district,bharuch district,14592
gujarat,2020,3,district,jamnagar district,13608
gujarat,2020,4,district,ahmedabad district,304257
gujarat,2020,4,district,surat district,190000
gujarat,2020,4,district,vadodara district,73186
gujarat,2020,4,district,rajkot district,55767
gujarat,2020,4,district,gandhinagar district,38500
gujarat,2020,4,district,bhavnagar district,24245
gujarat,2020,4,district,mahesana district,20082
gujarat,2020,4,district,anand district,19771
gujarat,2020,4,district,bharuch district,17612
gujarat,2020,4,district,valsad district,15342
gujarat,2021,1,district,ahmedabad district,339817
gujarat,2021,1,district,surat district,212290
gujarat,2021,1,district,vadodara district,82145
gujarat,2021,1,district,rajkot district,65010
gujarat,2021,1,district,gandhinagar district,44592
gujarat,2021,1,district,bhavnagar district,28790
gujarat,2021,1,district,mahesana district,24988
gujarat,2021,1,district,anand district,24655
gujarat,2021,1,district,bharuch district,20821
gujarat,2021,1,district,valsad district,18337
gujarat,2021,2,district,ahmedabad district,358989
gujarat,2021,2,district,surat district,226454
gujarat,2021,2,district,vadodara district,87632
gujarat,2021,2,district,rajkot district,70098
gujarat,2021,2,district,gandhinagar district,46779
gujarat,2021,2,district,bhavnagar district,30705
gujarat,2021,2,district,mahesana district,28503
gujarat,2021,2,district,anand district,26401
gujarat,2021,2,district,bharuch district,22352
gujarat,2021,2,district,kheda district,19619
gujarat,2021,3,district,ahmedabad district,378627
gujarat,2021,3,district,surat district,241587
gujarat,2021,3,district,vadodara district,95145
gujarat,2021,3,district,rajkot district,76435
gujarat,2021,3,district,gandhinagar district,50027
gujarat,2021,3,district,bhavnagar district,34742
gujarat,2021,3,district,mahesana district,31094
gujarat,2021,3,district,anand district,29127
gujarat,2021,3,district,bharuch district,25721
gujarat,2021,3,district,kheda district,21923
gujarat,2021,4,district,ahmedabad district,368615
gujarat,2021,4,district,surat district,251676
gujarat,2021,4,district,vadodara district,102555
gujarat,2021,4,district,rajkot district,81875
gujarat,2021,4,district,gandhinagar district,51878
gujarat,2021,4,district,bhavnagar district,40685
gujarat,2021,4,district,anand district,30929
gujarat,2021,4,district,bharuch district,30562
gujarat,2021,4,district,mahesana district,29130
gujarat,2021,4,district,kachchh district,25587
gujarat,2022,1,district,ahmedabad district,387797
gujarat,2022,1,district,surat district,272139
gujarat,2022,1,district,vadodara district,109750
gujarat,2022,1,district,rajkot district,88520
gujarat,2022,1,district,gandhinagar district,55467
gujarat,2022,1,district,bhavnagar district,46319
gujarat,2022,1,district,anand district,34730
gujarat,2022,1,district,bharuch district,33704
gujarat,2022,1,district,mahesana district,32869
gujarat,2022,1,district,kachchh district,32312
gujarat,2022,2,district,ahmedabad district,403910
gujarat,2022,2,district,surat district,287168
gujarat,2022,2,district,vadodara district,115877
gujarat,2022,2,district,rajkot district,94158
gujarat,2022,2,district,gandhinagar district,58622
gujarat,2022,2,district,bhavnagar district,50643
gujarat,2022,2,district,kachchh district,37242
gujarat,2022,2,district,anand district,36813
gujarat,2022,2,district,bharuch district,36057
gujarat,2022,2,district,mahesana district,34650
gujarat,2022,3,district,ahmedabad district,414272
gujarat,2022,3,district,surat district,297050
gujarat,2022,3,district,vadodara district,119963
gujarat,2022,3,district,rajkot district,98739
gujarat,2022,3,district,gandhinagar district,60783
gujarat,2022,3,district,bhavnagar district,54176
gujarat,2022,3,district,kachchh district,41085
gujarat,2022,3,district,bharuch district,38491
gujarat,2022,3,district,anand district,38179
gujarat,2022,3,district,mahesana district,36563
gujarat,2022,4,district,ahmedabad district,420879
gujarat,2022,4,district,surat district,304940
gujarat,2022,4,district,vadodara district,122022
gujarat,2022,4,district,rajkot district,101431
gujarat,2022,4,district,gandhinagar district,62551
gujarat,2022,4,district,bhavnagar district,56356
gujarat,2022,4,district,kachchh district,44169
gujarat,2022,4,district,bharuch district,40396
gujarat,2022,4,district,anand district,38768
gujarat,2022,4,district,mahesana district,38392
gujarat,2023,1,district,ahmedabad district,405350
gujarat,2023,1,district,surat district,295474
gujarat,2023,1,district,vadodara district,119161
gujarat,2023,1,district,rajkot district,94973
gujarat,2023,1,district,gandhinagar district,61982
gujarat,2023,1,district,bhavnagar district,53986
gujarat,2023,1,district,kachchh district,45130
gujarat,2023,1,district,bharuch district,39511
gujarat,2023,1,district,mahesana district,38622
gujarat,2023,1,district,anand district,38155
gujarat,2023,2,district,ahmedabad district,410910
gujarat,2023,2,district,surat district,299436
gujarat,2023,2,district,vadodara district,119807
gujarat,2023,2,district,rajkot district,95966
gujarat,2023,2,district,gandhinagar district,63141
gujarat,2023,2,district,bhavnagar district,54804
gujarat,2023,2,district,kachchh district,46761
gujarat,2023,2,district,bharuch district,40523
gujarat,2023,2,district,mahesana district,39607
gujarat,2023,2,district,anand district,38664
gujarat,2023,3,district,ahmedabad district,417684
gujarat,2023,3,district,surat district,304486
gujarat,2023,3,district,vadodara district,121346
gujarat,2023,3,district,rajkot district,96952
gujarat,2023,3,district,gandhinagar district,64601
gujarat,2023,3,district,bhavnagar district,56614
gujarat,2023,3,district,kachchh district,48322
gujarat,2023,3,district,mahesana district,41687
gujarat,2023,3,district,bharuch district,41326
gujarat,2023,3,district,anand district,39121
gujarat,2023,4,district,ahmedabad district,424023
gujarat,2023,4,district,surat district,310659
gujarat,2023,4,district,vadodara district,124516
gujarat,2023,4,district,rajkot district,97713
gujarat,2023,4,district,gandhinagar district,65967
gujarat,2023,4,district,bhavnagar district,57652
gujarat,2023,4,district,kachchh district,48066
gujarat,2023,4,district,mahesana district,43365
gujarat,2023,4,district,bharuch district,42561
gujarat,2023,4,district,anand district,39313
gujarat,2024,1,district,ahmedabad district,437758
gujarat,2024,1,district,surat district,322859
gujarat,2024,1,district,vadodara district,128721
gujarat,2024,1,district,rajkot district,99637
gujarat,2024,1,district,gandhinagar district,68326
gujarat,2024,1,district,bhavnagar district,60322
gujarat,2024,1,district,kachchh district,49163
gujarat,2024,1,district,mahesana district,45403
gujarat,2024,1,district,bharuch district,44086
gujarat,2024,1,district,anand district,40520
gujarat,2024,2,district,ahmedabad district,448746
gujarat,2024,2,district,surat district,333198
gujarat,2024,2,district,vadodara district,131966
gujarat,2024,2,district,rajkot district,101810
gujarat,2024,2,district,gandhinagar district,70411
gujarat,2024,2,district,bhavnagar district,62158
gujarat,2024,2,district,kachchh district,50785
gujarat,2024,2,district,mahesana district,47192
gujarat,2024,2,district,bharuch district,45583
gujarat,2024,2,district,anand district,41314
gujarat,2024,3,district,ahmedabad district,458729
gujarat,2024,3,district,surat district,343858
gujarat,2024,3,district,vadodara district,134417
gujarat,2024,3,district,rajkot district,103675
gujarat,2024,3,district,gandhinagar district,72200
gujarat,2024,3,district,bhavnagar district,63900
gujarat,2024,3,district,kachchh district,52219
gujarat,2024,3,district,mahesana district,49110
gujarat,2024,3,district,bharuch district,47180
gujarat,2024,3,district,anand district,42162
gujarat,2024,4,district,ahmedabad district,468242
gujarat,2024,4,district,surat district,353677
gujarat,2024,4,district,vadodara district,136722
gujarat,2024,4,district,rajkot district,105601
gujarat,2024,4,district,gandhinagar district,73886
gujarat,2024,4,district,bhavnagar district,66244
gujarat,2024,4,district,kachchh district,53473
gujarat,2024,4,district,mahesana district,50989
gujarat,2024,4,district,bharuch district,48430
gujarat,2024,4,district,banaskantha district,43976
gujarat,2025,1,district,ahmedabad district,477792
gujarat,2025,1,district,surat district,362798
gujarat,2025,1,district,vadodara district,138980
gujarat,2025,1,district,rajkot district,107207
gujarat,2025,1,district,gandhinagar district,75113
gujarat,2025,1,district,bhavnagar district,67830
gujarat,2025,1,district,kachchh district,54469
gujarat,2025,1,district,mahesana district,52058
gujarat,2025,1,district,bharuch district,49535
gujarat,2025,1,district,banaskantha district,46204
gujarat,2025,2,district,ahmedabad district,486386
gujarat,2025,2,district,surat district,370207
gujarat,2025,2,district,vadodara district,141174
gujarat,2025,2,district,rajkot district,108859
gujarat,2025,2,district,gandhinagar district,76461
gujarat,2025,2,district,bhavnagar district,69410
gujarat,2025,2,district,kachchh district,55436
gujarat,2025,2,district,mahesana district,52880
gujarat,2025,2,district,bharuch district,50458
gujarat,2025,2,district,banaskantha district,48005
gujarat,2025,3,district,ahmedabad district,493417
gujarat,2025,3,district,surat district,376879
gujarat,2025,3,district,vadodara district,143039
gujarat,2025,3,district,rajkot district,110439
gujarat,2025,3,district,gandhinagar district,77741
gujarat,2025,3,district,bhavnagar district,70526
gujarat,2025,3,district,kachchh district,56670
gujarat,2025,3,district,mahesana district,53769
gujarat,2025,3,district,bharuch district,51453
gujarat,2025,3,district,banaskantha district,49560
gujarat,2025,4,district,ahmedabad district,501585
gujarat,2025,4,district,surat district,383862
gujarat,2025,4,district,vadodara district,145213
gujarat,2025,4,district,rajkot district,112131
gujarat,2025,4,district,gandhinagar district,79248
gujarat,2025,4,district,bhavnagar district,72132
gujarat,2025,4,district,kachchh district,57980
gujarat,2025,4,district,mahesana district,55267
gujarat,2025,4,district,bharuch district,52966
gujarat,2025,4,district,banaskantha district,51302
gujarat,2026,1,district,ahmedabad district,508603
gujarat,2026,1,district,surat district,390252
gujarat,2026,1,district,vadodara district,147486
gujarat,2026,1,district,rajkot district,113669
gujarat,2026,1,district,gandhinagar district,80600
gujarat,2026,1,district,bhavnagar district,73702
gujarat,2026,1,district,kachchh district,59063
gujarat,2026,1,district,mahesana district,56032
gujarat,2026,1,district,bharuch district,53959
gujarat,2026,1,district,banaskantha district,52855
gujarat,2026,2,district,ahmedabad district,515128
gujarat,2026,2,district,surat district,396519
gujarat,2026,2,district,vadodara district,149674
gujarat,2026,2,district,rajkot district,115528
gujarat,2026,2,district,gandhinagar district,81825
gujarat,2026,2,district,bhavnagar district,74999
gujarat,2026,2,district,kachchh district,60486
gujarat,2026,2,district,mahesana district,56740
gujarat,2026,2,district,bharuch district,55060
gujarat,2026,2,district,banaskantha district,54340
haryana,2018,1,district,ambala district,2
haryana,2018,1,district,gurugram district,2
haryana,2018,2,district,gurugram district,98
haryana,2018,2,district,faridabad district,60
haryana,2018,2,district,jhajjar district,6
haryana,2018,2,district,rohtak district,2
haryana,2018,2,district,ambala district,2
haryana,2018,3,district,faridabad district,2460
haryana,2018,3,district,gurugram district,1386
haryana,2018,3,district,palwal district,30
haryana,2018,3,district,nuh district,20
haryana,2018,3,district,sonipat district,11
haryana,2018,3,district,jhajjar district,8
haryana,2018,3,district,rewari district,7
haryana,2018,3,district,jind district,4
haryana,2018,3,district,panipat district,3
haryana,2018,3,district,hisar district,3
haryana,2018,3,district,karnal district,3
haryana,2018,4,district,faridabad district,17670
haryana,2018,4,district,gurugram district,10094
haryana,2018,4,district,palwal district,1040
haryana,2018,4,district,nuh district,255
haryana,2018,4,district,rewari district,144
haryana,2018,4,district,sonipat district,126
haryana,2018,4,district,jhajjar district,124
haryana,2018,4,district,mahendragarh district,43
haryana,2018,4,district,hisar district,43
haryana,2018,4,district,panipat district,21
haryana,2019,1,district,faridabad district,51198
haryana,2019,1,district,gurugram district,41564
haryana,2019,1,district,palwal district,5403
haryana,2019,1,district,nuh district,3065
haryana,2019,1,district,kurukshetra district,2563
haryana,2019,1,district,rewari district,2202
haryana,2019,1,district,sonipat district,2142
haryana,2019,1,district,hisar district,1998
haryana,2019,1,district,jhajjar district,1972
haryana,2019,1,district,panchkula district,1822
haryana,2019,2,district,faridabad district,69588
haryana,2019,2,district,gurugram district,54597
haryana,2019,2,district,palwal district,9256
haryana,2019,2,district,kurukshetra district,6001
haryana,2019,2,district,panipat district,5864
haryana,2019,2,district,hisar district,5442
haryana,2019,2,district,sonipat district,5417
haryana,2019,2,district,nuh district,4974
haryana,2019,2,district,karnal district,4704
haryana,2019,2,district,ambala district,4290
haryana,2019,3,district,faridabad district,90403
haryana,2019,3,district,gurugram district,69656
haryana,2019,3,district,palwal district,13188
haryana,2019,3,district,panipat district,8760
haryana,2019,3,district,hisar district,8459
haryana,2019,3,district,kurukshetra district,8013
haryana,2019,3,district,sonipat district,7098
haryana,2019,3,district,nuh district,7094
haryana,2019,3,district,karnal district,6821
haryana,2019,3,district,rewari district,6102
haryana,2019,4,district,faridabad district,105503
haryana,2019,4,district,gurugram district,83259
haryana,2019,4,district,palwal district,16017
haryana,2019,4,district,hisar district,11181
haryana,2019,4,district,panipat district,11171
haryana,2019,4,district,sonipat district,9899
haryana,2019,4,district,kurukshetra district,9176
haryana,2019,4,district,nuh district,8881
haryana,2019,4,district,karnal district,8170
haryana,2019,4,district,rewari district,7871
haryana,2020,1,district,faridabad district,122926
haryana,2020,1,district,gurugram district,99485
haryana,2020,1,district,palwal district,18922
haryana,2020,1,district,hisar district,13631
haryana,2020,1,district,panipat district,13247
haryana,2020,1,district,sonipat district,12017
haryana,2020,1,district,nuh district,11088
haryana,2020,1,district,kurukshetra district,10510
haryana,2020,1,district,rewari district,9546
haryana,2020,1,district,karnal district,9159
haryana,2020,2,district,faridabad district,131499
haryana,2020,2,district,gurugram district,106473
haryana,2020,2,district,palwal district,20595
haryana,2020,2,district,hisar district,14915
haryana,2020,2,district,panipat district,14100
haryana,2020,2,district,sonipat district,12984
haryana,2020,2,district,nuh district,12342
haryana,2020,2,district,kurukshetra district,11093
haryana,2020,2,district,rewari district,10377
haryana,2020,2,district,karnal district,9595
haryana,2020,3,district,faridabad district,157465
haryana,2020,3,district,gurugram district,130518
haryana,2020,3,district,palwal district,25592
haryana,2020,3,district,hisar district,19801
haryana,2020,3,district,panipat district,16841
haryana,2020,3,district,sonipat district,16837
haryana,2020,3,district,nuh district,15267
haryana,2020,3,district,rewari district,13354
haryana,2020,3,district,kurukshetra district,13205
haryana,2020,3,district,karnal district,10919
haryana,2020,4,district,faridabad district,177065
haryana,2020,4,district,gurugram district,154145
haryana,2020,4,district,palwal district,31695
haryana,2020,4,district,hisar district,26738
haryana,2020,4,district,sonipat district,22447
haryana,2020,4,district,panipat district,20397
haryana,2020,4,district,nuh district,17524
haryana,2020,4,district,rewari district,16049
haryana,2020,4,district,kurukshetra district,15836
haryana,2020,4,district,karnal district,14490
haryana,2021,1,district,faridabad district,194089
haryana,2021,1,district,gurugram district,172259
haryana,2021,1,district,palwal district,37926
haryana,2021,1,district,hisar district,32228
haryana,2021,1,district,sonipat district,27249
haryana,2021,1,district,panipat district,24768
haryana,2021,1,district,nuh district,21588
haryana,2021,1,district,rewari district,19016
haryana,2021,1,district,kurukshetra district,18463
haryana,2021,1,district,karnal district,18115
haryana,2021,2,district,faridabad district,201873
haryana,2021,2,district,gurugram district,180611
haryana,2021,2,district,palwal district,41526
haryana,2021,2,district,hisar district,36885
haryana,2021,2,district,sonipat district,29718
haryana,2021,2,district,panipat district,28375
haryana,2021,2,district,nuh district,24023
haryana,2021,2,district,karnal district,21272
haryana,2021,2,district,rewari district,20971
haryana,2021,2,district,kurukshetra district,20906
haryana,2021,3,district,faridabad district,212671
haryana,2021,3,district,gurugram district,194419
haryana,2021,3,district,palwal district,46027
haryana,2021,3,district,hisar district,41409
haryana,2021,3,district,sonipat district,32939
haryana,2021,3,district,panipat district,32343
haryana,2021,3,district,nuh district,27965
haryana,2021,3,district,karnal district,25318
haryana,2021,3,district,rewari district,23927
haryana,2021,3,district,kurukshetra district,23715
haryana,2021,4,district,faridabad district,218334
haryana,2021,4,district,gurugram district,209936
haryana,2021,4,district,palwal district,50317
haryana,2021,4,district,hisar district,44981
haryana,2021,4,district,sonipat district,36338
haryana,2021,4,district,panipat district,35749
haryana,2021,4,district,nuh district,34093
haryana,2021,4,district,karnal district,30264
haryana,2021,4,district,rewari district,27262
haryana,2021,4,district,kurukshetra district,26747
haryana,2022,1,district,faridabad district,232253
haryana,2022,1,district,gurugram district,227969
haryana,2022,1,district,palwal district,56287
haryana,2022,1,district,hisar district,51187
haryana,2022,1,district,sonipat district,41028
haryana,2022,1,district,panipat district,40835
haryana,2022,1,district,nuh district,40672
haryana,2022,1,district,karnal district,36177
haryana,2022,1,district,rewari district,30763
haryana,2022,1,district,kurukshetra district,30195
haryana,2022,2,district,gurugram district,242513
haryana,2022,2,district,faridabad district,241584
haryana,2022,2,district,palwal district,59776
haryana,2022,2,district,hisar district,56169
haryana,2022,2,district,nuh district,44350
haryana,2022,2,district,panipat district,44283
haryana,2022,2,district,sonipat district,44109
haryana,2022,2,district,karnal district,40251
haryana,2022,2,district,rewari district,33512
haryana,2022,2,district,kurukshetra district,33064
haryana,2022,3,district,gurugram district,252869
haryana,2022,3,district,faridabad district,246906
haryana,2022,3,district,palwal district,61660
haryana,2022,3,district,hisar district,60840
haryana,2022,3,district,sonipat district,47758
haryana,2022,3,district,panipat district,47753
haryana,2022,3,district,nuh district,46360
haryana,2022,3,district,karnal district,44520
haryana,2022,3,district,rewari district,35676
haryana,2022,3,district,kurukshetra district,35594
haryana,2022,4,district,gurugram district,260927
haryana,2022,4,district,faridabad district,252486
haryana,2022,4,district,hisar district,65584
haryana,2022,4,district,palwal district,63079
haryana,2022,4,district,sonipat district,51354
haryana,2022,4,district,panipat district,51008
haryana,2022,4,district,nuh district,48085
haryana,2022,4,district,karnal district,47976
haryana,2022,4,district,kurukshetra district,37779
haryana,2022,4,district,rewari district,37585
haryana,2023,1,district,gurugram district,249776
haryana,2023,1,district,faridabad district,235077
haryana,2023,1,district,hisar district,65030
haryana,2023,1,district,palwal district,59159
haryana,2023,1,district,sonipat district,52467
haryana,2023,1,district,panipat district,49764
haryana,2023,1,district,karnal district,48981
haryana,2023,1,district,nuh district,47204
haryana,2023,1,district,kurukshetra district,38107
haryana,2023,1,district,rewari district,37749
haryana,2023,2,district,gurugram district,253925
haryana,2023,2,district,faridabad district,236878
haryana,2023,2,district,hisar district,66763
haryana,2023,2,district,palwal district,59488
haryana,2023,2,district,sonipat district,54178
haryana,2023,2,district,panipat district,51134
haryana,2023,2,district,karnal district,50773
haryana,2023,2,district,nuh district,47875
haryana,2023,2,district,kurukshetra district,39013
haryana,2023,2,district,rewari district,38825
haryana,2023,3,district,gurugram district,263182
haryana,2023,3,district,faridabad district,240916
haryana,2023,3,district,hisar district,70483
haryana,2023,3,district,palwal district,60590
haryana,2023,3,district,sonipat district,55914
haryana,2023,3,district,panipat district,53610
haryana,2023,3,district,karnal district,53422
haryana,2023,3,district,nuh district,48850
haryana,2023,3,district,kurukshetra district,40627
haryana,2023,3,district,rewari district,40284
haryana,2023,4,district,gurugram district,269876
haryana,2023,4,district,faridabad district,245539
haryana,2023,4,district,hisar district,73132
haryana,2023,4,district,palwal district,62291
haryana,2023,4,district,sonipat district,57313
haryana,2023,4,district,panipat district,56380
haryana,2023,4,district,karnal district,55800
haryana,2023,4,district,nuh district,50848
haryana,2023,4,district,kurukshetra district,41731
haryana,2023,4,district,rewari district,41379
haryana,2024,1,district,gurugram district,282683
haryana,2024,1,district,faridabad district,250878
haryana,2024,1,district,hisar district,74746
haryana,2024,1,district,palwal district,64042
haryana,2024,1,district,sonipat district,58104
haryana,2024,1,district,karnal district,58095
haryana,2024,1,district,panipat district,57917
haryana,2024,1,district,nuh district,53463
haryana,2024,1,district,kurukshetra district,43177
haryana,2024,1,district,rewari district,42401
haryana,2024,2,district,gurugram district,293338
haryana,2024,2,district,faridabad district,256586
haryana,2024,2,district,hisar district,77198
haryana,2024,2,district,palwal district,65921
haryana,2024,2,district,karnal district,60488
haryana,2024,2,district,panipat district,59711
haryana,2024,2,district,sonipat district,59505
haryana,2024,2,district,nuh district,55779
haryana,2024,2,district,kurukshetra district,44305
haryana,2024,2,district,kaithal district,44155
haryana,2024,3,district,gurugram district,301109
haryana,2024,3,district,faridabad district,260967
haryana,2024,3,district,hisar district,80004
haryana,2024,3,district,palwal district,67304
haryana,2024,3,district,karnal district,62665
haryana,2024,3,district,panipat district,61255
haryana,2024,3,district,sonipat district,60708
haryana,2024,3,district,nuh district,58697
haryana,2024,3,district,kaithal district,45929
haryana,2024,3,district,kurukshetra district,45579
haryana,2024,4,district,gurugram district,308411
haryana,2024,4,district,faridabad district,266039
haryana,2024,4,district,hisar district,83828
haryana,2024,4,district,palwal district,69072
haryana,2024,4,district,karnal district,64663
haryana,2024,4,district,panipat district,62879
haryana,2024,4,district,sonipat district,62011
haryana,2024,4,district,nuh district,61857
haryana,2024,4,district,kaithal district,47769
haryana,2024,4,district,kurukshetra district,47309
haryana,2025,1,district,gurugram district,315849
haryana,2025,1,district,faridabad district,270841
haryana,2025,1,district,hisar district,86833
haryana,2025,1,district,palwal district,71200
haryana,2025,1,district,karnal district,66461
haryana,2025,1,district,nuh district,65431
haryana,2025,1,district,panipat district,64500
haryana,2025,1,district,sonipat district,63433
haryana,2025,1,district,kaithal district,49266
haryana,2025,1,district,kurukshetra district,48847
haryana,2025,2,district,gurugram district,323210
haryana,2025,2,district,faridabad district,275580
haryana,2025,2,district,hisar district,89344
haryana,2025,2,district,palwal district,73276
haryana,2025,2,district,karnal district,68159
haryana,2025,2,district,nuh district,67728
haryana,2025,2,district,panipat district,65889
haryana,2025,2,district,sonipat district,64600
haryana,2025,2,district,kaithal district,50832
haryana,2025,2,district,kurukshetra district,50229
haryana,2025,3,district,gurugram district,331902
haryana,2025,3,district,faridabad district,280533
haryana,2025,3,district,hisar district,91581
haryana,2025,3,district,palwal district,75232
haryana,2025,3,district,nuh district,70747
haryana,2025,3,district,karnal district,69541
haryana,2025,3,district,panipat district,67186
haryana,2025,3,district,sonipat district,65854
haryana,2025,3,district,kaithal district,52216
haryana,2025,3,district,kurukshetra district,51337
haryana,2025,4,district,gurugram district,343617
haryana,2025,4,district,faridabad district,287474
haryana,2025,4,district,hisar district,94156
haryana,2025,4,district,palwal district,77777
haryana,2025,4,district,nuh district,74031
haryana,2025,4,district,karnal district,71389
haryana,2025,4,district,panipat district,68772
haryana,2025,4,district,sonipat district,67639
haryana,2025,4,district,kaithal district,53518
haryana,2025,4,district,kurukshetra district,52441
haryana,2026,1,district,gurugram district,350327
haryana,2026,1,district,faridabad district,291865
haryana,2026,1,district,hisar district,95444
haryana,2026,1,district,palwal district,79459
haryana,2026,1,district,nuh district,75791
haryana,2026,1,district,karnal district,72666
haryana,2026,1,district,panipat district,69687
haryana,2026,1,district,sonipat district,68980
haryana,2026,1,district,kaithal district,54313
haryana,2026,1,district,kurukshetra district,52973
haryana,2026,2,district,gurugram district,357594
haryana,2026,2,district,faridabad district,296168
haryana,2026,2,district,hisar district,97843
haryana,2026,2,district,palwal district,81486
haryana,2026,2,district,nuh district,77842
haryana,2026,2,district,karnal district,74492
haryana,2026,2,district,panipat district,71025
haryana,2026,2,district,sonipat district,70723
haryana,2026,2,district,kaithal district,55360
haryana,2026,2,district,kurukshetra district,53559
himachal-pradesh,2018,2,district,hamirpur district,2
himachal-pradesh,2018,3,district,hamirpur district,1
himachal-pradesh,2018,4,district,hamirpur district,5
himachal-pradesh,2018,4,district,solan district,4
himachal-pradesh,2018,4,district,kangra district,4
himachal-pradesh,2018,4,district,kullu district,3
himachal-pradesh,2018,4,district,chamba district,1
himachal-pradesh,2019,1,district,solan district,142
himachal-pradesh,2019,1,district,kangra district,55
himachal-pradesh,2019,1,district,hamirpur district,26
himachal-pradesh,2019,1,district,shimla district,26
himachal-pradesh,2019,1,district,mandi district,24
himachal-pradesh,2019,1,district,kullu district,23
himachal-pradesh,2019,1,district,una district,20
himachal-pradesh,2019,1,district,sirmaur district,20
himachal-pradesh,2019,1,district,bilaspur district,10
himachal-pradesh,2019,1,district,chamba district,8
himachal-pradesh,2019,2,district,kangra district,2808
himachal-pradesh,2019,2,district,solan district,359
himachal-pradesh,2019,2,district,una district,214
himachal-pradesh,2019,2,district,sirmaur district,163
himachal-pradesh,2019,2,district,mandi district,111
himachal-pradesh,2019,2,district,hamirpur district,85
himachal-pradesh,2019,2,district,shimla district,76
himachal-pradesh,2019,2,district,chamba district,69
himachal-pradesh,2019,2,district,kullu district,60
himachal-pradesh,2019,2,district,bilaspur district,37
himachal-pradesh,2019,3,district,kangra district,3565
himachal-pradesh,2019,3,district,solan district,927
himachal-pradesh,2019,3,district,shimla district,789
himachal-pradesh,2019,3,district,una district,524
himachal-pradesh,2019,3,district,hamirpur district,503
himachal-pradesh,2019,3,district,chamba district,426
himachal-pradesh,2019,3,district,kullu district,403
himachal-pradesh,2019,3,district,mandi district,388
himachal-pradesh,2019,3,district,sirmaur district,216
himachal-pradesh,2019,3,district,bilaspur district,77
himachal-pradesh,2019,4,district,kangra district,4044
himachal-pradesh,2019,4,district,solan district,2068
himachal-pradesh,2019,4,district,shimla district,1371
himachal-pradesh,2019,4,district,kullu district,959
himachal-pradesh,2019,4,district,una district,864
himachal-pradesh,2019,4,district,hamirpur district,779
himachal-pradesh,2019,4,district,chamba district,621
himachal-pradesh,2019,4,district,mandi district,594
himachal-pradesh,2019,4,district,sirmaur district,304
himachal-pradesh,2019,4,district,bilaspur district,272
himachal-pradesh,2020,1,district,kangra district,4767
himachal-pradesh,2020,1,district,solan district,2671
himachal-pradesh,2020,1,district,shimla district,1618
himachal-pradesh,2020,1,district,una district,1169
himachal-pradesh,2020,1,district,kullu district,1109
himachal-pradesh,2020,1,district,hamirpur district,935
himachal-pradesh,2020,1,district,chamba district,746
himachal-pradesh,2020,1,district,mandi district,724
himachal-pradesh,2020,1,district,bilaspur district,363
himachal-pradesh,2020,1,district,sirmaur district,345
himachal-pradesh,2020,2,district,kangra district,5112
himachal-pradesh,2020,2,district,solan district,2839
himachal-pradesh,2020,2,district,shimla district,1650
himachal-pradesh,2020,2,district,una district,1304
himachal-pradesh,2020,2,district,kullu district,1143
himachal-pradesh,2020,2,district,hamirpur district,1024
himachal-pradesh,2020,2,district,mandi district,880
himachal-pradesh,2020,2,district,chamba district,863
himachal-pradesh,2020,2,district,bilaspur district,372
himachal-pradesh,2020,2,district,sirmaur district,362
himachal-pradesh,2020,3,district,kangra district,6244
himachal-pradesh,2020,3,district,solan district,3173
himachal-pradesh,2020,3,district,shimla district,1694
himachal-pradesh,2020,3,district,una district,1644
himachal-pradesh,2020,3,district,hamirpur district,1608
himachal-pradesh,2020,3,district,mandi district,1201
himachal-pradesh,2020,3,district,kullu district,1187
himachal-pradesh,2020,3,district,chamba district,1113
himachal-pradesh,2020,3,district,bilaspur district,607
himachal-pradesh,2020,3,district,sirmaur district,397
himachal-pradesh,2020,4,district,kangra district,7592
himachal-pradesh,2020,4,district,solan district,3503
himachal-pradesh,2020,4,district,hamirpur district,2446
himachal-pradesh,2020,4,district,una district,2127
himachal-pradesh,2020,4,district,mandi district,2060
himachal-pradesh,2020,4,district,shimla district,1975
himachal-pradesh,2020,4,district,chamba district,1461
himachal-pradesh,2020,4,district,kullu district,1351
himachal-pradesh,2020,4,district,bilaspur district,987
himachal-pradesh,2020,4,district,sirmaur district,959
himachal-pradesh,2021,1,district,kangra district,9422
himachal-pradesh,2021,1,district,solan district,3934
himachal-pradesh,2021,1,district,hamirpur district,3077
himachal-pradesh,2021,1,district,una district,2760
himachal-pradesh,2021,1,district,mandi district,2734
himachal-pradesh,2021,1,district,shimla district,2414
himachal-pradesh,2021,1,district,sirmaur district,2111
himachal-pradesh,2021,1,district,chamba district,1777
himachal-pradesh,2021,1,district,kullu district,1733
himachal-pradesh,2021,1,district,bilaspur district,1390
himachal-pradesh,2021,2,district,kangra district,11228
himachal-pradesh,2021,2,district,solan district,4887
himachal-pradesh,2021,2,district,hamirpur district,3959
himachal-pradesh,2021,2,district,una district,3827
himachal-pradesh,2021,2,district,mandi district,3276
himachal-pradesh,2021,2,district,shimla district,2964
himachal-pradesh,2021,2,district,sirmaur district,2387
himachal-pradesh,2021,2,district,kullu district,2023
himachal-pradesh,2021,2,district,chamba district,2013
himachal-pradesh,2021,2,district,bilaspur district,1769
himachal-pradesh,2021,3,district,kangra district,13826
himachal-pradesh,2021,3,district,solan district,6978
himachal-pradesh,2021,3,district,una district,5475
himachal-pradesh,2021,3,district,hamirpur district,5213
himachal-pradesh,2021,3,district,mandi district,4471
himachal-pradesh,2021,3,district,shimla district,3903
himachal-pradesh,2021,3,district,sirmaur district,3094
himachal-pradesh,2021,3,district,kullu district,2614
himachal-pradesh,2021,3,district,bilaspur district,2394
himachal-pradesh,2021,3,district,chamba district,2294
himachal-pradesh,2021,4,district,kangra district,17361
himachal-pradesh,2021,4,district,solan district,9438
himachal-pradesh,2021,4,district,una district,6968
himachal-pradesh,2021,4,district,hamirpur district,6418
himachal-pradesh,2021,4,district,mandi district,5700
himachal-pradesh,2021,4,district,shimla district,4814
himachal-pradesh,2021,4,district,sirmaur district,3658
himachal-pradesh,2021,4,district,kullu district,3375
himachal-pradesh,2021,4,district,bilaspur district,2778
himachal-pradesh,2021,4,district,chamba district,2551
himachal-pradesh,2022,1,district,kangra district,20481
himachal-pradesh,2022,1,district,solan district,11758
himachal-pradesh,2022,1,district,una district,7961
himachal-pradesh,2022,1,district,hamirpur district,7471
himachal-pradesh,2022,1,district,mandi district,7146
himachal-pradesh,2022,1,district,shimla district,5087
himachal-pradesh,2022,1,district,sirmaur district,4558
himachal-pradesh,2022,1,district,kullu district,4512
himachal-pradesh,2022,1,district,bilaspur district,3301
himachal-pradesh,2022,1,district,chamba district,2861
himachal-pradesh,2022,2,district,kangra district,23203
himachal-pradesh,2022,2,district,solan district,13180
himachal-pradesh,2022,2,district,una district,8657
himachal-pradesh,2022,2,district,hamirpur district,8554
himachal-pradesh,2022,2,district,mandi district,8504
himachal-pradesh,2022,2,district,kullu district,5835
himachal-pradesh,2022,2,district,shimla district,5805
himachal-pradesh,2022,2,district,sirmaur district,5379
himachal-pradesh,2022,2,district,bilaspur district,3651
himachal-pradesh,2022,2,district,chamba district,3130
himachal-pradesh,2022,3,district,kangra district,24735
himachal-pradesh,2022,3,district,solan district,14361
himachal-pradesh,2022,3,district,una district,9793
himachal-pradesh,2022,3,district,mandi district,9534
himachal-pradesh,2022,3,district,hamirpur district,9384
himachal-pradesh,2022,3,district,kullu district,6783
himachal-pradesh,2022,3,district,shimla district,6108
himachal-pradesh,2022,3,district,sirmaur district,5811
himachal-pradesh,2022,3,district,chamba district,4093
himachal-pradesh,2022,3,district,bilaspur district,3767
himachal-pradesh,2022,4,district,kangra district,26740
himachal-pradesh,2022,4,district,solan district,16062
himachal-pradesh,2022,4,district,una district,10598
himachal-pradesh,2022,4,district,mandi district,10425
himachal-pradesh,2022,4,district,hamirpur district,10082
himachal-pradesh,2022,4,district,kullu district,7662
himachal-pradesh,2022,4,district,shimla district,6798
himachal-pradesh,2022,4,district,sirmaur district,6119
himachal-pradesh,2022,4,district,chamba district,4402
himachal-pradesh,2022,4,district,bilaspur district,4028
himachal-pradesh,2023,1,district,kangra district,26956
himachal-pradesh,2023,1,district,solan district,16740
himachal-pradesh,2023,1,district,una district,10934
himachal-pradesh,2023,1,district,mandi district,10784
himachal-pradesh,2023,1,district,hamirpur district,10478
himachal-pradesh,2023,1,district,kullu district,8073
himachal-pradesh,2023,1,district,shimla district,6889
himachal-pradesh,2023,1,district,sirmaur district,6336
himachal-pradesh,2023,1,district,chamba district,4373
himachal-pradesh,2023,1,district,bilaspur district,4083
himachal-pradesh,2023,2,district,kangra district,27851
himachal-pradesh,2023,2,district,solan district,17570
himachal-pradesh,2023,2,district,una district,11245
himachal-pradesh,2023,2,district,mandi district,11141
himachal-pradesh,2023,2,district,hamirpur district,10926
himachal-pradesh,2023,2,district,kullu district,8457
himachal-pradesh,2023,2,district,shimla district,7121
himachal-pradesh,2023,2,district,sirmaur district,6417
himachal-pradesh,2023,2,district,chamba district,4491
himachal-pradesh,2023,2,district,bilaspur district,4207
himachal-pradesh,2023,3,district,kangra district,28559
himachal-pradesh,2023,3,district,solan district,18431
himachal-pradesh,2023,3,district,una district,11537
himachal-pradesh,2023,3,district,mandi district,11436
himachal-pradesh,2023,3,district,hamirpur district,11219
himachal-pradesh,2023,3,district,kullu district,9008
himachal-pradesh,2023,3,district,shimla district,7333
himachal-pradesh,2023,3,district,sirmaur district,6578
himachal-pradesh,2023,3,district,chamba district,4675
himachal-pradesh,2023,3,district,bilaspur district,4324
himachal-pradesh,2023,4,district,kangra district,29118
himachal-pradesh,2023,4,district,solan district,19452
himachal-pradesh,2023,4,district,mandi district,11769
himachal-pradesh,2023,4,district,una district,11665
himachal-pradesh,2023,4,district,hamirpur district,11412
himachal-pradesh,2023,4,district,kullu district,9679
himachal-pradesh,2023,4,district,shimla district,7503
himachal-pradesh,2023,4,district,sirmaur district,6790
himachal-pradesh,2023,4,district,chamba district,4828
himachal-pradesh,2023,4,district,bilaspur district,4392
himachal-pradesh,2024,1,district,kangra district,29479
himachal-pradesh,2024,1,district,solan district,20246
himachal-pradesh,2024,1,district,mandi district,12267
himachal-pradesh,2024,1,district,una district,12167
himachal-pradesh,2024,1,district,hamirpur district,11427
himachal-pradesh,2024,1,district,kullu district,10239
himachal-pradesh,2024,1,district,shimla district,7600
himachal-pradesh,2024,1,district,sirmaur district,7055
himachal-pradesh,2024,1,district,chamba district,4883
himachal-pradesh,2024,1,district,bilaspur district,4416
himachal-pradesh,2024,2,district,kangra district,30415
himachal-pradesh,2024,2,district,solan district,21518
himachal-pradesh,2024,2,district,mandi district,12898
himachal-pradesh,2024,2,district,una district,12810
himachal-pradesh,2024,2,district,hamirpur district,11655
himachal-pradesh,2024,2,district,kullu district,10947
himachal-pradesh,2024,2,district,sirmaur district,8074
himachal-pradesh,2024,2,district,shimla district,7846
himachal-pradesh,2024,2,district,chamba district,5142
himachal-pradesh,2024,2,district,bilaspur district,4603
himachal-pradesh,2024,3,district,kangra district,31144
himachal-pradesh,2024,3,district,solan district,22356
himachal-pradesh,2024,3,district,mandi district,13395
himachal-pradesh,2024,3,district,una district,12997
himachal-pradesh,2024,3,district,hamirpur district,12201
himachal-pradesh,2024,3,district,kullu district,11408
himachal-pradesh,2024,3,district,sirmaur district,8313
himachal-pradesh,2024,3,district,shimla district,7937
himachal-pradesh,2024,3,district,chamba district,5307
himachal-pradesh,2024,3,district,bilaspur district,4799
himachal-pradesh,2024,4,district,kangra district,31781
himachal-pradesh,2024,4,district,solan district,23019
himachal-pradesh,2024,4,district,mandi district,13708
himachal-pradesh,2024,4,district,una district,13121
himachal-pradesh,2024,4,district,hamirpur district,12571
himachal-pradesh,2024,4,district,kullu district,11826
himachal-pradesh,2024,4,district,sirmaur district,8513
himachal-pradesh,2024,4,district,shimla district,8000
himachal-pradesh,2024,4,district,chamba district,5417
himachal-pradesh,2024,4,district,bilaspur district,4942
himachal-pradesh,2025,1,district,kangra district,32452
himachal-pradesh,2025,1,district,solan district,23426
himachal-pradesh,2025,1,district,mandi district,14063
himachal-pradesh,2025,1,district,una district,13231
himachal-pradesh,2025,1,district,hamirpur district,12915
himachal-pradesh,2025,1,district,kullu district,12322
himachal-pradesh,2025,1,district,sirmaur district,8651
himachal-pradesh,2025,1,district,shimla district,8050
himachal-pradesh,2025,1,district,chamba district,5703
himachal-pradesh,2025,1,district,bilaspur district,5052
himachal-pradesh,2025,2,district,kangra district,32866
himachal-pradesh,2025,2,district,solan district,23893
himachal-pradesh,2025,2,district,mandi district,14388
himachal-pradesh,2025,2,district,una district,13413
himachal-pradesh,2025,2,district,hamirpur district,13172
himachal-pradesh,2025,2,district,kullu district,12879
himachal-pradesh,2025,2,district,sirmaur district,8754
himachal-pradesh,2025,2,district,shimla district,8312
himachal-pradesh,2025,2,district,chamba district,6106
himachal-pradesh,2025,2,district,bilaspur district,5091
himachal-pradesh,2025,3,district,kangra district,33588
himachal-pradesh,2025,3,district,solan district,24518
himachal-pradesh,2025,3,district,mandi district,14490
himachal-pradesh,2025,3,district,una district,13687
himachal-pradesh,2025,3,district,hamirpur district,13472
himachal-pradesh,2025,3,district,kullu district,13458
himachal-pradesh,2025,3,district,sirmaur district,9058
himachal-pradesh,2025,3,district,shimla district,8586
himachal-pradesh,2025,3,district,chamba district,6545
himachal-pradesh,2025,3,district,bilaspur district,5135
himachal-pradesh,2025,4,district,kangra district,34337
himachal-pradesh,2025,4,district,solan district,25111
himachal-pradesh,2025,4,district,mandi district,14828
himachal-pradesh,2025,4,district,kullu district,14152
himachal-pradesh,2025,4,district,una district,13960
himachal-pradesh,2025,4,district,hamirpur district,13670
himachal-pradesh,2025,4,district,sirmaur district,9973
himachal-pradesh,2025,4,district,shimla district,9025
himachal-pradesh,2025,4,district,chamba district,6786
himachal-pradesh,2025,4,district,bilaspur district,5200
himachal-pradesh,2026,1,district,kangra district,34988
himachal-pradesh,2026,1,district,solan district,25546
himachal-pradesh,2026,1,district,mandi district,15066
himachal-pradesh,2026,1,district,kullu district,14475
himachal-pradesh,2026,1,district,una district,14205
himachal-pradesh,2026,1,district,hamirpur district,13718
himachal-pradesh,2026,1,district,sirmaur district,10268
himachal-pradesh,2026,1,district,shimla district,9277
himachal-pradesh,2026,1,district,chamba district,7087
himachal-pradesh,2026,1,district,bilaspur district,5266
himachal-pradesh,2026,2,district,kangra district,35775
himachal-pradesh,2026,2,district,solan district,26040
himachal-pradesh,2026,2,district,mandi district,15444
himachal-pradesh,2026,2,district,kullu district,15362
himachal-pradesh,2026,2,district,una district,14351
himachal-pradesh,2026,2,district,hamirpur district,13790
himachal-pradesh,2026,2,district,sirmaur district,10545
himachal-pradesh,2026,2,district,shimla district,9559
himachal-pradesh,2026,2,district,chamba district,7476
himachal-pradesh,2026,2,district,bilaspur district,5355
jammu-&-kashmir,2018,1,district,jammu district,2
jammu-&-kashmir,2018,2,district,jammu district,2
jammu-&-kashmir,2018,3,district,poonch district,6
jammu-&-kashmir,2018,3,district,jammu district,1
jammu-&-kashmir,2018,3,district,srinagar district,1
jammu-&-kashmir,2018,4,district,poonch district,6
jammu-&-kashmir,2018,4,district,jammu district,5
jammu-&-kashmir,2018,4,district,srinagar district,3
jammu-&-kashmir,2018,4,district,kupwara district,2
jammu-&-kashmir,2018,4,district,baramulla district,1
jammu-&-kashmir,2018,4,district,kulgam district,1
jammu-&-kashmir,2018,4,district,budgam district,1
jammu-&-kashmir,2018,4,district,anantnag district,1
jammu-&-kashmir,2018,4,district,ramban district,1
jammu-&-kashmir,2019,1,district,baramulla district,440
jammu-&-kashmir,2019,1,district,srinagar district,217
jammu-&-kashmir,2019,1,district,budgam district,201
jammu-&-kashmir,2019,1,district,anantnag district,187
jammu-&-kashmir,2019,1,district,bandipore district,134
jammu-&-kashmir,2019,1,district,kulgam district,75
jammu-&-kashmir,2019,1,district,ganderbal district,65
jammu-&-kashmir,2019,1,district,jammu district,59
jammu-&-kashmir,2019,1,district,pulwama district,51
jammu-&-kashmir,2019,1,district,kupwara district,24
jammu-&-kashmir,2019,2,district,jammu district,2077
jammu-&-kashmir,2019,2,district,baramulla district,1048
jammu-&-kashmir,2019,2,district,budgam district,426
jammu-&-kashmir,2019,2,district,srinagar district,406
jammu-&-kashmir,2019,2,district,samba district,352
jammu-&-kashmir,2019,2,district,bandipore district,302
jammu-&-kashmir,2019,2,district,anantnag district,265
jammu-&-kashmir,2019,2,district,kulgam district,124
jammu-&-kashmir,2019,2,district,ganderbal district,105
jammu-&-kashmir,2019,2,district,pulwama district,91
jammu-&-kashmir,2019,3,district,jammu district,2510
jammu-&-kashmir,2019,3,district,baramulla district,1083
jammu-&-kashmir,2019,3,district,budgam district,445
jammu-&-kashmir,2019,3,district,srinagar district,437
jammu-&-kashmir,2019,3,district,samba district,413
jammu-&-kashmir,2019,3,district,bandipore district,308
jammu-&-kashmir,2019,3,district,anantnag district,277
jammu-&-kashmir,2019,3,district,kulgam district,134
jammu-&-kashmir,2019,3,district,ganderbal district,116
jammu-&-kashmir,2019,3,district,kathua district,115
jammu-&-kashmir,2019,4,district,jammu district,2540
jammu-&-kashmir,2019,4,district,baramulla district,1092
jammu-&-kashmir,2019,4,district,srinagar district,455
jammu-&-kashmir,2019,4,district,budgam district,447
jammu-&-kashmir,2019,4,district,samba district,416
jammu-&-kashmir,2019,4,district,bandipore district,308
jammu-&-kashmir,2019,4,district,anantnag district,283
jammu-&-kashmir,2019,4,district,kulgam district,137
jammu-&-kashmir,2019,4,district,kathua district,121
jammu-&-kashmir,2019,4,district,ganderbal district,117
jammu-&-kashmir,2020,1,district,jammu district,2620
jammu-&-kashmir,2020,1,district,baramulla district,1121
jammu-&-kashmir,2020,1,district,srinagar district,480
jammu-&-kashmir,2020,1,district,budgam district,456
jammu-&-kashmir,2020,1,district,samba district,429
jammu-&-kashmir,2020,1,district,bandipore district,315
jammu-&-kashmir,2020,1,district,anantnag district,300
jammu-&-kashmir,2020,1,district,kulgam district,146
jammu-&-kashmir,2020,1,district,kathua district,134
jammu-&-kashmir,2020,1,district,ganderbal district,121
jammu-&-kashmir,2020,2,district,jammu district,2839
jammu-&-kashmir,2020,2,district,baramulla district,1139
jammu-&-kashmir,2020,2,district,srinagar district,503
jammu-&-kashmir,2020,2,district,budgam district,473
jammu-&-kashmir,2020,2,district,samba district,439
jammu-&-kashmir,2020,2,district,bandipore district,321
jammu-&-kashmir,2020,2,district,anantnag district,315
jammu-&-kashmir,2020,2,district,udhampur district,240
jammu-&-kashmir,2020,2,district,kulgam district,150
jammu-&-kashmir,2020,2,district,kathua district,149
jammu-&-kashmir,2020,3,district,jammu district,4607
jammu-&-kashmir,2020,3,district,baramulla district,2588
jammu-&-kashmir,2020,3,district,srinagar district,1462
jammu-&-kashmir,2020,3,district,samba district,675
jammu-&-kashmir,2020,3,district,budgam district,658
jammu-&-kashmir,2020,3,district,kupwara district,619
jammu-&-kashmir,2020,3,district,udhampur district,463
jammu-&-kashmir,2020,3,district,kathua district,422
jammu-&-kashmir,2020,3,district,bandipore district,380
jammu-&-kashmir,2020,3,district,anantnag district,372
jammu-&-kashmir,2020,4,district,jammu district,7241
jammu-&-kashmir,2020,4,district,baramulla district,4031
jammu-&-kashmir,2020,4,district,srinagar district,1995
jammu-&-kashmir,2020,4,district,kupwara district,1302
jammu-&-kashmir,2020,4,district,udhampur district,965
jammu-&-kashmir,2020,4,district,budgam district,956
jammu-&-kashmir,2020,4,district,samba district,879
jammu-&-kashmir,2020,4,district,kathua district,740
jammu-&-kashmir,2020,4,district,reasi district,717
jammu-&-kashmir,2020,4,district,bandipore district,642
jammu-&-kashmir,2021,1,district,jammu district,11650
jammu-&-kashmir,2021,1,district,baramulla district,5438
jammu-&-kashmir,2021,1,district,srinagar district,3440
jammu-&-kashmir,2021,1,district,budgam district,2146
jammu-&-kashmir,2021,1,district,kupwara district,2047
jammu-&-kashmir,2021,1,district,bandipore district,1758
jammu-&-kashmir,2021,1,district,udhampur district,1648
jammu-&-kashmir,2021,1,district,kathua district,1460
jammu-&-kashmir,2021,1,district,anantnag district,1403
jammu-&-kashmir,2021,1,district,samba district,1336
jammu-&-kashmir,2021,2,district,jammu district,13688
jammu-&-kashmir,2021,2,district,baramulla district,6332
jammu-&-kashmir,2021,2,district,srinagar district,4584
jammu-&-kashmir,2021,2,district,budgam district,2563
jammu-&-kashmir,2021,2,district,anantnag district,2480
jammu-&-kashmir,2021,2,district,kupwara district,2284
jammu-&-kashmir,2021,2,district,udhampur district,2120
jammu-&-kashmir,2021,2,district,bandipore district,1927
jammu-&-kashmir,2021,2,district,kathua district,1755
jammu-&-kashmir,2021,2,district,reasi district,1642
jammu-&-kashmir,2021,3,district,jammu district,16856
jammu-&-kashmir,2021,3,district,baramulla district,7368
jammu-&-kashmir,2021,3,district,srinagar district,6124
jammu-&-kashmir,2021,3,district,anantnag district,4320
jammu-&-kashmir,2021,3,district,budgam district,3459
jammu-&-kashmir,2021,3,district,kupwara district,3297
jammu-&-kashmir,2021,3,district,udhampur district,3115
jammu-&-kashmir,2021,3,district,kathua district,2187
jammu-&-kashmir,2021,3,district,bandipore district,2084
jammu-&-kashmir,2021,3,district,samba district,2014
jammu-&-kashmir,2021,4,district,jammu district,24043
jammu-&-kashmir,2021,4,district,srinagar district,10277
jammu-&-kashmir,2021,4,district,baramulla district,9719
jammu-&-kashmir,2021,4,district,anantnag district,7635
jammu-&-kashmir,2021,4,district,kupwara district,5077
jammu-&-kashmir,2021,4,district,budgam district,4952
jammu-&-kashmir,2021,4,district,udhampur district,4082
jammu-&-kashmir,2021,4,district,kathua district,3677
jammu-&-kashmir,2021,4,district,samba district,3137
jammu-&-kashmir,2021,4,district,reasi district,2930
jammu-&-kashmir,2022,1,district,jammu district,31897
jammu-&-kashmir,2022,1,district,srinagar district,14055
jammu-&-kashmir,2022,1,district,baramulla district,12022
jammu-&-kashmir,2022,1,district,anantnag district,11558
jammu-&-kashmir,2022,1,district,kupwara district,6666
jammu-&-kashmir,2022,1,district,budgam district,6313
jammu-&-kashmir,2022,1,district,kathua district,5062
jammu-&-kashmir,2022,1,district,udhampur district,5044
jammu-&-kashmir,2022,1,district,samba district,4391
jammu-&-kashmir,2022,1,district,reasi district,3956
jammu-&-kashmir,2022,2,district,jammu district,35861
jammu-&-kashmir,2022,2,district,srinagar district,17590
jammu-&-kashmir,2022,2,district,anantnag district,14637
jammu-&-kashmir,2022,2,district,baramulla district,14392
jammu-&-kashmir,2022,2,district,kupwara district,8327
jammu-&-kashmir,2022,2,district,kathua district,7167
jammu-&-kashmir,2022,2,district,budgam district,7153
jammu-&-kashmir,2022,2,district,udhampur district,5672
jammu-&-kashmir,2022,2,district,samba district,5259
jammu-&-kashmir,2022,2,district,kulgam district,4508
jammu-&-kashmir,2022,3,district,jammu district,38716
jammu-&-kashmir,2022,3,district,srinagar district,20230
jammu-&-kashmir,2022,3,district,baramulla district,16615
jammu-&-kashmir,2022,3,district,anantnag district,15686
jammu-&-kashmir,2022,3,district,kupwara district,9682
jammu-&-kashmir,2022,3,district,budgam district,8160
jammu-&-kashmir,2022,3,district,kathua district,7560
jammu-&-kashmir,2022,3,district,samba district,6637
jammu-&-kashmir,2022,3,district,udhampur district,6314
jammu-&-kashmir,2022,3,district,kulgam district,5688
jammu-&-kashmir,2022,4,district,jammu district,42173
jammu-&-kashmir,2022,4,district,srinagar district,24163
jammu-&-kashmir,2022,4,district,baramulla district,18760
jammu-&-kashmir,2022,4,district,anantnag district,17375
jammu-&-kashmir,2022,4,district,kupwara district,11183
jammu-&-kashmir,2022,4,district,budgam district,9733
jammu-&-kashmir,2022,4,district,kathua district,8062
jammu-&-kashmir,2022,4,district,samba district,7827
jammu-&-kashmir,2022,4,district,udhampur district,7194
jammu-&-kashmir,2022,4,district,kulgam district,6858
jammu-&-kashmir,2023,1,district,jammu district,43641
jammu-&-kashmir,2023,1,district,srinagar district,27417
jammu-&-kashmir,2023,1,district,baramulla district,21453
jammu-&-kashmir,2023,1,district,anantnag district,19558
jammu-&-kashmir,2023,1,district,kupwara district,13534
jammu-&-kashmir,2023,1,district,budgam district,10531
jammu-&-kashmir,2023,1,district,kathua district,9039
jammu-&-kashmir,2023,1,district,samba district,8417
jammu-&-kashmir,2023,1,district,kulgam district,8055
jammu-&-kashmir,2023,1,district,udhampur district,7592
jammu-&-kashmir,2023,2,district,jammu district,45414
jammu-&-kashmir,2023,2,district,srinagar district,29320
jammu-&-kashmir,2023,2,district,baramulla district,23824
jammu-&-kashmir,2023,2,district,anantnag district,22096
jammu-&-kashmir,2023,2,district,kupwara district,15233
jammu-&-kashmir,2023,2,district,budgam district,11142
jammu-&-kashmir,2023,2,district,kathua district,9239
jammu-&-kashmir,2023,2,district,kulgam district,9194
jammu-&-kashmir,2023,2,district,samba district,8825
jammu-&-kashmir,2023,2,district,udhampur district,7682
jammu-&-kashmir,2023,3,district,jammu district,47462
jammu-&-kashmir,2023,3,district,srinagar district,30651
jammu-&-kashmir,2023,3,district,baramulla district,24804
jammu-&-kashmir,2023,3,district,anantnag district,24103
jammu-&-kashmir,2023,3,district,kupwara district,16115
jammu-&-kashmir,2023,3,district,budgam district,11566
jammu-&-kashmir,2023,3,district,kulgam district,10440
jammu-&-kashmir,2023,3,district,kathua district,9726
jammu-&-kashmir,2023,3,district,samba district,9288
jammu-&-kashmir,2023,3,district,rajouri district,8113
jammu-&-kashmir,2023,4,district,jammu district,49443
jammu-&-kashmir,2023,4,district,srinagar district,31620
jammu-&-kashmir,2023,4,district,baramulla district,25325
jammu-&-kashmir,2023,4,district,anantnag district,25104
jammu-&-kashmir,2023,4,district,kupwara district,16503
jammu-&-kashmir,2023,4,district,budgam district,11739
jammu-&-kashmir,2023,4,district,kulgam district,10747
jammu-&-kashmir,2023,4,district,kathua district,9925
jammu-&-kashmir,2023,4,district,samba district,9623
jammu-&-kashmir,2023,4,district,rajouri district,8673
jammu-&-kashmir,2024,1,district,jammu district,52312
jammu-&-kashmir,2024,1,district,srinagar district,32959
jammu-&-kashmir,2024,1,district,anantnag district,27205
jammu-&-kashmir,2024,1,district,baramulla district,26654
jammu-&-kashmir,2024,1,district,kupwara district,16876
jammu-&-kashmir,2024,1,district,budgam district,12103
jammu-&-kashmir,2024,1,district,kulgam district,11539
jammu-&-kashmir,2024,1,district,samba district,10035
jammu-&-kashmir,2024,1,district,kathua district,9967
jammu-&-kashmir,2024,1,district,rajouri district,8969
jammu-&-kashmir,2024,2,district,jammu district,55150
jammu-&-kashmir,2024,2,district,srinagar district,34189
jammu-&-kashmir,2024,2,district,anantnag district,28762
jammu-&-kashmir,2024,2,district,baramulla district,27897
jammu-&-kashmir,2024,2,district,kupwara district,17357
jammu-&-kashmir,2024,2,district,budgam district,12380
jammu-&-kashmir,2024,2,district,kulgam district,12070
jammu-&-kashmir,2024,2,district,samba district,10542
jammu-&-kashmir,2024,2,district,kathua district,10116
jammu-&-kashmir,2024,2,district,rajouri district,9488
jammu-&-kashmir,2024,3,district,jammu district,56775
jammu-&-kashmir,2024,3,district,srinagar district,34944
jammu-&-kashmir,2024,3,district,anantnag district,30202
jammu-&-kashmir,2024,3,district,baramulla district,29192
jammu-&-kashmir,2024,3,district,kupwara district,17960
jammu-&-kashmir,2024,3,district,budgam district,12640
jammu-&-kashmir,2024,3,district,kulgam district,12640
jammu-&-kashmir,2024,3,district,samba district,10999
jammu-&-kashmir,2024,3,district,kathua district,10273
jammu-&-kashmir,2024,3,district,rajouri district,10077
jammu-&-kashmir,2024,4,district,jammu district,58122
jammu-&-kashmir,2024,4,district,srinagar district,35763
jammu-&-kashmir,2024,4,district,anantnag district,31898
jammu-&-kashmir,2024,4,district,baramulla district,30811
jammu-&-kashmir,2024,4,district,kupwara district,18550
jammu-&-kashmir,2024,4,district,kulgam district,13084
jammu-&-kashmir,2024,4,district,budgam district,12946
jammu-&-kashmir,2024,4,district,samba district,11379
jammu-&-kashmir,2024,4,district,kathua district,10613
jammu-&-kashmir,2024,4,district,rajouri district,10546
jammu-&-kashmir,2025,1,district,jammu district,59431
jammu-&-kashmir,2025,1,district,srinagar district,36948
jammu-&-kashmir,2025,1,district,anantnag district,33289
jammu-&-kashmir,2025,1,district,baramulla district,32660
jammu-&-kashmir,2025,1,district,kupwara district,19196
jammu-&-kashmir,2025,1,district,kulgam district,14021
jammu-&-kashmir,2025,1,district,budgam district,13307
jammu-&-kashmir,2025,1,district,samba district,11749
jammu-&-kashmir,2025,1,district,rajouri district,11206
jammu-&-kashmir,2025,1,district,shopian district,11061
jammu-&-kashmir,2025,2,district,jammu district,61084
jammu-&-kashmir,2025,2,district,srinagar district,38688
jammu-&-kashmir,2025,2,district,baramulla district,34825
jammu-&-kashmir,2025,2,district,anantnag district,34472
jammu-&-kashmir,2025,2,district,kupwara district,20202
jammu-&-kashmir,2025,2,district,kulgam district,14253
jammu-&-kashmir,2025,2,district,budgam district,13868
jammu-&-kashmir,2025,2,district,samba district,12196
jammu-&-kashmir,2025,2,district,rajouri district,11737
jammu-&-kashmir,2025,2,district,shopian district,11354
jammu-&-kashmir,2025,3,district,jammu district,62240
jammu-&-kashmir,2025,3,district,srinagar district,40226
jammu-&-kashmir,2025,3,district,baramulla district,36760
jammu-&-kashmir,2025,3,district,anantnag district,35670
jammu-&-kashmir,2025,3,district,kupwara district,21309
jammu-&-kashmir,2025,3,district,kulgam district,14664
jammu-&-kashmir,2025,3,district,budgam district,14449
jammu-&-kashmir,2025,3,district,samba district,12734
jammu-&-kashmir,2025,3,district,rajouri district,12174
jammu-&-kashmir,2025,3,district,shopian district,11417
jammu-&-kashmir,2025,4,district,jammu district,63803
jammu-&-kashmir,2025,4,district,srinagar district,41696
jammu-&-kashmir,2025,4,district,baramulla district,38596
jammu-&-kashmir,2025,4,district,anantnag district,37161
jammu-&-kashmir,2025,4,district,kupwara district,22988
jammu-&-kashmir,2025,4,district,kulgam district,15094
jammu-&-kashmir,2025,4,district,budgam district,15044
jammu-&-kashmir,2025,4,district,samba district,13319
jammu-&-kashmir,2025,4,district,rajouri district,12819
jammu-&-kashmir,2025,4,district,bandipore district,11557
jammu-&-kashmir,2026,1,district,jammu district,65122
jammu-&-kashmir,2026,1,district,srinagar district,42635
jammu-&-kashmir,2026,1,district,baramulla district,39680
jammu-&-kashmir,2026,1,district,anantnag district,37810
jammu-&-kashmir,2026,1,district,kupwara district,23564
jammu-&-kashmir,2026,1,district,kulgam district,15322
jammu-&-kashmir,2026,1,district,budgam district,15229
jammu-&-kashmir,2026,1,district,samba district,13663
jammu-&-kashmir,2026,1,district,rajouri district,13175
jammu-&-kashmir,2026,1,district,bandipore district,11869
jammu-&-kashmir,2026,2,district,jammu district,66318
jammu-&-kashmir,2026,2,district,srinagar district,44070
jammu-&-kashmir,2026,2,district,baramulla district,40699
jammu-&-kashmir,2026,2,district,anantnag district,38705
jammu-&-kashmir,2026,2,district,kupwara district,24191
jammu-&-kashmir,2026,2,district,kulgam district,15825
jammu-&-kashmir,2026,2,district,budgam district,15558
jammu-&-kashmir,2026,2,district,samba district,13915
jammu-&-kashmir,2026,2,district,rajouri district,13542
jammu-&-kashmir,2026,2,district,bandipore district,12141
jharkhand,2018,3,district,bokaro district,3
jharkhand,2018,3,district,ranchi district,3
jharkhand,2018,3,district,east singhbhum district,2
jharkhand,2018,3,district,koderma district,2
jharkhand,2018,3,district,ramgarh district,1
jharkhand,2018,3,district,hazaribag district,1
jharkhand,2018,3,district,gumla district,1
jharkhand,2018,3,district,lohardaga district,1
jharkhand,2018,3,district,sahibganj district,1
jharkhand,2018,3,district,deoghar district,1
jharkhand,2018,4,district,dhanbad district,44
jharkhand,2018,4,district,east singhbhum district,30
jharkhand,2018,4,district,bokaro district,30
jharkhand,2018,4,district,hazaribag district,28
jharkhand,2018,4,district,ranchi district,26
jharkhand,2018,4,district,deoghar district,15
jharkhand,2018,4,district,giridih district,13
jharkhand,2018,4,district,koderma district,9
jharkhand,2018,4,district,chatra district,5
jharkhand,2018,4,district,sahibganj district,4
jharkhand,2019,1,district,ranchi district,11129
jharkhand,2019,1,district,dhanbad district,8063
jharkhand,2019,1,district,bokaro district,6335
jharkhand,2019,1,district,east singhbhum district,5343
jharkhand,2019,1,district,hazaribag district,1985
jharkhand,2019,1,district,ramgarh district,1142
jharkhand,2019,1,district,giridih district,718
jharkhand,2019,1,district,seraikela kharsawan district,714
jharkhand,2019,1,district,palamu district,564
jharkhand,2019,1,district,latehar district,385
jharkhand,2019,2,district,ranchi district,22939
jharkhand,2019,2,district,dhanbad district,21256
jharkhand,2019,2,district,east singhbhum district,14278
jharkhand,2019,2,district,bokaro district,13127
jharkhand,2019,2,district,hazaribag district,5967
jharkhand,2019,2,district,deoghar district,5119
jharkhand,2019,2,district,ramgarh district,3781
jharkhand,2019,2,district,giridih district,2826
jharkhand,2019,2,district,seraikela kharsawan district,2485
jharkhand,2019,2,district,palamu district,1927
jharkhand,2019,3,district,dhanbad district,32251
jharkhand,2019,3,district,ranchi district,30316
jharkhand,2019,3,district,east singhbhum district,22008
jharkhand,2019,3,district,bokaro district,18334
jharkhand,2019,3,district,hazaribag district,9299
jharkhand,2019,3,district,deoghar district,7709
jharkhand,2019,3,district,ramgarh district,5315
jharkhand,2019,3,district,seraikela kharsawan district,3954
jharkhand,2019,3,district,giridih district,3912
jharkhand,2019,3,district,palamu district,2726
jharkhand,2019,4,district,dhanbad district,39388
jharkhand,2019,4,district,ranchi district,35248
jharkhand,2019,4,district,east singhbhum district,25522
jharkhand,2019,4,district,bokaro district,21013
jharkhand,2019,4,district,hazaribag district,11246
jharkhand,2019,4,district,deoghar district,9298
jharkhand,2019,4,district,ramgarh district,6519
jharkhand,2019,4,district,seraikela kharsawan district,4805
jharkhand,2019,4,district,giridih district,4739
jharkhand,2019,4,district,palamu district,3370
jharkhand,2020,1,district,dhanbad district,46241
jharkhand,2020,1,district,ranchi district,41531
jharkhand,2020,1,district,east singhbhum district,30340
jharkhand,2020,1,district,bokaro district,25105
jharkhand,2020,1,district,hazaribag district,12909
jharkhand,2020,1,district,deoghar district,11461
jharkhand,2020,1,district,ramgarh district,7550
jharkhand,2020,1,district,seraikela kharsawan district,6071
jharkhand,2020,1,district,giridih district,5568
jharkhand,2020,1,district,palamu district,4262
jharkhand,2020,2,district,dhanbad district,49246
jharkhand,2020,2,district,ranchi district,44495
jharkhand,2020,2,district,east singhbhum district,32524
jharkhand,2020,2,district,bokaro district,26859
jharkhand,2020,2,district,hazaribag district,13781
jharkhand,2020,2,district,deoghar district,12117
jharkhand,2020,2,district,ramgarh district,8110
jharkhand,2020,2,district,seraikela kharsawan district,6648
jharkhand,2020,2,district,giridih district,5970
jharkhand,2020,2,district,palamu district,4724
jharkhand,2020,3,district,dhanbad district,57390
jharkhand,2020,3,district,ranchi district,54204
jharkhand,2020,3,district,east singhbhum district,39607
jharkhand,2020,3,district,bokaro district,32465
jharkhand,2020,3,district,hazaribag district,16124
jharkhand,2020,3,district,deoghar district,14332
jharkhand,2020,3,district,ramgarh district,9889
jharkhand,2020,3,district,seraikela kharsawan district,8176
jharkhand,2020,3,district,giridih district,7050
jharkhand,2020,3,district,palamu district,5855
jharkhand,2020,4,district,dhanbad district,69458
jharkhand,2020,4,district,ranchi district,63655
jharkhand,2020,4,district,east singhbhum district,47691
jharkhand,2020,4,district,bokaro district,39846
jharkhand,2020,4,district,hazaribag district,21285
jharkhand,2020,4,district,deoghar district,17139
jharkhand,2020,4,district,ramgarh district,13404
jharkhand,2020,4,district,giridih district,11962
jharkhand,2020,4,district,palamu district,11326
jharkhand,2020,4,district,seraikela kharsawan district,10418
jharkhand,2021,1,district,dhanbad district,80970
jharkhand,2021,1,district,ranchi district,74440
jharkhand,2021,1,district,east singhbhum district,52709
jharkhand,2021,1,district,bokaro district,46048
jharkhand,2021,1,district,hazaribag district,25642
jharkhand,2021,1,district,deoghar district,20017
jharkhand,2021,1,district,giridih district,16787
jharkhand,2021,1,district,ramgarh district,16426
jharkhand,2021,1,district,palamu district,16315
jharkhand,2021,1,district,seraikela kharsawan district,11764
jharkhand,2021,2,district,dhanbad district,85336
jharkhand,2021,2,district,ranchi district,80102
jharkhand,2021,2,district,east singhbhum district,55005
jharkhand,2021,2,district,bokaro district,48603
jharkhand,2021,2,district,hazaribag district,28136
jharkhand,2021,2,district,deoghar district,21734
jharkhand,2021,2,district,palamu district,19818
jharkhand,2021,2,district,giridih district,19561
jharkhand,2021,2,district,ramgarh district,18619
jharkhand,2021,2,district,seraikela kharsawan district,12371
jharkhand,2021,3,district,dhanbad district,93638
jharkhand,2021,3,district,ranchi district,88345
jharkhand,2021,3,district,east singhbhum district,58571
jharkhand,2021,3,district,bokaro district,52388
jharkhand,2021,3,district,hazaribag district,33694
jharkhand,2021,3,district,palamu district,25313
jharkhand,2021,3,district,giridih district,24958
jharkhand,2021,3,district,deoghar district,23824
jharkhand,2021,3,district,ramgarh district,21758
jharkhand,2021,3,district,seraikela kharsawan district,13430
jharkhand,2021,4,district,dhanbad district,101933
jharkhand,2021,4,district,ranchi district,95003
jharkhand,2021,4,district,east singhbhum district,61284
jharkhand,2021,4,district,bokaro district,56702
jharkhand,2021,4,district,hazaribag district,38861
jharkhand,2021,4,district,giridih district,31164
jharkhand,2021,4,district,palamu district,29114
jharkhand,2021,4,district,deoghar district,25974
jharkhand,2021,4,district,ramgarh district,24460
jharkhand,2021,4,district,seraikela kharsawan district,14513
jharkhand,2022,1,district,dhanbad district,111865
jharkhand,2022,1,district,ranchi district,105530
jharkhand,2022,1,district,east singhbhum district,64483
jharkhand,2022,1,district,bokaro district,62256
jharkhand,2022,1,district,hazaribag district,44108
jharkhand,2022,1,district,giridih district,36420
jharkhand,2022,1,district,palamu district,33507
jharkhand,2022,1,district,deoghar district,28818
jharkhand,2022,1,district,ramgarh district,27481
jharkhand,2022,1,district,chatra district,17668
jharkhand,2022,2,district,dhanbad district,118498
jharkhand,2022,2,district,ranchi district,112447
jharkhand,2022,2,district,east singhbhum district,66965
jharkhand,2022,2,district,bokaro district,65724
jharkhand,2022,2,district,hazaribag district,47575
jharkhand,2022,2,district,giridih district,39579
jharkhand,2022,2,district,palamu district,36058
jharkhand,2022,2,district,deoghar district,30622
jharkhand,2022,2,district,ramgarh district,29516
jharkhand,2022,2,district,chatra district,19761
jharkhand,2022,3,district,dhanbad district,122317
jharkhand,2022,3,district,ranchi district,117600
jharkhand,2022,3,district,east singhbhum district,69342
jharkhand,2022,3,district,bokaro district,67979
jharkhand,2022,3,district,hazaribag district,51438
jharkhand,2022,3,district,giridih district,42415
jharkhand,2022,3,district,palamu district,37966
jharkhand,2022,3,district,deoghar district,32536
jharkhand,2022,3,district,ramgarh district,30945
jharkhand,2022,3,district,chatra district,21691
jharkhand,2022,4,district,dhanbad district,124758
jharkhand,2022,4,district,ranchi district,121332
jharkhand,2022,4,district,east singhbhum district,71922
jharkhand,2022,4,district,bokaro district,69577
jharkhand,2022,4,district,hazaribag district,56043
jharkhand,2022,4,district,giridih district,45388
jharkhand,2022,4,district,palamu district,39646
jharkhand,2022,4,district,deoghar district,33556
jharkhand,2022,4,district,ramgarh district,31945
jharkhand,2022,4,district,chatra district,24005
jharkhand,2023,1,district,dhanbad district,119880
jharkhand,2023,1,district,ranchi district,114216
jharkhand,2023,1,district,east singhbhum district,68708
jharkhand,2023,1,district,bokaro district,66998
jharkhand,2023,1,district,hazaribag district,57561
jharkhand,2023,1,district,giridih district,46299
jharkhand,2023,1,district,palamu district,39500
jharkhand,2023,1,district,deoghar district,32581
jharkhand,2023,1,district,ramgarh district,30706
jharkhand,2023,1,district,chatra district,24476
jharkhand,2023,2,district,dhanbad district,121243
jharkhand,2023,2,district,ranchi district,116595
jharkhand,2023,2,district,east singhbhum district,69163
jharkhand,2023,2,district,bokaro district,67635
jharkhand,2023,2,district,hazaribag district,58762
jharkhand,2023,2,district,giridih district,47214
jharkhand,2023,2,district,palamu district,40160
jharkhand,2023,2,district,deoghar district,33001
jharkhand,2023,2,district,ramgarh district,31057
jharkhand,2023,2,district,chatra district,25028
jharkhand,2023,3,district,dhanbad district,123256
jharkhand,2023,3,district,ranchi district,120421
jharkhand,2023,3,district,east singhbhum district,70406
jharkhand,2023,3,district,bokaro district,69238
jharkhand,2023,3,district,hazaribag district,61219
jharkhand,2023,3,district,giridih district,48652
jharkhand,2023,3,district,palamu district,40981
jharkhand,2023,3,district,deoghar district,34348
jharkhand,2023,3,district,ramgarh district,32045
jharkhand,2023,3,district,chatra district,26086
jharkhand,2023,4,district,dhanbad district,125956
jharkhand,2023,4,district,ranchi district,125277
jharkhand,2023,4,district,east singhbhum district,72304
jharkhand,2023,4,district,bokaro district,71245
jharkhand,2023,4,district,hazaribag district,62948
jharkhand,2023,4,district,giridih district,49764
jharkhand,2023,4,district,palamu district,41582
jharkhand,2023,4,district,deoghar district,35075
jharkhand,2023,4,district,ramgarh district,32765
jharkhand,2023,4,district,chatra district,26372
jharkhand,2024,1,district,ranchi district,131184
jharkhand,2024,1,district,dhanbad district,129448
jharkhand,2024,1,district,east singhbhum district,75278
jharkhand,2024,1,district,bokaro district,73484
jharkhand,2024,1,district,hazaribag district,64621
jharkhand,2024,1,district,giridih district,51001
jharkhand,2024,1,district,palamu district,42044
jharkhand,2024,1,district,deoghar district,35570
jharkhand,2024,1,district,ramgarh district,33457
jharkhand,2024,1,district,chatra district,26429
jharkhand,2024,2,district,ranchi district,136973
jharkhand,2024,2,district,dhanbad district,133805
jharkhand,2024,2,district,east singhbhum district,78245
jharkhand,2024,2,district,bokaro district,75674
jharkhand,2024,2,district,hazaribag district,66484
jharkhand,2024,2,district,giridih district,52471
jharkhand,2024,2,district,palamu district,42834
jharkhand,2024,2,district,deoghar district,36765
jharkhand,2024,2,district,ramgarh district,34248
jharkhand,2024,2,district,chatra district,26847
jharkhand,2024,3,district,ranchi district,142561
jharkhand,2024,3,district,dhanbad district,137861
jharkhand,2024,3,district,east singhbhum district,81152
jharkhand,2024,3,district,bokaro district,77696
jharkhand,2024,3,district,hazaribag district,68301
jharkhand,2024,3,district,giridih district,54346
jharkhand,2024,3,district,palamu district,43763
jharkhand,2024,3,district,deoghar district,38141
jharkhand,2024,3,district,ramgarh district,34890
jharkhand,2024,3,district,chatra district,27300
jharkhand,2024,4,district,ranchi district,147773
jharkhand,2024,4,district,dhanbad district,141395
jharkhand,2024,4,district,east singhbhum district,83964
jharkhand,2024,4,district,bokaro district,79491
jharkhand,2024,4,district,hazaribag district,70126
jharkhand,2024,4,district,giridih district,55930
jharkhand,2024,4,district,palamu district,45136
jharkhand,2024,4,district,deoghar district,39632
jharkhand,2024,4,district,ramgarh district,35670
jharkhand,2024,4,district,chatra district,27787
jharkhand,2025,1,district,ranchi district,152730
jharkhand,2025,1,district,dhanbad district,145430
jharkhand,2025,1,district,east singhbhum district,86633
jharkhand,2025,1,district,bokaro district,80891
jharkhand,2025,1,district,hazaribag district,72043
jharkhand,2025,1,district,giridih district,57090
jharkhand,2025,1,district,palamu district,46332
jharkhand,2025,1,district,deoghar district,40850
jharkhand,2025,1,district,ramgarh district,36246
jharkhand,2025,1,district,chatra district,28230
jharkhand,2025,2,district,ranchi district,158107
jharkhand,2025,2,district,dhanbad district,148978
jharkhand,2025,2,district,east singhbhum district,89771
jharkhand,2025,2,district,bokaro district,82627
jharkhand,2025,2,district,hazaribag district,73893
jharkhand,2025,2,district,giridih district,58390
jharkhand,2025,2,district,palamu district,47621
jharkhand,2025,2,district,deoghar district,42021
jharkhand,2025,2,district,ramgarh district,37131
jharkhand,2025,2,district,chatra district,28753
jharkhand,2025,3,district,ranchi district,163073
jharkhand,2025,3,district,dhanbad district,152144
jharkhand,2025,3,district,east singhbhum district,92881
jharkhand,2025,3,district,bokaro district,84804
jharkhand,2025,3,district,hazaribag district,76049
jharkhand,2025,3,district,giridih district,60272
jharkhand,2025,3,district,palamu district,49266
jharkhand,2025,3,district,deoghar district,43660
jharkhand,2025,3,district,ramgarh district,38272
jharkhand,2025,3,district,chatra district,29382
jharkhand,2025,4,district,ranchi district,168158
jharkhand,2025,4,district,dhanbad district,156354
jharkhand,2025,4,district,east singhbhum district,96885
jharkhand,2025,4,district,bokaro district,87488
jharkhand,2025,4,district,hazaribag district,78263
jharkhand,2025,4,district,giridih district,62232
jharkhand,2025,4,district,palamu district,51230
jharkhand,2025,4,district,deoghar district,45279
jharkhand,2025,4,district,ramgarh district,39280
jharkhand,2025,4,district,chatra district,30249
jharkhand,2026,1,district,ranchi district,172073
jharkhand,2026,1,district,dhanbad district,158784
jharkhand,2026,1,district,east singhbhum district,98867
jharkhand,2026,1,district,bokaro district,89695
jharkhand,2026,1,district,hazaribag district,79940
jharkhand,2026,1,district,giridih district,63998
jharkhand,2026,1,district,palamu district,52681
jharkhand,2026,1,district,deoghar district,46492
jharkhand,2026,1,district,ramgarh district,40039
jharkhand,2026,1,district,chatra district,30769
jharkhand,2026,2,district,ranchi district,176099
jharkhand,2026,2,district,dhanbad district,160903
jharkhand,2026,2,district,east singhbhum district,101073
jharkhand,2026,2,district,bokaro district,92190
jharkhand,2026,2,district,hazaribag district,81718
jharkhand,2026,2,district,giridih district,65886
jharkhand,2026,2,district,palamu district,53967
jharkhand,2026,2,district,deoghar district,47866
jharkhand,2026,2,district,ramgarh district,40906
jharkhand,2026,2,district,chatra district,31476
karnataka,2018,1,district,bengaluru urban district,10750
karnataka,2018,1,district,bengaluru rural district,175
karnataka,2018,1,district,kolar district,69
karnataka,2018,1,district,tumakuru district,49
karnataka,2018,1,district,bengaluru south district,27
karnataka,2018,1,district,yadgiri district,27
karnataka,2018,1,district,chikkaballapur district,9
karnataka,2018,1,district,kalaburagi district,9
karnataka,2018,1,district,dakshina kannada district,8
karnataka,2018,1,district,raichur district,5
karnataka,2018,1,district,mandya district,5
karnataka,2018,2,district,bengaluru urban district,17789
karnataka,2018,2,district,bengaluru rural district,435
karnataka,2018,2,district,tumakuru district,81
karnataka,2018,2,district,kolar district,81
karnataka,2018,2,district,bengaluru south district,47
karnataka,2018,2,district,yadgiri district,36
karnataka,2018,2,district,chikkaballapur district,23
karnataka,2018,2,district,kalaburagi district,22
karnataka,2018,2,district,hassan district,17
karnataka,2018,2,district,mysuru district,11
karnataka,2018,3,district,bengaluru urban district,61661
karnataka,2018,3,district,bengaluru rural district,1669
karnataka,2018,3,district,kolar district,455
karnataka,2018,3,district,chikkaballapur district,349
karnataka,2018,3,district,tumakuru district,244
karnataka,2018,3,district,bengaluru south district,152
karnataka,2018,3,district,kalaburagi district,54
karnataka,2018,3,district,mandya district,50
karnataka,2018,3,district,mysuru district,50
karnataka,2018,3,district,hassan district,47
karnataka,2018,4,district,bengaluru urban district,212750
karnataka,2018,4,district,bengaluru rural district,9393
karnataka,2018,4,district,kolar district,1846
karnataka,2018,4,district,chikkaballapur district,1732
karnataka,2018,4,district,tumakuru district,1004
karnataka,2018,4,district,bengaluru south district,869
karnataka,2018,4,district,hassan district,739
karnataka,2018,4,district,mandya district,435
karnataka,2018,4,district,mysuru district,308
karnataka,2018,4,district,davanagere district,191
karnataka,2019,1,district,bengaluru urban district,316319
karnataka,2019,1,district,bengaluru rural district,12957
karnataka,2019,1,district,mysuru district,9614
karnataka,2019,1,district,dharwad district,7792
karnataka,2019,1,district,belagavi district,5959
karnataka,2019,1,district,kolar district,3460
karnataka,2019,1,district,vijayapura district,3270
karnataka,2019,1,district,chikkaballapur district,3190
karnataka,2019,1,district,tumakuru district,2329
karnataka,2019,1,district,kalaburagi district,2118
karnataka,2019,2,district,bengaluru urban district,409770
karnataka,2019,2,district,mysuru district,25761
karnataka,2019,2,district,dharwad district,22836
karnataka,2019,2,district,belagavi district,20213
karnataka,2019,2,district,bengaluru rural district,15327
karnataka,2019,2,district,shivamogga district,8739
karnataka,2019,2,district,tumakuru district,7898
karnataka,2019,2,district,davanagere district,7797
karnataka,2019,2,district,vijayapura district,7655
karnataka,2019,2,district,kalaburagi district,6343
karnataka,2019,3,district,bengaluru urban district,525483
karnataka,2019,3,district,mysuru district,33686
karnataka,2019,3,district,dharwad district,32418
karnataka,2019,3,district,belagavi district,29146
karnataka,2019,3,district,bengaluru rural district,20948
karnataka,2019,3,district,shivamogga district,12513
karnataka,2019,3,district,tumakuru district,11334
karnataka,2019,3,district,davanagere district,11001
karnataka,2019,3,district,vijayapura district,10223
karnataka,2019,3,district,kalaburagi district,9159
karnataka,2019,4,district,bengaluru urban district,610444
karnataka,2019,4,district,dharwad district,39208
karnataka,2019,4,district,mysuru district,38830
karnataka,2019,4,district,belagavi district,36753
karnataka,2019,4,district,bengaluru rural district,25011
karnataka,2019,4,district,shivamogga district,15817
karnataka,2019,4,district,tumakuru district,13891
karnataka,2019,4,district,davanagere district,13296
karnataka,2019,4,district,kolar district,12805
karnataka,2019,4,district,vijayapura district,12547
karnataka,2020,1,district,bengaluru urban district,686801
karnataka,2020,1,district,dharwad district,44740
karnataka,2020,1,district,mysuru district,43494
karnataka,2020,1,district,belagavi district,42800
karnataka,2020,1,district,bengaluru rural district,27915
karnataka,2020,1,district,shivamogga district,17963
karnataka,2020,1,district,tumakuru district,15886
karnataka,2020,1,district,kolar district,15357
karnataka,2020,1,district,davanagere district,15061
karnataka,2020,1,district,vijayapura district,14828
karnataka,2020,2,district,bengaluru urban district,734297
karnataka,2020,2,district,dharwad district,47397
karnataka,2020,2,district,mysuru district,46624
karnataka,2020,2,district,belagavi district,45675
karnataka,2020,2,district,bengaluru rural district,30698
karnataka,2020,2,district,shivamogga district,19322
karnataka,2020,2,district,kolar district,17577
karnataka,2020,2,district,tumakuru district,17523
karnataka,2020,2,district,dakshina kannada district,16384
karnataka,2020,2,district,davanagere district,15982
karnataka,2020,3,district,bengaluru urban district,851361
karnataka,2020,3,district,mysuru district,55460
karnataka,2020,3,district,dharwad district,53660
karnataka,2020,3,district,belagavi district,52115
karnataka,2020,3,district,bengaluru rural district,37151
karnataka,2020,3,district,kolar district,23043
karnataka,2020,3,district,tumakuru district,22613
karnataka,2020,3,district,shivamogga district,22280
karnataka,2020,3,district,davanagere district,20634
karnataka,2020,3,district,dakshina kannada district,19401
karnataka,2020,4,district,bengaluru urban district,943722
karnataka,2020,4,district,mysuru district,63126
karnataka,2020,4,district,belagavi district,60920
karnataka,2020,4,district,dharwad district,59864
karnataka,2020,4,district,bengaluru rural district,42289
karnataka,2020,4,district,tumakuru district,30341
karnataka,2020,4,district,kolar district,27655
karnataka,2020,4,district,davanagere district,25275
karnataka,2020,4,district,shivamogga district,25202
karnataka,2020,4,district,dakshina kannada district,22640
karnataka,2021,1,district,bengaluru urban district,1009268
karnataka,2021,1,district,belagavi district,70617
karnataka,2021,1,district,mysuru district,68290
karnataka,2021,1,district,dharwad district,63317
karnataka,2021,1,district,bengaluru rural district,46428
karnataka,2021,1,district,tumakuru district,35704
karnataka,2021,1,district,kolar district,30731
karnataka,2021,1,district,davanagere district,30701
karnataka,2021,1,district,shivamogga district,28117
karnataka,2021,1,district,vijayapura district,26366
karnataka,2021,2,district,bengaluru urban district,1026383
karnataka,2021,2,district,belagavi district,73642
karnataka,2021,2,district,mysuru district,69903
karnataka,2021,2,district,dharwad district,64383
karnataka,2021,2,district,bengaluru rural district,47803
karnataka,2021,2,district,tumakuru district,37625
karnataka,2021,2,district,davanagere district,32599
karnataka,2021,2,district,kolar district,31702
karnataka,2021,2,district,shivamogga district,29361
karnataka,2021,2,district,vijayapura district,28296
karnataka,2021,3,district,bengaluru urban district,1068358
karnataka,2021,3,district,belagavi district,83279
karnataka,2021,3,district,mysuru district,73228
karnataka,2021,3,district,dharwad district,68311
karnataka,2021,3,district,bengaluru rural district,51034
karnataka,2021,3,district,tumakuru district,42568
karnataka,2021,3,district,davanagere district,37622
karnataka,2021,3,district,shivamogga district,33705
karnataka,2021,3,district,kolar district,33683
karnataka,2021,3,district,vijayapura district,32656
karnataka,2021,4,district,bengaluru urban district,1104247
karnataka,2021,4,district,belagavi district,93073
karnataka,2021,4,district,mysuru district,77558
karnataka,2021,4,district,dharwad district,71391
karnataka,2021,4,district,bengaluru rural district,54686
karnataka,2021,4,district,tumakuru district,46735
karnataka,2021,4,district,davanagere district,42427
karnataka,2021,4,district,vijayapura district,37857
karnataka,2021,4,district,shivamogga district,36848
karnataka,2021,4,district,kolar district,35290
karnataka,2022,1,district,bengaluru urban district,1154596
karnataka,2022,1,district,belagavi district,101045
karnataka,2022,1,district,mysuru district,82438
karnataka,2022,1,district,dharwad district,75809
karnataka,2022,1,district,bengaluru rural district,59302
karnataka,2022,1,district,tumakuru district,50622
karnataka,2022,1,district,davanagere district,48004
karnataka,2022,1,district,vijayapura district,43136
karnataka,2022,1,district,shivamogga district,39980
karnataka,2022,1,district,kalaburagi district,38749
karnataka,2022,2,district,bengaluru urban district,1199276
karnataka,2022,2,district,belagavi district,108821
karnataka,2022,2,district,mysuru district,87960
karnataka,2022,2,district,dharwad district,78833
karnataka,2022,2,district,bengaluru rural district,63495
karnataka,2022,2,district,tumakuru district,54671
karnataka,2022,2,district,davanagere district,51338
karnataka,2022,2,district,vijayapura district,46619
karnataka,2022,2,district,shivamogga district,42758
karnataka,2022,2,district,kalaburagi district,42146
karnataka,2022,3,district,bengaluru urban district,1225436
karnataka,2022,3,district,belagavi district,115766
karnataka,2022,3,district,mysuru district,92678
karnataka,2022,3,district,dharwad district,80951
karnataka,2022,3,district,bengaluru rural district,66605
karnataka,2022,3,district,tumakuru district,59931
karnataka,2022,3,district,davanagere district,54030
karnataka,2022,3,district,vijayapura district,50478
karnataka,2022,3,district,kalaburagi district,45893
karnataka,2022,3,district,shivamogga district,45623
karnataka,2022,4,district,bengaluru urban district,1245443
karnataka,2022,4,district,belagavi district,120170
karnataka,2022,4,district,mysuru district,95494
karnataka,2022,4,district,dharwad district,83099
karnataka,2022,4,district,bengaluru rural district,69165
karnataka,2022,4,district,tumakuru district,63873
karnataka,2022,4,district,davanagere district,56420
karnataka,2022,4,district,vijayapura district,53672
karnataka,2022,4,district,kalaburagi district,48927
karnataka,2022,4,district,shivamogga district,47707
karnataka,2023,1,district,bengaluru urban district,1218693
karnataka,2023,1,district,belagavi district,120897
karnataka,2023,1,district,mysuru district,95515
karnataka,2023,1,district,dharwad district,83869
karnataka,2023,1,district,bengaluru rural district,68435
karnataka,2023,1,district,tumakuru district,66228
karnataka,2023,1,district,davanagere district,57416
karnataka,2023,1,district,vijayapura district,55870
karnataka,2023,1,district,kalaburagi district,50505
karnataka,2023,1,district,shivamogga district,48721
karnataka,2023,2,district,bengaluru urban district,1233922
karnataka,2023,2,district,belagavi district,121933
karnataka,2023,2,district,mysuru district,96964
karnataka,2023,2,district,dharwad district,85402
karnataka,2023,2,district,bengaluru rural district,69598
karnataka,2023,2,district,tumakuru district,67737
karnataka,2023,2,district,davanagere district,58221
karnataka,2023,2,district,vijayapura district,57085
karnataka,2023,2,district,kalaburagi district,51855
karnataka,2023,2,district,shivamogga district,49952
karnataka,2023,3,district,bengaluru urban district,1259388
karnataka,2023,3,district,belagavi district,124338
karnataka,2023,3,district,mysuru district,98844
karnataka,2023,3,district,dharwad district,88230
karnataka,2023,3,district,bengaluru rural district,71346
karnataka,2023,3,district,tumakuru district,71157
karnataka,2023,3,district,davanagere district,59806
karnataka,2023,3,district,vijayapura district,59419
karnataka,2023,3,district,kalaburagi district,53743
karnataka,2023,3,district,shivamogga district,51590
karnataka,2023,4,district,bengaluru urban district,1281828
karnataka,2023,4,district,belagavi district,127043
karnataka,2023,4,district,mysuru district,100799
karnataka,2023,4,district,dharwad district,90845
karnataka,2023,4,district,tumakuru district,74723
karnataka,2023,4,district,bengaluru rural district,73267
karnataka,2023,4,district,davanagere district,62532
karnataka,2023,4,district,vijayapura district,61850
karnataka,2023,4,district,kalaburagi district,56654
karnataka,2023,4,district,shivamogga district,53985
karnataka,2024,1,district,bengaluru urban district,1312454
karnataka,2024,1,district,belagavi district,130406
karnataka,2024,1,district,mysuru district,104233
karnataka,2024,1,district,dharwad district,93772
karnataka,2024,1,district,tumakuru district,77918
karnataka,2024,1,district,bengaluru rural district,75927
karnataka,2024,1,district,davanagere district,66316
karnataka,2024,1,district,vijayapura district,64648
karnataka,2024,1,district,kalaburagi district,60057
karnataka,2024,1,district,shivamogga district,56991
karnataka,2024,2,district,bengaluru urban district,1338729
karnataka,2024,2,district,belagavi district,132885
karnataka,2024,2,district,mysuru district,107773
karnataka,2024,2,district,dharwad district,95501
karnataka,2024,2,district,tumakuru district,80667
karnataka,2024,2,district,bengaluru rural district,78178
karnataka,2024,2,district,davanagere district,69631
karnataka,2024,2,district,vijayapura district,66205
karnataka,2024,2,district,kalaburagi district,63454
karnataka,2024,2,district,shivamogga district,59194
karnataka,2024,3,district,bengaluru urban district,1366069
karnataka,2024,3,district,belagavi district,135190
karnataka,2024,3,district,mysuru district,111890
karnataka,2024,3,district,dharwad district,97587
karnataka,2024,3,district,tumakuru district,83757
karnataka,2024,3,district,bengaluru rural district,80182
karnataka,2024,3,district,davanagere district,73073
karnataka,2024,3,district,vijayapura district,67958
karnataka,2024,3,district,kalaburagi district,66815
karnataka,2024,3,district,shivamogga district,62064
karnataka,2024,4,district,bengaluru urban district,1389416
karnataka,2024,4,district,belagavi district,137604
karnataka,2024,4,district,mysuru district,115377
karnataka,2024,4,district,dharwad district,99407
karnataka,2024,4,district,tumakuru district,85822
karnataka,2024,4,district,bengaluru rural district,81978
karnataka,2024,4,district,davanagere district,76036
karnataka,2024,4,district,vijayapura district,69728
karnataka,2024,4,district,kalaburagi district,69362
karnataka,2024,4,district,shivamogga district,64924
karnataka,2025,1,district,bengaluru urban district,1411748
karnataka,2025,1,district,belagavi district,139940
karnataka,2025,1,district,mysuru district,118475
karnataka,2025,1,district,dharwad district,101189
karnataka,2025,1,district,tumakuru district,87614
karnataka,2025,1,district,bengaluru rural district,83813
karnataka,2025,1,district,davanagere district,78576
karnataka,2025,1,district,kalaburagi district,72034
karnataka,2025,1,district,vijayapura district,71330
karnataka,2025,1,district,shivamogga district,67551
karnataka,2025,2,district,bengaluru urban district,1432918
karnataka,2025,2,district,belagavi district,142101
karnataka,2025,2,district,mysuru district,121167
karnataka,2025,2,district,dharwad district,102790
karnataka,2025,2,district,tumakuru district,89419
karnataka,2025,2,district,bengaluru rural district,85025
karnataka,2025,2,district,davanagere district,81155
karnataka,2025,2,district,kalaburagi district,74366
karnataka,2025,2,district,vijayapura district,72697
karnataka,2025,2,district,shivamogga district,69755
karnataka,2025,3,district,bengaluru urban district,1455065
karnataka,2025,3,district,belagavi district,144364
karnataka,2025,3,district,mysuru district,123755
karnataka,2025,3,district,dharwad district,104391
karnataka,2025,3,district,tumakuru district,90828
karnataka,2025,3,district,bengaluru rural district,86193
karnataka,2025,3,district,davanagere district,83853
karnataka,2025,3,district,kalaburagi district,76910
karnataka,2025,3,district,vijayapura district,74198
karnataka,2025,3,district,shivamogga district,71454
karnataka,2025,4,district,bengaluru urban district,1479494
karnataka,2025,4,district,belagavi district,147420
karnataka,2025,4,district,mysuru district,126885
karnataka,2025,4,district,dharwad district,106204
karnataka,2025,4,district,tumakuru district,92725
karnataka,2025,4,district,bengaluru rural district,88041
karnataka,2025,4,district,davanagere district,87301
karnataka,2025,4,district,kalaburagi district,80096
karnataka,2025,4,district,vijayapura district,76655
karnataka,2025,4,district,shivamogga district,73345
karnataka,2026,1,district,bengaluru urban district,1498110
karnataka,2026,1,district,belagavi district,149977
karnataka,2026,1,district,mysuru district,129639
karnataka,2026,1,district,dharwad district,108056
karnataka,2026,1,district,tumakuru district,94133
karnataka,2026,1,district,bengaluru rural district,89514
karnataka,2026,1,district,davanagere district,88934
karnataka,2026,1,district,kalaburagi district,82057
karnataka,2026,1,district,vijayapura district,78728
karnataka,2026,1,district,shivamogga district,75235
karnataka,2026,2,district,bengaluru urban district,1517644
karnataka,2026,2,district,belagavi district,153187
karnataka,2026,2,district,mysuru district,133130
karnataka,2026,2,district,dharwad district,110356
karnataka,2026,2,district,tumakuru district,96101
karnataka,2026,2,district,bengaluru rural district,91224
karnataka,2026,2,district,davanagere district,90750
karnataka,2026,2,district,kalaburagi district,84694
karnataka,2026,2,district,vijayapura district,80472
karnataka,2026,2,district,shivamogga district,76982
kerala,2018,1,district,kannur district,1
kerala,2018,1,district,malappuram district,1
kerala,2018,1,district,kasargod district,1
kerala,2018,2,district,kannur district,2
kerala,2018,2,district,wayanad district,1
kerala,2018,2,district,malappuram district,1
kerala,2018,2,district,kozhikode district,1
kerala,2018,2,district,thrissur district,1
kerala,2018,2,district,kasargod district,1
kerala,2018,2,district,ernakulam district,1
kerala,2018,3,district,kozhikode district,26
kerala,2018,3,district,ernakulam district,21
kerala,2018,3,district,kannur district,14
kerala,2018,3,district,malappuram district,11
kerala,2018,3,district,alappuzha district,8
kerala,2018,3,district,kasargod district,5
kerala,2018,3,district,wayanad district,4
kerala,2018,3,district,thiruvananthapuram district,3
kerala,2018,3,district,kottayam district,2
kerala,2018,3,district,thrissur district,1
kerala,2018,3,district,idukki district,1
kerala,2018,3,district,pathanamthitta district,1
kerala,2018,4,district,kozhikode district,36
kerala,2018,4,district,ernakulam district,32
kerala,2018,4,district,malappuram district,21
kerala,2018,4,district,kannur district,19
kerala,2018,4,district,alappuzha district,19
kerala,2018,4,district,kasargod district,13
kerala,2018,4,district,wayanad district,9
kerala,2018,4,district,pathanamthitta district,8
kerala,2018,4,district,thiruvananthapuram district,7
kerala,2018,4,district,thrissur district,3
kerala,2019,1,district,ernakulam district,3321
kerala,2019,1,district,thiruvananthapuram district,1163
kerala,2019,1,district,kozhikode district,680
kerala,2019,1,district,thrissur district,394
kerala,2019,1,district,alappuzha district,380
kerala,2019,1,district,kannur district,214
kerala,2019,1,district,kollam district,207
kerala,2019,1,district,palakkad district,201
kerala,2019,1,district,malappuram district,147
kerala,2019,1,district,kasargod district,55
kerala,2019,2,district,ernakulam district,12969
kerala,2019,2,district,thiruvananthapuram district,5622
kerala,2019,2,district,kozhikode district,4033
kerala,2019,2,district,alappuzha district,3347
kerala,2019,2,district,thrissur district,2739
kerala,2019,2,district,kollam district,2348
kerala,2019,2,district,kannur district,1477
kerala,2019,2,district,idukki district,879
kerala,2019,2,district,palakkad district,735
kerala,2019,2,district,wayanad district,698
kerala,2019,3,district,ernakulam district,19257
kerala,2019,3,district,thiruvananthapuram district,9138
kerala,2019,3,district,kozhikode district,6210
kerala,2019,3,district,alappuzha district,4903
kerala,2019,3,district,thrissur district,4249
kerala,2019,3,district,kollam district,4003
kerala,2019,3,district,kannur district,2128
kerala,2019,3,district,idukki district,1180
kerala,2019,3,district,palakkad district,1070
kerala,2019,3,district,malappuram district,1039
kerala,2019,4,district,ernakulam district,24017
kerala,2019,4,district,thiruvananthapuram district,12258
kerala,2019,4,district,kozhikode district,7453
kerala,2019,4,district,alappuzha district,5822
kerala,2019,4,district,kollam district,4995
kerala,2019,4,district,thrissur district,4919
kerala,2019,4,district,kannur district,2710
kerala,2019,4,district,palakkad district,1478
kerala,2019,4,district,malappuram district,1461
kerala,2019,4,district,idukki district,1417
kerala,2020,1,district,ernakulam district,30080
kerala,2020,1,district,thiruvananthapuram district,14739
kerala,2020,1,district,kozhikode district,8549
kerala,2020,1,district,alappuzha district,6444
kerala,2020,1,district,kollam district,5844
kerala,2020,1,district,thrissur district,5462
kerala,2020,1,district,kannur district,3319
kerala,2020,1,district,malappuram district,1755
kerala,2020,1,district,palakkad district,1743
kerala,2020,1,district,idukki district,1703
kerala,2020,2,district,ernakulam district,33620
kerala,2020,2,district,thiruvananthapuram district,16292
kerala,2020,2,district,kozhikode district,9132
kerala,2020,2,district,alappuzha district,6794
kerala,2020,2,district,kollam district,6366
kerala,2020,2,district,thrissur district,5857
kerala,2020,2,district,kannur district,3580
kerala,2020,2,district,idukki district,1933
kerala,2020,2,district,palakkad district,1905
kerala,2020,2,district,malappuram district,1882
kerala,2020,3,district,ernakulam district,41539
kerala,2020,3,district,thiruvananthapuram district,19508
kerala,2020,3,district,kozhikode district,10758
kerala,2020,3,district,alappuzha district,8327
kerala,2020,3,district,thrissur district,7397
kerala,2020,3,district,kollam district,7353
kerala,2020,3,district,kannur district,4544
kerala,2020,3,district,malappuram district,3055
kerala,2020,3,district,idukki district,2672
kerala,2020,3,district,palakkad district,2429
kerala,2020,4,district,ernakulam district,47731
kerala,2020,4,district,thiruvananthapuram district,23681
kerala,2020,4,district,kozhikode district,16356
kerala,2020,4,district,malappuram district,15944
kerala,2020,4,district,alappuzha district,10501
kerala,2020,4,district,thrissur district,10004
kerala,2020,4,district,kollam district,9750
kerala,2020,4,district,kannur district,8083
kerala,2020,4,district,kottayam district,6672
kerala,2020,4,district,palakkad district,5600
kerala,2021,1,district,ernakulam district,53801
kerala,2021,1,district,malappuram district,29135
kerala,2021,1,district,thiruvananthapuram district,27025
kerala,2021,1,district,kozhikode district,23396
kerala,2021,1,district,thrissur district,15513
kerala,2021,1,district,kollam district,13712
kerala,2021,1,district,alappuzha district,13159
kerala,2021,1,district,palakkad district,13066
kerala,2021,1,district,kannur district,11751
kerala,2021,1,district,kottayam district,11111
kerala,2021,2,district,ernakulam district,56156
kerala,2021,2,district,malappuram district,34069
kerala,2021,2,district,thiruvananthapuram district,28757
kerala,2021,2,district,kozhikode district,25640
kerala,2021,2,district,thrissur district,17218
kerala,2021,2,district,palakkad district,15800
kerala,2021,2,district,kollam district,15175
kerala,2021,2,district,alappuzha district,14111
kerala,2021,2,district,kannur district,13339
kerala,2021,2,district,kottayam district,12442
kerala,2021,3,district,ernakulam district,64867
kerala,2021,3,district,malappuram district,48162
kerala,2021,3,district,thiruvananthapuram district,33315
kerala,2021,3,district,kozhikode district,31238
kerala,2021,3,district,thrissur district,25839
kerala,2021,3,district,palakkad district,25812
kerala,2021,3,district,kollam district,21243
kerala,2021,3,district,alappuzha district,19142
kerala,2021,3,district,kannur district,18191
kerala,2021,3,district,kottayam district,17781
kerala,2021,4,district,ernakulam district,75075
kerala,2021,4,district,malappuram district,71894
kerala,2021,4,district,palakkad district,43579
kerala,2021,4,district,thrissur district,41759
kerala,2021,4,district,kozhikode district,41216
kerala,2021,4,district,thiruvananthapuram district,39696
kerala,2021,4,district,kollam district,29879
kerala,2021,4,district,kannur district,26836
kerala,2021,4,district,alappuzha district,25838
kerala,2021,4,district,kottayam district,25284
kerala,2022,1,district,malappuram district,89262
kerala,2022,1,district,ernakulam district,84653
kerala,2022,1,district,thrissur district,53536
kerala,2022,1,district,palakkad district,51671
kerala,2022,1,district,kozhikode district,49935
kerala,2022,1,district,thiruvananthapuram district,46071
kerala,2022,1,district,kollam district,35474
kerala,2022,1,district,kannur district,33913
kerala,2022,1,district,alappuzha district,31453
kerala,2022,1,district,kottayam district,29083
kerala,2022,2,district,malappuram district,97913
kerala,2022,2,district,ernakulam district,90935
kerala,2022,2,district,thrissur district,60243
kerala,2022,2,district,kozhikode district,56008
kerala,2022,2,district,palakkad district,55246
kerala,2022,2,district,thiruvananthapuram district,52761
kerala,2022,2,district,kollam district,39448
kerala,2022,2,district,kannur district,37709
kerala,2022,2,district,alappuzha district,34491
kerala,2022,2,district,kottayam district,32020
kerala,2022,3,district,malappuram district,105480
kerala,2022,3,district,ernakulam district,96763
kerala,2022,3,district,thrissur district,66172
kerala,2022,3,district,kozhikode district,61373
kerala,2022,3,district,thiruvananthapuram district,59394
kerala,2022,3,district,palakkad district,58029
kerala,2022,3,district,kollam district,42199
kerala,2022,3,district,kannur district,41334
kerala,2022,3,district,alappuzha district,36688
kerala,2022,3,district,kottayam district,33802
kerala,2022,4,district,malappuram district,112378
kerala,2022,4,district,ernakulam district,100897
kerala,2022,4,district,thrissur district,71061
kerala,2022,4,district,kozhikode district,64445
kerala,2022,4,district,thiruvananthapuram district,63256
kerala,2022,4,district,palakkad district,60742
kerala,2022,4,district,kannur district,45542
kerala,2022,4,district,kollam district,44835
kerala,2022,4,district,alappuzha district,38865
kerala,2022,4,district,kottayam district,35690
kerala,2023,1,district,malappuram district,116779
kerala,2023,1,district,ernakulam district,102049
kerala,2023,1,district,thrissur district,74152
kerala,2023,1,district,kozhikode district,65888
kerala,2023,1,district,thiruvananthapuram district,65252
kerala,2023,1,district,palakkad district,61975
kerala,2023,1,district,kannur district,47342
kerala,2023,1,district,kollam district,46691
kerala,2023,1,district,alappuzha district,40058
kerala,2023,1,district,kottayam district,36643
kerala,2023,2,district,malappuram district,118781
kerala,2023,2,district,ernakulam district,103709
kerala,2023,2,district,thrissur district,75492
kerala,2023,2,district,thiruvananthapuram district,67292
kerala,2023,2,district,kozhikode district,66963
kerala,2023,2,district,palakkad district,62775
kerala,2023,2,district,kannur district,48166
kerala,2023,2,district,kollam district,47575
kerala,2023,2,district,alappuzha district,40972
kerala,2023,2,district,kottayam district,37025
kerala,2023,3,district,malappuram district,122892
kerala,2023,3,district,ernakulam district,106628
kerala,2023,3,district,thrissur district,78057
kerala,2023,3,district,thiruvananthapuram district,71203
kerala,2023,3,district,kozhikode district,69106
kerala,2023,3,district,palakkad district,64404
kerala,2023,3,district,kollam district,49266
kerala,2023,3,district,kannur district,49170
kerala,2023,3,district,alappuzha district,42546
kerala,2023,3,district,kottayam district,38271
kerala,2023,4,district,malappuram district,127548
kerala,2023,4,district,ernakulam district,109557
kerala,2023,4,district,thrissur district,80466
kerala,2023,4,district,thiruvananthapuram district,74825
kerala,2023,4,district,kozhikode district,71943
kerala,2023,4,district,palakkad district,66302
kerala,2023,4,district,kollam district,51057
kerala,2023,4,district,kannur district,50377
kerala,2023,4,district,alappuzha district,44592
kerala,2023,4,district,kottayam district,39787
kerala,2024,1,district,malappuram district,132533
kerala,2024,1,district,ernakulam district,113232
kerala,2024,1,district,thrissur district,82620
kerala,2024,1,district,thiruvananthapuram district,78754
kerala,2024,1,district,kozhikode district,75461
kerala,2024,1,district,palakkad district,68437
kerala,2024,1,district,kollam district,52983
kerala,2024,1,district,kannur district,51672
kerala,2024,1,district,alappuzha district,46733
kerala,2024,1,district,kottayam district,40906
kerala,2024,2,district,malappuram district,136568
kerala,2024,2,district,ernakulam district,116831
kerala,2024,2,district,thrissur district,84594
kerala,2024,2,district,thiruvananthapuram district,82329
kerala,2024,2,district,kozhikode district,78466
kerala,2024,2,district,palakkad district,70466
kerala,2024,2,district,kollam district,55281
kerala,2024,2,district,kannur district,53506
kerala,2024,2,district,alappuzha district,48907
kerala,2024,2,district,kottayam district,41980
kerala,2024,3,district,malappuram district,140777
kerala,2024,3,district,ernakulam district,120557
kerala,2024,3,district,thrissur district,87332
kerala,2024,3,district,thiruvananthapuram district,85809
kerala,2024,3,district,kozhikode district,81642
kerala,2024,3,district,palakkad district,72552
kerala,2024,3,district,kollam district,57976
kerala,2024,3,district,kannur district,55551
kerala,2024,3,district,alappuzha district,51338
kerala,2024,3,district,kottayam district,43615
kerala,2024,4,district,malappuram district,144241
kerala,2024,4,district,ernakulam district,124504
kerala,2024,4,district,thrissur district,89988
kerala,2024,4,district,thiruvananthapuram district,88725
kerala,2024,4,district,kozhikode district,84549
kerala,2024,4,district,palakkad district,75090
kerala,2024,4,district,kollam district,60873
kerala,2024,4,district,kannur district,57867
kerala,2024,4,district,alappuzha district,53962
kerala,2024,4,district,kottayam district,45430
kerala,2025,1,district,malappuram district,147375
kerala,2025,1,district,ernakulam district,128329
kerala,2025,1,district,thrissur district,92289
kerala,2025,1,district,thiruvananthapuram district,91867
kerala,2025,1,district,kozhikode district,87642
kerala,2025,1,district,palakkad district,77558
kerala,2025,1,district,kollam district,63375
kerala,2025,1,district,kannur district,59386
kerala,2025,1,district,alappuzha district,56337
kerala,2025,1,district,kottayam district,46839
kerala,2025,2,district,malappuram district,150835
kerala,2025,2,district,ernakulam district,131660
kerala,2025,2,district,thrissur district,94630
kerala,2025,2,district,thiruvananthapuram district,94541
kerala,2025,2,district,kozhikode district,90163
kerala,2025,2,district,palakkad district,79989
kerala,2025,2,district,kollam district,65508
kerala,2025,2,district,kannur district,60714
kerala,2025,2,district,alappuzha district,58621
kerala,2025,2,district,kottayam district,47851
kerala,2025,3,district,malappuram district,154976
kerala,2025,3,district,ernakulam district,134409
kerala,2025,3,district,thrissur district,97530
kerala,2025,3,district,thiruvananthapuram district,96835
kerala,2025,3,district,kozhikode district,92245
kerala,2025,3,district,palakkad district,82480
kerala,2025,3,district,kollam district,67479
kerala,2025,3,district,kannur district,61865
kerala,2025,3,district,alappuzha district,60876
kerala,2025,3,district,kottayam district,48926
kerala,2025,4,district,malappuram district,159604
kerala,2025,4,district,ernakulam district,138020
kerala,2025,4,district,thrissur district,100248
kerala,2025,4,district,thiruvananthapuram district,99128
kerala,2025,4,district,kozhikode district,94540
kerala,2025,4,district,palakkad district,85058
kerala,2025,4,district,kollam district,69569
kerala,2025,4,district,alappuzha district,63751
kerala,2025,4,district,kannur district,63576
kerala,2025,4,district,kottayam district,50255
kerala,2026,1,district,malappuram district,162379
kerala,2026,1,district,ernakulam district,140790
kerala,2026,1,district,thrissur district,101639
kerala,2026,1,district,thiruvananthapuram district,100715
kerala,2026,1,district,kozhikode district,95963
kerala,2026,1,district,palakkad district,86559
kerala,2026,1,district,kollam district,70897
kerala,2026,1,district,alappuzha district,66125
kerala,2026,1,district,kannur district,64766
kerala,2026,1,district,kottayam district,51336
kerala,2026,2,district,malappuram district,164619
kerala,2026,2,district,ernakulam district,143949
kerala,2026,2,district,thiruvananthapuram district,103214
kerala,2026,2,district,thrissur district,102993
kerala,2026,2,district,kozhikode district,97156
kerala,2026,2,district,palakkad district,87983
kerala,2026,2,district,kollam district,72421
kerala,2026,2,district,alappuzha district,68176
kerala,2026,2,district,kannur district,66381
kerala,2026,2,district,kottayam district,52611
ladakh,2018,4,district,leh ladakh district,2
ladakh,2018,4,district,kargil district,1
ladakh,2019,1,district,leh ladakh district,10
ladakh,2019,1,district,kargil district,2
ladakh,2019,2,district,leh ladakh district,23
ladakh,2019,2,district,kargil district,7
ladakh,2019,3,district,leh ladakh district,34
ladakh,2019,3,district,kargil district,13
ladakh,2019,4,district,leh ladakh district,47
ladakh,2019,4,district,kargil district,17
ladakh,2020,1,district,leh ladakh district,54
ladakh,2020,1,district,kargil district,17
ladakh,2020,2,district,leh ladakh district,61
ladakh,2020,2,district,kargil district,18
ladakh,2020,3,district,leh ladakh district,67
ladakh,2020,3,district,kargil district,22
ladakh,2020,4,district,leh ladakh district,81
ladakh,2020,4,district,kargil district,28
ladakh,2021,1,district,leh ladakh district,218
ladakh,2021,1,district,kargil district,39
ladakh,2021,2,district,leh ladakh district,455
ladakh,2021,2,district,kargil district,49
ladakh,2021,3,district,leh ladakh district,503
ladakh,2021,3,district,kargil district,58
ladakh,2021,4,district,leh ladakh district,544
ladakh,2021,4,district,kargil district,68
ladakh,2022,1,district,leh ladakh district,599
ladakh,2022,1,district,kargil district,84
ladakh,2022,2,district,leh ladakh district,689
ladakh,2022,2,district,kargil district,96
ladakh,2022,3,district,leh ladakh district,744
ladakh,2022,3,district,kargil district,112
ladakh,2022,4,district,leh ladakh district,777
ladakh,2022,4,district,kargil district,114
ladakh,2023,1,district,leh ladakh district,786
ladakh,2023,1,district,kargil district,113
ladakh,2023,2,district,leh ladakh district,807
ladakh,2023,2,district,kargil district,115
ladakh,2023,3,district,leh ladakh district,857
ladakh,2023,3,district,kargil district,115
ladakh,2023,4,district,leh ladakh district,912
ladakh,2023,4,district,kargil district,126
ladakh,2024,1,district,leh ladakh district,963
ladakh,2024,1,district,kargil district,128
ladakh,2024,2,district,leh ladakh district,1148
ladakh,2024,2,district,kargil district,492
ladakh,2024,3,district,leh ladakh district,1439
ladakh,2024,3,district,kargil district,621
ladakh,2024,4,district,leh ladakh district,1537
ladakh,2024,4,district,kargil district,826
ladakh,2025,1,district,leh ladakh district,1570
ladakh,2025,1,district,kargil district,884
ladakh,2025,2,district,leh ladakh district,1577
ladakh,2025,2,district,kargil district,902
ladakh,2025,3,district,leh ladakh district,1593
ladakh,2025,3,district,kargil district,937
ladakh,2025,4,district,leh ladakh district,1609
ladakh,2025,4,district,kargil district,1015
ladakh,2026,1,district,leh ladakh district,1610
ladakh,2026,1,district,kargil district,1029
ladakh,2026,2,district,leh ladakh district,1629
ladakh,2026,2,district,kargil district,1047
lakshadweep,2019,3,district,lakshadweep district,1
lakshadweep,2019,4,district,lakshadweep district,1
lakshadweep,2020,1,district,lakshadweep district,2
lakshadweep,2020,2,district,lakshadweep district,3
lakshadweep,2020,3,district,lakshadweep district,4
lakshadweep,2020,4,district,lakshadweep district,7
lakshadweep,2021,1,district,lakshadweep district,10
lakshadweep,2021,2,district,lakshadweep district,12
lakshadweep,2021,3,district,lakshadweep district,16
lakshadweep,2021,4,district,lakshadweep district,19
lakshadweep,2022,1,district,lakshadweep district,23
lakshadweep,2022,2,district,lakshadweep district,27
lakshadweep,2022,3,district,lakshadweep district,31
lakshadweep,2022,4,district,lakshadweep district,34
lakshadweep,2023,1,district,lakshadweep district,34
lakshadweep,2023,2,district,lakshadweep district,34
lakshadweep,2023,3,district,lakshadweep district,34
lakshadweep,2023,4,district,lakshadweep district,36
lakshadweep,2024,1,district,lakshadweep district,56
lakshadweep,2024,2,district,lakshadweep district,121
lakshadweep,2024,3,district,lakshadweep district,183
lakshadweep,2024,4,district,lakshadweep district,226
lakshadweep,2025,1,district,lakshadweep district,271
lakshadweep,2025,2,district,lakshadweep district,305
lakshadweep,2025,3,district,lakshadweep district,330
lakshadweep,2025,4,district,lakshadweep district,369
lakshadweep,2026,1,district,lakshadweep district,369
lakshadweep,2026,2,district,lakshadweep district,374
madhya-pradesh,2018,1,district,jabalpur district,2
madhya-pradesh,2018,1,district,guna district,2
madhya-pradesh,2018,1,district,indore district,2
madhya-pradesh,2018,1,district,mandsaur district,2
madhya-pradesh,2018,2,district,rewa district,4
madhya-pradesh,2018,2,district,mandsaur district,4
madhya-pradesh,2018,2,district,bhopal district,4
madhya-pradesh,2018,2,district,indore district,2
madhya-pradesh,2018,2,district,ujjain district,2
madhya-pradesh,2018,2,district,satna district,2
madhya-pradesh,2018,2,district,jabalpur district,2
madhya-pradesh,2018,2,district,guna district,2
madhya-pradesh,2018,2,district,barwani district,1
madhya-pradesh,2018,3,district,bhopal district,14
madhya-pradesh,2018,3,district,indore district,10
madhya-pradesh,2018,3,district,gwalior district,9
madhya-pradesh,2018,3,district,guna district,5
madhya-pradesh,2018,3,district,jabalpur district,4
madhya-pradesh,2018,3,district,rewa district,4
madhya-pradesh,2018,3,district,mandsaur district,4
madhya-pradesh,2018,3,district,pandhurna district,3
madhya-pradesh,2018,3,district,seoni district,2
madhya-pradesh,2018,3,district,mandla district,2
madhya-pradesh,2018,3,district,morena district,2
madhya-pradesh,2018,3,district,ujjain district,2
madhya-pradesh,2018,4,district,bhopal district,126
madhya-pradesh,2018,4,district,indore district,67
madhya-pradesh,2018,4,district,jabalpur district,40
madhya-pradesh,2018,4,district,gwalior district,32
madhya-pradesh,2018,4,district,chhindwara district,16
madhya-pradesh,2018,4,district,seoni district,15
madhya-pradesh,2018,4,district,guna district,14
madhya-pradesh,2018,4,district,rewa district,13
madhya-pradesh,2018,4,district,morena district,11
madhya-pradesh,2018,4,district,ujjain district,9
madhya-pradesh,2018,4,district,mandsaur district,9
madhya-pradesh,2018,4,district,sagar district,9
madhya-pradesh,2019,1,district,bhopal district,21932
madhya-pradesh,2019,1,district,indore district,16338
madhya-pradesh,2019,1,district,gwalior district,7122
madhya-pradesh,2019,1,district,jabalpur district,6823
madhya-pradesh,2019,1,district,ujjain district,3495
madhya-pradesh,2019,1,district,sehore district,1403
madhya-pradesh,2019,1,district,raisen district,961
madhya-pradesh,2019,1,district,dewas district,790
madhya-pradesh,2019,1,district,morena district,529
madhya-pradesh,2019,1,district,sagar district,521
madhya-pradesh,2019,2,district,bhopal district,65028
madhya-pradesh,2019,2,district,indore district,53793
madhya-pradesh,2019,2,district,jabalpur district,21825
madhya-pradesh,2019,2,district,gwalior district,14098
madhya-pradesh,2019,2,district,ujjain district,10756
madhya-pradesh,2019,2,district,sehore district,7278
madhya-pradesh,2019,2,district,dewas district,4110
madhya-pradesh,2019,2,district,vidisha district,2847
madhya-pradesh,2019,2,district,sagar district,2771
madhya-pradesh,2019,2,district,dhar district,2656
madhya-pradesh,2019,3,district,bhopal district,98552
madhya-pradesh,2019,3,district,indore district,84389
madhya-pradesh,2019,3,district,jabalpur district,32140
madhya-pradesh,2019,3,district,gwalior district,20592
madhya-pradesh,2019,3,district,ujjain district,16881
madhya-pradesh,2019,3,district,sehore district,9599
madhya-pradesh,2019,3,district,dewas district,6942
madhya-pradesh,2019,3,district,vidisha district,5460
madhya-pradesh,2019,3,district,sagar district,4713
madhya-pradesh,2019,3,district,shajapur district,3979
madhya-pradesh,2019,4,district,bhopal district,117820
madhya-pradesh,2019,4,district,indore district,102898
madhya-pradesh,2019,4,district,jabalpur district,40359
madhya-pradesh,2019,4,district,gwalior district,24617
madhya-pradesh,2019,4,district,ujjain district,20980
madhya-pradesh,2019,4,district,sehore district,11124
madhya-pradesh,2019,4,district,dewas district,9126
madhya-pradesh,2019,4,district,vidisha district,6457
madhya-pradesh,2019,4,district,sagar district,5720
madhya-pradesh,2019,4,district,dhar district,5263
madhya-pradesh,2020,1,district,bhopal district,134342
madhya-pradesh,2020,1,district,indore district,120041
madhya-pradesh,2020,1,district,jabalpur district,46870
madhya-pradesh,2020,1,district,gwalior district,28270
madhya-pradesh,2020,1,district,ujjain district,24397
madhya-pradesh,2020,1,district,sehore district,12438
madhya-pradesh,2020,1,district,dewas district,10775
madhya-pradesh,2020,1,district,vidisha district,7316
madhya-pradesh,2020,1,district,sagar district,6762
madhya-pradesh,2020,1,district,dhar district,6498
madhya-pradesh,2020,2,district,bhopal district,142600
madhya-pradesh,2020,2,district,indore district,125739
madhya-pradesh,2020,2,district,jabalpur district,50288
madhya-pradesh,2020,2,district,gwalior district,30382
madhya-pradesh,2020,2,district,ujjain district,26123
madhya-pradesh,2020,2,district,sehore district,13619
madhya-pradesh,2020,2,district,dewas district,11612
madhya-pradesh,2020,2,district,vidisha district,7835
madhya-pradesh,2020,2,district,sagar district,7599
madhya-pradesh,2020,2,district,dhar district,7106
madhya-pradesh,2020,3,district,bhopal district,160220
madhya-pradesh,2020,3,district,indore district,145194
madhya-pradesh,2020,3,district,jabalpur district,58617
madhya-pradesh,2020,3,district,gwalior district,36383
madhya-pradesh,2020,3,district,ujjain district,33543
madhya-pradesh,2020,3,district,sehore district,16871
madhya-pradesh,2020,3,district,dewas district,15081
madhya-pradesh,2020,3,district,vidisha district,10970
madhya-pradesh,2020,3,district,sagar district,10004
madhya-pradesh,2020,3,district,dhar district,9974
madhya-pradesh,2020,4,district,bhopal district,177093
madhya-pradesh,2020,4,district,indore district,164710
madhya-pradesh,2020,4,district,jabalpur district,66280
madhya-pradesh,2020,4,district,gwalior district,44678
madhya-pradesh,2020,4,district,ujjain district,40120
madhya-pradesh,2020,4,district,sehore district,20265
madhya-pradesh,2020,4,district,dewas district,18654
madhya-pradesh,2020,4,district,dhar district,16375
madhya-pradesh,2020,4,district,sagar district,15414
madhya-pradesh,2020,4,district,vidisha district,15259
madhya-pradesh,2021,1,district,bhopal district,190769
madhya-pradesh,2021,1,district,indore district,181093
madhya-pradesh,2021,1,district,jabalpur district,73363
madhya-pradesh,2021,1,district,gwalior district,52496
madhya-pradesh,2021,1,district,ujjain district,46937
madhya-pradesh,2021,1,district,sehore district,23976
madhya-pradesh,2021,1,district,dhar district,23258
madhya-pradesh,2021,1,district,dewas district,22801
madhya-pradesh,2021,1,district,sagar district,21812
madhya-pradesh,2021,1,district,vidisha district,18601
madhya-pradesh,2021,2,district,bhopal district,196941
madhya-pradesh,2021,2,district,indore district,185959
madhya-pradesh,2021,2,district,jabalpur district,75702
madhya-pradesh,2021,2,district,gwalior district,56302
madhya-pradesh,2021,2,district,ujjain district,49244
madhya-pradesh,2021,2,district,sagar district,26760
madhya-pradesh,2021,2,district,sehore district,25875
madhya-pradesh,2021,2,district,dhar district,25379
madhya-pradesh,2021,2,district,dewas district,24348
madhya-pradesh,2021,2,district,vidisha district,20045
madhya-pradesh,2021,3,district,bhopal district,213328
madhya-pradesh,2021,3,district,indore district,202127
madhya-pradesh,2021,3,district,jabalpur district,80352
madhya-pradesh,2021,3,district,gwalior district,61590
madhya-pradesh,2021,3,district,ujjain district,54510
madhya-pradesh,2021,3,district,sagar district,32869
madhya-pradesh,2021,3,district,dhar district,30406
madhya-pradesh,2021,3,district,sehore district,30064
madhya-pradesh,2021,3,district,dewas district,28683
madhya-pradesh,2021,3,district,vidisha district,24127
madhya-pradesh,2021,4,district,bhopal district,230430
madhya-pradesh,2021,4,district,indore district,218098
madhya-pradesh,2021,4,district,jabalpur district,86092
madhya-pradesh,2021,4,district,gwalior district,66769
madhya-pradesh,2021,4,district,ujjain district,60168
madhya-pradesh,2021,4,district,sagar district,36538
madhya-pradesh,2021,4,district,dhar district,36089
madhya-pradesh,2021,4,district,sehore district,34736
madhya-pradesh,2021,4,district,dewas district,32633
madhya-pradesh,2021,4,district,rewa district,30647
madhya-pradesh,2022,1,district,bhopal district,243243
madhya-pradesh,2022,1,district,indore district,231667
madhya-pradesh,2022,1,district,jabalpur district,90766
madhya-pradesh,2022,1,district,gwalior district,72811
madhya-pradesh,2022,1,district,ujjain district,64451
madhya-pradesh,2022,1,district,sagar district,41592
madhya-pradesh,2022,1,district,dhar district,40213
madhya-pradesh,2022,1,district,sehore district,38530
madhya-pradesh,2022,1,district,dewas district,35800
madhya-pradesh,2022,1,district,rewa district,35115
madhya-pradesh,2022,2,district,bhopal district,253065
madhya-pradesh,2022,2,district,indore district,243400
madhya-pradesh,2022,2,district,jabalpur district,94966
madhya-pradesh,2022,2,district,gwalior district,77942
madhya-pradesh,2022,2,district,ujjain district,68726
madhya-pradesh,2022,2,district,sagar district,45235
madhya-pradesh,2022,2,district,dhar district,42341
madhya-pradesh,2022,2,district,sehore district,39944
madhya-pradesh,2022,2,district,rewa district,37979
madhya-pradesh,2022,2,district,vidisha district,37826
madhya-pradesh,2022,3,district,bhopal district,262405
madhya-pradesh,2022,3,district,indore district,252960
madhya-pradesh,2022,3,district,jabalpur district,99281
madhya-pradesh,2022,3,district,gwalior district,83267
madhya-pradesh,2022,3,district,ujjain district,72810
madhya-pradesh,2022,3,district,sagar district,48833
madhya-pradesh,2022,3,district,dhar district,44490
madhya-pradesh,2022,3,district,sehore district,41732
madhya-pradesh,2022,3,district,vidisha district,40933
madhya-pradesh,2022,3,district,rewa district,40905
madhya-pradesh,2022,4,district,bhopal district,270577
madhya-pradesh,2022,4,district,indore district,261186
madhya-pradesh,2022,4,district,jabalpur district,102837
madhya-pradesh,2022,4,district,gwalior district,87575
madhya-pradesh,2022,4,district,ujjain district,76621
madhya-pradesh,2022,4,district,sagar district,51931
madhya-pradesh,2022,4,district,dhar district,46765
madhya-pradesh,2022,4,district,rewa district,44283
madhya-pradesh,2022,4,district,vidisha district,44133
madhya-pradesh,2022,4,district,sehore district,44067
madhya-pradesh,2023,1,district,bhopal district,267820
madhya-pradesh,2023,1,district,indore district,259848
madhya-pradesh,2023,1,district,jabalpur district,100829
madhya-pradesh,2023,1,district,gwalior district,87606
madhya-pradesh,2023,1,district,ujjain district,77677
madhya-pradesh,2023,1,district,sagar district,52658
madhya-pradesh,2023,1,district,dhar district,47966
madhya-pradesh,2023,1,district,vidisha district,45587
madhya-pradesh,2023,1,district,rewa district,45562
madhya-pradesh,2023,1,district,sehore district,45349
madhya-pradesh,2023,2,district,bhopal district,274621
madhya-pradesh,2023,2,district,indore district,265650
madhya-pradesh,2023,2,district,jabalpur district,102952
madhya-pradesh,2023,2,district,gwalior district,89473
madhya-pradesh,2023,2,district,ujjain district,79478
madhya-pradesh,2023,2,district,sagar district,54788
madhya-pradesh,2023,2,district,dhar district,48998
madhya-pradesh,2023,2,district,vidisha district,48514
madhya-pradesh,2023,2,district,rewa district,47078
madhya-pradesh,2023,2,district,sehore district,46970
madhya-pradesh,2023,3,district,bhopal district,280315
madhya-pradesh,2023,3,district,indore district,271486
madhya-pradesh,2023,3,district,jabalpur district,105584
madhya-pradesh,2023,3,district,gwalior district,91892
madhya-pradesh,2023,3,district,ujjain district,82310
madhya-pradesh,2023,3,district,sagar district,57409
madhya-pradesh,2023,3,district,vidisha district,50938
madhya-pradesh,2023,3,district,dhar district,50526
madhya-pradesh,2023,3,district,sehore district,49585
madhya-pradesh,2023,3,district,rewa district,49267
madhya-pradesh,2023,4,district,bhopal district,285827
madhya-pradesh,2023,4,district,indore district,277759
madhya-pradesh,2023,4,district,jabalpur district,108989
madhya-pradesh,2023,4,district,gwalior district,94291
madhya-pradesh,2023,4,district,ujjain district,86437
madhya-pradesh,2023,4,district,sagar district,59916
madhya-pradesh,2023,4,district,vidisha district,53275
madhya-pradesh,2023,4,district,dhar district,51962
madhya-pradesh,2023,4,district,sehore district,51386
madhya-pradesh,2023,4,district,rewa district,50871
madhya-pradesh,2024,1,district,bhopal district,294725
madhya-pradesh,2024,1,district,indore district,291376
madhya-pradesh,2024,1,district,jabalpur district,113776
madhya-pradesh,2024,1,district,gwalior district,100182
madhya-pradesh,2024,1,district,ujjain district,92792
madhya-pradesh,2024,1,district,sagar district,62531
madhya-pradesh,2024,1,district,vidisha district,56030
madhya-pradesh,2024,1,district,dhar district,54023
madhya-pradesh,2024,1,district,sehore district,53046
madhya-pradesh,2024,1,district,rewa district,52111
madhya-pradesh,2024,2,district,bhopal district,303332
madhya-pradesh,2024,2,district,indore district,302315
madhya-pradesh,2024,2,district,jabalpur district,119132
madhya-pradesh,2024,2,district,gwalior district,104641
madhya-pradesh,2024,2,district,ujjain district,96569
madhya-pradesh,2024,2,district,sagar district,65216
madhya-pradesh,2024,2,district,vidisha district,57965
madhya-pradesh,2024,2,district,dhar district,56412
madhya-pradesh,2024,2,district,sehore district,55040
madhya-pradesh,2024,2,district,rewa district,53811
madhya-pradesh,2024,3,district,bhopal district,313874
madhya-pradesh,2024,3,district,indore district,310870
madhya-pradesh,2024,3,district,jabalpur district,123816
madhya-pradesh,2024,3,district,gwalior district,109450
madhya-pradesh,2024,3,district,ujjain district,100843
madhya-pradesh,2024,3,district,sagar district,67887
madhya-pradesh,2024,3,district,vidisha district,61448
madhya-pradesh,2024,3,district,dhar district,58554
madhya-pradesh,2024,3,district,sehore district,57481
madhya-pradesh,2024,3,district,rewa district,55415
madhya-pradesh,2024,4,district,bhopal district,323487
madhya-pradesh,2024,4,district,indore district,319234
madhya-pradesh,2024,4,district,jabalpur district,127869
madhya-pradesh,2024,4,district,gwalior district,114222
madhya-pradesh,2024,4,district,ujjain district,106126
madhya-pradesh,2024,4,district,sagar district,70581
madhya-pradesh,2024,4,district,vidisha district,64917
madhya-pradesh,2024,4,district,dhar district,60239
madhya-pradesh,2024,4,district,sehore district,59478
madhya-pradesh,2024,4,district,rajgarh district,57184
madhya-pradesh,2025,1,district,bhopal district,333143
madhya-pradesh,2025,1,district,indore district,327059
madhya-pradesh,2025,1,district,jabalpur district,131563
madhya-pradesh,2025,1,district,gwalior district,117742
madhya-pradesh,2025,1,district,ujjain district,108875
madhya-pradesh,2025,1,district,sagar district,73402
madhya-pradesh,2025,1,district,vidisha district,68373
madhya-pradesh,2025,1,district,sehore district,61710
madhya-pradesh,2025,1,district,dhar district,61539
madhya-pradesh,2025,1,district,rajgarh district,59578
madhya-pradesh,2025,2,district,bhopal district,341023
madhya-pradesh,2025,2,district,indore district,333479
madhya-pradesh,2025,2,district,jabalpur district,134824
madhya-pradesh,2025,2,district,gwalior district,120752
madhya-pradesh,2025,2,district,ujjain district,111590
madhya-pradesh,2025,2,district,sagar district,75877
madhya-pradesh,2025,2,district,vidisha district,71454
madhya-pradesh,2025,2,district,sehore district,63463
madhya-pradesh,2025,2,district,dhar district,62582
madhya-pradesh,2025,2,district,rajgarh district,60887
madhya-pradesh,2025,3,district,bhopal district,346786
madhya-pradesh,2025,3,district,indore district,339567
madhya-pradesh,2025,3,district,jabalpur district,137358
madhya-pradesh,2025,3,district,gwalior district,123587
madhya-pradesh,2025,3,district,ujjain district,114219
madhya-pradesh,2025,3,district,sagar district,78601
madhya-pradesh,2025,3,district,vidisha district,74232
madhya-pradesh,2025,3,district,sehore district,65177
madhya-pradesh,2025,3,district,dhar district,63922
madhya-pradesh,2025,3,district,rajgarh district,61982
madhya-pradesh,2025,4,district,bhopal district,353851
madhya-pradesh,2025,4,district,indore district,346158
madhya-pradesh,2025,4,district,jabalpur district,140867
madhya-pradesh,2025,4,district,gwalior district,127406
madhya-pradesh,2025,4,district,ujjain district,118085
madhya-pradesh,2025,4,district,sagar district,81660
madhya-pradesh,2025,4,district,vidisha district,77554
madhya-pradesh,2025,4,district,sehore district,67430
madhya-pradesh,2025,4,district,dhar district,66070
madhya-pradesh,2025,4,district,rewa district,64136
madhya-pradesh,2026,1,district,bhopal district,358024
madhya-pradesh,2026,1,district,indore district,351941
madhya-pradesh,2026,1,district,jabalpur district,143882
madhya-pradesh,2026,1,district,gwalior district,129660
madhya-pradesh,2026,1,district,ujjain district,119932
madhya-pradesh,2026,1,district,sagar district,83482
madhya-pradesh,2026,1,district,vidisha district,78954
madhya-pradesh,2026,1,district,sehore district,68536
madhya-pradesh,2026,1,district,dhar district,67987
madhya-pradesh,2026,1,district,rewa district,65816
madhya-pradesh,2026,2,district,bhopal district,361968
madhya-pradesh,2026,2,district,indore district,358011
madhya-pradesh,2026,2,district,jabalpur district,146620
madhya-pradesh,2026,2,district,gwalior district,131713
madhya-pradesh,2026,2,district,ujjain district,122336
madhya-pradesh,2026,2,district,sagar district,85489
madhya-pradesh,2026,2,district,vidisha district,80267
madhya-pradesh,2026,2,district,sehore district,69616
madhya-pradesh,2026,2,district,dhar district,69467
madhya-pradesh,2026,2,district,rewa district,67932
maharashtra,2018,1,district,mumbai suburban district,1102
maharashtra,2018,1,district,thane district,306
maharashtra,2018,1,district,mumbai district,71
maharashtra,2018,1,district,pune district,62
maharashtra,2018,1,district,palghar district,58
maharashtra,2018,1,district,raigad district,10
maharashtra,2018,1,district,ahilyanagar district,7
maharashtra,2018,1,district,chhatrapati sambhaji nagar district,6
maharashtra,2018,1,district,nagpur district,6
maharashtra,2018,1,district,yavatmal district,5
maharashtra,2018,2,district,mumbai suburban district,2743
maharashtra,2018,2,district,thane district,1097
maharashtra,2018,2,district,nagpur district,713
maharashtra,2018,2,district,pune district,637
maharashtra,2018,2,district,mumbai district,463
maharashtra,2018,2,district,palghar district,350
maharashtra,2018,2,district,chhatrapati sambhaji nagar district,136
maharashtra,2018,2,district,akola district,110
maharashtra,2018,2,district,nashik district,105
maharashtra,2018,2,district,dhule district,96
maharashtra,2018,3,district,mumbai suburban district,14589
maharashtra,2018,3,district,thane district,6486
maharashtra,2018,3,district,palghar district,6100
maharashtra,2018,3,district,nagpur district,5143
maharashtra,2018,3,district,mumbai district,3508
maharashtra,2018,3,district,pune district,770
maharashtra,2018,3,district,chhatrapati sambhaji nagar district,478
maharashtra,2018,3,district,solapur district,407
maharashtra,2018,3,district,akola district,346
maharashtra,2018,3,district,raigad district,159
maharashtra,2018,4,district,mumbai suburban district,82371
maharashtra,2018,4,district,thane district,60901
maharashtra,2018,4,district,palghar district,25622
maharashtra,2018,4,district,mumbai district,22025
maharashtra,2018,4,district,nagpur district,20495
maharashtra,2018,4,district,pune district,7695
maharashtra,2018,4,district,raigad district,6803
maharashtra,2018,4,district,chhatrapati sambhaji nagar district,735
maharashtra,2018,4,district,akola district,578
maharashtra,2018,4,district,solapur district,427
maharashtra,2019,1,district,mumbai suburban district,204439
maharashtra,2019,1,district,thane district,156777
maharashtra,2019,1,district,pune district,89231
maharashtra,2019,1,district,palghar district,54906
maharashtra,2019,1,district,nagpur district,51994
maharashtra,2019,1,district,mumbai district,51089
maharashtra,2019,1,district,nashik district,26437
maharashtra,2019,1,district,chhatrapati sambhaji nagar district,23601
maharashtra,2019,1,district,raigad district,19696
maharashtra,2019,1,district,amravati district,7109
maharashtra,2019,2,district,mumbai suburban district,246023
maharashtra,2019,2,district,pune district,200518
maharashtra,2019,2,district,thane district,196824
maharashtra,2019,2,district,nagpur district,76203
maharashtra,2019,2,district,palghar district,63467
maharashtra,2019,2,district,mumbai district,62211
maharashtra,2019,2,district,nashik district,42178
maharashtra,2019,2,district,chhatrapati sambhaji nagar district,37764
maharashtra,2019,2,district,raigad district,25217
maharashtra,2019,2,district,solapur district,14671
maharashtra,2019,3,district,mumbai suburban district,285799
maharashtra,2019,3,district,pune district,281916
maharashtra,2019,3,district,thane district,234828
maharashtra,2019,3,district,nagpur district,98488
maharashtra,2019,3,district,palghar district,76124
maharashtra,2019,3,district,mumbai district,71071
maharashtra,2019,3,district,nashik district,59489
maharashtra,2019,3,district,chhatrapati sambhaji nagar district,52319
maharashtra,2019,3,district,raigad district,30176
maharashtra,2019,3,district,solapur district,25252
maharashtra,2019,4,district,pune district,348258
maharashtra,2019,4,district,mumbai suburban district,331253
maharashtra,2019,4,district,thane district,276967
maharashtra,2019,4,district,nagpur district,114123
maharashtra,2019,4,district,palghar district,89919
maharashtra,2019,4,district,mumbai district,82565
maharashtra,2019,4,district,nashik district,73851
maharashtra,2019,4,district,chhatrapati sambhaji nagar district,64737
maharashtra,2019,4,district,raigad district,35596
maharashtra,2019,4,district,solapur district,32387
maharashtra,2020,1,district,pune district,405449
maharashtra,2020,1,district,mumbai suburban district,380037
maharashtra,2020,1,district,thane district,317884
maharashtra,2020,1,district,nagpur district,130089
maharashtra,2020,1,district,palghar district,100716
maharashtra,2020,1,district,mumbai district,93381
maharashtra,2020,1,district,nashik district,87425
maharashtra,2020,1,district,chhatrapati sambhaji nagar district,75287
maharashtra,2020,1,district,raigad district,40884
maharashtra,2020,1,district,solapur district,36554
maharashtra,2020,2,district,pune district,421334
maharashtra,2020,2,district,mumbai suburban district,385981
maharashtra,2020,2,district,thane district,323919
maharashtra,2020,2,district,nagpur district,134418
maharashtra,2020,2,district,palghar district,103667
maharashtra,2020,2,district,mumbai district,94667
maharashtra,2020,2,district,nashik district,92803
maharashtra,2020,2,district,chhatrapati sambhaji nagar district,79111
maharashtra,2020,2,district,raigad district,41946
maharashtra,2020,2,district,solapur district,37800
maharashtra,2020,3,district,pune district,486425
maharashtra,2020,3,district,mumbai suburban district,418863
maharashtra,2020,3,district,thane district,348391
maharashtra,2020,3,district,nagpur district,147946
maharashtra,2020,3,district,palghar district,113120
maharashtra,2020,3,district,nashik district,110398
maharashtra,2020,3,district,mumbai district,100166
maharashtra,2020,3,district,chhatrapati sambhaji nagar district,89116
maharashtra,2020,3,district,raigad district,46489
maharashtra,2020,3,district,solapur district,41835
maharashtra,2020,4,district,pune district,565357
maharashtra,2020,4,district,mumbai suburban district,468538
maharashtra,2020,4,district,thane district,383833
maharashtra,2020,4,district,nagpur district,166162
maharashtra,2020,4,district,nashik district,133251
maharashtra,2020,4,district,palghar district,126468
maharashtra,2020,4,district,mumbai district,108248
maharashtra,2020,4,district,chhatrapati sambhaji nagar district,101673
maharashtra,2020,4,district,raigad district,53193
maharashtra,2020,4,district,solapur district,52219
maharashtra,2021,1,district,pune district,626595
maharashtra,2021,1,district,mumbai suburban district,508318
maharashtra,2021,1,district,thane district,417047
maharashtra,2021,1,district,nagpur district,178836
maharashtra,2021,1,district,nashik district,148709
maharashtra,2021,1,district,palghar district,141430
maharashtra,2021,1,district,mumbai district,115982
maharashtra,2021,1,district,chhatrapati sambhaji nagar district,111776
maharashtra,2021,1,district,ahilyanagar district,66703
maharashtra,2021,1,district,solapur district,63141
maharashtra,2021,2,district,pune district,652395
maharashtra,2021,2,district,mumbai suburban district,521423
maharashtra,2021,2,district,thane district,430548
maharashtra,2021,2,district,nagpur district,185257
maharashtra,2021,2,district,nashik district,156873
maharashtra,2021,2,district,palghar district,145082
maharashtra,2021,2,district,mumbai district,118868
maharashtra,2021,2,district,chhatrapati sambhaji nagar district,116729
maharashtra,2021,2,district,ahilyanagar district,72822
maharashtra,2021,2,district,solapur district,67209
maharashtra,2021,3,district,pune district,697947
maharashtra,2021,3,district,mumbai suburban district,541903
maharashtra,2021,3,district,thane district,453949
maharashtra,2021,3,district,nagpur district,196631
maharashtra,2021,3,district,nashik district,170784
maharashtra,2021,3,district,palghar district,152632
maharashtra,2021,3,district,chhatrapati sambhaji nagar district,124194
maharashtra,2021,3,district,mumbai district,123943
maharashtra,2021,3,district,ahilyanagar district,85331
maharashtra,2021,3,district,solapur district,76320
maharashtra,2021,4,district,pune district,743619
maharashtra,2021,4,district,mumbai suburban district,565910
maharashtra,2021,4,district,thane district,483422
maharashtra,2021,4,district,nagpur district,210226
maharashtra,2021,4,district,nashik district,187125
maharashtra,2021,4,district,palghar district,160080
maharashtra,2021,4,district,chhatrapati sambhaji nagar district,133477
maharashtra,2021,4,district,mumbai district,129056
maharashtra,2021,4,district,ahilyanagar district,100036
maharashtra,2021,4,district,solapur district,91777
maharashtra,2022,1,district,pune district,801449
maharashtra,2022,1,district,mumbai suburban district,595855
maharashtra,2022,1,district,thane district,516043
maharashtra,2022,1,district,nagpur district,223396
maharashtra,2022,1,district,nashik district,204741
maharashtra,2022,1,district,palghar district,170350
maharashtra,2022,1,district,chhatrapati sambhaji nagar district,143362
maharashtra,2022,1,district,mumbai district,136077
maharashtra,2022,1,district,ahilyanagar district,112897
maharashtra,2022,1,district,solapur district,105007
maharashtra,2022,2,district,pune district,851021
maharashtra,2022,2,district,mumbai suburban district,618439
maharashtra,2022,2,district,thane district,542129
maharashtra,2022,2,district,nagpur district,234221
maharashtra,2022,2,district,nashik district,219100
maharashtra,2022,2,district,palghar district,177986
maharashtra,2022,2,district,chhatrapati sambhaji nagar district,152292
maharashtra,2022,2,district,mumbai district,142847
maharashtra,2022,2,district,ahilyanagar district,123184
maharashtra,2022,2,district,solapur district,113811
maharashtra,2022,3,district,pune district,881604
maharashtra,2022,3,district,mumbai suburban district,630670
maharashtra,2022,3,district,thane district,556446
maharashtra,2022,3,district,nagpur district,242304
maharashtra,2022,3,district,nashik district,229650
maharashtra,2022,3,district,palghar district,183292
maharashtra,2022,3,district,chhatrapati sambhaji nagar district,159871
maharashtra,2022,3,district,mumbai district,146822
maharashtra,2022,3,district,ahilyanagar district,130842
maharashtra,2022,3,district,solapur district,120805
maharashtra,2022,4,district,pune district,909382
maharashtra,2022,4,district,mumbai suburban district,639587
maharashtra,2022,4,district,thane district,568313
maharashtra,2022,4,district,nagpur district,249117
maharashtra,2022,4,district,nashik district,238826
maharashtra,2022,4,district,palghar district,187465
maharashtra,2022,4,district,chhatrapati sambhaji nagar district,167932
maharashtra,2022,4,district,mumbai district,150494
maharashtra,2022,4,district,ahilyanagar district,136863
maharashtra,2022,4,district,solapur district,126696
maharashtra,2023,1,district,pune district,900629
maharashtra,2023,1,district,mumbai suburban district,627558
maharashtra,2023,1,district,thane district,561283
maharashtra,2023,1,district,nagpur district,247990
maharashtra,2023,1,district,nashik district,241254
maharashtra,2023,1,district,palghar district,183279
maharashtra,2023,1,district,chhatrapati sambhaji nagar district,171404
maharashtra,2023,1,district,mumbai district,150780
maharashtra,2023,1,district,ahilyanagar district,138101
maharashtra,2023,1,district,solapur district,130084
maharashtra,2023,2,district,pune district,921491
maharashtra,2023,2,district,mumbai suburban district,633398
maharashtra,2023,2,district,thane district,569785
maharashtra,2023,2,district,nagpur district,252368
maharashtra,2023,2,district,nashik district,248041
maharashtra,2023,2,district,palghar district,186329
maharashtra,2023,2,district,chhatrapati sambhaji nagar district,174223
maharashtra,2023,2,district,mumbai district,153735
maharashtra,2023,2,district,ahilyanagar district,140545
maharashtra,2023,2,district,solapur district,132284
maharashtra,2023,3,district,pune district,949982
maharashtra,2023,3,district,mumbai suburban district,644927
maharashtra,2023,3,district,thane district,584597
maharashtra,2023,3,district,nagpur district,257332
maharashtra,2023,3,district,nashik district,256727
maharashtra,2023,3,district,palghar district,191021
maharashtra,2023,3,district,chhatrapati sambhaji nagar district,178191
maharashtra,2023,3,district,mumbai district,156864
maharashtra,2023,3,district,ahilyanagar district,145539
maharashtra,2023,3,district,solapur district,135842
maharashtra,2023,4,district,pune district,980448
maharashtra,2023,4,district,mumbai suburban district,653390
maharashtra,2023,4,district,thane district,598854
maharashtra,2023,4,district,nashik district,265105
maharashtra,2023,4,district,nagpur district,262812
maharashtra,2023,4,district,palghar district,194958
maharashtra,2023,4,district,chhatrapati sambhaji nagar district,181800
maharashtra,2023,4,district,mumbai district,159797
maharashtra,2023,4,district,ahilyanagar district,152103
maharashtra,2023,4,district,solapur district,140637
maharashtra,2024,1,district,pune district,1021949
maharashtra,2024,1,district,mumbai suburban district,666891
maharashtra,2024,1,district,thane district,619717
maharashtra,2024,1,district,nashik district,274510
maharashtra,2024,1,district,nagpur district,270368
maharashtra,2024,1,district,palghar district,200325
maharashtra,2024,1,district,chhatrapati sambhaji nagar district,187596
maharashtra,2024,1,district,mumbai district,164755
maharashtra,2024,1,district,ahilyanagar district,158080
maharashtra,2024,1,district,solapur district,145317
maharashtra,2024,2,district,pune district,1050480
maharashtra,2024,2,district,mumbai suburban district,677202
maharashtra,2024,2,district,thane district,635673
maharashtra,2024,2,district,nashik district,281043
maharashtra,2024,2,district,nagpur district,275619
maharashtra,2024,2,district,palghar district,204604
maharashtra,2024,2,district,chhatrapati sambhaji nagar district,191245
maharashtra,2024,2,district,mumbai district,168862
maharashtra,2024,2,district,ahilyanagar district,161976
maharashtra,2024,2,district,solapur district,149080
maharashtra,2024,3,district,pune district,1080668
maharashtra,2024,3,district,mumbai suburban district,687285
maharashtra,2024,3,district,thane district,652226
maharashtra,2024,3,district,nashik district,288108
maharashtra,2024,3,district,nagpur district,279933
maharashtra,2024,3,district,palghar district,209618
maharashtra,2024,3,district,chhatrapati sambhaji nagar district,195559
maharashtra,2024,3,district,mumbai district,172738
maharashtra,2024,3,district,ahilyanagar district,166225
maharashtra,2024,3,district,solapur district,153553
maharashtra,2024,4,district,pune district,1109491
maharashtra,2024,4,district,mumbai suburban district,697026
maharashtra,2024,4,district,thane district,668416
maharashtra,2024,4,district,nashik district,294777
maharashtra,2024,4,district,nagpur district,284023
maharashtra,2024,4,district,palghar district,214809
maharashtra,2024,4,district,chhatrapati sambhaji nagar district,199645
maharashtra,2024,4,district,mumbai district,176525
maharashtra,2024,4,district,ahilyanagar district,170231
maharashtra,2024,4,district,solapur district,157219
maharashtra,2025,1,district,pune district,1136584
maharashtra,2025,1,district,mumbai suburban district,706533
maharashtra,2025,1,district,thane district,684682
maharashtra,2025,1,district,nashik district,301129
maharashtra,2025,1,district,nagpur district,287941
maharashtra,2025,1,district,palghar district,219873
maharashtra,2025,1,district,chhatrapati sambhaji nagar district,203429
maharashtra,2025,1,district,mumbai district,180267
maharashtra,2025,1,district,ahilyanagar district,173619
maharashtra,2025,1,district,solapur district,160733
maharashtra,2025,2,district,pune district,1160511
maharashtra,2025,2,district,mumbai suburban district,715135
maharashtra,2025,2,district,thane district,697157
maharashtra,2025,2,district,nashik district,305814
maharashtra,2025,2,district,nagpur district,291544
maharashtra,2025,2,district,palghar district,223763
maharashtra,2025,2,district,chhatrapati sambhaji nagar district,206636
maharashtra,2025,2,district,mumbai district,183179
maharashtra,2025,2,district,ahilyanagar district,176896
maharashtra,2025,2,district,solapur district,163943
maharashtra,2025,3,district,pune district,1185788
maharashtra,2025,3,district,mumbai suburban district,724057
maharashtra,2025,3,district,thane district,708386
maharashtra,2025,3,district,nashik district,310941
maharashtra,2025,3,district,nagpur district,295085
maharashtra,2025,3,district,palghar district,226722
maharashtra,2025,3,district,chhatrapati sambhaji nagar district,209745
maharashtra,2025,3,district,mumbai district,185879
maharashtra,2025,3,district,ahilyanagar district,180330
maharashtra,2025,3,district,solapur district,167057
maharashtra,2025,4,district,pune district,1215146
maharashtra,2025,4,district,mumbai suburban district,733227
maharashtra,2025,4,district,thane district,719889
maharashtra,2025,4,district,nashik district,317391
maharashtra,2025,4,district,nagpur district,299423
maharashtra,2025,4,district,palghar district,229584
maharashtra,2025,4,district,chhatrapati sambhaji nagar district,214848
maharashtra,2025,4,district,mumbai district,188948
maharashtra,2025,4,district,ahilyanagar district,185380
maharashtra,2025,4,district,solapur district,171693
maharashtra,2026,1,district,pune district,1238659
maharashtra,2026,1,district,mumbai suburban district,742516
maharashtra,2026,1,district,thane district,731708
maharashtra,2026,1,district,nashik district,324810
maharashtra,2026,1,district,nagpur district,303371
maharashtra,2026,1,district,palghar district,233121
maharashtra,2026,1,district,chhatrapati sambhaji nagar district,219029
maharashtra,2026,1,district,mumbai district,191401
maharashtra,2026,1,district,ahilyanagar district,189297
maharashtra,2026,1,district,solapur district,174751
maharashtra,2026,2,district,pune district,1261805
maharashtra,2026,2,district,mumbai suburban district,749720
maharashtra,2026,2,district,thane district,741350
maharashtra,2026,2,district,nashik district,331234
maharashtra,2026,2,district,nagpur district,307247
maharashtra,2026,2,district,palghar district,236136
maharashtra,2026,2,district,chhatrapati sambhaji nagar district,222633
maharashtra,2026,2,district,mumbai district,193713
maharashtra,2026,2,district,ahilyanagar district,192869
maharashtra,2026,2,district,solapur district,178647
manipur,2018,4,district,thoubal district,2
manipur,2018,4,district,churachandpur district,1
manipur,2019,1,district,imphal west district,20
manipur,2019,1,district,thoubal district,12
manipur,2019,1,district,bishnupur district,10
manipur,2019,1,district,imphal east district,10
manipur,2019,1,district,churachandpur district,2
manipur,2019,1,district,kamjong district,2
manipur,2019,1,district,kakching district,1
manipur,2019,1,district,chandel district,1
manipur,2019,1,district,ukhrul district,1
manipur,2019,2,district,imphal west district,46
manipur,2019,2,district,thoubal district,37
manipur,2019,2,district,bishnupur district,31
manipur,2019,2,district,imphal east district,26
manipur,2019,2,district,churachandpur district,6
manipur,2019,2,district,kakching district,6
manipur,2019,2,district,kamjong district,4
manipur,2019,2,district,ukhrul district,3
manipur,2019,2,district,senapati district,3
manipur,2019,2,district,chandel district,2
manipur,2019,3,district,imphal west district,62
manipur,2019,3,district,thoubal district,57
manipur,2019,3,district,imphal east district,53
manipur,2019,3,district,bishnupur district,45
manipur,2019,3,district,kakching district,13
manipur,2019,3,district,churachandpur district,13
manipur,2019,3,district,ukhrul district,7
manipur,2019,3,district,senapati district,5
manipur,2019,3,district,kamjong district,5
manipur,2019,3,district,noney district,3
manipur,2019,4,district,imphal west district,83
manipur,2019,4,district,thoubal district,81
manipur,2019,4,district,imphal east district,67
manipur,2019,4,district,bishnupur district,57
manipur,2019,4,district,churachandpur district,17
manipur,2019,4,district,kakching district,14
manipur,2019,4,district,ukhrul district,10
manipur,2019,4,district,senapati district,8
manipur,2019,4,district,kamjong district,6
manipur,2019,4,district,chandel district,3
manipur,2019,4,district,noney district,3
manipur,2019,4,district,jiribam district,3
manipur,2020,1,district,imphal west district,102
manipur,2020,1,district,thoubal district,87
manipur,2020,1,district,imphal east district,86
manipur,2020,1,district,bishnupur district,60
manipur,2020,1,district,churachandpur district,27
manipur,2020,1,district,kakching district,19
manipur,2020,1,district,ukhrul district,12
manipur,2020,1,district,senapati district,10
manipur,2020,1,district,jiribam district,7
manipur,2020,1,district,kamjong district,7
manipur,2020,1,district,kangpokpi district,7
manipur,2020,2,district,imphal west district,121
manipur,2020,2,district,thoubal district,111
manipur,2020,2,district,imphal east district,101
manipur,2020,2,district,bishnupur district,62
manipur,2020,2,district,churachandpur district,33
manipur,2020,2,district,kakching district,21
manipur,2020,2,district,ukhrul district,13
manipur,2020,2,district,senapati district,10
manipur,2020,2,district,jiribam district,10
manipur,2020,2,district,tengnoupal district,8
manipur,2020,2,district,kangpokpi district,8
manipur,2020,3,district,imphal west district,132
manipur,2020,3,district,thoubal district,118
manipur,2020,3,district,imphal east district,108
manipur,2020,3,district,bishnupur district,64
manipur,2020,3,district,churachandpur district,34
manipur,2020,3,district,kakching district,22
manipur,2020,3,district,ukhrul district,13
manipur,2020,3,district,jiribam district,13
manipur,2020,3,district,senapati district,11
manipur,2020,3,district,tamenglong district,8
manipur,2020,3,district,tengnoupal district,8
manipur,2020,3,district,kangpokpi district,8
manipur,2020,4,district,imphal west district,156
manipur,2020,4,district,thoubal district,138
manipur,2020,4,district,imphal east district,118
manipur,2020,4,district,bishnupur district,71
manipur,2020,4,district,churachandpur district,41
manipur,2020,4,district,kakching district,25
manipur,2020,4,district,jiribam district,16
manipur,2020,4,district,senapati district,13
manipur,2020,4,district,ukhrul district,13
manipur,2020,4,district,kangpokpi district,10
manipur,2021,1,district,imphal west district,176
manipur,2021,1,district,thoubal district,159
manipur,2021,1,district,imphal east district,128
manipur,2021,1,district,bishnupur district,80
manipur,2021,1,district,churachandpur district,46
manipur,2021,1,district,kakching district,27
manipur,2021,1,district,ukhrul district,17
manipur,2021,1,district,jiribam district,17
manipur,2021,1,district,senapati district,14
manipur,2021,1,district,kangpokpi district,12
manipur,2021,2,district,imphal west district,291
manipur,2021,2,district,thoubal district,215
manipur,2021,2,district,imphal east district,186
manipur,2021,2,district,bishnupur district,89
manipur,2021,2,district,churachandpur district,54
manipur,2021,2,district,kakching district,38
manipur,2021,2,district,ukhrul district,22
manipur,2021,2,district,jiribam district,19
manipur,2021,2,district,senapati district,16
manipur,2021,2,district,kangpokpi district,15
manipur,2021,3,district,imphal west district,335
manipur,2021,3,district,thoubal district,255
manipur,2021,3,district,imphal east district,209
manipur,2021,3,district,bishnupur district,95
manipur,2021,3,district,churachandpur district,63
manipur,2021,3,district,kakching district,48
manipur,2021,3,district,jiribam district,34
manipur,2021,3,district,ukhrul district,24
manipur,2021,3,district,senapati district,21
manipur,2021,3,district,kangpokpi district,21
manipur,2021,4,district,imphal west district,385
manipur,2021,4,district,thoubal district,289
manipur,2021,4,district,imphal east district,237
manipur,2021,4,district,bishnupur district,113
manipur,2021,4,district,churachandpur district,76
manipur,2021,4,district,kakching district,67
manipur,2021,4,district,jiribam district,54
manipur,2021,4,district,ukhrul district,27
manipur,2021,4,district,senapati district,27
manipur,2021,4,district,kangpokpi district,26
manipur,2022,1,district,imphal west district,442
manipur,2022,1,district,thoubal district,318
manipur,2022,1,district,imphal east district,267
manipur,2022,1,district,bishnupur district,132
manipur,2022,1,district,jiribam district,105
manipur,2022,1,district,churachandpur district,93
manipur,2022,1,district,kakching district,82
manipur,2022,1,district,senapati district,34
manipur,2022,1,district,kangpokpi district,31
manipur,2022,1,district,ukhrul district,27
manipur,2022,2,district,imphal west district,491
manipur,2022,2,district,thoubal district,360
manipur,2022,2,district,imphal east district,304
manipur,2022,2,district,bishnupur district,153
manipur,2022,2,district,jiribam district,113
manipur,2022,2,district,churachandpur district,104
manipur,2022,2,district,kakching district,92
manipur,2022,2,district,kangpokpi district,42
manipur,2022,2,district,senapati district,41
manipur,2022,2,district,ukhrul district,30
manipur,2022,3,district,imphal west district,559
manipur,2022,3,district,thoubal district,401
manipur,2022,3,district,imphal east district,333
manipur,2022,3,district,bishnupur district,170
manipur,2022,3,district,jiribam district,119
manipur,2022,3,district,churachandpur district,115
manipur,2022,3,district,kakching district,93
manipur,2022,3,district,kangpokpi district,50
manipur,2022,3,district,senapati district,48
manipur,2022,3,district,ukhrul district,31
manipur,2022,4,district,imphal west district,904
manipur,2022,4,district,imphal east district,553
manipur,2022,4,district,thoubal district,465
manipur,2022,4,district,bishnupur district,225
manipur,2022,4,district,jiribam district,129
manipur,2022,4,district,churachandpur district,126
manipur,2022,4,district,kakching district,104
manipur,2022,4,district,kangpokpi district,62
manipur,2022,4,district,senapati district,51
manipur,2022,4,district,ukhrul district,39
manipur,2023,1,district,imphal west district,2288
manipur,2023,1,district,imphal east district,1197
manipur,2023,1,district,bishnupur district,1036
manipur,2023,1,district,thoubal district,542
manipur,2023,1,district,kakching district,264
manipur,2023,1,district,churachandpur district,145
manipur,2023,1,district,jiribam district,143
manipur,2023,1,district,senapati district,87
manipur,2023,1,district,kangpokpi district,71
manipur,2023,1,district,ukhrul district,42
manipur,2023,2,district,imphal west district,2692
manipur,2023,2,district,imphal east district,1309
manipur,2023,2,district,bishnupur district,1253
manipur,2023,2,district,thoubal district,634
manipur,2023,2,district,kakching district,357
manipur,2023,2,district,jiribam district,156
manipur,2023,2,district,churachandpur district,146
manipur,2023,2,district,senapati district,87
manipur,2023,2,district,kangpokpi district,74
manipur,2023,2,district,ukhrul district,43
manipur,2023,3,district,imphal west district,2698
manipur,2023,3,district,imphal east district,1309
manipur,2023,3,district,bishnupur district,1253
manipur,2023,3,district,thoubal district,634
manipur,2023,3,district,kakching district,357
manipur,2023,3,district,jiribam district,164
manipur,2023,3,district,churachandpur district,146
manipur,2023,3,district,senapati district,87
manipur,2023,3,district,kangpokpi district,74
manipur,2023,3,district,ukhrul district,43
manipur,2023,4,district,imphal west district,2982
manipur,2023,4,district,imphal east district,1415
manipur,2023,4,district,bishnupur district,1368
manipur,2023,4,district,thoubal district,709
manipur,2023,4,district,kakching district,467
manipur,2023,4,district,jiribam district,168
manipur,2023,4,district,churachandpur district,146
manipur,2023,4,district,senapati district,87
manipur,2023,4,district,kangpokpi district,74
manipur,2023,4,district,ukhrul district,43
manipur,2024,1,district,imphal west district,4181
manipur,2024,1,district,bishnupur district,2012
manipur,2024,1,district,imphal east district,1962
manipur,2024,1,district,thoubal district,1052
manipur,2024,1,district,kakching district,624
manipur,2024,1,district,jiribam district,198
manipur,2024,1,district,churachandpur district,144
manipur,2024,1,district,senapati district,87
manipur,2024,1,district,kangpokpi district,74
manipur,2024,1,district,ukhrul district,44
manipur,2024,2,district,imphal west district,4742
manipur,2024,2,district,bishnupur district,2403
manipur,2024,2,district,imphal east district,2333
manipur,2024,2,district,thoubal district,1234
manipur,2024,2,district,kakching district,656
manipur,2024,2,district,jiribam district,226
manipur,2024,2,district,churachandpur district,145
manipur,2024,2,district,senapati district,87
manipur,2024,2,district,kangpokpi district,75
manipur,2024,2,district,ukhrul district,44
manipur,2024,3,district,imphal west district,5654
manipur,2024,3,district,imphal east district,2826
manipur,2024,3,district,bishnupur district,2762
manipur,2024,3,district,thoubal district,1501
manipur,2024,3,district,kakching district,714
manipur,2024,3,district,jiribam district,252
manipur,2024,3,district,churachandpur district,146
manipur,2024,3,district,senapati district,141
manipur,2024,3,district,kangpokpi district,84
manipur,2024,3,district,ukhrul district,44
manipur,2024,4,district,imphal west district,6663
manipur,2024,4,district,imphal east district,3258
manipur,2024,4,district,bishnupur district,3020
manipur,2024,4,district,thoubal district,1701
manipur,2024,4,district,kakching district,748
manipur,2024,4,district,jiribam district,278
manipur,2024,4,district,senapati district,277
manipur,2024,4,district,churachandpur district,147
manipur,2024,4,district,kangpokpi district,99
manipur,2024,4,district,ukhrul district,45
manipur,2025,1,district,imphal west district,7823
manipur,2025,1,district,imphal east district,3893
manipur,2025,1,district,bishnupur district,3359
manipur,2025,1,district,thoubal district,1953
manipur,2025,1,district,kakching district,797
manipur,2025,1,district,senapati district,353
manipur,2025,1,district,jiribam district,331
manipur,2025,1,district,churachandpur district,150
manipur,2025,1,district,kangpokpi district,129
manipur,2025,1,district,ukhrul district,45
manipur,2025,2,district,imphal west district,8786
manipur,2025,2,district,imphal east district,4307
manipur,2025,2,district,bishnupur district,3720
manipur,2025,2,district,thoubal district,2338
manipur,2025,2,district,kakching district,865
manipur,2025,2,district,senapati district,428
manipur,2025,2,district,jiribam district,365
manipur,2025,2,district,churachandpur district,218
manipur,2025,2,district,kangpokpi district,142
manipur,2025,2,district,tengnoupal district,57
manipur,2025,3,district,imphal west district,10204
manipur,2025,3,district,imphal east district,5125
manipur,2025,3,district,bishnupur district,4092
manipur,2025,3,district,thoubal district,2895
manipur,2025,3,district,kakching district,975
manipur,2025,3,district,churachandpur district,870
manipur,2025,3,district,senapati district,649
manipur,2025,3,district,jiribam district,394
manipur,2025,3,district,kangpokpi district,160
manipur,2025,3,district,tengnoupal district,79
manipur,2025,4,district,imphal west district,11360
manipur,2025,4,district,imphal east district,5720
manipur,2025,4,district,bishnupur district,4407
manipur,2025,4,district,thoubal district,3752
manipur,2025,4,district,churachandpur district,1460
manipur,2025,4,district,kakching district,1229
manipur,2025,4,district,senapati district,875
manipur,2025,4,district,jiribam district,416
manipur,2025,4,district,kangpokpi district,179
manipur,2025,4,district,tengnoupal district,110
manipur,2026,1,district,imphal west district,12347
manipur,2026,1,district,imphal east district,6320
manipur,2026,1,district,bishnupur district,4703
manipur,2026,1,district,thoubal district,4235
manipur,2026,1,district,churachandpur district,1788
manipur,2026,1,district,kakching district,1321
manipur,2026,1,district,senapati district,969
manipur,2026,1,district,jiribam district,427
manipur,2026,1,district,kangpokpi district,193
manipur,2026,1,district,tengnoupal district,125
manipur,2026,2,district,imphal west district,12915
manipur,2026,2,district,imphal east district,6579
manipur,2026,2,district,bishnupur district,4865
manipur,2026,2,district,thoubal district,4424
manipur,2026,2,district,churachandpur district,2119
manipur,2026,2,district,kakching district,1379
manipur,2026,2,district,senapati district,1023
manipur,2026,2,district,jiribam district,437
manipur,2026,2,district,kangpokpi district,228
manipur,2026,2,district,tengnoupal district,153
meghalaya,2018,4,district,east khasi hills district,2
meghalaya,2018,4,district,west garo hills district,1
meghalaya,2019,1,district,west garo hills district,13
meghalaya,2019,1,district,east khasi hills district,13
meghalaya,2019,1,district,south west garo hills district,1
meghalaya,2019,1,district,east jaintia hills district,1
meghalaya,2019,2,district,west garo hills district,28
meghalaya,2019,2,district,east khasi hills district,28
meghalaya,2019,2,district,ri bhoi district,23
meghalaya,2019,2,district,east jaintia hills district,3
meghalaya,2019,2,district,south west garo hills district,3
meghalaya,2019,2,district,west jaintia hills district,2
meghalaya,2019,2,district,south garo hills district,1
meghalaya,2019,2,district,north garo hills district,1
meghalaya,2019,2,district,east garo hills district,1
meghalaya,2019,3,district,east khasi hills district,45
meghalaya,2019,3,district,west garo hills district,43
meghalaya,2019,3,district,ri bhoi district,30
meghalaya,2019,3,district,east jaintia hills district,10
meghalaya,2019,3,district,south west garo hills district,5
meghalaya,2019,3,district,east garo hills district,4
meghalaya,2019,3,district,west jaintia hills district,3
meghalaya,2019,3,district,north garo hills district,2
meghalaya,2019,3,district,south garo hills district,2
meghalaya,2019,3,district,south west khasi hills district,1
meghalaya,2019,4,district,east khasi hills district,64
meghalaya,2019,4,district,west garo hills district,55
meghalaya,2019,4,district,ri bhoi district,33
meghalaya,2019,4,district,east jaintia hills district,13
meghalaya,2019,4,district,south west garo hills district,8
meghalaya,2019,4,district,east garo hills district,8
meghalaya,2019,4,district,west jaintia hills district,5
meghalaya,2019,4,district,north garo hills district,5
meghalaya,2019,4,district,south garo hills district,4
meghalaya,2019,4,district,south west khasi hills district,3
meghalaya,2020,1,district,east khasi hills district,74
meghalaya,2020,1,district,west garo hills district,72
meghalaya,2020,1,district,ri bhoi district,44
meghalaya,2020,1,district,east jaintia hills district,14
meghalaya,2020,1,district,south west garo hills district,13
meghalaya,2020,1,district,east garo hills district,11
meghalaya,2020,1,district,north garo hills district,7
meghalaya,2020,1,district,west jaintia hills district,6
meghalaya,2020,1,district,south garo hills district,6
meghalaya,2020,1,district,south west khasi hills district,3
meghalaya,2020,2,district,east khasi hills district,91
meghalaya,2020,2,district,west garo hills district,79
meghalaya,2020,2,district,ri bhoi district,46
meghalaya,2020,2,district,east jaintia hills district,19
meghalaya,2020,2,district,south west garo hills district,15
meghalaya,2020,2,district,east garo hills district,12
meghalaya,2020,2,district,north garo hills district,10
meghalaya,2020,2,district,west jaintia hills district,9
meghalaya,2020,2,district,south garo hills district,8
meghalaya,2020,2,district,south west khasi hills district,3
meghalaya,2020,3,district,east khasi hills district,95
meghalaya,2020,3,district,west garo hills district,81
meghalaya,2020,3,district,ri bhoi district,47
meghalaya,2020,3,district,east jaintia hills district,22
meghalaya,2020,3,district,south west garo hills district,16
meghalaya,2020,3,district,east garo hills district,12
meghalaya,2020,3,district,north garo hills district,10
meghalaya,2020,3,district,south garo hills district,9
meghalaya,2020,3,district,west jaintia hills district,9
meghalaya,2020,3,district,west khasi hills district,3
meghalaya,2020,3,district,south west khasi hills district,3
meghalaya,2020,4,district,east khasi hills district,111
meghalaya,2020,4,district,west garo hills district,102
meghalaya,2020,4,district,ri bhoi district,79
meghalaya,2020,4,district,east jaintia hills district,24
meghalaya,2020,4,district,south west garo hills district,17
meghalaya,2020,4,district,east garo hills district,13
meghalaya,2020,4,district,north garo hills district,11
meghalaya,2020,4,district,west jaintia hills district,10
meghalaya,2020,4,district,south garo hills district,9
meghalaya,2020,4,district,south west khasi hills district,3
meghalaya,2020,4,district,west khasi hills district,3
meghalaya,2021,1,district,west garo hills district,335
meghalaya,2021,1,district,east khasi hills district,180
meghalaya,2021,1,district,ri bhoi district,85
meghalaya,2021,1,district,south west garo hills district,32
meghalaya,2021,1,district,east jaintia hills district,30
meghalaya,2021,1,district,north garo hills district,15
meghalaya,2021,1,district,east garo hills district,15
meghalaya,2021,1,district,west jaintia hills district,12
meghalaya,2021,1,district,south garo hills district,9
meghalaya,2021,1,district,south west khasi hills district,3
meghalaya,2021,1,district,west khasi hills district,3
meghalaya,2021,2,district,west garo hills district,562
meghalaya,2021,2,district,east khasi hills district,237
meghalaya,2021,2,district,ri bhoi district,157
meghalaya,2021,2,district,south west garo hills district,56
meghalaya,2021,2,district,east jaintia hills district,33
meghalaya,2021,2,district,north garo hills district,18
meghalaya,2021,2,district,east garo hills district,17
meghalaya,2021,2,district,west jaintia hills district,15
meghalaya,2021,2,district,south garo hills district,10
meghalaya,2021,2,district,west khasi hills district,4
meghalaya,2021,3,district,west garo hills district,734
meghalaya,2021,3,district,east khasi hills district,285
meghalaya,2021,3,district,ri bhoi district,217
meghalaya,2021,3,district,south west garo hills district,74
meghalaya,2021,3,district,east jaintia hills district,45
meghalaya,2021,3,district,north garo hills district,24
meghalaya,2021,3,district,east garo hills district,22
meghalaya,2021,3,district,west jaintia hills district,18
meghalaya,2021,3,district,south garo hills district,13
meghalaya,2021,3,district,west khasi hills district,6
meghalaya,2021,4,district,west garo hills district,872
meghalaya,2021,4,district,east khasi hills district,666
meghalaya,2021,4,district,ri bhoi district,307
meghalaya,2021,4,district,south west garo hills district,96
meghalaya,2021,4,district,east jaintia hills district,59
meghalaya,2021,4,district,north garo hills district,31
meghalaya,2021,4,district,east garo hills district,29
meghalaya,2021,4,district,west jaintia hills district,22
meghalaya,2021,4,district,south garo hills district,19
meghalaya,2021,4,district,west khasi hills district,8
meghalaya,2022,1,district,west garo hills district,1168
meghalaya,2022,1,district,east khasi hills district,871
meghalaya,2022,1,district,ri bhoi district,678
meghalaya,2022,1,district,south west garo hills district,119
meghalaya,2022,1,district,east jaintia hills district,82
meghalaya,2022,1,district,north garo hills district,54
meghalaya,2022,1,district,east garo hills district,46
meghalaya,2022,1,district,west jaintia hills district,29
meghalaya,2022,1,district,south garo hills district,25
meghalaya,2022,1,district,west khasi hills district,11
meghalaya,2022,2,district,west garo hills district,1348
meghalaya,2022,2,district,east khasi hills district,1141
meghalaya,2022,2,district,ri bhoi district,841
meghalaya,2022,2,district,south west garo hills district,143
meghalaya,2022,2,district,east jaintia hills district,107
meghalaya,2022,2,district,north garo hills district,59
meghalaya,2022,2,district,east garo hills district,58
meghalaya,2022,2,district,west jaintia hills district,36
meghalaya,2022,2,district,south garo hills district,30
meghalaya,2022,2,district,west khasi hills district,16
meghalaya,2022,3,district,west garo hills district,1618
meghalaya,2022,3,district,east khasi hills district,1191
meghalaya,2022,3,district,ri bhoi district,960
meghalaya,2022,3,district,south west garo hills district,156
meghalaya,2022,3,district,east jaintia hills district,136
meghalaya,2022,3,district,east garo hills district,71
meghalaya,2022,3,district,north garo hills district,64
meghalaya,2022,3,district,west jaintia hills district,43
meghalaya,2022,3,district,south garo hills district,37
meghalaya,2022,3,district,west khasi hills district,18
meghalaya,2022,4,district,west garo hills district,1923
meghalaya,2022,4,district,east khasi hills district,1348
meghalaya,2022,4,district,ri bhoi district,1019
meghalaya,2022,4,district,east jaintia hills district,234
meghalaya,2022,4,district,south west garo hills district,177
meghalaya,2022,4,district,west jaintia hills district,111
meghalaya,2022,4,district,east garo hills district,75
meghalaya,2022,4,district,north garo hills district,70
meghalaya,2022,4,district,south garo hills district,44
meghalaya,2022,4,district,west khasi hills district,20
meghalaya,2023,1,district,west garo hills district,2126
meghalaya,2023,1,district,east khasi hills district,1581
meghalaya,2023,1,district,ri bhoi district,1275
meghalaya,2023,1,district,east jaintia hills district,557
meghalaya,2023,1,district,west jaintia hills district,211
meghalaya,2023,1,district,south west garo hills district,191
meghalaya,2023,1,district,north garo hills district,128
meghalaya,2023,1,district,east garo hills district,78
meghalaya,2023,1,district,south garo hills district,47
meghalaya,2023,1,district,west khasi hills district,21
meghalaya,2023,2,district,west garo hills district,2198
meghalaya,2023,2,district,east khasi hills district,1654
meghalaya,2023,2,district,ri bhoi district,1417
meghalaya,2023,2,district,east jaintia hills district,655
meghalaya,2023,2,district,west jaintia hills district,227
meghalaya,2023,2,district,south west garo hills district,194
meghalaya,2023,2,district,north garo hills district,129
meghalaya,2023,2,district,east garo hills district,79
meghalaya,2023,2,district,south garo hills district,47
meghalaya,2023,2,district,west khasi hills district,22
meghalaya,2023,3,district,west garo hills district,2252
meghalaya,2023,3,district,east khasi hills district,2074
meghalaya,2023,3,district,ri bhoi district,1570
meghalaya,2023,3,district,east jaintia hills district,694
meghalaya,2023,3,district,west jaintia hills district,229
meghalaya,2023,3,district,south west garo hills district,197
meghalaya,2023,3,district,north garo hills district,130
meghalaya,2023,3,district,east garo hills district,81
meghalaya,2023,3,district,south garo hills district,46
meghalaya,2023,3,district,west khasi hills district,22
meghalaya,2023,4,district,west garo hills district,2441
meghalaya,2023,4,district,east khasi hills district,2300
meghalaya,2023,4,district,ri bhoi district,1659
meghalaya,2023,4,district,east jaintia hills district,709
meghalaya,2023,4,district,west jaintia hills district,234
meghalaya,2023,4,district,south west garo hills district,225
meghalaya,2023,4,district,north garo hills district,137
meghalaya,2023,4,district,east garo hills district,88
meghalaya,2023,4,district,south garo hills district,46
meghalaya,2023,4,district,west khasi hills district,29
meghalaya,2024,1,district,east khasi hills district,2644
meghalaya,2024,1,district,west garo hills district,2543
meghalaya,2024,1,district,ri bhoi district,1814
meghalaya,2024,1,district,east jaintia hills district,718
meghalaya,2024,1,district,west jaintia hills district,270
meghalaya,2024,1,district,south west garo hills district,238
meghalaya,2024,1,district,north garo hills district,150
meghalaya,2024,1,district,east garo hills district,90
meghalaya,2024,1,district,south garo hills district,46
meghalaya,2024,1,district,west khasi hills district,28
meghalaya,2024,2,district,east khasi hills district,2989
meghalaya,2024,2,district,west garo hills district,2642
meghalaya,2024,2,district,ri bhoi district,1977
meghalaya,2024,2,district,east jaintia hills district,735
meghalaya,2024,2,district,west jaintia hills district,279
meghalaya,2024,2,district,south west garo hills district,259
meghalaya,2024,2,district,north garo hills district,165
meghalaya,2024,2,district,east garo hills district,90
meghalaya,2024,2,district,south garo hills district,46
meghalaya,2024,2,district,west khasi hills district,28
meghalaya,2024,3,district,east khasi hills district,3636
meghalaya,2024,3,district,west garo hills district,2957
meghalaya,2024,3,district,ri bhoi district,2137
meghalaya,2024,3,district,east jaintia hills district,759
meghalaya,2024,3,district,south west garo hills district,317
meghalaya,2024,3,district,west jaintia hills district,309
meghalaya,2024,3,district,north garo hills district,179
meghalaya,2024,3,district,east garo hills district,136
meghalaya,2024,3,district,south garo hills district,55
meghalaya,2024,3,district,west khasi hills district,28
meghalaya,2024,4,district,east khasi hills district,4097
meghalaya,2024,4,district,west garo hills district,3474
meghalaya,2024,4,district,ri bhoi district,2238
meghalaya,2024,4,district,east jaintia hills district,808
meghalaya,2024,4,district,south west garo hills district,350
meghalaya,2024,4,district,west jaintia hills district,314
meghalaya,2024,4,district,north garo hills district,185
meghalaya,2024,4,district,east garo hills district,181
meghalaya,2024,4,district,south garo hills district,69
meghalaya,2024,4,district,west khasi hills district,28
meghalaya,2025,1,district,east khasi hills district,4464
meghalaya,2025,1,district,west garo hills district,3848
meghalaya,2025,1,district,ri bhoi district,2330
meghalaya,2025,1,district,east jaintia hills district,825
meghalaya,2025,1,district,south west garo hills district,369
meghalaya,2025,1,district,west jaintia hills district,317
meghalaya,2025,1,district,north garo hills district,195
meghalaya,2025,1,district,east garo hills district,186
meghalaya,2025,1,district,south garo hills district,70
meghalaya,2025,1,district,west khasi hills district,29
meghalaya,2025,2,district,east khasi hills district,4877
meghalaya,2025,2,district,west garo hills district,4140
meghalaya,2025,2,district,ri bhoi district,2422
meghalaya,2025,2,district,east jaintia hills district,836
meghalaya,2025,2,district,south west garo hills district,376
meghalaya,2025,2,district,west jaintia hills district,318
meghalaya,2025,2,district,north garo hills district,195
meghalaya,2025,2,district,east garo hills district,186
meghalaya,2025,2,district,south garo hills district,70
meghalaya,2025,2,district,west khasi hills district,29
meghalaya,2025,3,district,east khasi hills district,5391
meghalaya,2025,3,district,west garo hills district,4714
meghalaya,2025,3,district,ri bhoi district,2513
meghalaya,2025,3,district,east jaintia hills district,862
meghalaya,2025,3,district,south west garo hills district,450
meghalaya,2025,3,district,west jaintia hills district,326
meghalaya,2025,3,district,east garo hills district,211
meghalaya,2025,3,district,north garo hills district,207
meghalaya,2025,3,district,south garo hills district,71
meghalaya,2025,3,district,west khasi hills district,29
meghalaya,2025,4,district,east khasi hills district,5916
meghalaya,2025,4,district,west garo hills district,5410
meghalaya,2025,4,district,ri bhoi district,2648
meghalaya,2025,4,district,east jaintia hills district,879
meghalaya,2025,4,district,south west garo hills district,624
meghalaya,2025,4,district,east garo hills district,364
meghalaya,2025,4,district,west jaintia hills district,351
meghalaya,2025,4,district,north garo hills district,243
meghalaya,2025,4,district,south garo hills district,82
meghalaya,2025,4,district,west khasi hills district,43
meghalaya,2026,1,district,east khasi hills district,6159
meghalaya,2026,1,district,west garo hills district,6053
meghalaya,2026,1,district,ri bhoi district,2719
meghalaya,2026,1,district,east jaintia hills district,920
meghalaya,2026,1,district,south west garo hills district,708
meghalaya,2026,1,district,east garo hills district,514
meghalaya,2026,1,district,west jaintia hills district,417
meghalaya,2026,1,district,north garo hills district,312
meghalaya,2026,1,district,south garo hills district,105
meghalaya,2026,1,district,west khasi hills district,43
meghalaya,2026,2,district,west garo hills district,8710
meghalaya,2026,2,district,east khasi hills district,6726
meghalaya,2026,2,district,ri bhoi district,2935
meghalaya,2026,2,district,east jaintia hills district,955
meghalaya,2026,2,district,south west garo hills district,734
meghalaya,2026,2,district,east garo hills district,633
meghalaya,2026,2,district,west jaintia hills district,463
meghalaya,2026,2,district,north garo hills district,399
meghalaya,2026,2,district,south garo hills district,137
meghalaya,2026,2,district,west khasi hills district,47
mizoram,2019,1,district,serchhip district,2
mizoram,2019,1,district,saitual district,2
mizoram,2019,1,district,aizawl district,2
mizoram,2019,1,district,mamit district,1
mizoram,2019,1,district,khawzawl district,1
mizoram,2019,2,district,aizawl district,9
mizoram,2019,2,district,lawngtlai district,3
mizoram,2019,2,district,lunglei district,3
mizoram,2019,2,district,saitual district,2
mizoram,2019,2,district,serchhip district,2
mizoram,2019,2,district,mamit district,1
mizoram,2019,2,district,khawzawl district,1
mizoram,2019,3,district,aizawl district,17
mizoram,2019,3,district,lawngtlai district,8
mizoram,2019,3,district,lunglei district,7
mizoram,2019,3,district,mamit district,4
mizoram,2019,3,district,kolasib district,3
mizoram,2019,3,district,saitual district,3
mizoram,2019,3,district,serchhip district,3
mizoram,2019,3,district,khawzawl district,2
mizoram,2019,3,district,champhai district,1
mizoram,2019,4,district,aizawl district,24
mizoram,2019,4,district,lawngtlai district,12
mizoram,2019,4,district,lunglei district,8
mizoram,2019,4,district,mamit district,5
mizoram,2019,4,district,kolasib district,4
mizoram,2019,4,district,saitual district,3
mizoram,2019,4,district,serchhip district,3
mizoram,2019,4,district,khawzawl district,2
mizoram,2019,4,district,siaha district,1
mizoram,2019,4,district,champhai district,1
mizoram,2020,1,district,aizawl district,34
mizoram,2020,1,district,lawngtlai district,14
mizoram,2020,1,district,lunglei district,11
mizoram,2020,1,district,mamit district,6
mizoram,2020,1,district,kolasib district,4
mizoram,2020,1,district,saitual district,3
mizoram,2020,1,district,serchhip district,3
mizoram,2020,1,district,khawzawl district,3
mizoram,2020,1,district,siaha district,3
mizoram,2020,1,district,champhai district,1
mizoram,2020,2,district,aizawl district,44
mizoram,2020,2,district,lawngtlai district,15
mizoram,2020,2,district,lunglei district,13
mizoram,2020,2,district,mamit district,6
mizoram,2020,2,district,kolasib district,6
mizoram,2020,2,district,saitual district,4
mizoram,2020,2,district,serchhip district,3
mizoram,2020,2,district,khawzawl district,3
mizoram,2020,2,district,siaha district,3
mizoram,2020,2,district,champhai district,1
mizoram,2020,3,district,aizawl district,45
mizoram,2020,3,district,lawngtlai district,17
mizoram,2020,3,district,lunglei district,13
mizoram,2020,3,district,kolasib district,6
mizoram,2020,3,district,mamit district,6
mizoram,2020,3,district,saitual district,4
mizoram,2020,3,district,serchhip district,3
mizoram,2020,3,district,khawzawl district,3
mizoram,2020,3,district,siaha district,3
mizoram,2020,3,district,champhai district,1
mizoram,2020,4,district,aizawl district,53
mizoram,2020,4,district,lawngtlai district,20
mizoram,2020,4,district,lunglei district,14
mizoram,2020,4,district,kolasib district,7
mizoram,2020,4,district,mamit district,6
mizoram,2020,4,district,saitual district,4
mizoram,2020,4,district,khawzawl district,4
mizoram,2020,4,district,siaha district,3
mizoram,2020,4,district,serchhip district,3
mizoram,2020,4,district,champhai district,2
mizoram,2021,1,district,aizawl district,55
mizoram,2021,1,district,lawngtlai district,22
mizoram,2021,1,district,lunglei district,16
mizoram,2021,1,district,kolasib district,7
mizoram,2021,1,district,mamit district,7
mizoram,2021,1,district,saitual district,4
mizoram,2021,1,district,serchhip district,4
mizoram,2021,1,district,siaha district,4
mizoram,2021,1,district,khawzawl district,4
mizoram,2021,1,district,champhai district,3
mizoram,2021,2,district,aizawl district,61
mizoram,2021,2,district,lawngtlai district,26
mizoram,2021,2,district,lunglei district,20
mizoram,2021,2,district,kolasib district,7
mizoram,2021,2,district,mamit district,7
mizoram,2021,2,district,serchhip district,5
mizoram,2021,2,district,siaha district,5
mizoram,2021,2,district,khawzawl district,4
mizoram,2021,2,district,saitual district,4
mizoram,2021,2,district,champhai district,3
mizoram,2021,3,district,aizawl district,79
mizoram,2021,3,district,lawngtlai district,31
mizoram,2021,3,district,lunglei district,26
mizoram,2021,3,district,kolasib district,10
mizoram,2021,3,district,mamit district,8
mizoram,2021,3,district,serchhip district,5
mizoram,2021,3,district,khawzawl district,5
mizoram,2021,3,district,siaha district,5
mizoram,2021,3,district,saitual district,4
mizoram,2021,3,district,champhai district,3
mizoram,2021,4,district,aizawl district,90
mizoram,2021,4,district,lawngtlai district,34
mizoram,2021,4,district,lunglei district,29
mizoram,2021,4,district,kolasib district,20
mizoram,2021,4,district,mamit district,10
mizoram,2021,4,district,khawzawl district,8
mizoram,2021,4,district,siaha district,7
mizoram,2021,4,district,saitual district,5
mizoram,2021,4,district,serchhip district,5
mizoram,2021,4,district,champhai district,3
mizoram,2022,1,district,aizawl district,107
mizoram,2022,1,district,lawngtlai district,40
mizoram,2022,1,district,lunglei district,34
mizoram,2022,1,district,kolasib district,25
mizoram,2022,1,district,mamit district,14
mizoram,2022,1,district,siaha district,9
mizoram,2022,1,district,khawzawl district,8
mizoram,2022,1,district,serchhip district,7
mizoram,2022,1,district,saitual district,5
mizoram,2022,1,district,champhai district,4
mizoram,2022,2,district,aizawl district,123
mizoram,2022,2,district,lawngtlai district,42
mizoram,2022,2,district,lunglei district,38
mizoram,2022,2,district,kolasib district,25
mizoram,2022,2,district,mamit district,24
mizoram,2022,2,district,siaha district,10
mizoram,2022,2,district,khawzawl district,9
mizoram,2022,2,district,serchhip district,7
mizoram,2022,2,district,champhai district,6
mizoram,2022,2,district,saitual district,5
mizoram,2022,3,district,aizawl district,154
mizoram,2022,3,district,lawngtlai district,49
mizoram,2022,3,district,lunglei district,41
mizoram,2022,3,district,mamit district,33
mizoram,2022,3,district,kolasib district,26
mizoram,2022,3,district,serchhip district,13
mizoram,2022,3,district,siaha district,11
mizoram,2022,3,district,khawzawl district,10
mizoram,2022,3,district,champhai district,6
mizoram,2022,3,district,saitual district,5
mizoram,2022,4,district,aizawl district,653
mizoram,2022,4,district,lunglei district,98
mizoram,2022,4,district,kolasib district,85
mizoram,2022,4,district,lawngtlai district,52
mizoram,2022,4,district,mamit district,38
mizoram,2022,4,district,serchhip district,20
mizoram,2022,4,district,khawzawl district,12
mizoram,2022,4,district,siaha district,12
mizoram,2022,4,district,hnahthial district,7
mizoram,2022,4,district,champhai district,6
mizoram,2023,1,district,aizawl district,1144
mizoram,2023,1,district,kolasib district,228
mizoram,2023,1,district,lunglei district,163
mizoram,2023,1,district,serchhip district,74
mizoram,2023,1,district,lawngtlai district,52
mizoram,2023,1,district,mamit district,50
mizoram,2023,1,district,champhai district,37
mizoram,2023,1,district,khawzawl district,12
mizoram,2023,1,district,siaha district,12
mizoram,2023,1,district,hnahthial district,7
mizoram,2023,2,district,aizawl district,1748
mizoram,2023,2,district,kolasib district,292
mizoram,2023,2,district,lunglei district,166
mizoram,2023,2,district,serchhip district,125
mizoram,2023,2,district,mamit district,85
mizoram,2023,2,district,lawngtlai district,53
mizoram,2023,2,district,champhai district,37
mizoram,2023,2,district,siaha district,13
mizoram,2023,2,district,khawzawl district,12
mizoram,2023,2,district,hnahthial district,8
mizoram,2023,3,district,aizawl district,2502
mizoram,2023,3,district,kolasib district,378
mizoram,2023,3,district,lunglei district,232
mizoram,2023,3,district,serchhip district,156
mizoram,2023,3,district,mamit district,88
mizoram,2023,3,district,champhai district,57
mizoram,2023,3,district,lawngtlai district,53
mizoram,2023,3,district,siaha district,14
mizoram,2023,3,district,khawzawl district,13
mizoram,2023,3,district,hnahthial district,12
mizoram,2023,4,district,aizawl district,3498
mizoram,2023,4,district,kolasib district,457
mizoram,2023,4,district,lunglei district,259
mizoram,2023,4,district,serchhip district,177
mizoram,2023,4,district,mamit district,132
mizoram,2023,4,district,champhai district,65
mizoram,2023,4,district,lawngtlai district,54
mizoram,2023,4,district,saitual district,17
mizoram,2023,4,district,siaha district,15
mizoram,2023,4,district,khawzawl district,13
mizoram,2024,1,district,aizawl district,4370
mizoram,2024,1,district,kolasib district,544
mizoram,2024,1,district,lunglei district,365
mizoram,2024,1,district,serchhip district,246
mizoram,2024,1,district,mamit district,219
mizoram,2024,1,district,champhai district,116
mizoram,2024,1,district,lawngtlai district,57
mizoram,2024,1,district,khawzawl district,40
mizoram,2024,1,district,saitual district,31
mizoram,2024,1,district,siaha district,16
mizoram,2024,2,district,aizawl district,5586
mizoram,2024,2,district,kolasib district,619
mizoram,2024,2,district,lunglei district,575
mizoram,2024,2,district,serchhip district,357
mizoram,2024,2,district,mamit district,283
mizoram,2024,2,district,champhai district,206
mizoram,2024,2,district,siaha district,133
mizoram,2024,2,district,lawngtlai district,93
mizoram,2024,2,district,khawzawl district,92
mizoram,2024,2,district,saitual district,42
mizoram,2024,3,district,aizawl district,7985
mizoram,2024,3,district,lunglei district,848
mizoram,2024,3,district,kolasib district,749
mizoram,2024,3,district,serchhip district,514
mizoram,2024,3,district,mamit district,338
mizoram,2024,3,district,champhai district,325
mizoram,2024,3,district,siaha district,285
mizoram,2024,3,district,saitual district,142
mizoram,2024,3,district,khawzawl district,140
mizoram,2024,3,district,lawngtlai district,107
mizoram,2024,4,district,aizawl district,9811
mizoram,2024,4,district,lunglei district,954
mizoram,2024,4,district,kolasib district,876
mizoram,2024,4,district,serchhip district,602
mizoram,2024,4,district,champhai district,416
mizoram,2024,4,district,siaha district,380
mizoram,2024,4,district,mamit district,354
mizoram,2024,4,district,khawzawl district,203
mizoram,2024,4,district,lawngtlai district,156
mizoram,2024,4,district,saitual district,152
mizoram,2025,1,district,aizawl district,11302
mizoram,2025,1,district,lunglei district,1049
mizoram,2025,1,district,kolasib district,1004
mizoram,2025,1,district,serchhip district,659
mizoram,2025,1,district,champhai district,484
mizoram,2025,1,district,mamit district,463
mizoram,2025,1,district,siaha district,454
mizoram,2025,1,district,khawzawl district,245
mizoram,2025,1,district,saitual district,232
mizoram,2025,1,district,lawngtlai district,188
mizoram,2025,2,district,aizawl district,12317
mizoram,2025,2,district,lunglei district,1116
mizoram,2025,2,district,kolasib district,1045
mizoram,2025,2,district,serchhip district,698
mizoram,2025,2,district,siaha district,533
mizoram,2025,2,district,champhai district,529
mizoram,2025,2,district,mamit district,491
mizoram,2025,2,district,khawzawl district,258
mizoram,2025,2,district,saitual district,240
mizoram,2025,2,district,lawngtlai district,193
mizoram,2025,3,district,aizawl district,13533
mizoram,2025,3,district,lunglei district,1223
mizoram,2025,3,district,kolasib district,1162
mizoram,2025,3,district,serchhip district,777
mizoram,2025,3,district,champhai district,680
mizoram,2025,3,district,siaha district,597
mizoram,2025,3,district,mamit district,557
mizoram,2025,3,district,lawngtlai district,299
mizoram,2025,3,district,saitual district,281
mizoram,2025,3,district,khawzawl district,258
mizoram,2025,4,district,aizawl district,14642
mizoram,2025,4,district,lunglei district,1349
mizoram,2025,4,district,kolasib district,1260
mizoram,2025,4,district,serchhip district,848
mizoram,2025,4,district,champhai district,751
mizoram,2025,4,district,siaha district,677
mizoram,2025,4,district,mamit district,621
mizoram,2025,4,district,lawngtlai district,366
mizoram,2025,4,district,saitual district,295
mizoram,2025,4,district,khawzawl district,289
mizoram,2026,1,district,aizawl district,15514
mizoram,2026,1,district,lunglei district,1490
mizoram,2026,1,district,kolasib district,1339
mizoram,2026,1,district,serchhip district,965
mizoram,2026,1,district,champhai district,812
mizoram,2026,1,district,mamit district,751
mizoram,2026,1,district,siaha district,746
mizoram,2026,1,district,lawngtlai district,370
mizoram,2026,1,district,khawzawl district,321
mizoram,2026,1,district,saitual district,309
mizoram,2026,2,district,aizawl district,16407
mizoram,2026,2,district,lunglei district,1559
mizoram,2026,2,district,kolasib district,1419
mizoram,2026,2,district,serchhip district,1047
mizoram,2026,2,district,champhai district,923
mizoram,2026,2,district,mamit district,825
mizoram,2026,2,district,siaha district,824
mizoram,2026,2,district,lawngtlai district,381
mizoram,2026,2,district,khawzawl district,356
mizoram,2026,2,district,hnahthial district,332
nagaland,2018,3,district,phek district,1
nagaland,2018,4,district,phek district,14
nagaland,2018,4,district,chumoukedima district,1
nagaland,2019,1,district,phek district,15
nagaland,2019,1,district,dimapur district,5
nagaland,2019,1,district,chumoukedima district,5
nagaland,2019,1,district,kohima district,3
nagaland,2019,1,district,mokokchung district,1
nagaland,2019,1,district,mon district,1
nagaland,2019,1,district,peren district,1
nagaland,2019,1,district,wokha district,1
nagaland,2019,2,district,dimapur district,21
nagaland,2019,2,district,phek district,16
nagaland,2019,2,district,chumoukedima district,11
nagaland,2019,2,district,kohima district,10
nagaland,2019,2,district,mokokchung district,8
nagaland,2019,2,district,wokha district,3
nagaland,2019,2,district,tuensang district,2
nagaland,2019,2,district,peren district,1
nagaland,2019,2,district,kiphire district,1
nagaland,2019,2,district,meluri district,1
nagaland,2019,2,district,mon district,1
nagaland,2019,3,district,dimapur district,47
nagaland,2019,3,district,kohima district,31
nagaland,2019,3,district,chumoukedima district,22
nagaland,2019,3,district,phek district,17
nagaland,2019,3,district,mokokchung district,13
nagaland,2019,3,district,wokha district,4
nagaland,2019,3,district,mon district,4
nagaland,2019,3,district,tuensang district,4
nagaland,2019,3,district,kiphire district,3
nagaland,2019,3,district,meluri district,2
nagaland,2019,4,district,dimapur district,64
nagaland,2019,4,district,kohima district,43
nagaland,2019,4,district,chumoukedima district,31
nagaland,2019,4,district,phek district,17
nagaland,2019,4,district,mokokchung district,16
nagaland,2019,4,district,mon district,8
nagaland,2019,4,district,wokha district,5
nagaland,2019,4,district,kiphire district,4
nagaland,2019,4,district,tuensang district,4
nagaland,2019,4,district,longleng district,3
nagaland,2020,1,district,dimapur district,73
nagaland,2020,1,district,kohima district,48
nagaland,2020,1,district,chumoukedima district,37
nagaland,2020,1,district,mokokchung district,18
nagaland,2020,1,district,phek district,17
nagaland,2020,1,district,mon district,14
nagaland,2020,1,district,wokha district,8
nagaland,2020,1,district,tuensang district,6
nagaland,2020,1,district,kiphire district,5
nagaland,2020,1,district,longleng district,4
nagaland,2020,2,district,dimapur district,85
nagaland,2020,2,district,kohima district,53
nagaland,2020,2,district,chumoukedima district,45
nagaland,2020,2,district,mon district,21
nagaland,2020,2,district,phek district,20
nagaland,2020,2,district,mokokchung district,20
nagaland,2020,2,district,tuensang district,10
nagaland,2020,2,district,wokha district,9
nagaland,2020,2,district,kiphire district,6
nagaland,2020,2,district,longleng district,5
nagaland,2020,3,district,dimapur district,93
nagaland,2020,3,district,kohima district,57
nagaland,2020,3,district,chumoukedima district,49
nagaland,2020,3,district,mon district,21
nagaland,2020,3,district,phek district,20
nagaland,2020,3,district,mokokchung district,20
nagaland,2020,3,district,tuensang district,11
nagaland,2020,3,district,wokha district,9
nagaland,2020,3,district,kiphire district,7
nagaland,2020,3,district,longleng district,7
nagaland,2020,4,district,dimapur district,109
nagaland,2020,4,district,kohima district,64
nagaland,2020,4,district,chumoukedima district,59
nagaland,2020,4,district,mon district,24
nagaland,2020,4,district,phek district,21
nagaland,2020,4,district,mokokchung district,20
nagaland,2020,4,district,tuensang district,11
nagaland,2020,4,district,kiphire district,9
nagaland,2020,4,district,wokha district,9
nagaland,2020,4,district,longleng district,7
nagaland,2021,1,district,dimapur district,131
nagaland,2021,1,district,kohima district,70
nagaland,2021,1,district,chumoukedima district,65
nagaland,2021,1,district,mon district,27
nagaland,2021,1,district,phek district,22
nagaland,2021,1,district,mokokchung district,20
nagaland,2021,1,district,tuensang district,11
nagaland,2021,1,district,kiphire district,9
nagaland,2021,1,district,wokha district,9
nagaland,2021,1,district,longleng district,7
nagaland,2021,1,district,peren district,7
nagaland,2021,2,district,dimapur district,146
nagaland,2021,2,district,kohima district,79
nagaland,2021,2,district,chumoukedima district,70
nagaland,2021,2,district,mon district,34
nagaland,2021,2,district,phek district,22
nagaland,2021,2,district,mokokchung district,20
nagaland,2021,2,district,wokha district,11
nagaland,2021,2,district,peren district,11
nagaland,2021,2,district,tuensang district,11
nagaland,2021,2,district,kiphire district,9
nagaland,2021,3,district,dimapur district,217
nagaland,2021,3,district,kohima district,91
nagaland,2021,3,district,chumoukedima district,84
nagaland,2021,3,district,mon district,40
nagaland,2021,3,district,phek district,24
nagaland,2021,3,district,mokokchung district,21
nagaland,2021,3,district,peren district,14
nagaland,2021,3,district,wokha district,13
nagaland,2021,3,district,kiphire district,12
nagaland,2021,3,district,tuensang district,12
nagaland,2021,4,district,dimapur district,509
nagaland,2021,4,district,kohima district,105
nagaland,2021,4,district,chumoukedima district,99
nagaland,2021,4,district,mon district,44
nagaland,2021,4,district,wokha district,35
nagaland,2021,4,district,phek district,35
nagaland,2021,4,district,mokokchung district,23
nagaland,2021,4,district,peren district,18
nagaland,2021,4,district,kiphire district,14
nagaland,2021,4,district,tuensang district,13
nagaland,2022,1,district,dimapur district,1321
nagaland,2022,1,district,kohima district,129
nagaland,2022,1,district,chumoukedima district,120
nagaland,2022,1,district,mon district,60
nagaland,2022,1,district,wokha district,40
nagaland,2022,1,district,phek district,39
nagaland,2022,1,district,mokokchung district,27
nagaland,2022,1,district,peren district,22
nagaland,2022,1,district,tuensang district,17
nagaland,2022,1,district,kiphire district,16
nagaland,2022,2,district,dimapur district,2045
nagaland,2022,2,district,kohima district,505
nagaland,2022,2,district,chumoukedima district,257
nagaland,2022,2,district,mon district,99
nagaland,2022,2,district,wokha district,48
nagaland,2022,2,district,phek district,39
nagaland,2022,2,district,mokokchung district,31
nagaland,2022,2,district,peren district,22
nagaland,2022,2,district,tuensang district,21
nagaland,2022,2,district,kiphire district,18
nagaland,2022,3,district,dimapur district,2195
nagaland,2022,3,district,kohima district,530
nagaland,2022,3,district,chumoukedima district,296
nagaland,2022,3,district,mon district,129
nagaland,2022,3,district,wokha district,52
nagaland,2022,3,district,mokokchung district,52
nagaland,2022,3,district,phek district,39
nagaland,2022,3,district,tuensang district,29
nagaland,2022,3,district,peren district,27
nagaland,2022,3,district,kiphire district,20
nagaland,2022,4,district,dimapur district,3042
nagaland,2022,4,district,chumoukedima district,562
nagaland,2022,4,district,kohima district,543
nagaland,2022,4,district,mon district,140
nagaland,2022,4,district,mokokchung district,54
nagaland,2022,4,district,wokha district,52
nagaland,2022,4,district,phek district,41
nagaland,2022,4,district,tuensang district,33
nagaland,2022,4,district,peren district,28
nagaland,2022,4,district,kiphire district,21
nagaland,2023,1,district,dimapur district,3282
nagaland,2023,1,district,chumoukedima district,637
nagaland,2023,1,district,kohima district,548
nagaland,2023,1,district,mon district,143
nagaland,2023,1,district,mokokchung district,55
nagaland,2023,1,district,wokha district,52
nagaland,2023,1,district,phek district,41
nagaland,2023,1,district,tuensang district,33
nagaland,2023,1,district,peren district,28
nagaland,2023,1,district,kiphire district,21
nagaland,2023,2,district,dimapur district,3361
nagaland,2023,2,district,chumoukedima district,656
nagaland,2023,2,district,kohima district,550
nagaland,2023,2,district,mon district,144
nagaland,2023,2,district,mokokchung district,55
nagaland,2023,2,district,wokha district,52
nagaland,2023,2,district,phek district,42
nagaland,2023,2,district,tuensang district,33
nagaland,2023,2,district,peren district,28
nagaland,2023,2,district,kiphire district,21
nagaland,2023,3,district,dimapur district,3383
nagaland,2023,3,district,chumoukedima district,692
nagaland,2023,3,district,kohima district,553
nagaland,2023,3,district,mon district,146
nagaland,2023,3,district,mokokchung district,55
nagaland,2023,3,district,wokha district,53
nagaland,2023,3,district,phek district,42
nagaland,2023,3,district,tuensang district,33
nagaland,2023,3,district,peren district,28
nagaland,2023,3,district,kiphire district,21
nagaland,2023,4,district,dimapur district,3718
nagaland,2023,4,district,chumoukedima district,986
nagaland,2023,4,district,kohima district,615
nagaland,2023,4,district,mon district,145
nagaland,2023,4,district,mokokchung district,75
nagaland,2023,4,district,wokha district,54
nagaland,2023,4,district,phek district,42
nagaland,2023,4,district,tuensang district,33
nagaland,2023,4,district,peren district,28
nagaland,2023,4,district,kiphire district,21
nagaland,2024,1,district,dimapur district,4419
nagaland,2024,1,district,chumoukedima district,1200
nagaland,2024,1,district,kohima district,958
nagaland,2024,1,district,mokokchung district,197
nagaland,2024,1,district,mon district,146
nagaland,2024,1,district,wokha district,55
nagaland,2024,1,district,phek district,43
nagaland,2024,1,district,tuensang district,33
nagaland,2024,1,district,peren district,31
nagaland,2024,1,district,kiphire district,19
nagaland,2024,2,district,dimapur district,5038
nagaland,2024,2,district,chumoukedima district,1413
nagaland,2024,2,district,kohima district,1362
nagaland,2024,2,district,mokokchung district,283
nagaland,2024,2,district,mon district,154
nagaland,2024,2,district,wokha district,57
nagaland,2024,2,district,phek district,43
nagaland,2024,2,district,peren district,33
nagaland,2024,2,district,tuensang district,33
nagaland,2024,2,district,kiphire district,19
nagaland,2024,3,district,dimapur district,5630
nagaland,2024,3,district,chumoukedima district,1788
nagaland,2024,3,district,kohima district,1721
nagaland,2024,3,district,mokokchung district,334
nagaland,2024,3,district,mon district,155
nagaland,2024,3,district,peren district,76
nagaland,2024,3,district,wokha district,58
nagaland,2024,3,district,phek district,43
nagaland,2024,3,district,tuensang district,33
nagaland,2024,3,district,zunheboto district,23
nagaland,2024,4,district,dimapur district,6245
nagaland,2024,4,district,chumoukedima district,2127
nagaland,2024,4,district,kohima district,2042
nagaland,2024,4,district,mokokchung district,394
nagaland,2024,4,district,mon district,172
nagaland,2024,4,district,peren district,123
nagaland,2024,4,district,wokha district,70
nagaland,2024,4,district,longleng district,68
nagaland,2024,4,district,tuensang district,50
nagaland,2024,4,district,phek district,43
nagaland,2025,1,district,dimapur district,6719
nagaland,2025,1,district,chumoukedima district,2403
nagaland,2025,1,district,kohima district,2352
nagaland,2025,1,district,mokokchung district,428
nagaland,2025,1,district,mon district,189
nagaland,2025,1,district,peren district,153
nagaland,2025,1,district,tuensang district,119
nagaland,2025,1,district,wokha district,92
nagaland,2025,1,district,longleng district,85
nagaland,2025,1,district,phek district,44
nagaland,2025,2,district,dimapur district,7231
nagaland,2025,2,district,kohima district,2600
nagaland,2025,2,district,chumoukedima district,2593
nagaland,2025,2,district,mokokchung district,546
nagaland,2025,2,district,mon district,228
nagaland,2025,2,district,peren district,171
nagaland,2025,2,district,tuensang district,151
nagaland,2025,2,district,longleng district,110
nagaland,2025,2,district,wokha district,93
nagaland,2025,2,district,phek district,44
nagaland,2025,3,district,dimapur district,7876
nagaland,2025,3,district,kohima district,2881
nagaland,2025,3,district,chumoukedima district,2800
nagaland,2025,3,district,mokokchung district,718
nagaland,2025,3,district,mon district,253
nagaland,2025,3,district,peren district,234
nagaland,2025,3,district,tuensang district,215
nagaland,2025,3,district,longleng district,115
nagaland,2025,3,district,wokha district,96
nagaland,2025,3,district,zunheboto district,52
nagaland,2025,4,district,dimapur district,8439
nagaland,2025,4,district,kohima district,3182
nagaland,2025,4,district,chumoukedima district,2945
nagaland,2025,4,district,mokokchung district,803
nagaland,2025,4,district,peren district,312
nagaland,2025,4,district,tuensang district,294
nagaland,2025,4,district,mon district,260
nagaland,2025,4,district,longleng district,115
nagaland,2025,4,district,wokha district,96
nagaland,2025,4,district,zunheboto district,56
nagaland,2026,1,district,dimapur district,8841
nagaland,2026,1,district,kohima district,3458
nagaland,2026,1,district,chumoukedima district,3117
nagaland,2026,1,district,mokokchung district,838
nagaland,2026,1,district,peren district,344
nagaland,2026,1,district,tuensang district,327
nagaland,2026,1,district,mon district,280
nagaland,2026,1,district,longleng district,117
nagaland,2026,1,district,zunheboto district,103
nagaland,2026,1,district,wokha district,101
nagaland,2026,2,district,dimapur district,9304
nagaland,2026,2,district,kohima district,3913
nagaland,2026,2,district,chumoukedima district,3389
nagaland,2026,2,district,mokokchung district,867
nagaland,2026,2,district,peren district,378
nagaland,2026,2,district,tuensang district,362
nagaland,2026,2,district,mon district,299
nagaland,2026,2,district,zunheboto district,181
nagaland,2026,2,district,kiphire district,150
nagaland,2026,2,district,longleng district,123
odisha,2018,1,district,koraput district,8
odisha,2018,1,district,khordha district,4
odisha,2018,2,district,koraput district,4
odisha,2018,2,district,khordha district,2
odisha,2018,2,district,sundargarh district,1
odisha,2018,3,district,khordha district,11
odisha,2018,3,district,koraput district,8
odisha,2018,3,district,bhadrak district,4
odisha,2018,3,district,sundargarh district,4
odisha,2018,3,district,ganjam district,4
odisha,2018,3,district,cuttack district,3
odisha,2018,3,district,nayagarh district,2
odisha,2018,3,district,balasore district,1
odisha,2018,3,district,gajapati district,1
odisha,2018,3,district,jajpur district,1
odisha,2018,3,district,rayagada district,1
odisha,2018,3,district,sambalpur district,1
odisha,2018,4,district,khordha district,71
odisha,2018,4,district,balasore district,47
odisha,2018,4,district,cuttack district,32
odisha,2018,4,district,bhadrak district,32
odisha,2018,4,district,puri district,30
odisha,2018,4,district,koraput district,29
odisha,2018,4,district,ganjam district,27
odisha,2018,4,district,jajpur district,20
odisha,2018,4,district,bargarh district,17
odisha,2018,4,district,angul district,16
odisha,2018,4,district,dhenkanal district,16
odisha,2019,1,district,khordha district,21042
odisha,2019,1,district,cuttack district,7580
odisha,2019,1,district,balasore district,4493
odisha,2019,1,district,puri district,3678
odisha,2019,1,district,jajpur district,2579
odisha,2019,1,district,nayagarh district,1857
odisha,2019,1,district,bhadrak district,1850
odisha,2019,1,district,ganjam district,1688
odisha,2019,1,district,dhenkanal district,1576
odisha,2019,1,district,jagatsinghpur district,1566
odisha,2019,2,district,khordha district,44058
odisha,2019,2,district,cuttack district,18756
odisha,2019,2,district,puri district,13938
odisha,2019,2,district,balasore district,10670
odisha,2019,2,district,jajpur district,8522
odisha,2019,2,district,nayagarh district,6561
odisha,2019,2,district,bhadrak district,6391
odisha,2019,2,district,sundargarh district,4329
odisha,2019,2,district,kendrapara district,4154
odisha,2019,2,district,jagatsinghpur district,4100
odisha,2019,3,district,khordha district,59270
odisha,2019,3,district,cuttack district,26449
odisha,2019,3,district,puri district,19983
odisha,2019,3,district,balasore district,14177
odisha,2019,3,district,jajpur district,11394
odisha,2019,3,district,nayagarh district,8596
odisha,2019,3,district,bhadrak district,8516
odisha,2019,3,district,sundargarh district,7066
odisha,2019,3,district,ganjam district,5918
odisha,2019,3,district,jagatsinghpur district,5561
odisha,2019,4,district,khordha district,71163
odisha,2019,4,district,cuttack district,31835
odisha,2019,4,district,puri district,24962
odisha,2019,4,district,balasore district,17531
odisha,2019,4,district,jajpur district,13660
odisha,2019,4,district,bhadrak district,10439
odisha,2019,4,district,nayagarh district,9940
odisha,2019,4,district,ganjam district,8788
odisha,2019,4,district,sundargarh district,8717
odisha,2019,4,district,jagatsinghpur district,6946
odisha,2020,1,district,khordha district,82614
odisha,2020,1,district,cuttack district,36085
odisha,2020,1,district,puri district,29224
odisha,2020,1,district,balasore district,19716
odisha,2020,1,district,jajpur district,15415
odisha,2020,1,district,bhadrak district,11760
odisha,2020,1,district,nayagarh district,11145
odisha,2020,1,district,ganjam district,10579
odisha,2020,1,district,sundargarh district,10097
odisha,2020,1,district,jagatsinghpur district,7852
odisha,2020,2,district,khordha district,87192
odisha,2020,2,district,cuttack district,38013
odisha,2020,2,district,puri district,31001
odisha,2020,2,district,balasore district,20415
odisha,2020,2,district,jajpur district,15897
odisha,2020,2,district,bhadrak district,12137
odisha,2020,2,district,nayagarh district,11653
odisha,2020,2,district,ganjam district,11274
odisha,2020,2,district,sundargarh district,10687
odisha,2020,2,district,jagatsinghpur district,8131
odisha,2020,3,district,khordha district,98725
odisha,2020,3,district,cuttack district,42414
odisha,2020,3,district,puri district,35652
odisha,2020,3,district,balasore district,23393
odisha,2020,3,district,jajpur district,17769
odisha,2020,3,district,bhadrak district,13806
odisha,2020,3,district,ganjam district,12993
odisha,2020,3,district,nayagarh district,12769
odisha,2020,3,district,sundargarh district,12586
odisha,2020,3,district,jagatsinghpur district,10000
odisha,2020,4,district,khordha district,113834
odisha,2020,4,district,cuttack district,53368
odisha,2020,4,district,puri district,43877
odisha,2020,4,district,balasore district,32131
odisha,2020,4,district,jajpur district,23968
odisha,2020,4,district,ganjam district,22608
odisha,2020,4,district,bhadrak district,20599
odisha,2020,4,district,sundargarh district,16355
odisha,2020,4,district,nayagarh district,16127
odisha,2020,4,district,kendrapara district,13196
odisha,2021,1,district,khordha district,122120
odisha,2021,1,district,cuttack district,60621
odisha,2021,1,district,puri district,49570
odisha,2021,1,district,balasore district,37905
odisha,2021,1,district,ganjam district,32264
odisha,2021,1,district,jajpur district,27635
odisha,2021,1,district,bhadrak district,24883
odisha,2021,1,district,sundargarh district,19258
odisha,2021,1,district,nayagarh district,18117
odisha,2021,1,district,dhenkanal district,15254
odisha,2021,2,district,khordha district,126749
odisha,2021,2,district,cuttack district,65098
odisha,2021,2,district,puri district,52983
odisha,2021,2,district,balasore district,41379
odisha,2021,2,district,ganjam district,39230
odisha,2021,2,district,jajpur district,29514
odisha,2021,2,district,bhadrak district,27003
odisha,2021,2,district,sundargarh district,20545
odisha,2021,2,district,nayagarh district,19454
odisha,2021,2,district,dhenkanal district,17653
odisha,2021,3,district,khordha district,136438
odisha,2021,3,district,cuttack district,71919
odisha,2021,3,district,puri district,58613
odisha,2021,3,district,ganjam district,47451
odisha,2021,3,district,balasore district,45972
odisha,2021,3,district,jajpur district,32548
odisha,2021,3,district,bhadrak district,29385
odisha,2021,3,district,sundargarh district,23772
odisha,2021,3,district,nayagarh district,21678
odisha,2021,3,district,dhenkanal district,20490
odisha,2021,4,district,khordha district,146602
odisha,2021,4,district,cuttack district,80157
odisha,2021,4,district,puri district,62764
odisha,2021,4,district,ganjam district,56152
odisha,2021,4,district,balasore district,52583
odisha,2021,4,district,jajpur district,36215
odisha,2021,4,district,bhadrak district,31297
odisha,2021,4,district,sundargarh district,26859
odisha,2021,4,district,nayagarh district,24466
odisha,2021,4,district,dhenkanal district,22645
odisha,2022,1,district,khordha district,157139
odisha,2022,1,district,cuttack district,87253
odisha,2022,1,district,puri district,67413
odisha,2022,1,district,ganjam district,64322
odisha,2022,1,district,balasore district,58132
odisha,2022,1,district,jajpur district,39043
odisha,2022,1,district,bhadrak district,36858
odisha,2022,1,district,sundargarh district,30023
odisha,2022,1,district,nayagarh district,27128
odisha,2022,1,district,dhenkanal district,26458
odisha,2022,2,district,khordha district,165440
odisha,2022,2,district,cuttack district,93037
odisha,2022,2,district,puri district,70660
odisha,2022,2,district,ganjam district,69757
odisha,2022,2,district,balasore district,61796
odisha,2022,2,district,jajpur district,41489
odisha,2022,2,district,bhadrak district,41221
odisha,2022,2,district,sundargarh district,32104
odisha,2022,2,district,dhenkanal district,28821
odisha,2022,2,district,nayagarh district,28602
odisha,2022,3,district,khordha district,173873
odisha,2022,3,district,cuttack district,97913
odisha,2022,3,district,ganjam district,75448
odisha,2022,3,district,puri district,74336
odisha,2022,3,district,balasore district,65314
odisha,2022,3,district,bhadrak district,44228
odisha,2022,3,district,jajpur district,43983
odisha,2022,3,district,sundargarh district,34589
odisha,2022,3,district,dhenkanal district,31099
odisha,2022,3,district,nayagarh district,30108
odisha,2022,4,district,khordha district,180739
odisha,2022,4,district,cuttack district,102500
odisha,2022,4,district,ganjam district,81882
odisha,2022,4,district,puri district,77245
odisha,2022,4,district,balasore district,68320
odisha,2022,4,district,bhadrak district,46465
odisha,2022,4,district,jajpur district,45754
odisha,2022,4,district,sundargarh district,36415
odisha,2022,4,district,dhenkanal district,33038
odisha,2022,4,district,nayagarh district,31687
odisha,2023,1,district,khordha district,176731
odisha,2023,1,district,cuttack district,100352
odisha,2023,1,district,ganjam district,82604
odisha,2023,1,district,puri district,74265
odisha,2023,1,district,balasore district,68508
odisha,2023,1,district,bhadrak district,45899
odisha,2023,1,district,jajpur district,45424
odisha,2023,1,district,sundargarh district,36159
odisha,2023,1,district,nayagarh district,31798
odisha,2023,1,district,dhenkanal district,31568
odisha,2023,2,district,khordha district,179668
odisha,2023,2,district,cuttack district,101701
odisha,2023,2,district,ganjam district,84263
odisha,2023,2,district,puri district,75313
odisha,2023,2,district,balasore district,70063
odisha,2023,2,district,bhadrak district,46739
odisha,2023,2,district,jajpur district,45963
odisha,2023,2,district,sundargarh district,36935
odisha,2023,2,district,nayagarh district,32491
odisha,2023,2,district,dhenkanal district,31982
odisha,2023,3,district,khordha district,183540
odisha,2023,3,district,cuttack district,104475
odisha,2023,3,district,ganjam district,87125
odisha,2023,3,district,puri district,77641
odisha,2023,3,district,balasore district,72245
odisha,2023,3,district,bhadrak district,47945
odisha,2023,3,district,jajpur district,47175
odisha,2023,3,district,sundargarh district,38266
odisha,2023,3,district,nayagarh district,33229
odisha,2023,3,district,mayurbhanj district,33183
odisha,2023,4,district,khordha district,187684
odisha,2023,4,district,cuttack district,107012
odisha,2023,4,district,ganjam district,90144
odisha,2023,4,district,puri district,79284
odisha,2023,4,district,balasore district,74280
odisha,2023,4,district,bhadrak district,48990
odisha,2023,4,district,jajpur district,48248
odisha,2023,4,district,sundargarh district,39858
odisha,2023,4,district,mayurbhanj district,34107
odisha,2023,4,district,nayagarh district,33832
odisha,2024,1,district,khordha district,192468
odisha,2024,1,district,cuttack district,109783
odisha,2024,1,district,ganjam district,92684
odisha,2024,1,district,puri district,81068
odisha,2024,1,district,balasore district,76392
odisha,2024,1,district,bhadrak district,49840
odisha,2024,1,district,jajpur district,48979
odisha,2024,1,district,sundargarh district,41686
odisha,2024,1,district,mayurbhanj district,34999
odisha,2024,1,district,nayagarh district,34373
odisha,2024,2,district,khordha district,197648
odisha,2024,2,district,cuttack district,113238
odisha,2024,2,district,ganjam district,95820
odisha,2024,2,district,puri district,83223
odisha,2024,2,district,balasore district,78622
odisha,2024,2,district,bhadrak district,51144
odisha,2024,2,district,jajpur district,50075
odisha,2024,2,district,sundargarh district,43703
odisha,2024,2,district,mayurbhanj district,36103
odisha,2024,2,district,nayagarh district,35033
odisha,2024,3,district,khordha district,203162
odisha,2024,3,district,cuttack district,116434
odisha,2024,3,district,ganjam district,98509
odisha,2024,3,district,puri district,85053
odisha,2024,3,district,balasore district,80607
odisha,2024,3,district,bhadrak district,52449
odisha,2024,3,district,jajpur district,51161
odisha,2024,3,district,sundargarh district,45697
odisha,2024,3,district,mayurbhanj district,37134
odisha,2024,3,district,nayagarh district,35823
odisha,2024,4,district,khordha district,208915
odisha,2024,4,district,cuttack district,119295
odisha,2024,4,district,ganjam district,101086
odisha,2024,4,district,puri district,86817
odisha,2024,4,district,balasore district,83202
odisha,2024,4,district,bhadrak district,53802
odisha,2024,4,district,jajpur district,52385
odisha,2024,4,district,sundargarh district,47543
odisha,2024,4,district,mayurbhanj district,38341
odisha,2024,4,district,dhenkanal district,36707
odisha,2025,1,district,khordha district,214482
odisha,2025,1,district,cuttack district,121907
odisha,2025,1,district,ganjam district,103489
odisha,2025,1,district,puri district,88529
odisha,2025,1,district,balasore district,85410
odisha,2025,1,district,bhadrak district,55448
odisha,2025,1,district,jajpur district,53608
odisha,2025,1,district,sundargarh district,49381
odisha,2025,1,district,mayurbhanj district,39264
odisha,2025,1,district,dhenkanal district,38029
odisha,2025,2,district,khordha district,218416
odisha,2025,2,district,cuttack district,124144
odisha,2025,2,district,ganjam district,105613
odisha,2025,2,district,puri district,90279
odisha,2025,2,district,balasore district,87675
odisha,2025,2,district,bhadrak district,57502
odisha,2025,2,district,jajpur district,54885
odisha,2025,2,district,sundargarh district,51481
odisha,2025,2,district,mayurbhanj district,40301
odisha,2025,2,district,dhenkanal district,39337
odisha,2025,3,district,khordha district,222054
odisha,2025,3,district,cuttack district,127170
odisha,2025,3,district,ganjam district,107672
odisha,2025,3,district,puri district,92543
odisha,2025,3,district,balasore district,90278
odisha,2025,3,district,bhadrak district,59652
odisha,2025,3,district,jajpur district,56532
odisha,2025,3,district,sundargarh district,53709
odisha,2025,3,district,mayurbhanj district,41772
odisha,2025,3,district,dhenkanal district,40608
odisha,2025,4,district,khordha district,227348
odisha,2025,4,district,cuttack district,131064
odisha,2025,4,district,ganjam district,110745
odisha,2025,4,district,puri district,95979
odisha,2025,4,district,balasore district,93865
odisha,2025,4,district,bhadrak district,62104
odisha,2025,4,district,jajpur district,58465
odisha,2025,4,district,sundargarh district,56042
odisha,2025,4,district,mayurbhanj district,43593
odisha,2025,4,district,dhenkanal district,42322
odisha,2026,1,district,khordha district,231673
odisha,2026,1,district,cuttack district,134411
odisha,2026,1,district,ganjam district,113110
odisha,2026,1,district,puri district,98581
odisha,2026,1,district,balasore district,96267
odisha,2026,1,district,bhadrak district,63578
odisha,2026,1,district,jajpur district,60027
odisha,2026,1,district,sundargarh district,57765
odisha,2026,1,district,mayurbhanj district,45001
odisha,2026,1,district,dhenkanal district,43350
odisha,2026,2,district,khordha district,236790
odisha,2026,2,district,cuttack district,138121
odisha,2026,2,district,ganjam district,115340
odisha,2026,2,district,puri district,102056
odisha,2026,2,district,balasore district,98662
odisha,2026,2,district,bhadrak district,65079
odisha,2026,2,district,jajpur district,61458
odisha,2026,2,district,sundargarh district,59341
odisha,2026,2,district,mayurbhanj district,46357
odisha,2026,2,district,dhenkanal district,44485
puducherry,2018,3,district,puducherry district,2
puducherry,2018,4,district,puducherry district,182
puducherry,2018,4,district,yanam district,11
puducherry,2019,1,district,puducherry district,4711
puducherry,2019,1,district,yanam district,108
puducherry,2019,1,district,karaikal district,3
puducherry,2019,1,district,mahe district,2
puducherry,2019,2,district,puducherry district,9491
puducherry,2019,2,district,yanam district,139
puducherry,2019,2,district,mahe district,37
puducherry,2019,2,district,karaikal district,11
puducherry,2019,3,district,puducherry district,11661
puducherry,2019,3,district,yanam district,192
puducherry,2019,3,district,mahe district,58
puducherry,2019,3,district,karaikal district,25
puducherry,2019,4,district,puducherry district,13451
puducherry,2019,4,district,yanam district,235
puducherry,2019,4,district,mahe district,78
puducherry,2019,4,district,karaikal district,45
puducherry,2020,1,district,puducherry district,14739
puducherry,2020,1,district,yanam district,280
puducherry,2020,1,district,mahe district,90
puducherry,2020,1,district,karaikal district,52
puducherry,2020,2,district,puducherry district,15304
puducherry,2020,2,district,yanam district,304
puducherry,2020,2,district,mahe district,93
puducherry,2020,2,district,karaikal district,58
puducherry,2020,3,district,puducherry district,17246
puducherry,2020,3,district,yanam district,316
puducherry,2020,3,district,mahe district,110
puducherry,2020,3,district,karaikal district,64
puducherry,2020,4,district,puducherry district,19874
puducherry,2020,4,district,karaikal district,530
puducherry,2020,4,district,yanam district,412
puducherry,2020,4,district,mahe district,203
puducherry,2021,1,district,puducherry district,22550
puducherry,2021,1,district,karaikal district,1281
puducherry,2021,1,district,yanam district,547
puducherry,2021,1,district,mahe district,236
puducherry,2021,2,district,puducherry district,23379
puducherry,2021,2,district,karaikal district,1409
puducherry,2021,2,district,yanam district,585
puducherry,2021,2,district,mahe district,283
puducherry,2021,3,district,puducherry district,25156
puducherry,2021,3,district,karaikal district,1909
puducherry,2021,3,district,yanam district,620
puducherry,2021,3,district,mahe district,394
puducherry,2021,4,district,puducherry district,26922
puducherry,2021,4,district,karaikal district,2551
puducherry,2021,4,district,yanam district,681
puducherry,2021,4,district,mahe district,461
puducherry,2022,1,district,puducherry district,28579
puducherry,2022,1,district,karaikal district,3365
puducherry,2022,1,district,yanam district,747
puducherry,2022,1,district,mahe district,535
puducherry,2022,2,district,puducherry district,30023
puducherry,2022,2,district,karaikal district,3873
puducherry,2022,2,district,yanam district,769
puducherry,2022,2,district,mahe district,589
puducherry,2022,3,district,puducherry district,31195
puducherry,2022,3,district,karaikal district,4206
puducherry,2022,3,district,yanam district,784
puducherry,2022,3,district,mahe district,637
puducherry,2022,4,district,puducherry district,31906
puducherry,2022,4,district,karaikal district,4725
puducherry,2022,4,district,yanam district,788
puducherry,2022,4,district,mahe district,712
puducherry,2023,1,district,puducherry district,31852
puducherry,2023,1,district,karaikal district,4976
puducherry,2023,1,district,yanam district,805
puducherry,2023,1,district,mahe district,739
puducherry,2023,2,district,puducherry district,32201
puducherry,2023,2,district,karaikal district,5123
puducherry,2023,2,district,yanam district,826
puducherry,2023,2,district,mahe district,745
puducherry,2023,3,district,puducherry district,32687
puducherry,2023,3,district,karaikal district,5320
puducherry,2023,3,district,yanam district,870
puducherry,2023,3,district,mahe district,768
puducherry,2023,4,district,puducherry district,33243
puducherry,2023,4,district,karaikal district,5476
puducherry,2023,4,district,yanam district,904
puducherry,2023,4,district,mahe district,807
puducherry,2024,1,district,puducherry district,33911
puducherry,2024,1,district,karaikal district,5807
puducherry,2024,1,district,yanam district,937
puducherry,2024,1,district,mahe district,829
puducherry,2024,2,district,puducherry district,34862
puducherry,2024,2,district,karaikal district,6039
puducherry,2024,2,district,yanam district,969
puducherry,2024,2,district,mahe district,854
puducherry,2024,3,district,puducherry district,35798
puducherry,2024,3,district,karaikal district,6382
puducherry,2024,3,district,yanam district,999
puducherry,2024,3,district,mahe district,872
puducherry,2024,4,district,puducherry district,36459
puducherry,2024,4,district,karaikal district,6684
puducherry,2024,4,district,yanam district,1025
puducherry,2024,4,district,mahe district,905
puducherry,2025,1,district,puducherry district,37194
puducherry,2025,1,district,karaikal district,6998
puducherry,2025,1,district,yanam district,1080
puducherry,2025,1,district,mahe district,924
puducherry,2025,2,district,puducherry district,38121
puducherry,2025,2,district,karaikal district,7312
puducherry,2025,2,district,yanam district,1140
puducherry,2025,2,district,mahe district,951
puducherry,2025,3,district,puducherry district,38965
puducherry,2025,3,district,karaikal district,7647
puducherry,2025,3,district,yanam district,1203
puducherry,2025,3,district,mahe district,964
puducherry,2025,4,district,puducherry district,39773
puducherry,2025,4,district,karaikal district,7863
puducherry,2025,4,district,yanam district,1250
puducherry,2025,4,district,mahe district,1004
puducherry,2026,1,district,puducherry district,40338
puducherry,2026,1,district,karaikal district,7971
puducherry,2026,1,district,yanam district,1273
puducherry,2026,1,district,mahe district,1009
puducherry,2026,2,district,puducherry district,40844
puducherry,2026,2,district,karaikal district,8100
puducherry,2026,2,district,yanam district,1323
puducherry,2026,2,district,mahe district,1032
punjab,2018,1,district,ludhiana district,4
punjab,2018,1,district,amritsar district,2
punjab,2018,1,district,fazilka district,2
punjab,2018,1,district,jalandhar district,2
punjab,2018,1,district,sas nagar district,2
punjab,2018,2,district,ludhiana district,4
punjab,2018,2,district,amritsar district,2
punjab,2018,2,district,jalandhar district,2
punjab,2018,2,district,fazilka district,2
punjab,2018,2,district,sas nagar district,2
punjab,2018,3,district,sas nagar district,6
punjab,2018,3,district,ludhiana district,5
punjab,2018,3,district,amritsar district,2
punjab,2018,3,district,jalandhar district,2
punjab,2018,3,district,fazilka district,1
punjab,2018,3,district,tarn taran district,1
punjab,2018,4,district,sas nagar district,30
punjab,2018,4,district,ludhiana district,27
punjab,2018,4,district,amritsar district,11
punjab,2018,4,district,jalandhar district,8
punjab,2018,4,district,kapurthala district,6
punjab,2018,4,district,patiala district,5
punjab,2018,4,district,faridkot district,5
punjab,2018,4,district,hoshiarpur district,4
punjab,2018,4,district,fazilka district,3
punjab,2018,4,district,sangrur district,3
punjab,2019,1,district,sas nagar district,7211
punjab,2019,1,district,ludhiana district,6141
punjab,2019,1,district,jalandhar district,2341
punjab,2019,1,district,amritsar district,1480
punjab,2019,1,district,patiala district,445
punjab,2019,1,district,fatehgarh sahib district,381
punjab,2019,1,district,kapurthala district,250
punjab,2019,1,district,fazilka district,147
punjab,2019,1,district,sangrur district,140
punjab,2019,1,district,bathinda district,138
punjab,2019,2,district,ludhiana district,16713
punjab,2019,2,district,sas nagar district,16608
punjab,2019,2,district,amritsar district,8816
punjab,2019,2,district,patiala district,5902
punjab,2019,2,district,jalandhar district,5395
punjab,2019,2,district,fatehgarh sahib district,1589
punjab,2019,2,district,kapurthala district,1173
punjab,2019,2,district,rupnagar district,860
punjab,2019,2,district,sangrur district,720
punjab,2019,2,district,ferozepur district,612
punjab,2019,3,district,ludhiana district,22877
punjab,2019,3,district,sas nagar district,20866
punjab,2019,3,district,amritsar district,12571
punjab,2019,3,district,patiala district,8773
punjab,2019,3,district,jalandhar district,7719
punjab,2019,3,district,fatehgarh sahib district,2344
punjab,2019,3,district,kapurthala district,1700
punjab,2019,3,district,bathinda district,1482
punjab,2019,3,district,sangrur district,1439
punjab,2019,3,district,rupnagar district,1308
punjab,2019,4,district,ludhiana district,28405
punjab,2019,4,district,sas nagar district,23927
punjab,2019,4,district,amritsar district,15622
punjab,2019,4,district,patiala district,10381
punjab,2019,4,district,jalandhar district,9773
punjab,2019,4,district,fatehgarh sahib district,3031
punjab,2019,4,district,kapurthala district,2450
punjab,2019,4,district,hoshiarpur district,2334
punjab,2019,4,district,bathinda district,2020
punjab,2019,4,district,gurdaspur district,2016
punjab,2020,1,district,ludhiana district,34353
punjab,2020,1,district,sas nagar district,27668
punjab,2020,1,district,amritsar district,18580
punjab,2020,1,district,jalandhar district,11865
punjab,2020,1,district,patiala district,11721
punjab,2020,1,district,fatehgarh sahib district,3639
punjab,2020,1,district,hoshiarpur district,3249
punjab,2020,1,district,kapurthala district,2924
punjab,2020,1,district,gurdaspur district,2717
punjab,2020,1,district,bathinda district,2455
punjab,2020,2,district,ludhiana district,37010
punjab,2020,2,district,sas nagar district,29104
punjab,2020,2,district,amritsar district,19480
punjab,2020,2,district,jalandhar district,12670
punjab,2020,2,district,patiala district,12186
punjab,2020,2,district,fatehgarh sahib district,3933
punjab,2020,2,district,hoshiarpur district,3593
punjab,2020,2,district,kapurthala district,3083
punjab,2020,2,district,gurdaspur district,2925
punjab,2020,2,district,bathinda district,2652
punjab,2020,3,district,ludhiana district,45751
punjab,2020,3,district,sas nagar district,33897
punjab,2020,3,district,amritsar district,23443
punjab,2020,3,district,jalandhar district,16585
punjab,2020,3,district,patiala district,13709
punjab,2020,3,district,fatehgarh sahib district,5004
punjab,2020,3,district,hoshiarpur district,4596
punjab,2020,3,district,kapurthala district,3758
punjab,2020,3,district,gurdaspur district,3521
punjab,2020,3,district,moga district,3117
punjab,2020,4,district,ludhiana district,54861
punjab,2020,4,district,sas nagar district,38266
punjab,2020,4,district,amritsar district,28523
punjab,2020,4,district,jalandhar district,21173
punjab,2020,4,district,patiala district,15734
punjab,2020,4,district,fatehgarh sahib district,6572
punjab,2020,4,district,hoshiarpur district,6417
punjab,2020,4,district,gurdaspur district,6057
punjab,2020,4,district,kapurthala district,5974
punjab,2020,4,district,moga district,4796
punjab,2021,1,district,ludhiana district,64950
punjab,2021,1,district,sas nagar district,43479
punjab,2021,1,district,amritsar district,34417
punjab,2021,1,district,jalandhar district,25146
punjab,2021,1,district,patiala district,18306
punjab,2021,1,district,hoshiarpur district,9226
punjab,2021,1,district,gurdaspur district,8945
punjab,2021,1,district,fatehgarh sahib district,8283
punjab,2021,1,district,kapurthala district,7913
punjab,2021,1,district,bathinda district,7259
punjab,2021,2,district,ludhiana district,73215
punjab,2021,2,district,sas nagar district,47518
punjab,2021,2,district,amritsar district,38912
punjab,2021,2,district,jalandhar district,28567
punjab,2021,2,district,patiala district,22890
punjab,2021,2,district,gurdaspur district,12013
punjab,2021,2,district,hoshiarpur district,11654
punjab,2021,2,district,bathinda district,9939
punjab,2021,2,district,fatehgarh sahib district,9935
punjab,2021,2,district,moga district,9390
punjab,2021,3,district,ludhiana district,81555
punjab,2021,3,district,sas nagar district,51164
punjab,2021,3,district,amritsar district,44450
punjab,2021,3,district,jalandhar district,32245
punjab,2021,3,district,patiala district,29422
punjab,2021,3,district,gurdaspur district,15428
punjab,2021,3,district,hoshiarpur district,14323
punjab,2021,3,district,bathinda district,13298
punjab,2021,3,district,pathankot district,11793
punjab,2021,3,district,moga district,11725
punjab,2021,4,district,ludhiana district,90080
punjab,2021,4,district,sas nagar district,54750
punjab,2021,4,district,amritsar district,51632
punjab,2021,4,district,jalandhar district,35802
punjab,2021,4,district,patiala district,35592
punjab,2021,4,district,gurdaspur district,18768
punjab,2021,4,district,hoshiarpur district,16838
punjab,2021,4,district,bathinda district,16392
punjab,2021,4,district,pathankot district,14660
punjab,2021,4,district,moga district,13644
punjab,2022,1,district,ludhiana district,100741
punjab,2022,1,district,amritsar district,61570
punjab,2022,1,district,sas nagar district,58926
punjab,2022,1,district,patiala district,40914
punjab,2022,1,district,jalandhar district,40192
punjab,2022,1,district,gurdaspur district,24662
punjab,2022,1,district,bathinda district,19884
punjab,2022,1,district,hoshiarpur district,19114
punjab,2022,1,district,pathankot district,18048
punjab,2022,1,district,fazilka district,17497
punjab,2022,2,district,ludhiana district,110051
punjab,2022,2,district,amritsar district,67796
punjab,2022,2,district,sas nagar district,63533
punjab,2022,2,district,patiala district,45796
punjab,2022,2,district,jalandhar district,43552
punjab,2022,2,district,gurdaspur district,28752
punjab,2022,2,district,bathinda district,22794
punjab,2022,2,district,hoshiarpur district,21236
punjab,2022,2,district,fazilka district,20943
punjab,2022,2,district,pathankot district,20242
punjab,2022,3,district,ludhiana district,117442
punjab,2022,3,district,amritsar district,71939
punjab,2022,3,district,sas nagar district,66957
punjab,2022,3,district,patiala district,49872
punjab,2022,3,district,jalandhar district,46376
punjab,2022,3,district,gurdaspur district,33332
punjab,2022,3,district,bathinda district,25866
punjab,2022,3,district,fazilka district,23680
punjab,2022,3,district,hoshiarpur district,22710
punjab,2022,3,district,pathankot district,21595
punjab,2022,4,district,ludhiana district,122599
punjab,2022,4,district,amritsar district,75754
punjab,2022,4,district,sas nagar district,69607
punjab,2022,4,district,patiala district,55467
punjab,2022,4,district,jalandhar district,48041
punjab,2022,4,district,gurdaspur district,38175
punjab,2022,4,district,bathinda district,28123
punjab,2022,4,district,fazilka district,26119
punjab,2022,4,district,hoshiarpur district,24914
punjab,2022,4,district,pathankot district,23457
punjab,2023,1,district,ludhiana district,117137
punjab,2023,1,district,amritsar district,72067
punjab,2023,1,district,sas nagar district,68186
punjab,2023,1,district,patiala district,51784
punjab,2023,1,district,jalandhar district,47048
punjab,2023,1,district,gurdaspur district,28816
punjab,2023,1,district,bathinda district,28743
punjab,2023,1,district,fazilka district,27573
punjab,2023,1,district,hoshiarpur district,25296
punjab,2023,1,district,moga district,21274
punjab,2023,2,district,ludhiana district,118851
punjab,2023,2,district,amritsar district,73200
punjab,2023,2,district,sas nagar district,70224
punjab,2023,2,district,patiala district,53525
punjab,2023,2,district,jalandhar district,48402
punjab,2023,2,district,bathinda district,31215
punjab,2023,2,district,gurdaspur district,29077
punjab,2023,2,district,fazilka district,28573
punjab,2023,2,district,hoshiarpur district,26146
punjab,2023,2,district,moga district,21986
punjab,2023,3,district,ludhiana district,121360
punjab,2023,3,district,amritsar district,74400
punjab,2023,3,district,sas nagar district,72249
punjab,2023,3,district,patiala district,55661
punjab,2023,3,district,jalandhar district,49687
punjab,2023,3,district,bathinda district,33448
punjab,2023,3,district,fazilka district,30657
punjab,2023,3,district,gurdaspur district,29368
punjab,2023,3,district,hoshiarpur district,26686
punjab,2023,3,district,moga district,22739
punjab,2023,4,district,ludhiana district,125157
punjab,2023,4,district,amritsar district,76619
punjab,2023,4,district,sas nagar district,74334
punjab,2023,4,district,patiala district,57141
punjab,2023,4,district,jalandhar district,51325
punjab,2023,4,district,bathinda district,35016
punjab,2023,4,district,fazilka district,32380
punjab,2023,4,district,gurdaspur district,29430
punjab,2023,4,district,hoshiarpur district,27480
punjab,2023,4,district,moga district,23609
punjab,2024,1,district,ludhiana district,129967
punjab,2024,1,district,amritsar district,79906
punjab,2024,1,district,sas nagar district,77202
punjab,2024,1,district,patiala district,58499
punjab,2024,1,district,jalandhar district,53273
punjab,2024,1,district,bathinda district,36516
punjab,2024,1,district,fazilka district,33161
punjab,2024,1,district,gurdaspur district,29897
punjab,2024,1,district,hoshiarpur district,28067
punjab,2024,1,district,moga district,24154
punjab,2024,2,district,ludhiana district,134434
punjab,2024,2,district,amritsar district,83552
punjab,2024,2,district,sas nagar district,79960
punjab,2024,2,district,patiala district,59949
punjab,2024,2,district,jalandhar district,55789
punjab,2024,2,district,bathinda district,37949
punjab,2024,2,district,fazilka district,34060
punjab,2024,2,district,gurdaspur district,31152
punjab,2024,2,district,hoshiarpur district,29507
punjab,2024,2,district,moga district,24763
punjab,2024,3,district,ludhiana district,138335
punjab,2024,3,district,amritsar district,86350
punjab,2024,3,district,sas nagar district,82746
punjab,2024,3,district,patiala district,61427
punjab,2024,3,district,jalandhar district,57976
punjab,2024,3,district,bathinda district,39275
punjab,2024,3,district,fazilka district,34968
punjab,2024,3,district,gurdaspur district,32469
punjab,2024,3,district,hoshiarpur district,30096
punjab,2024,3,district,moga district,25899
punjab,2024,4,district,ludhiana district,142596
punjab,2024,4,district,amritsar district,89343
punjab,2024,4,district,sas nagar district,85140
punjab,2024,4,district,patiala district,62812
punjab,2024,4,district,jalandhar district,59905
punjab,2024,4,district,bathinda district,40700
punjab,2024,4,district,fazilka district,35649
punjab,2024,4,district,gurdaspur district,33876
punjab,2024,4,district,hoshiarpur district,30957
punjab,2024,4,district,ferozepur district,26860
punjab,2025,1,district,ludhiana district,145909
punjab,2025,1,district,amritsar district,91914
punjab,2025,1,district,sas nagar district,87819
punjab,2025,1,district,patiala district,63796
punjab,2025,1,district,jalandhar district,61659
punjab,2025,1,district,bathinda district,41870
punjab,2025,1,district,fazilka district,36223
punjab,2025,1,district,gurdaspur district,34675
punjab,2025,1,district,hoshiarpur district,31684
punjab,2025,1,district,ferozepur district,27965
punjab,2025,2,district,ludhiana district,149079
punjab,2025,2,district,amritsar district,93925
punjab,2025,2,district,sas nagar district,90116
punjab,2025,2,district,patiala district,64891
punjab,2025,2,district,jalandhar district,62892
punjab,2025,2,district,bathinda district,43280
punjab,2025,2,district,fazilka district,36553
punjab,2025,2,district,gurdaspur district,35118
punjab,2025,2,district,hoshiarpur district,32301
punjab,2025,2,district,ferozepur district,28640
punjab,2025,3,district,ludhiana district,152237
punjab,2025,3,district,amritsar district,95515
punjab,2025,3,district,sas nagar district,92408
punjab,2025,3,district,patiala district,66017
punjab,2025,3,district,jalandhar district,63909
punjab,2025,3,district,bathinda district,44823
punjab,2025,3,district,fazilka district,36986
punjab,2025,3,district,gurdaspur district,35872
punjab,2025,3,district,hoshiarpur district,32515
punjab,2025,3,district,ferozepur district,29237
punjab,2025,4,district,ludhiana district,155708
punjab,2025,4,district,amritsar district,97405
punjab,2025,4,district,sas nagar district,94782
punjab,2025,4,district,patiala district,67223
punjab,2025,4,district,jalandhar district,65064
punjab,2025,4,district,bathinda district,46124
punjab,2025,4,district,fazilka district,37443
punjab,2025,4,district,gurdaspur district,37275
punjab,2025,4,district,hoshiarpur district,32700
punjab,2025,4,district,ferozepur district,29626
punjab,2026,1,district,ludhiana district,158348
punjab,2026,1,district,amritsar district,98511
punjab,2026,1,district,sas nagar district,96305
punjab,2026,1,district,patiala district,67817
punjab,2026,1,district,jalandhar district,65918
punjab,2026,1,district,bathinda district,46779
punjab,2026,1,district,fazilka district,37966
punjab,2026,1,district,gurdaspur district,37852
punjab,2026,1,district,hoshiarpur district,32928
punjab,2026,1,district,ferozepur district,30252
punjab,2026,2,district,ludhiana district,161319
punjab,2026,2,district,amritsar district,100269
punjab,2026,2,district,sas nagar district,98314
punjab,2026,2,district,patiala district,68658
punjab,2026,2,district,jalandhar district,66786
punjab,2026,2,district,bathinda district,47582
punjab,2026,2,district,fazilka district,38594
punjab,2026,2,district,gurdaspur district,38371
punjab,2026,2,district,hoshiarpur district,33238
punjab,2026,2,district,ferozepur district,31154
rajasthan,2018,1,district,jaipur district,8
rajasthan,2018,1,district,jodhpur district,6
rajasthan,2018,1,district,barmer district,3
rajasthan,2018,1,district,beawar district,2
rajasthan,2018,1,district,jaisalmer district,2
rajasthan,2018,1,district,jalore district,2
rajasthan,2018,1,district,pali district,2
rajasthan,2018,1,district,bhilwara district,2
rajasthan,2018,1,district,alwar district,2
rajasthan,2018,1,district,kota district,2
rajasthan,2018,1,district,udaipur district,2
rajasthan,2018,2,district,jaipur district,72
rajasthan,2018,2,district,jalore district,10
rajasthan,2018,2,district,jodhpur district,10
rajasthan,2018,2,district,kota district,8
rajasthan,2018,2,district,kotputli behror district,6
rajasthan,2018,2,district,bhilwara district,4
rajasthan,2018,2,district,udaipur district,4
rajasthan,2018,2,district,bikaner district,4
rajasthan,2018,2,district,pali district,4
rajasthan,2018,2,district,barmer district,3
rajasthan,2018,3,district,jaipur district,8338
rajasthan,2018,3,district,jodhpur district,25
rajasthan,2018,3,district,sikar district,19
rajasthan,2018,3,district,dausa district,18
rajasthan,2018,3,district,udaipur district,17
rajasthan,2018,3,district,tonk district,14
rajasthan,2018,3,district,pali district,13
rajasthan,2018,3,district,jalore district,13
rajasthan,2018,3,district,alwar district,10
rajasthan,2018,3,district,deedwana kuchaman district,9
rajasthan,2018,3,district,ajmer district,9
rajasthan,2018,3,district,rajsamand district,9
rajasthan,2018,4,district,jaipur district,41232
rajasthan,2018,4,district,kota district,2502
rajasthan,2018,4,district,dausa district,282
rajasthan,2018,4,district,sikar district,215
rajasthan,2018,4,district,jhunjhunu district,189
rajasthan,2018,4,district,jodhpur district,139
rajasthan,2018,4,district,kotputli behror district,138
rajasthan,2018,4,district,bundi district,92
rajasthan,2018,4,district,tonk district,91
rajasthan,2018,4,district,alwar district,87
rajasthan,2019,1,district,jaipur district,109402
rajasthan,2019,1,district,kota district,25145
rajasthan,2019,1,district,jodhpur district,16003
rajasthan,2019,1,district,ajmer district,9200
rajasthan,2019,1,district,udaipur district,7343
rajasthan,2019,1,district,bhilwara district,6192
rajasthan,2019,1,district,alwar district,4030
rajasthan,2019,1,district,bikaner district,2909
rajasthan,2019,1,district,bundi district,2875
rajasthan,2019,1,district,dausa district,2040
rajasthan,2019,2,district,jaipur district,166860
rajasthan,2019,2,district,kota district,36664
rajasthan,2019,2,district,jodhpur district,26048
rajasthan,2019,2,district,ajmer district,14236
rajasthan,2019,2,district,udaipur district,12415
rajasthan,2019,2,district,bhilwara district,12110
rajasthan,2019,2,district,alwar district,8119
rajasthan,2019,2,district,bikaner district,7277
rajasthan,2019,2,district,dausa district,5869
rajasthan,2019,2,district,sikar district,5063
rajasthan,2019,3,district,jaipur district,219483
rajasthan,2019,3,district,kota district,45588
rajasthan,2019,3,district,jodhpur district,30950
rajasthan,2019,3,district,ajmer district,17135
rajasthan,2019,3,district,bhilwara district,16854
rajasthan,2019,3,district,udaipur district,16006
rajasthan,2019,3,district,alwar district,11530
rajasthan,2019,3,district,dausa district,9869
rajasthan,2019,3,district,sikar district,9264
rajasthan,2019,3,district,bikaner district,8843
rajasthan,2019,4,district,jaipur district,249322
rajasthan,2019,4,district,kota district,53727
rajasthan,2019,4,district,jodhpur district,35949
rajasthan,2019,4,district,ajmer district,20666
rajasthan,2019,4,district,udaipur district,20326
rajasthan,2019,4,district,bhilwara district,20081
rajasthan,2019,4,district,alwar district,12948
rajasthan,2019,4,district,dausa district,12035
rajasthan,2019,4,district,sikar district,11945
rajasthan,2019,4,district,bikaner district,10339
rajasthan,2020,1,district,jaipur district,281744
rajasthan,2020,1,district,kota district,61292
rajasthan,2020,1,district,jodhpur district,40252
rajasthan,2020,1,district,udaipur district,24119
rajasthan,2020,1,district,ajmer district,23491
rajasthan,2020,1,district,bhilwara district,22924
rajasthan,2020,1,district,alwar district,14669
rajasthan,2020,1,district,sikar district,14438
rajasthan,2020,1,district,dausa district,13932
rajasthan,2020,1,district,bikaner district,12085
rajasthan,2020,2,district,jaipur district,296293
rajasthan,2020,2,district,kota district,64795
rajasthan,2020,2,district,jodhpur district,42091
rajasthan,2020,2,district,udaipur district,25862
rajasthan,2020,2,district,ajmer district,25117
rajasthan,2020,2,district,bhilwara district,24566
rajasthan,2020,2,district,sikar district,16089
rajasthan,2020,2,district,alwar district,15963
rajasthan,2020,2,district,dausa district,15155
rajasthan,2020,2,district,bikaner district,13120
rajasthan,2020,3,district,jaipur district,338494
rajasthan,2020,3,district,kota district,75856
rajasthan,2020,3,district,jodhpur district,47980
rajasthan,2020,3,district,udaipur district,32194
rajasthan,2020,3,district,bhilwara district,31095
rajasthan,2020,3,district,ajmer district,29872
rajasthan,2020,3,district,sikar district,23020
rajasthan,2020,3,district,alwar district,18928
rajasthan,2020,3,district,dausa district,17367
rajasthan,2020,3,district,bikaner district,16431
rajasthan,2020,4,district,jaipur district,380792
rajasthan,2020,4,district,kota district,88797
rajasthan,2020,4,district,jodhpur district,53540
rajasthan,2020,4,district,bhilwara district,37484
rajasthan,2020,4,district,ajmer district,36994
rajasthan,2020,4,district,udaipur district,36628
rajasthan,2020,4,district,sikar district,31512
rajasthan,2020,4,district,alwar district,22629
rajasthan,2020,4,district,dausa district,21325
rajasthan,2020,4,district,bikaner district,20249
rajasthan,2021,1,district,jaipur district,413897
rajasthan,2021,1,district,kota district,98173
rajasthan,2021,1,district,jodhpur district,60544
rajasthan,2021,1,district,ajmer district,43738
rajasthan,2021,1,district,bhilwara district,43433
rajasthan,2021,1,district,udaipur district,40751
rajasthan,2021,1,district,sikar district,40174
rajasthan,2021,1,district,dausa district,26518
rajasthan,2021,1,district,jhunjhunu district,26275
rajasthan,2021,1,district,alwar district,26154
rajasthan,2021,2,district,jaipur district,434488
rajasthan,2021,2,district,kota district,102030
rajasthan,2021,2,district,jodhpur district,63007
rajasthan,2021,2,district,ajmer district,47443
rajasthan,2021,2,district,bhilwara district,46620
rajasthan,2021,2,district,sikar district,45772
rajasthan,2021,2,district,udaipur district,43077
rajasthan,2021,2,district,dausa district,31123
rajasthan,2021,2,district,jhunjhunu district,30244
rajasthan,2021,2,district,alwar district,29897
rajasthan,2021,3,district,jaipur district,465481
rajasthan,2021,3,district,kota district,107263
rajasthan,2021,3,district,jodhpur district,67603
rajasthan,2021,3,district,sikar district,56624
rajasthan,2021,3,district,ajmer district,55266
rajasthan,2021,3,district,bhilwara district,54869
rajasthan,2021,3,district,udaipur district,47018
rajasthan,2021,3,district,jhunjhunu district,37730
rajasthan,2021,3,district,dausa district,35816
rajasthan,2021,3,district,bikaner district,35314
rajasthan,2021,4,district,jaipur district,493278
rajasthan,2021,4,district,kota district,110397
rajasthan,2021,4,district,jodhpur district,74600
rajasthan,2021,4,district,sikar district,66634
rajasthan,2021,4,district,ajmer district,62328
rajasthan,2021,4,district,bhilwara district,62276
rajasthan,2021,4,district,udaipur district,51505
rajasthan,2021,4,district,jhunjhunu district,45654
rajasthan,2021,4,district,alwar district,41306
rajasthan,2021,4,district,bikaner district,41117
rajasthan,2022,1,district,jaipur district,527864
rajasthan,2022,1,district,kota district,117181
rajasthan,2022,1,district,jodhpur district,84431
rajasthan,2022,1,district,sikar district,77268
rajasthan,2022,1,district,ajmer district,70589
rajasthan,2022,1,district,bhilwara district,69954
rajasthan,2022,1,district,udaipur district,56284
rajasthan,2022,1,district,jhunjhunu district,53831
rajasthan,2022,1,district,tonk district,51162
rajasthan,2022,1,district,alwar district,49227
rajasthan,2022,2,district,jaipur district,551362
rajasthan,2022,2,district,kota district,122766
rajasthan,2022,2,district,jodhpur district,90003
rajasthan,2022,2,district,sikar district,84198
rajasthan,2022,2,district,ajmer district,76558
rajasthan,2022,2,district,bhilwara district,75422
rajasthan,2022,2,district,jhunjhunu district,60133
rajasthan,2022,2,district,udaipur district,59543
rajasthan,2022,2,district,tonk district,54499
rajasthan,2022,2,district,alwar district,53673
rajasthan,2022,3,district,jaipur district,570596
rajasthan,2022,3,district,kota district,126582
rajasthan,2022,3,district,jodhpur district,94028
rajasthan,2022,3,district,sikar district,89624
rajasthan,2022,3,district,bhilwara district,81493
rajasthan,2022,3,district,ajmer district,80109
rajasthan,2022,3,district,jhunjhunu district,65004
rajasthan,2022,3,district,udaipur district,61759
rajasthan,2022,3,district,tonk district,57172
rajasthan,2022,3,district,alwar district,57093
rajasthan,2022,4,district,jaipur district,592486
rajasthan,2022,4,district,kota district,129971
rajasthan,2022,4,district,jodhpur district,99232
rajasthan,2022,4,district,sikar district,94473
rajasthan,2022,4,district,bhilwara district,86065
rajasthan,2022,4,district,ajmer district,83310
rajasthan,2022,4,district,jhunjhunu district,68964
rajasthan,2022,4,district,udaipur district,63719
rajasthan,2022,4,district,alwar district,61255
rajasthan,2022,4,district,tonk district,59683
rajasthan,2023,1,district,jaipur district,574116
rajasthan,2023,1,district,kota district,126193
rajasthan,2023,1,district,jodhpur district,101809
rajasthan,2023,1,district,sikar district,96280
rajasthan,2023,1,district,bhilwara district,86604
rajasthan,2023,1,district,ajmer district,80884
rajasthan,2023,1,district,jhunjhunu district,70236
rajasthan,2023,1,district,udaipur district,63009
rajasthan,2023,1,district,alwar district,61398
rajasthan,2023,1,district,sri ganganagar district,61015
rajasthan,2023,2,district,jaipur district,582061
rajasthan,2023,2,district,kota district,128103
rajasthan,2023,2,district,jodhpur district,104394
rajasthan,2023,2,district,sikar district,98561
rajasthan,2023,2,district,bhilwara district,88271
rajasthan,2023,2,district,ajmer district,81569
rajasthan,2023,2,district,jhunjhunu district,72257
rajasthan,2023,2,district,udaipur district,63887
rajasthan,2023,2,district,sri ganganagar district,63250
rajasthan,2023,2,district,alwar district,63052
rajasthan,2023,3,district,jaipur district,595851
rajasthan,2023,3,district,kota district,130565
rajasthan,2023,3,district,jodhpur district,108380
rajasthan,2023,3,district,sikar district,101849
rajasthan,2023,3,district,bhilwara district,91084
rajasthan,2023,3,district,ajmer district,83881
rajasthan,2023,3,district,jhunjhunu district,74688
rajasthan,2023,3,district,udaipur district,66388
rajasthan,2023,3,district,alwar district,65810
rajasthan,2023,3,district,sri ganganagar district,65457
rajasthan,2023,4,district,jaipur district,612405
rajasthan,2023,4,district,kota district,134445
rajasthan,2023,4,district,jodhpur district,115091
rajasthan,2023,4,district,sikar district,105049
rajasthan,2023,4,district,bhilwara district,93964
rajasthan,2023,4,district,ajmer district,88480
rajasthan,2023,4,district,jhunjhunu district,76966
rajasthan,2023,4,district,alwar district,69566
rajasthan,2023,4,district,udaipur district,69274
rajasthan,2023,4,district,sri ganganagar district,68416
rajasthan,2024,1,district,jaipur district,636629
rajasthan,2024,1,district,kota district,140642
rajasthan,2024,1,district,jodhpur district,123478
rajasthan,2024,1,district,sikar district,109396
rajasthan,2024,1,district,bhilwara district,97046
rajasthan,2024,1,district,ajmer district,93912
rajasthan,2024,1,district,jhunjhunu district,79337
rajasthan,2024,1,district,udaipur district,74791
rajasthan,2024,1,district,alwar district,74002
rajasthan,2024,1,district,sri ganganagar district,72075
rajasthan,2024,2,district,jaipur district,660970
rajasthan,2024,2,district,kota district,145546
rajasthan,2024,2,district,jodhpur district,130471
rajasthan,2024,2,district,sikar district,114055
rajasthan,2024,2,district,bhilwara district,102940
rajasthan,2024,2,district,ajmer district,98653
rajasthan,2024,2,district,jhunjhunu district,82318
rajasthan,2024,2,district,udaipur district,79446
rajasthan,2024,2,district,alwar district,78358
rajasthan,2024,2,district,sri ganganagar district,75317
rajasthan,2024,3,district,jaipur district,682795
rajasthan,2024,3,district,kota district,149500
rajasthan,2024,3,district,jodhpur district,136868
rajasthan,2024,3,district,sikar district,118922
rajasthan,2024,3,district,bhilwara district,107682
rajasthan,2024,3,district,ajmer district,102165
rajasthan,2024,3,district,jhunjhunu district,85786
rajasthan,2024,3,district,udaipur district,83187
rajasthan,2024,3,district,alwar district,82020
rajasthan,2024,3,district,sri ganganagar district,78337
rajasthan,2024,4,district,jaipur district,704128
rajasthan,2024,4,district,kota district,153362
rajasthan,2024,4,district,jodhpur district,143309
rajasthan,2024,4,district,sikar district,123129
rajasthan,2024,4,district,bhilwara district,111495
rajasthan,2024,4,district,ajmer district,104575
rajasthan,2024,4,district,jhunjhunu district,88373
rajasthan,2024,4,district,udaipur district,86374
rajasthan,2024,4,district,alwar district,85203
rajasthan,2024,4,district,sri ganganagar district,81421
rajasthan,2025,1,district,jaipur district,722465
rajasthan,2025,1,district,kota district,156564
rajasthan,2025,1,district,jodhpur district,149166
rajasthan,2025,1,district,sikar district,126605
rajasthan,2025,1,district,bhilwara district,114719
rajasthan,2025,1,district,ajmer district,107415
rajasthan,2025,1,district,jhunjhunu district,90029
rajasthan,2025,1,district,udaipur district,89321
rajasthan,2025,1,district,alwar district,87629
rajasthan,2025,1,district,sri ganganagar district,83980
rajasthan,2025,2,district,jaipur district,740595
rajasthan,2025,2,district,kota district,159467
rajasthan,2025,2,district,jodhpur district,154525
rajasthan,2025,2,district,sikar district,129794
rajasthan,2025,2,district,bhilwara district,117779
rajasthan,2025,2,district,ajmer district,110091
rajasthan,2025,2,district,udaipur district,91719
rajasthan,2025,2,district,jhunjhunu district,91537
rajasthan,2025,2,district,alwar district,90314
rajasthan,2025,2,district,sri ganganagar district,86264
rajasthan,2025,3,district,jaipur district,758869
rajasthan,2025,3,district,kota district,162542
rajasthan,2025,3,district,jodhpur district,159153
rajasthan,2025,3,district,sikar district,132596
rajasthan,2025,3,district,bhilwara district,120887
rajasthan,2025,3,district,ajmer district,112599
rajasthan,2025,3,district,udaipur district,93655
rajasthan,2025,3,district,alwar district,92921
rajasthan,2025,3,district,jhunjhunu district,92759
rajasthan,2025,3,district,sri ganganagar district,88700
rajasthan,2025,4,district,jaipur district,782677
rajasthan,2025,4,district,kota district,166944
rajasthan,2025,4,district,jodhpur district,163666
rajasthan,2025,4,district,sikar district,135338
rajasthan,2025,4,district,bhilwara district,124424
rajasthan,2025,4,district,ajmer district,115416
rajasthan,2025,4,district,udaipur district,95854
rajasthan,2025,4,district,alwar district,95726
rajasthan,2025,4,district,jhunjhunu district,94613
rajasthan,2025,4,district,sri ganganagar district,91966
rajasthan,2026,1,district,jaipur district,796569
rajasthan,2026,1,district,kota district,171334
rajasthan,2026,1,district,jodhpur district,166686
rajasthan,2026,1,district,sikar district,137776
rajasthan,2026,1,district,bhilwara district,127147
rajasthan,2026,1,district,ajmer district,117117
rajasthan,2026,1,district,alwar district,97591
rajasthan,2026,1,district,udaipur district,97542
rajasthan,2026,1,district,jhunjhunu district,95766
rajasthan,2026,1,district,sri ganganagar district,93901
rajasthan,2026,2,district,jaipur district,813696
rajasthan,2026,2,district,kota district,175128
rajasthan,2026,2,district,jodhpur district,170176
rajasthan,2026,2,district,sikar district,140979
rajasthan,2026,2,district,bhilwara district,129896
rajasthan,2026,2,district,ajmer district,119199
rajasthan,2026,2,district,alwar district,100122
rajasthan,2026,2,district,udaipur district,99601
rajasthan,2026,2,district,jhunjhunu district,97004
rajasthan,2026,2,district,sri ganganagar district,96171
sikkim,2018,4,district,gangtok district,1
sikkim,2019,1,district,gangtok district,7
sikkim,2019,1,district,pakyong district,4
sikkim,2019,1,district,gyalshing district,2
sikkim,2019,1,district,soreng district,1
sikkim,2019,1,district,namchi district,1
sikkim,2019,2,district,gangtok district,21
sikkim,2019,2,district,namchi district,13
sikkim,2019,2,district,pakyong district,13
sikkim,2019,2,district,soreng district,4
sikkim,2019,2,district,mangan district,3
sikkim,2019,2,district,gyalshing district,3
sikkim,2019,3,district,gangtok district,48
sikkim,2019,3,district,namchi district,22
sikkim,2019,3,district,pakyong district,20
sikkim,2019,3,district,gyalshing district,8
sikkim,2019,3,district,soreng district,7
sikkim,2019,3,district,mangan district,6
sikkim,2019,4,district,gangtok district,71
sikkim,2019,4,district,namchi district,30
sikkim,2019,4,district,pakyong district,27
sikkim,2019,4,district,gyalshing district,10
sikkim,2019,4,district,soreng district,8
sikkim,2019,4,district,mangan district,7
sikkim,2020,1,district,gangtok district,90
sikkim,2020,1,district,namchi district,40
sikkim,2020,1,district,pakyong district,33
sikkim,2020,1,district,gyalshing district,14
sikkim,2020,1,district,soreng district,10
sikkim,2020,1,district,mangan district,10
sikkim,2020,2,district,gangtok district,99
sikkim,2020,2,district,namchi district,46
sikkim,2020,2,district,pakyong district,37
sikkim,2020,2,district,gyalshing district,16
sikkim,2020,2,district,soreng district,12
sikkim,2020,2,district,mangan district,11
sikkim,2020,3,district,gangtok district,112
sikkim,2020,3,district,namchi district,47
sikkim,2020,3,district,pakyong district,40
sikkim,2020,3,district,gyalshing district,19
sikkim,2020,3,district,soreng district,13
sikkim,2020,3,district,mangan district,11
sikkim,2020,4,district,gangtok district,130
sikkim,2020,4,district,namchi district,58
sikkim,2020,4,district,pakyong district,44
sikkim,2020,4,district,gyalshing district,26
sikkim,2020,4,district,soreng district,18
sikkim,2020,4,district,mangan district,15
sikkim,2021,1,district,gangtok district,192
sikkim,2021,1,district,namchi district,84
sikkim,2021,1,district,pakyong district,59
sikkim,2021,1,district,gyalshing district,28
sikkim,2021,1,district,soreng district,20
sikkim,2021,1,district,mangan district,16
sikkim,2021,2,district,gangtok district,219
sikkim,2021,2,district,namchi district,91
sikkim,2021,2,district,pakyong district,70
sikkim,2021,2,district,gyalshing district,32
sikkim,2021,2,district,mangan district,22
sikkim,2021,2,district,soreng district,21
sikkim,2021,3,district,gangtok district,507
sikkim,2021,3,district,namchi district,102
sikkim,2021,3,district,pakyong district,93
sikkim,2021,3,district,gyalshing district,35
sikkim,2021,3,district,mangan district,28
sikkim,2021,3,district,soreng district,27
sikkim,2021,4,district,gangtok district,610
sikkim,2021,4,district,namchi district,115
sikkim,2021,4,district,pakyong district,110
sikkim,2021,4,district,gyalshing district,55
sikkim,2021,4,district,mangan district,32
sikkim,2021,4,district,soreng district,30
sikkim,2022,1,district,gangtok district,772
sikkim,2022,1,district,pakyong district,142
sikkim,2022,1,district,namchi district,133
sikkim,2022,1,district,gyalshing district,94
sikkim,2022,1,district,mangan district,48
sikkim,2022,1,district,soreng district,30
sikkim,2022,2,district,gangtok district,829
sikkim,2022,2,district,pakyong district,171
sikkim,2022,2,district,namchi district,154
sikkim,2022,2,district,gyalshing district,99
sikkim,2022,2,district,mangan district,64
sikkim,2022,2,district,soreng district,33
sikkim,2022,3,district,gangtok district,885
sikkim,2022,3,district,pakyong district,196
sikkim,2022,3,district,namchi district,194
sikkim,2022,3,district,gyalshing district,109
sikkim,2022,3,district,mangan district,72
sikkim,2022,3,district,soreng district,37
sikkim,2022,4,district,gangtok district,921
sikkim,2022,4,district,namchi district,224
sikkim,2022,4,district,pakyong district,206
sikkim,2022,4,district,gyalshing district,115
sikkim,2022,4,district,mangan district,79
sikkim,2022,4,district,soreng district,40
sikkim,2023,1,district,gangtok district,1126
sikkim,2023,1,district,namchi district,244
sikkim,2023,1,district,pakyong district,210
sikkim,2023,1,district,gyalshing district,131
sikkim,2023,1,district,mangan district,78
sikkim,2023,1,district,soreng district,42
sikkim,2023,2,district,gangtok district,1683
sikkim,2023,2,district,namchi district,287
sikkim,2023,2,district,pakyong district,254
sikkim,2023,2,district,gyalshing district,142
sikkim,2023,2,district,mangan district,113
sikkim,2023,2,district,soreng district,45
sikkim,2023,3,district,gangtok district,1988
sikkim,2023,3,district,namchi district,483
sikkim,2023,3,district,pakyong district,353
sikkim,2023,3,district,gyalshing district,212
sikkim,2023,3,district,mangan district,151
sikkim,2023,3,district,soreng district,48
sikkim,2023,4,district,gangtok district,2122
sikkim,2023,4,district,namchi district,558
sikkim,2023,4,district,pakyong district,397
sikkim,2023,4,district,gyalshing district,214
sikkim,2023,4,district,mangan district,155
sikkim,2023,4,district,soreng district,50
sikkim,2024,1,district,gangtok district,2392
sikkim,2024,1,district,namchi district,708
sikkim,2024,1,district,pakyong district,484
sikkim,2024,1,district,gyalshing district,232
sikkim,2024,1,district,mangan district,177
sikkim,2024,1,district,soreng district,75
sikkim,2024,2,district,gangtok district,2705
sikkim,2024,2,district,namchi district,864
sikkim,2024,2,district,pakyong district,589
sikkim,2024,2,district,gyalshing district,305
sikkim,2024,2,district,mangan district,193
sikkim,2024,2,district,soreng district,149
sikkim,2024,3,district,gangtok district,3632
sikkim,2024,3,district,namchi district,1013
sikkim,2024,3,district,pakyong district,783
sikkim,2024,3,district,gyalshing district,410
sikkim,2024,3,district,soreng district,282
sikkim,2024,3,district,mangan district,235
sikkim,2024,4,district,gangtok district,4013
sikkim,2024,4,district,namchi district,1123
sikkim,2024,4,district,pakyong district,867
sikkim,2024,4,district,gyalshing district,441
sikkim,2024,4,district,soreng district,419
sikkim,2024,4,district,mangan district,260
sikkim,2025,1,district,gangtok district,4294
sikkim,2025,1,district,namchi district,1168
sikkim,2025,1,district,pakyong district,935
sikkim,2025,1,district,soreng district,467
sikkim,2025,1,district,gyalshing district,464
sikkim,2025,1,district,mangan district,279
sikkim,2025,2,district,gangtok district,4563
sikkim,2025,2,district,namchi district,1208
sikkim,2025,2,district,pakyong district,972
sikkim,2025,2,district,gyalshing district,529
sikkim,2025,2,district,soreng district,503
sikkim,2025,2,district,mangan district,284
sikkim,2025,3,district,gangtok district,4817
sikkim,2025,3,district,namchi district,1237
sikkim,2025,3,district,pakyong district,994
sikkim,2025,3,district,gyalshing district,541
sikkim,2025,3,district,soreng district,525
sikkim,2025,3,district,mangan district,289
sikkim,2025,4,district,gangtok district,5135
sikkim,2025,4,district,namchi district,1299
sikkim,2025,4,district,pakyong district,1021
sikkim,2025,4,district,gyalshing district,555
sikkim,2025,4,district,soreng district,545
sikkim,2025,4,district,mangan district,322
sikkim,2026,1,district,gangtok district,5426
sikkim,2026,1,district,namchi district,1325
sikkim,2026,1,district,pakyong district,1051
sikkim,2026,1,district,gyalshing district,564
sikkim,2026,1,district,soreng district,559
sikkim,2026,1,district,mangan district,332
sikkim,2026,2,district,gangtok district,5664
sikkim,2026,2,district,namchi district,1353
sikkim,2026,2,district,pakyong district,1066
sikkim,2026,2,district,gyalshing district,587
sikkim,2026,2,district,soreng district,573
sikkim,2026,2,district,mangan district,333
tamil-nadu,2018,1,district,chennai district,25
tamil-nadu,2018,1,district,vellore district,5
tamil-nadu,2018,1,district,krishnagiri district,4
tamil-nadu,2018,1,district,the nilgiris district,3
tamil-nadu,2018,1,district,tiruvannamalai district,1
tamil-nadu,2018,1,district,coimbatore district,1
tamil-nadu,2018,1,district,tiruvallur district,1
tamil-nadu,2018,1,district,chengalpattu district,1
tamil-nadu,2018,1,district,tirupathur district,1
tamil-nadu,2018,1,district,namakkal district,1
tamil-nadu,2018,1,district,madurai district,1
tamil-nadu,2018,1,district,tiruppur district,1
tamil-nadu,2018,1,district,tirunelveli district,1
tamil-nadu,2018,1,district,ramanathapuram district,1
tamil-nadu,2018,1,district,erode district,1
tamil-nadu,2018,2,district,chennai district,31
tamil-nadu,2018,2,district,krishnagiri district,6
tamil-nadu,2018,2,district,vellore district,6
tamil-nadu,2018,2,district,the nilgiris district,3
tamil-nadu,2018,2,district,coimbatore district,2
tamil-nadu,2018,2,district,chengalpattu district,1
tamil-nadu,2018,2,district,namakkal district,1
tamil-nadu,2018,2,district,tiruvallur district,1
tamil-nadu,2018,2,district,tirupathur district,1
tamil-nadu,2018,2,district,tiruvannamalai district,1
tamil-nadu,2018,2,district,madurai district,1
tamil-nadu,2018,2,district,tiruppur district,1
tamil-nadu,2018,2,district,tirunelveli district,1
tamil-nadu,2018,2,district,ramanathapuram district,1
tamil-nadu,2018,2,district,erode district,1
tamil-nadu,2018,3,district,chennai district,69
tamil-nadu,2018,3,district,krishnagiri district,54
tamil-nadu,2018,3,district,vellore district,13
tamil-nadu,2018,3,district,chengalpattu district,12
tamil-nadu,2018,3,district,dharmapuri district,9
tamil-nadu,2018,3,district,salem district,6
tamil-nadu,2018,3,district,coimbatore district,5
tamil-nadu,2018,3,district,tirupathur district,5
tamil-nadu,2018,3,district,the nilgiris district,4
tamil-nadu,2018,3,district,tiruvannamalai district,4
tamil-nadu,2018,4,district,chennai district,8780
tamil-nadu,2018,4,district,tiruvallur district,1770
tamil-nadu,2018,4,district,chengalpattu district,1063
tamil-nadu,2018,4,district,krishnagiri district,178
tamil-nadu,2018,4,district,kancheepuram district,147
tamil-nadu,2018,4,district,madurai district,116
tamil-nadu,2018,4,district,viluppuram district,49
tamil-nadu,2018,4,district,vellore district,42
tamil-nadu,2018,4,district,ranipet district,36
tamil-nadu,2018,4,district,tirupathur district,28
tamil-nadu,2019,1,district,chennai district,44418
tamil-nadu,2019,1,district,chengalpattu district,9622
tamil-nadu,2019,1,district,coimbatore district,7757
tamil-nadu,2019,1,district,madurai district,6677
tamil-nadu,2019,1,district,tiruvallur district,6154
tamil-nadu,2019,1,district,tiruppur district,3834
tamil-nadu,2019,1,district,tiruchirappalli district,3023
tamil-nadu,2019,1,district,thanjavur district,1391
tamil-nadu,2019,1,district,kancheepuram district,1091
tamil-nadu,2019,1,district,viluppuram district,883
tamil-nadu,2019,2,district,chennai district,100793
tamil-nadu,2019,2,district,coimbatore district,25069
tamil-nadu,2019,2,district,chengalpattu district,21437
tamil-nadu,2019,2,district,madurai district,17657
tamil-nadu,2019,2,district,tiruvallur district,12728
tamil-nadu,2019,2,district,tiruppur district,9593
tamil-nadu,2019,2,district,tiruchirappalli district,7188
tamil-nadu,2019,2,district,salem district,4653
tamil-nadu,2019,2,district,thanjavur district,4186
tamil-nadu,2019,2,district,vellore district,3590
tamil-nadu,2019,3,district,chennai district,134463
tamil-nadu,2019,3,district,coimbatore district,37318
tamil-nadu,2019,3,district,chengalpattu district,28472
tamil-nadu,2019,3,district,madurai district,22550
tamil-nadu,2019,3,district,tiruvallur district,16714
tamil-nadu,2019,3,district,tiruppur district,12323
tamil-nadu,2019,3,district,tiruchirappalli district,10134
tamil-nadu,2019,3,district,salem district,7538
tamil-nadu,2019,3,district,vellore district,5395
tamil-nadu,2019,3,district,dindigul district,5370
tamil-nadu,2019,4,district,chennai district,163388
tamil-nadu,2019,4,district,coimbatore district,49273
tamil-nadu,2019,4,district,chengalpattu district,36071
tamil-nadu,2019,4,district,madurai district,27360
tamil-nadu,2019,4,district,tiruvallur district,20352
tamil-nadu,2019,4,district,tiruppur district,15431
tamil-nadu,2019,4,district,tiruchirappalli district,12994
tamil-nadu,2019,4,district,salem district,10677
tamil-nadu,2019,4,district,dindigul district,7755
tamil-nadu,2019,4,district,erode district,6818
tamil-nadu,2020,1,district,chennai district,190726
tamil-nadu,2020,1,district,coimbatore district,61088
tamil-nadu,2020,1,district,chengalpattu district,42597
tamil-nadu,2020,1,district,madurai district,31292
tamil-nadu,2020,1,district,tiruvallur district,22967
tamil-nadu,2020,1,district,tiruppur district,18654
tamil-nadu,2020,1,district,tiruchirappalli district,14913
tamil-nadu,2020,1,district,salem district,12500
tamil-nadu,2020,1,district,dindigul district,9446
tamil-nadu,2020,1,district,erode district,9379
tamil-nadu,2020,2,district,chennai district,199179
tamil-nadu,2020,2,district,coimbatore district,66433
tamil-nadu,2020,2,district,chengalpattu district,45642
tamil-nadu,2020,2,district,madurai district,32614
tamil-nadu,2020,2,district,tiruvallur district,24028
tamil-nadu,2020,2,district,tiruppur district,20236
tamil-nadu,2020,2,district,tiruchirappalli district,15789
tamil-nadu,2020,2,district,salem district,13183
tamil-nadu,2020,2,district,erode district,10698
tamil-nadu,2020,2,district,dindigul district,10065
tamil-nadu,2020,3,district,chennai district,231001
tamil-nadu,2020,3,district,coimbatore district,81313
tamil-nadu,2020,3,district,chengalpattu district,55859
tamil-nadu,2020,3,district,madurai district,37741
tamil-nadu,2020,3,district,tiruvallur district,28716
tamil-nadu,2020,3,district,tiruppur district,25004
tamil-nadu,2020,3,district,tiruchirappalli district,18643
tamil-nadu,2020,3,district,salem district,15477
tamil-nadu,2020,3,district,erode district,14559
tamil-nadu,2020,3,district,dindigul district,12023
tamil-nadu,2020,4,district,chennai district,259299
tamil-nadu,2020,4,district,coimbatore district,95105
tamil-nadu,2020,4,district,chengalpattu district,65322
tamil-nadu,2020,4,district,madurai district,42809
tamil-nadu,2020,4,district,tiruvallur district,34443
tamil-nadu,2020,4,district,tiruppur district,31407
tamil-nadu,2020,4,district,salem district,22657
tamil-nadu,2020,4,district,tiruchirappalli district,21163
tamil-nadu,2020,4,district,erode district,18934
tamil-nadu,2020,4,district,dindigul district,15347
tamil-nadu,2021,1,district,chennai district,281391
tamil-nadu,2021,1,district,coimbatore district,106402
tamil-nadu,2021,1,district,chengalpattu district,72776
tamil-nadu,2021,1,district,madurai district,48034
tamil-nadu,2021,1,district,tiruvallur district,39752
tamil-nadu,2021,1,district,tiruppur district,38411
tamil-nadu,2021,1,district,salem district,30303
tamil-nadu,2021,1,district,tiruchirappalli district,24122
tamil-nadu,2021,1,district,erode district,22978
tamil-nadu,2021,1,district,dindigul district,19463
tamil-nadu,2021,2,district,chennai district,289962
tamil-nadu,2021,2,district,coimbatore district,110321
tamil-nadu,2021,2,district,chengalpattu district,75891
tamil-nadu,2021,2,district,madurai district,50015
tamil-nadu,2021,2,district,tiruvallur district,41995
tamil-nadu,2021,2,district,tiruppur district,41082
tamil-nadu,2021,2,district,salem district,33170
tamil-nadu,2021,2,district,tiruchirappalli district,25454
tamil-nadu,2021,2,district,erode district,24368
tamil-nadu,2021,2,district,dindigul district,21281
tamil-nadu,2021,3,district,chennai district,301415
tamil-nadu,2021,3,district,coimbatore district,119046
tamil-nadu,2021,3,district,chengalpattu district,80534
tamil-nadu,2021,3,district,madurai district,54658
tamil-nadu,2021,3,district,tiruppur district,47451
tamil-nadu,2021,3,district,tiruvallur district,45881
tamil-nadu,2021,3,district,salem district,39276
tamil-nadu,2021,3,district,tiruchirappalli district,28251
tamil-nadu,2021,3,district,erode district,27755
tamil-nadu,2021,3,district,krishnagiri district,25975
tamil-nadu,2021,4,district,chennai district,310509
tamil-nadu,2021,4,district,coimbatore district,126556
tamil-nadu,2021,4,district,chengalpattu district,84832
tamil-nadu,2021,4,district,madurai district,58577
tamil-nadu,2021,4,district,tiruppur district,52750
tamil-nadu,2021,4,district,tiruvallur district,48648
tamil-nadu,2021,4,district,salem district,46278
tamil-nadu,2021,4,district,krishnagiri district,31471
tamil-nadu,2021,4,district,erode district,31329
tamil-nadu,2021,4,district,tiruchirappalli district,31239
tamil-nadu,2022,1,district,chennai district,325145
tamil-nadu,2022,1,district,coimbatore district,135189
tamil-nadu,2022,1,district,chengalpattu district,91076
tamil-nadu,2022,1,district,madurai district,65224
tamil-nadu,2022,1,district,tiruppur district,57073
tamil-nadu,2022,1,district,salem district,53026
tamil-nadu,2022,1,district,tiruvallur district,52915
tamil-nadu,2022,1,district,krishnagiri district,37628
tamil-nadu,2022,1,district,tiruchirappalli district,35408
tamil-nadu,2022,1,district,erode district,34683
tamil-nadu,2022,2,district,chennai district,335260
tamil-nadu,2022,2,district,coimbatore district,142447
tamil-nadu,2022,2,district,chengalpattu district,96016
tamil-nadu,2022,2,district,madurai district,69896
tamil-nadu,2022,2,district,tiruppur district,61312
tamil-nadu,2022,2,district,salem district,58760
tamil-nadu,2022,2,district,tiruvallur district,55273
tamil-nadu,2022,2,district,krishnagiri district,41975
tamil-nadu,2022,2,district,tiruchirappalli district,38586
tamil-nadu,2022,2,district,dindigul district,37576
tamil-nadu,2022,3,district,chennai district,342301
tamil-nadu,2022,3,district,coimbatore district,149493
tamil-nadu,2022,3,district,chengalpattu district,98644
tamil-nadu,2022,3,district,madurai district,73889
tamil-nadu,2022,3,district,tiruppur district,65348
tamil-nadu,2022,3,district,salem district,62887
tamil-nadu,2022,3,district,tiruvallur district,57157
tamil-nadu,2022,3,district,krishnagiri district,45980
tamil-nadu,2022,3,district,tiruchirappalli district,41613
tamil-nadu,2022,3,district,dindigul district,39448
tamil-nadu,2022,4,district,chennai district,346494
tamil-nadu,2022,4,district,coimbatore district,154823
tamil-nadu,2022,4,district,chengalpattu district,100922
tamil-nadu,2022,4,district,madurai district,76798
tamil-nadu,2022,4,district,tiruppur district,69033
tamil-nadu,2022,4,district,salem district,66597
tamil-nadu,2022,4,district,tiruvallur district,58409
tamil-nadu,2022,4,district,krishnagiri district,49415
tamil-nadu,2022,4,district,tiruchirappalli district,43955
tamil-nadu,2022,4,district,tiruvannamalai district,42434
tamil-nadu,2023,1,district,chennai district,341957
tamil-nadu,2023,1,district,coimbatore district,154412
tamil-nadu,2023,1,district,chengalpattu district,100160
tamil-nadu,2023,1,district,madurai district,78117
tamil-nadu,2023,1,district,tiruppur district,69709
tamil-nadu,2023,1,district,salem district,66562
tamil-nadu,2023,1,district,tiruvallur district,58660
tamil-nadu,2023,1,district,krishnagiri district,51168
tamil-nadu,2023,1,district,tiruchirappalli district,44934
tamil-nadu,2023,1,district,tiruvannamalai district,44806
tamil-nadu,2023,2,district,chennai district,346252
tamil-nadu,2023,2,district,coimbatore district,157868
tamil-nadu,2023,2,district,chengalpattu district,101392
tamil-nadu,2023,2,district,madurai district,78880
tamil-nadu,2023,2,district,tiruppur district,71497
tamil-nadu,2023,2,district,salem district,67732
tamil-nadu,2023,2,district,tiruvallur district,59773
tamil-nadu,2023,2,district,krishnagiri district,52996
tamil-nadu,2023,2,district,tiruchirappalli district,45838
tamil-nadu,2023,2,district,tiruvannamalai district,45699
tamil-nadu,2023,3,district,chennai district,353279
tamil-nadu,2023,3,district,coimbatore district,161540
tamil-nadu,2023,3,district,chengalpattu district,103808
tamil-nadu,2023,3,district,madurai district,79956
tamil-nadu,2023,3,district,tiruppur district,73983
tamil-nadu,2023,3,district,salem district,69542
tamil-nadu,2023,3,district,tiruvallur district,61465
tamil-nadu,2023,3,district,krishnagiri district,55444
tamil-nadu,2023,3,district,tiruchirappalli district,47333
tamil-nadu,2023,3,district,tiruvannamalai district,46801
tamil-nadu,2023,4,district,chennai district,358458
tamil-nadu,2023,4,district,coimbatore district,165796
tamil-nadu,2023,4,district,chengalpattu district,105567
tamil-nadu,2023,4,district,madurai district,82121
tamil-nadu,2023,4,district,tiruppur district,76591
tamil-nadu,2023,4,district,salem district,72249
tamil-nadu,2023,4,district,tiruvallur district,62846
tamil-nadu,2023,4,district,krishnagiri district,58009
tamil-nadu,2023,4,district,tiruchirappalli district,49683
tamil-nadu,2023,4,district,tiruvannamalai district,47873
tamil-nadu,2024,1,district,chennai district,366990
tamil-nadu,2024,1,district,coimbatore district,171829
tamil-nadu,2024,1,district,chengalpattu district,108926
tamil-nadu,2024,1,district,madurai district,86138
tamil-nadu,2024,1,district,tiruppur district,80417
tamil-nadu,2024,1,district,salem district,75218
tamil-nadu,2024,1,district,tiruvallur district,65473
tamil-nadu,2024,1,district,krishnagiri district,61065
tamil-nadu,2024,1,district,tiruchirappalli district,52931
tamil-nadu,2024,1,district,tiruvannamalai district,49567
tamil-nadu,2024,2,district,chennai district,374101
tamil-nadu,2024,2,district,coimbatore district,177435
tamil-nadu,2024,2,district,chengalpattu district,112043
tamil-nadu,2024,2,district,madurai district,89657
tamil-nadu,2024,2,district,tiruppur district,84062
tamil-nadu,2024,2,district,salem district,77799
tamil-nadu,2024,2,district,tiruvallur district,67643
tamil-nadu,2024,2,district,krishnagiri district,63843
tamil-nadu,2024,2,district,tiruchirappalli district,55595
tamil-nadu,2024,2,district,tiruvannamalai district,51372
tamil-nadu,2024,3,district,chennai district,380869
tamil-nadu,2024,3,district,coimbatore district,183218
tamil-nadu,2024,3,district,chengalpattu district,114844
tamil-nadu,2024,3,district,madurai district,92892
tamil-nadu,2024,3,district,tiruppur district,87461
tamil-nadu,2024,3,district,salem district,80831
tamil-nadu,2024,3,district,tiruvallur district,69533
tamil-nadu,2024,3,district,krishnagiri district,65731
tamil-nadu,2024,3,district,tiruchirappalli district,57609
tamil-nadu,2024,3,district,tiruvannamalai district,52852
tamil-nadu,2024,4,district,chennai district,386338
tamil-nadu,2024,4,district,coimbatore district,187918
tamil-nadu,2024,4,district,chengalpattu district,117288
tamil-nadu,2024,4,district,madurai district,96344
tamil-nadu,2024,4,district,tiruppur district,90518
tamil-nadu,2024,4,district,salem district,83934
tamil-nadu,2024,4,district,tiruvallur district,71454
tamil-nadu,2024,4,district,krishnagiri district,67249
tamil-nadu,2024,4,district,tiruchirappalli district,59895
tamil-nadu,2024,4,district,tiruvannamalai district,54242
tamil-nadu,2025,1,district,chennai district,392215
tamil-nadu,2025,1,district,coimbatore district,192048
tamil-nadu,2025,1,district,chengalpattu district,120037
tamil-nadu,2025,1,district,madurai district,99250
tamil-nadu,2025,1,district,tiruppur district,93315
tamil-nadu,2025,1,district,salem district,87057
tamil-nadu,2025,1,district,tiruvallur district,73391
tamil-nadu,2025,1,district,krishnagiri district,68651
tamil-nadu,2025,1,district,tiruchirappalli district,62357
tamil-nadu,2025,1,district,tiruvannamalai district,55414
tamil-nadu,2025,2,district,chennai district,398300
tamil-nadu,2025,2,district,coimbatore district,195820
tamil-nadu,2025,2,district,chengalpattu district,122612
tamil-nadu,2025,2,district,madurai district,102113
tamil-nadu,2025,2,district,tiruppur district,96175
tamil-nadu,2025,2,district,salem district,90410
tamil-nadu,2025,2,district,tiruvallur district,75037
tamil-nadu,2025,2,district,krishnagiri district,69983
tamil-nadu,2025,2,district,tiruchirappalli district,64816
tamil-nadu,2025,2,district,tiruvannamalai district,56464
tamil-nadu,2025,3,district,chennai district,403386
tamil-nadu,2025,3,district,coimbatore district,199430
tamil-nadu,2025,3,district,chengalpattu district,124667
tamil-nadu,2025,3,district,madurai district,104165
tamil-nadu,2025,3,district,tiruppur district,98757
tamil-nadu,2025,3,district,salem district,93515
tamil-nadu,2025,3,district,tiruvallur district,76233
tamil-nadu,2025,3,district,krishnagiri district,71178
tamil-nadu,2025,3,district,tiruchirappalli district,66479
tamil-nadu,2025,3,district,dindigul district,58435
tamil-nadu,2025,4,district,chennai district,408938
tamil-nadu,2025,4,district,coimbatore district,203022
tamil-nadu,2025,4,district,chengalpattu district,127095
tamil-nadu,2025,4,district,madurai district,106637
tamil-nadu,2025,4,district,tiruppur district,101892
tamil-nadu,2025,4,district,salem district,96354
tamil-nadu,2025,4,district,tiruvallur district,77617
tamil-nadu,2025,4,district,krishnagiri district,72796
tamil-nadu,2025,4,district,tiruchirappalli district,68265
tamil-nadu,2025,4,district,dindigul district,60517
tamil-nadu,2026,1,district,chennai district,412895
tamil-nadu,2026,1,district,coimbatore district,205468
tamil-nadu,2026,1,district,chengalpattu district,128873
tamil-nadu,2026,1,district,madurai district,108360
tamil-nadu,2026,1,district,tiruppur district,104010
tamil-nadu,2026,1,district,salem district,98413
tamil-nadu,2026,1,district,tiruvallur district,78852
tamil-nadu,2026,1,district,krishnagiri district,74158
tamil-nadu,2026,1,district,tiruchirappalli district,69489
tamil-nadu,2026,1,district,dindigul district,61571
tamil-nadu,2026,2,district,chennai district,417360
tamil-nadu,2026,2,district,coimbatore district,208047
tamil-nadu,2026,2,district,chengalpattu district,130494
tamil-nadu,2026,2,district,madurai district,110144
tamil-nadu,2026,2,district,tiruppur district,106121
tamil-nadu,2026,2,district,salem district,100404
tamil-nadu,2026,2,district,tiruvallur district,80350
tamil-nadu,2026,2,district,krishnagiri district,75543
tamil-nadu,2026,2,district,tiruchirappalli district,70943
tamil-nadu,2026,2,district,dindigul district,63258
telangana,2018,1,district,rangareddy district,15
telangana,2018,1,district,medchal malkajgiri district,8
telangana,2018,1,district,narayanpet district,7
telangana,2018,1,district,hyderabad district,4
telangana,2018,1,district,nirmal district,1
telangana,2018,1,district,yadadri bhuvanagiri district,1
telangana,2018,2,district,rangareddy district,131
telangana,2018,2,district,medchal malkajgiri district,123
telangana,2018,2,district,hyderabad district,120
telangana,2018,2,district,narayanpet district,11
telangana,2018,2,district,sangareddy district,2
telangana,2018,2,district,yadadri bhuvanagiri district,2
telangana,2018,2,district,karimnagar district,1
telangana,2018,2,district,nirmal district,1
telangana,2018,2,district,bhadradri kothagudem district,1
telangana,2018,2,district,mahabubnagar district,1
telangana,2018,2,district,mahabubabad district,1
telangana,2018,2,district,adilabad district,1
telangana,2018,3,district,medchal malkajgiri district,11153
telangana,2018,3,district,rangareddy district,10590
telangana,2018,3,district,hyderabad district,8635
telangana,2018,3,district,sangareddy district,537
telangana,2018,3,district,siddipet district,192
telangana,2018,3,district,yadadri bhuvanagiri district,44
telangana,2018,3,district,nalgonda district,43
telangana,2018,3,district,nagarkurnool district,35
telangana,2018,3,district,khammam district,27
telangana,2018,3,district,hanumakonda district,27
telangana,2018,4,district,hyderabad district,43089
telangana,2018,4,district,medchal malkajgiri district,35090
telangana,2018,4,district,rangareddy district,32254
telangana,2018,4,district,sangareddy district,1747
telangana,2018,4,district,nizamabad district,807
telangana,2018,4,district,hanumakonda district,543
telangana,2018,4,district,warangal district,352
telangana,2018,4,district,yadadri bhuvanagiri district,306
telangana,2018,4,district,siddipet district,279
telangana,2018,4,district,vikarabad district,213
telangana,2019,1,district,hyderabad district,89190
telangana,2019,1,district,medchal malkajgiri district,75751
telangana,2019,1,district,rangareddy district,71945
telangana,2019,1,district,nizamabad district,7311
telangana,2019,1,district,hanumakonda district,6217
telangana,2019,1,district,warangal district,5183
telangana,2019,1,district,sangareddy district,4622
telangana,2019,1,district,siddipet district,2508
telangana,2019,1,district,yadadri bhuvanagiri district,2126
telangana,2019,1,district,nalgonda district,2111
telangana,2019,2,district,hyderabad district,113122
telangana,2019,2,district,medchal malkajgiri district,101601
telangana,2019,2,district,rangareddy district,92781
telangana,2019,2,district,nizamabad district,10122
telangana,2019,2,district,hanumakonda district,9800
telangana,2019,2,district,warangal district,8546
telangana,2019,2,district,sangareddy district,7262
telangana,2019,2,district,karimnagar district,5989
telangana,2019,2,district,khammam district,5703
telangana,2019,2,district,siddipet district,3930
telangana,2019,3,district,hyderabad district,136575
telangana,2019,3,district,medchal malkajgiri district,126284
telangana,2019,3,district,rangareddy district,116367
telangana,2019,3,district,hanumakonda district,12795
telangana,2019,3,district,nizamabad district,12387
telangana,2019,3,district,warangal district,11164
telangana,2019,3,district,sangareddy district,9471
telangana,2019,3,district,karimnagar district,8761
telangana,2019,3,district,khammam district,8673
telangana,2019,3,district,siddipet district,5568
telangana,2019,4,district,hyderabad district,153947
telangana,2019,4,district,medchal malkajgiri district,144092
telangana,2019,4,district,rangareddy district,134628
telangana,2019,4,district,hanumakonda district,14435
telangana,2019,4,district,nizamabad district,14056
telangana,2019,4,district,warangal district,12388
telangana,2019,4,district,khammam district,11839
telangana,2019,4,district,sangareddy district,11057
telangana,2019,4,district,karimnagar district,10665
telangana,2019,4,district,siddipet district,6441
telangana,2020,1,district,hyderabad district,169563
telangana,2020,1,district,medchal malkajgiri district,160226
telangana,2020,1,district,rangareddy district,149730
telangana,2020,1,district,hanumakonda district,15697
telangana,2020,1,district,nizamabad district,15466
telangana,2020,1,district,khammam district,13581
telangana,2020,1,district,warangal district,13535
telangana,2020,1,district,sangareddy district,12617
telangana,2020,1,district,karimnagar district,11860
telangana,2020,1,district,siddipet district,7431
telangana,2020,2,district,hyderabad district,175767
telangana,2020,2,district,medchal malkajgiri district,168368
telangana,2020,2,district,rangareddy district,157053
telangana,2020,2,district,hanumakonda district,16413
telangana,2020,2,district,nizamabad district,16286
telangana,2020,2,district,khammam district,14708
telangana,2020,2,district,warangal district,14064
telangana,2020,2,district,sangareddy district,13933
telangana,2020,2,district,karimnagar district,12291
telangana,2020,2,district,nalgonda district,8087
telangana,2020,3,district,hyderabad district,200958
telangana,2020,3,district,medchal malkajgiri district,196241
telangana,2020,3,district,rangareddy district,181813
telangana,2020,3,district,hanumakonda district,20347
telangana,2020,3,district,nizamabad district,19477
telangana,2020,3,district,khammam district,18642
telangana,2020,3,district,sangareddy district,18568
telangana,2020,3,district,warangal district,18329
telangana,2020,3,district,karimnagar district,14747
telangana,2020,3,district,nalgonda district,11257
telangana,2020,4,district,hyderabad district,229680
telangana,2020,4,district,medchal malkajgiri district,225664
telangana,2020,4,district,rangareddy district,209373
telangana,2020,4,district,nizamabad district,26022
telangana,2020,4,district,sangareddy district,25708
telangana,2020,4,district,hanumakonda district,24778
telangana,2020,4,district,khammam district,22736
telangana,2020,4,district,warangal district,22332
telangana,2020,4,district,karimnagar district,17883
telangana,2020,4,district,nalgonda district,16825
telangana,2021,1,district,hyderabad district,259052
telangana,2021,1,district,medchal malkajgiri district,252311
telangana,2021,1,district,rangareddy district,236526
telangana,2021,1,district,sangareddy district,32246
telangana,2021,1,district,nizamabad district,31747
telangana,2021,1,district,hanumakonda district,27806
telangana,2021,1,district,khammam district,26144
telangana,2021,1,district,warangal district,25080
telangana,2021,1,district,nalgonda district,22508
telangana,2021,1,district,karimnagar district,21193
telangana,2021,2,district,hyderabad district,272044
telangana,2021,2,district,medchal malkajgiri district,263936
telangana,2021,2,district,rangareddy district,248136
telangana,2021,2,district,sangareddy district,34917
telangana,2021,2,district,nizamabad district,33928
telangana,2021,2,district,hanumakonda district,29175
telangana,2021,2,district,khammam district,27990
telangana,2021,2,district,warangal district,26660
telangana,2021,2,district,nalgonda district,25380
telangana,2021,2,district,karimnagar district,22287
telangana,2021,3,district,hyderabad district,286835
telangana,2021,3,district,medchal malkajgiri district,278585
telangana,2021,3,district,rangareddy district,261377
telangana,2021,3,district,sangareddy district,39674
telangana,2021,3,district,nizamabad district,36628
telangana,2021,3,district,hanumakonda district,31402
telangana,2021,3,district,nalgonda district,30307
telangana,2021,3,district,khammam district,30185
telangana,2021,3,district,warangal district,29041
telangana,2021,3,district,karimnagar district,23787
telangana,2021,4,district,hyderabad district,300187
telangana,2021,4,district,medchal malkajgiri district,292903
telangana,2021,4,district,rangareddy district,274287
telangana,2021,4,district,sangareddy district,44023
telangana,2021,4,district,nizamabad district,40772
telangana,2021,4,district,nalgonda district,35568
telangana,2021,4,district,hanumakonda district,34167
telangana,2021,4,district,khammam district,32963
telangana,2021,4,district,warangal district,31520
telangana,2021,4,district,karimnagar district,26615
telangana,2022,1,district,hyderabad district,315537
telangana,2022,1,district,medchal malkajgiri district,308111
telangana,2022,1,district,rangareddy district,291160
telangana,2022,1,district,sangareddy district,48417
telangana,2022,1,district,nizamabad district,44644
telangana,2022,1,district,nalgonda district,40125
telangana,2022,1,district,hanumakonda district,36588
telangana,2022,1,district,khammam district,35551
telangana,2022,1,district,warangal district,34364
telangana,2022,1,district,karimnagar district,30244
telangana,2022,2,district,hyderabad district,327620
telangana,2022,2,district,medchal malkajgiri district,320099
telangana,2022,2,district,rangareddy district,305755
telangana,2022,2,district,sangareddy district,52441
telangana,2022,2,district,nizamabad district,48082
telangana,2022,2,district,nalgonda district,42918
telangana,2022,2,district,hanumakonda district,38471
telangana,2022,2,district,khammam district,37959
telangana,2022,2,district,warangal district,37077
telangana,2022,2,district,karimnagar district,32831
telangana,2022,3,district,hyderabad district,334782
telangana,2022,3,district,medchal malkajgiri district,327957
telangana,2022,3,district,rangareddy district,315530
telangana,2022,3,district,sangareddy district,56047
telangana,2022,3,district,nizamabad district,50809
telangana,2022,3,district,nalgonda district,44920
telangana,2022,3,district,hanumakonda district,40380
telangana,2022,3,district,khammam district,39809
telangana,2022,3,district,warangal district,38978
telangana,2022,3,district,karimnagar district,34880
telangana,2022,4,district,hyderabad district,340713
telangana,2022,4,district,medchal malkajgiri district,335060
telangana,2022,4,district,rangareddy district,324125
telangana,2022,4,district,sangareddy district,59449
telangana,2022,4,district,nizamabad district,52663
telangana,2022,4,district,nalgonda district,47316
telangana,2022,4,district,hanumakonda district,41917
telangana,2022,4,district,khammam district,41514
telangana,2022,4,district,warangal district,40569
telangana,2022,4,district,karimnagar district,36885
telangana,2023,1,district,hyderabad district,339217
telangana,2023,1,district,medchal malkajgiri district,335190
telangana,2023,1,district,rangareddy district,324914
telangana,2023,1,district,sangareddy district,61144
telangana,2023,1,district,nizamabad district,52801
telangana,2023,1,district,nalgonda district,48252
telangana,2023,1,district,hanumakonda district,42721
telangana,2023,1,district,khammam district,42144
telangana,2023,1,district,warangal district,41452
telangana,2023,1,district,karimnagar district,37605
telangana,2023,2,district,hyderabad district,343659
telangana,2023,2,district,medchal malkajgiri district,341239
telangana,2023,2,district,rangareddy district,330918
telangana,2023,2,district,sangareddy district,63183
telangana,2023,2,district,nizamabad district,53310
telangana,2023,2,district,nalgonda district,49307
telangana,2023,2,district,hanumakonda district,43852
telangana,2023,2,district,khammam district,43136
telangana,2023,2,district,warangal district,42631
telangana,2023,2,district,karimnagar district,38530
telangana,2023,3,district,hyderabad district,350108
telangana,2023,3,district,medchal malkajgiri district,349738
telangana,2023,3,district,rangareddy district,339466
telangana,2023,3,district,sangareddy district,66088
telangana,2023,3,district,nizamabad district,54378
telangana,2023,3,district,nalgonda district,50897
telangana,2023,3,district,hanumakonda district,45166
telangana,2023,3,district,khammam district,44515
telangana,2023,3,district,warangal district,43980
telangana,2023,3,district,karimnagar district,39976
telangana,2023,4,district,medchal malkajgiri district,357890
telangana,2023,4,district,hyderabad district,356730
telangana,2023,4,district,rangareddy district,347584
telangana,2023,4,district,sangareddy district,68962
telangana,2023,4,district,nizamabad district,56131
telangana,2023,4,district,nalgonda district,51895
telangana,2023,4,district,hanumakonda district,47311
telangana,2023,4,district,khammam district,45917
telangana,2023,4,district,warangal district,45761
telangana,2023,4,district,karimnagar district,42359
telangana,2024,1,district,medchal malkajgiri district,372501
telangana,2024,1,district,hyderabad district,369386
telangana,2024,1,district,rangareddy district,361835
telangana,2024,1,district,sangareddy district,73487
telangana,2024,1,district,nizamabad district,58724
telangana,2024,1,district,nalgonda district,53495
telangana,2024,1,district,hanumakonda district,50874
telangana,2024,1,district,warangal district,49147
telangana,2024,1,district,khammam district,47800
telangana,2024,1,district,karimnagar district,45542
telangana,2024,2,district,medchal malkajgiri district,381962
telangana,2024,2,district,hyderabad district,377759
telangana,2024,2,district,rangareddy district,372050
telangana,2024,2,district,sangareddy district,76429
telangana,2024,2,district,nizamabad district,60552
telangana,2024,2,district,nalgonda district,55219
telangana,2024,2,district,hanumakonda district,53014
telangana,2024,2,district,warangal district,51219
telangana,2024,2,district,khammam district,49721
telangana,2024,2,district,karimnagar district,48304
telangana,2024,3,district,medchal malkajgiri district,390862
telangana,2024,3,district,hyderabad district,386459
telangana,2024,3,district,rangareddy district,382432
telangana,2024,3,district,sangareddy district,79600
telangana,2024,3,district,nizamabad district,62436
telangana,2024,3,district,nalgonda district,56337
telangana,2024,3,district,hanumakonda district,55320
telangana,2024,3,district,warangal district,53152
telangana,2024,3,district,khammam district,51315
telangana,2024,3,district,karimnagar district,50931
telangana,2024,4,district,medchal malkajgiri district,400364
telangana,2024,4,district,hyderabad district,394816
telangana,2024,4,district,rangareddy district,392955
telangana,2024,4,district,sangareddy district,82685
telangana,2024,4,district,nizamabad district,64041
telangana,2024,4,district,hanumakonda district,57741
telangana,2024,4,district,nalgonda district,57663
telangana,2024,4,district,warangal district,55336
telangana,2024,4,district,karimnagar district,53327
telangana,2024,4,district,khammam district,52949
telangana,2025,1,district,medchal malkajgiri district,408735
telangana,2025,1,district,hyderabad district,402219
telangana,2025,1,district,rangareddy district,402101
telangana,2025,1,district,sangareddy district,85252
telangana,2025,1,district,nizamabad district,65688
telangana,2025,1,district,hanumakonda district,59636
telangana,2025,1,district,nalgonda district,58659
telangana,2025,1,district,warangal district,57200
telangana,2025,1,district,karimnagar district,55068
telangana,2025,1,district,khammam district,54415
telangana,2025,2,district,medchal malkajgiri district,417270
telangana,2025,2,district,rangareddy district,410444
telangana,2025,2,district,hyderabad district,408540
telangana,2025,2,district,sangareddy district,88302
telangana,2025,2,district,nizamabad district,67263
telangana,2025,2,district,hanumakonda district,61448
telangana,2025,2,district,nalgonda district,59571
telangana,2025,2,district,warangal district,59006
telangana,2025,2,district,karimnagar district,56816
telangana,2025,2,district,khammam district,55851
telangana,2025,3,district,medchal malkajgiri district,426420
telangana,2025,3,district,rangareddy district,419596
telangana,2025,3,district,hyderabad district,414946
telangana,2025,3,district,sangareddy district,91663
telangana,2025,3,district,nizamabad district,69023
telangana,2025,3,district,hanumakonda district,63318
telangana,2025,3,district,nalgonda district,60992
telangana,2025,3,district,warangal district,60401
telangana,2025,3,district,karimnagar district,58752
telangana,2025,3,district,khammam district,57172
telangana,2025,4,district,medchal malkajgiri district,438908
telangana,2025,4,district,rangareddy district,432564
telangana,2025,4,district,hyderabad district,422307
telangana,2025,4,district,sangareddy district,96659
telangana,2025,4,district,nizamabad district,71724
telangana,2025,4,district,hanumakonda district,65147
telangana,2025,4,district,nalgonda district,63446
telangana,2025,4,district,warangal district,62031
telangana,2025,4,district,karimnagar district,61957
telangana,2025,4,district,khammam district,59241
telangana,2026,1,district,medchal malkajgiri district,446806
telangana,2026,1,district,rangareddy district,441736
telangana,2026,1,district,hyderabad district,427788
telangana,2026,1,district,sangareddy district,99533
telangana,2026,1,district,nizamabad district,73882
telangana,2026,1,district,hanumakonda district,66583
telangana,2026,1,district,nalgonda district,65095
telangana,2026,1,district,karimnagar district,64168
telangana,2026,1,district,warangal district,62995
telangana,2026,1,district,khammam district,61189
telangana,2026,2,district,medchal malkajgiri district,455298
telangana,2026,2,district,rangareddy district,452117
telangana,2026,2,district,hyderabad district,433462
telangana,2026,2,district,sangareddy district,102640
telangana,2026,2,district,nizamabad district,75876
telangana,2026,2,district,hanumakonda district,67951
telangana,2026,2,district,nalgonda district,66537
telangana,2026,2,district,karimnagar district,66317
telangana,2026,2,district,warangal district,64159
telangana,2026,2,district,khammam district,63019
tripura,2018,4,district,sepahijala district,2
tripura,2018,4,district,south tripura district,1
tripura,2018,4,district,dhalai district,1
tripura,2018,4,district,north tripura district,1
tripura,2018,4,district,west tripura district,1
tripura,2019,1,district,west tripura district,145
tripura,2019,1,district,south tripura district,91
tripura,2019,1,district,sepahijala district,56
tripura,2019,1,district,dhalai district,25
tripura,2019,1,district,north tripura district,23
tripura,2019,1,district,khowai district,22
tripura,2019,1,district,gomati district,16
tripura,2019,1,district,unakoti district,11
tripura,2019,2,district,west tripura district,271
tripura,2019,2,district,south tripura district,246
tripura,2019,2,district,sepahijala district,99
tripura,2019,2,district,north tripura district,67
tripura,2019,2,district,gomati district,62
tripura,2019,2,district,dhalai district,55
tripura,2019,2,district,khowai district,54
tripura,2019,2,district,unakoti district,28
tripura,2019,3,district,west tripura district,370
tripura,2019,3,district,south tripura district,283
tripura,2019,3,district,sepahijala district,142
tripura,2019,3,district,gomati district,103
tripura,2019,3,district,dhalai district,86
tripura,2019,3,district,north tripura district,84
tripura,2019,3,district,khowai district,71
tripura,2019,3,district,unakoti district,48
tripura,2019,4,district,west tripura district,448
tripura,2019,4,district,south tripura district,313
tripura,2019,4,district,sepahijala district,161
tripura,2019,4,district,gomati district,142
tripura,2019,4,district,north tripura district,110
tripura,2019,4,district,dhalai district,95
tripura,2019,4,district,khowai district,83
tripura,2019,4,district,unakoti district,61
tripura,2020,1,district,west tripura district,503
tripura,2020,1,district,south tripura district,344
tripura,2020,1,district,sepahijala district,183
tripura,2020,1,district,gomati district,172
tripura,2020,1,district,north tripura district,130
tripura,2020,1,district,dhalai district,115
tripura,2020,1,district,khowai district,91
tripura,2020,1,district,unakoti district,76
tripura,2020,2,district,west tripura district,545
tripura,2020,2,district,south tripura district,358
tripura,2020,2,district,sepahijala district,198
tripura,2020,2,district,gomati district,181
tripura,2020,2,district,north tripura district,147
tripura,2020,2,district,dhalai district,129
tripura,2020,2,district,khowai district,99
tripura,2020,2,district,unakoti district,84
tripura,2020,3,district,west tripura district,565
tripura,2020,3,district,south tripura district,363
tripura,2020,3,district,sepahijala district,207
tripura,2020,3,district,gomati district,188
tripura,2020,3,district,north tripura district,154
tripura,2020,3,district,dhalai district,133
tripura,2020,3,district,khowai district,103
tripura,2020,3,district,unakoti district,88
tripura,2020,4,district,west tripura district,636
tripura,2020,4,district,south tripura district,389
tripura,2020,4,district,sepahijala district,227
tripura,2020,4,district,gomati district,201
tripura,2020,4,district,north tripura district,169
tripura,2020,4,district,dhalai district,144
tripura,2020,4,district,khowai district,117
tripura,2020,4,district,unakoti district,97
tripura,2021,1,district,west tripura district,797
tripura,2021,1,district,south tripura district,404
tripura,2021,1,district,sepahijala district,253
tripura,2021,1,district,gomati district,225
tripura,2021,1,district,north tripura district,192
tripura,2021,1,district,dhalai district,182
tripura,2021,1,district,khowai district,129
tripura,2021,1,district,unakoti district,112
tripura,2021,2,district,west tripura district,1963
tripura,2021,2,district,south tripura district,507
tripura,2021,2,district,sepahijala district,470
tripura,2021,2,district,gomati district,343
tripura,2021,2,district,north tripura district,220
tripura,2021,2,district,dhalai district,213
tripura,2021,2,district,khowai district,164
tripura,2021,2,district,unakoti district,142
tripura,2021,3,district,west tripura district,3380
tripura,2021,3,district,south tripura district,839
tripura,2021,3,district,sepahijala district,746
tripura,2021,3,district,gomati district,509
tripura,2021,3,district,north tripura district,380
tripura,2021,3,district,khowai district,269
tripura,2021,3,district,dhalai district,237
tripura,2021,3,district,unakoti district,165
tripura,2021,4,district,west tripura district,4966
tripura,2021,4,district,south tripura district,1492
tripura,2021,4,district,sepahijala district,1035
tripura,2021,4,district,gomati district,887
tripura,2021,4,district,north tripura district,488
tripura,2021,4,district,khowai district,318
tripura,2021,4,district,dhalai district,284
tripura,2021,4,district,unakoti district,201
tripura,2022,1,district,west tripura district,6121
tripura,2022,1,district,south tripura district,1878
tripura,2022,1,district,sepahijala district,1352
tripura,2022,1,district,gomati district,1168
tripura,2022,1,district,north tripura district,548
tripura,2022,1,district,khowai district,487
tripura,2022,1,district,dhalai district,455
tripura,2022,1,district,unakoti district,342
tripura,2022,2,district,west tripura district,7471
tripura,2022,2,district,south tripura district,2092
tripura,2022,2,district,sepahijala district,1605
tripura,2022,2,district,gomati district,1585
tripura,2022,2,district,north tripura district,1109
tripura,2022,2,district,khowai district,624
tripura,2022,2,district,dhalai district,559
tripura,2022,2,district,unakoti district,449
tripura,2022,3,district,west tripura district,9546
tripura,2022,3,district,south tripura district,2546
tripura,2022,3,district,north tripura district,2042
tripura,2022,3,district,gomati district,2037
tripura,2022,3,district,sepahijala district,1941
tripura,2022,3,district,khowai district,805
tripura,2022,3,district,unakoti district,738
tripura,2022,3,district,dhalai district,684
tripura,2022,4,district,west tripura district,11041
tripura,2022,4,district,south tripura district,2858
tripura,2022,4,district,north tripura district,2474
tripura,2022,4,district,sepahijala district,2310
tripura,2022,4,district,gomati district,2158
tripura,2022,4,district,dhalai district,1038
tripura,2022,4,district,unakoti district,1007
tripura,2022,4,district,khowai district,919
tripura,2023,1,district,west tripura district,12031
tripura,2023,1,district,south tripura district,3189
tripura,2023,1,district,north tripura district,3030
tripura,2023,1,district,sepahijala district,2543
tripura,2023,1,district,gomati district,2299
tripura,2023,1,district,unakoti district,1252
tripura,2023,1,district,dhalai district,1127
tripura,2023,1,district,khowai district,940
tripura,2023,2,district,west tripura district,12708
tripura,2023,2,district,south tripura district,3529
tripura,2023,2,district,north tripura district,3254
tripura,2023,2,district,sepahijala district,2829
tripura,2023,2,district,gomati district,2510
tripura,2023,2,district,unakoti district,1480
tripura,2023,2,district,dhalai district,1212
tripura,2023,2,district,khowai district,999
tripura,2023,3,district,west tripura district,14427
tripura,2023,3,district,south tripura district,3926
tripura,2023,3,district,north tripura district,3602
tripura,2023,3,district,sepahijala district,3156
tripura,2023,3,district,gomati district,2913
tripura,2023,3,district,unakoti district,1828
tripura,2023,3,district,dhalai district,1507
tripura,2023,3,district,khowai district,1016
tripura,2023,4,district,west tripura district,15594
tripura,2023,4,district,south tripura district,4320
tripura,2023,4,district,north tripura district,4110
tripura,2023,4,district,sepahijala district,3424
tripura,2023,4,district,gomati district,3183
tripura,2023,4,district,unakoti district,2083
tripura,2023,4,district,dhalai district,1612
tripura,2023,4,district,khowai district,1104
tripura,2024,1,district,west tripura district,16633
tripura,2024,1,district,south tripura district,4369
tripura,2024,1,district,north tripura district,4221
tripura,2024,1,district,sepahijala district,3559
tripura,2024,1,district,gomati district,3339
tripura,2024,1,district,unakoti district,2199
tripura,2024,1,district,dhalai district,1687
tripura,2024,1,district,khowai district,1133
tripura,2024,2,district,west tripura district,17460
tripura,2024,2,district,south tripura district,4417
tripura,2024,2,district,north tripura district,4340
tripura,2024,2,district,sepahijala district,3702
tripura,2024,2,district,gomati district,3404
tripura,2024,2,district,unakoti district,2289
tripura,2024,2,district,dhalai district,1981
tripura,2024,2,district,khowai district,1204
tripura,2024,3,district,west tripura district,18598
tripura,2024,3,district,south tripura district,4531
tripura,2024,3,district,north tripura district,4475
tripura,2024,3,district,sepahijala district,3915
tripura,2024,3,district,gomati district,3570
tripura,2024,3,district,unakoti district,2340
tripura,2024,3,district,dhalai district,2204
tripura,2024,3,district,khowai district,1244
tripura,2024,4,district,west tripura district,19818
tripura,2024,4,district,south tripura district,4818
tripura,2024,4,district,north tripura district,4612
tripura,2024,4,district,sepahijala district,4273
tripura,2024,4,district,gomati district,3758
tripura,2024,4,district,dhalai district,2401
tripura,2024,4,district,unakoti district,2400
tripura,2024,4,district,khowai district,1291
tripura,2025,1,district,west tripura district,21102
tripura,2025,1,district,south tripura district,4939
tripura,2025,1,district,north tripura district,4789
tripura,2025,1,district,sepahijala district,4641
tripura,2025,1,district,gomati district,3914
tripura,2025,1,district,dhalai district,2571
tripura,2025,1,district,unakoti district,2519
tripura,2025,1,district,khowai district,1365
tripura,2025,2,district,west tripura district,21997
tripura,2025,2,district,south tripura district,5038
tripura,2025,2,district,north tripura district,5025
tripura,2025,2,district,sepahijala district,4894
tripura,2025,2,district,gomati district,4045
tripura,2025,2,district,dhalai district,2581
tripura,2025,2,district,unakoti district,2539
tripura,2025,2,district,khowai district,1396
tripura,2025,3,district,west tripura district,23044
tripura,2025,3,district,south tripura district,5385
tripura,2025,3,district,north tripura district,5182
tripura,2025,3,district,sepahijala district,5064
tripura,2025,3,district,gomati district,4161
tripura,2025,3,district,dhalai district,2604
tripura,2025,3,district,unakoti district,2552
tripura,2025,3,district,khowai district,1405
tripura,2025,4,district,west tripura district,24323
tripura,2025,4,district,south tripura district,5743
tripura,2025,4,district,north tripura district,5317
tripura,2025,4,district,sepahijala district,5190
tripura,2025,4,district,gomati district,4314
tripura,2025,4,district,dhalai district,2630
tripura,2025,4,district,unakoti district,2590
tripura,2025,4,district,khowai district,1424
tripura,2026,1,district,west tripura district,24674
tripura,2026,1,district,south tripura district,6009
tripura,2026,1,district,north tripura district,5465
tripura,2026,1,district,sepahijala district,5309
tripura,2026,1,district,gomati district,4713
tripura,2026,1,district,dhalai district,2641
tripura,2026,1,district,unakoti district,2625
tripura,2026,1,district,khowai district,1432
tripura,2026,2,district,west tripura district,25048
tripura,2026,2,district,south tripura district,6386
tripura,2026,2,district,north tripura district,5658
tripura,2026,2,district,sepahijala district,5579
tripura,2026,2,district,gomati district,5347
tripura,2026,2,district,dhalai district,2940
tripura,2026,2,district,unakoti district,2752
tripura,2026,2,district,khowai district,1447
uttar-pradesh,2018,1,district,sultanpur district,4
uttar-pradesh,2018,1,district,deoria district,2
uttar-pradesh,2018,1,district,gorakhpur district,2
uttar-pradesh,2018,1,district,lucknow district,2
uttar-pradesh,2018,1,district,amethi district,2
uttar-pradesh,2018,1,district,azamgarh district,2
uttar-pradesh,2018,1,district,ghaziabad district,2
uttar-pradesh,2018,1,district,kanpur nagar district,2
uttar-pradesh,2018,1,district,mirzapur district,2
uttar-pradesh,2018,1,district,pratapgarh district,2
uttar-pradesh,2018,1,district,prayagraj district,2
uttar-pradesh,2018,2,district,gautambuddha nagar district,187
uttar-pradesh,2018,2,district,ghaziabad district,100
uttar-pradesh,2018,2,district,prayagraj district,14
uttar-pradesh,2018,2,district,maharajganj district,5
uttar-pradesh,2018,2,district,lucknow district,4
uttar-pradesh,2018,2,district,sultanpur district,4
uttar-pradesh,2018,2,district,azamgarh district,4
uttar-pradesh,2018,2,district,jaunpur district,2
uttar-pradesh,2018,2,district,kanpur nagar district,2
uttar-pradesh,2018,2,district,mirzapur district,2
uttar-pradesh,2018,2,district,pratapgarh district,2
uttar-pradesh,2018,2,district,sant kabir nagar district,2
uttar-pradesh,2018,2,district,shahjahanpur district,2
uttar-pradesh,2018,2,district,amethi district,2
uttar-pradesh,2018,2,district,kushinagar district,2
uttar-pradesh,2018,2,district,meerut district,2
uttar-pradesh,2018,2,district,deoria district,2
uttar-pradesh,2018,2,district,bulandshahr district,2
uttar-pradesh,2018,2,district,gorakhpur district,2
uttar-pradesh,2018,3,district,gautambuddha nagar district,3552
uttar-pradesh,2018,3,district,ghaziabad district,1964
uttar-pradesh,2018,3,district,lucknow district,22
uttar-pradesh,2018,3,district,prayagraj district,21
uttar-pradesh,2018,3,district,meerut district,17
uttar-pradesh,2018,3,district,varanasi district,14
uttar-pradesh,2018,3,district,maharajganj district,13
uttar-pradesh,2018,3,district,jaunpur district,13
uttar-pradesh,2018,3,district,kanpur nagar district,12
uttar-pradesh,2018,3,district,aligarh district,11
uttar-pradesh,2018,3,district,bulandshahr district,11
uttar-pradesh,2018,4,district,gautambuddha nagar district,21600
uttar-pradesh,2018,4,district,ghaziabad district,16795
uttar-pradesh,2018,4,district,lucknow district,2069
uttar-pradesh,2018,4,district,bulandshahr district,483
uttar-pradesh,2018,4,district,hapur district,471
uttar-pradesh,2018,4,district,meerut district,384
uttar-pradesh,2018,4,district,agra district,185
uttar-pradesh,2018,4,district,bhadohi district,153
uttar-pradesh,2018,4,district,varanasi district,123
uttar-pradesh,2018,4,district,bijnor district,119
uttar-pradesh,2019,1,district,gautambuddha nagar district,52242
uttar-pradesh,2019,1,district,ghaziabad district,43654
uttar-pradesh,2019,1,district,lucknow district,34137
uttar-pradesh,2019,1,district,kanpur nagar district,16701
uttar-pradesh,2019,1,district,agra district,15048
uttar-pradesh,2019,1,district,varanasi district,8730
uttar-pradesh,2019,1,district,saharanpur district,7914
uttar-pradesh,2019,1,district,meerut district,7505
uttar-pradesh,2019,1,district,aligarh district,6286
uttar-pradesh,2019,1,district,prayagraj district,4317
uttar-pradesh,2019,2,district,lucknow district,75490
uttar-pradesh,2019,2,district,gautambuddha nagar district,69127
uttar-pradesh,2019,2,district,ghaziabad district,61226
uttar-pradesh,2019,2,district,kanpur nagar district,38689
uttar-pradesh,2019,2,district,agra district,31646
uttar-pradesh,2019,2,district,varanasi district,19399
uttar-pradesh,2019,2,district,meerut district,17386
uttar-pradesh,2019,2,district,prayagraj district,15049
uttar-pradesh,2019,2,district,saharanpur district,13544
uttar-pradesh,2019,2,district,bareilly district,13035
uttar-pradesh,2019,3,district,lucknow district,100199
uttar-pradesh,2019,3,district,gautambuddha nagar district,85364
uttar-pradesh,2019,3,district,ghaziabad district,81065
uttar-pradesh,2019,3,district,kanpur nagar district,49895
uttar-pradesh,2019,3,district,agra district,43446
uttar-pradesh,2019,3,district,varanasi district,27640
uttar-pradesh,2019,3,district,meerut district,25202
uttar-pradesh,2019,3,district,prayagraj district,23300
uttar-pradesh,2019,3,district,bareilly district,17817
uttar-pradesh,2019,3,district,saharanpur district,17682
uttar-pradesh,2019,4,district,lucknow district,118707
uttar-pradesh,2019,4,district,gautambuddha nagar district,100300
uttar-pradesh,2019,4,district,ghaziabad district,98563
uttar-pradesh,2019,4,district,kanpur nagar district,55838
uttar-pradesh,2019,4,district,agra district,52054
uttar-pradesh,2019,4,district,varanasi district,35877
uttar-pradesh,2019,4,district,meerut district,30887
uttar-pradesh,2019,4,district,prayagraj district,29957
uttar-pradesh,2019,4,district,bareilly district,21487
uttar-pradesh,2019,4,district,saharanpur district,21252
uttar-pradesh,2020,1,district,lucknow district,138045
uttar-pradesh,2020,1,district,gautambuddha nagar district,116640
uttar-pradesh,2020,1,district,ghaziabad district,113597
uttar-pradesh,2020,1,district,kanpur nagar district,62296
uttar-pradesh,2020,1,district,agra district,59652
uttar-pradesh,2020,1,district,varanasi district,44234
uttar-pradesh,2020,1,district,prayagraj district,35865
uttar-pradesh,2020,1,district,meerut district,35818
uttar-pradesh,2020,1,district,bareilly district,24787
uttar-pradesh,2020,1,district,saharanpur district,24112
uttar-pradesh,2020,2,district,lucknow district,143711
uttar-pradesh,2020,2,district,gautambuddha nagar district,124865
uttar-pradesh,2020,2,district,ghaziabad district,122627
uttar-pradesh,2020,2,district,kanpur nagar district,64870
uttar-pradesh,2020,2,district,agra district,62817
uttar-pradesh,2020,2,district,varanasi district,46421
uttar-pradesh,2020,2,district,meerut district,38363
uttar-pradesh,2020,2,district,prayagraj district,37874
uttar-pradesh,2020,2,district,bareilly district,26018
uttar-pradesh,2020,2,district,aligarh district,25835
uttar-pradesh,2020,3,district,lucknow district,167523
uttar-pradesh,2020,3,district,ghaziabad district,150451
uttar-pradesh,2020,3,district,gautambuddha nagar district,148003
uttar-pradesh,2020,3,district,kanpur nagar district,72733
uttar-pradesh,2020,3,district,agra district,72701
uttar-pradesh,2020,3,district,varanasi district,53548
uttar-pradesh,2020,3,district,prayagraj district,46715
uttar-pradesh,2020,3,district,meerut district,45553
uttar-pradesh,2020,3,district,aligarh district,31250
uttar-pradesh,2020,3,district,bareilly district,29607
uttar-pradesh,2020,4,district,lucknow district,184724
uttar-pradesh,2020,4,district,ghaziabad district,180861
uttar-pradesh,2020,4,district,gautambuddha nagar district,176347
uttar-pradesh,2020,4,district,agra district,84055
uttar-pradesh,2020,4,district,kanpur nagar district,80047
uttar-pradesh,2020,4,district,varanasi district,60602
uttar-pradesh,2020,4,district,prayagraj district,58186
uttar-pradesh,2020,4,district,meerut district,55363
uttar-pradesh,2020,4,district,bareilly district,39776
uttar-pradesh,2020,4,district,saharanpur district,39333
uttar-pradesh,2021,1,district,lucknow district,212894
uttar-pradesh,2021,1,district,ghaziabad district,206720
uttar-pradesh,2021,1,district,gautambuddha nagar district,198311
uttar-pradesh,2021,1,district,agra district,96133
uttar-pradesh,2021,1,district,kanpur nagar district,87017
uttar-pradesh,2021,1,district,prayagraj district,75038
uttar-pradesh,2021,1,district,meerut district,69786
uttar-pradesh,2021,1,district,varanasi district,69381
uttar-pradesh,2021,1,district,bareilly district,54497
uttar-pradesh,2021,1,district,saharanpur district,51428
uttar-pradesh,2021,2,district,lucknow district,225335
uttar-pradesh,2021,2,district,ghaziabad district,219963
uttar-pradesh,2021,2,district,gautambuddha nagar district,206611
uttar-pradesh,2021,2,district,agra district,101826
uttar-pradesh,2021,2,district,kanpur nagar district,92487
uttar-pradesh,2021,2,district,prayagraj district,82868
uttar-pradesh,2021,2,district,meerut district,77272
uttar-pradesh,2021,2,district,varanasi district,74346
uttar-pradesh,2021,2,district,bareilly district,64147
uttar-pradesh,2021,2,district,saharanpur district,59619
uttar-pradesh,2021,3,district,lucknow district,251377
uttar-pradesh,2021,3,district,ghaziabad district,240802
uttar-pradesh,2021,3,district,gautambuddha nagar district,224527
uttar-pradesh,2021,3,district,agra district,112450
uttar-pradesh,2021,3,district,kanpur nagar district,103663
uttar-pradesh,2021,3,district,prayagraj district,99580
uttar-pradesh,2021,3,district,meerut district,90920
uttar-pradesh,2021,3,district,varanasi district,87138
uttar-pradesh,2021,3,district,bareilly district,77437
uttar-pradesh,2021,3,district,saharanpur district,70862
uttar-pradesh,2021,4,district,lucknow district,271273
uttar-pradesh,2021,4,district,ghaziabad district,262252
uttar-pradesh,2021,4,district,gautambuddha nagar district,241237
uttar-pradesh,2021,4,district,prayagraj district,124485
uttar-pradesh,2021,4,district,agra district,123360
uttar-pradesh,2021,4,district,kanpur nagar district,117571
uttar-pradesh,2021,4,district,meerut district,103264
uttar-pradesh,2021,4,district,varanasi district,101889
uttar-pradesh,2021,4,district,bareilly district,91389
uttar-pradesh,2021,4,district,saharanpur district,85910
uttar-pradesh,2022,1,district,lucknow district,310185
uttar-pradesh,2022,1,district,ghaziabad district,284851
uttar-pradesh,2022,1,district,gautambuddha nagar district,261346
uttar-pradesh,2022,1,district,prayagraj district,144725
uttar-pradesh,2022,1,district,agra district,134664
uttar-pradesh,2022,1,district,kanpur nagar district,134033
uttar-pradesh,2022,1,district,varanasi district,118018
uttar-pradesh,2022,1,district,meerut district,116841
uttar-pradesh,2022,1,district,bareilly district,110314
uttar-pradesh,2022,1,district,saharanpur district,101872
uttar-pradesh,2022,2,district,lucknow district,330403
uttar-pradesh,2022,2,district,ghaziabad district,300861
uttar-pradesh,2022,2,district,gautambuddha nagar district,280024
uttar-pradesh,2022,2,district,prayagraj district,158786
uttar-pradesh,2022,2,district,kanpur nagar district,144245
uttar-pradesh,2022,2,district,agra district,144236
uttar-pradesh,2022,2,district,varanasi district,127485
uttar-pradesh,2022,2,district,meerut district,126649
uttar-pradesh,2022,2,district,bareilly district,121788
uttar-pradesh,2022,2,district,saharanpur district,111924
uttar-pradesh,2022,3,district,lucknow district,344447
uttar-pradesh,2022,3,district,ghaziabad district,311852
uttar-pradesh,2022,3,district,gautambuddha nagar district,294186
uttar-pradesh,2022,3,district,prayagraj district,171995
uttar-pradesh,2022,3,district,agra district,153345
uttar-pradesh,2022,3,district,kanpur nagar district,151844
uttar-pradesh,2022,3,district,varanasi district,137720
uttar-pradesh,2022,3,district,meerut district,133441
uttar-pradesh,2022,3,district,bareilly district,131774
uttar-pradesh,2022,3,district,saharanpur district,120162
uttar-pradesh,2022,4,district,lucknow district,357255
uttar-pradesh,2022,4,district,ghaziabad district,321072
uttar-pradesh,2022,4,district,gautambuddha nagar district,306085
uttar-pradesh,2022,4,district,prayagraj district,186311
uttar-pradesh,2022,4,district,agra district,160750
uttar-pradesh,2022,4,district,kanpur nagar district,158884
uttar-pradesh,2022,4,district,varanasi district,146371
uttar-pradesh,2022,4,district,bareilly district,141921
uttar-pradesh,2022,4,district,meerut district,138636
uttar-pradesh,2022,4,district,saharanpur district,129580
uttar-pradesh,2023,1,district,lucknow district,320646
uttar-pradesh,2023,1,district,ghaziabad district,301280
uttar-pradesh,2023,1,district,gautambuddha nagar district,298977
uttar-pradesh,2023,1,district,prayagraj district,182718
uttar-pradesh,2023,1,district,agra district,158187
uttar-pradesh,2023,1,district,kanpur nagar district,155038
uttar-pradesh,2023,1,district,varanasi district,146760
uttar-pradesh,2023,1,district,bareilly district,140727
uttar-pradesh,2023,1,district,saharanpur district,135023
uttar-pradesh,2023,1,district,meerut district,134464
uttar-pradesh,2023,2,district,lucknow district,324366
uttar-pradesh,2023,2,district,ghaziabad district,304129
uttar-pradesh,2023,2,district,gautambuddha nagar district,303737
uttar-pradesh,2023,2,district,prayagraj district,188604
uttar-pradesh,2023,2,district,agra district,161171
uttar-pradesh,2023,2,district,kanpur nagar district,158350
uttar-pradesh,2023,2,district,varanasi district,149996
uttar-pradesh,2023,2,district,bareilly district,144519
uttar-pradesh,2023,2,district,saharanpur district,138727
uttar-pradesh,2023,2,district,meerut district,137334
uttar-pradesh,2023,3,district,lucknow district,331926
uttar-pradesh,2023,3,district,gautambuddha nagar district,311909
uttar-pradesh,2023,3,district,ghaziabad district,309029
uttar-pradesh,2023,3,district,prayagraj district,197987
uttar-pradesh,2023,3,district,agra district,166327
uttar-pradesh,2023,3,district,kanpur nagar district,162777
uttar-pradesh,2023,3,district,varanasi district,155486
uttar-pradesh,2023,3,district,bareilly district,148509
uttar-pradesh,2023,3,district,saharanpur district,143814
uttar-pradesh,2023,3,district,meerut district,141241
uttar-pradesh,2023,4,district,lucknow district,340417
uttar-pradesh,2023,4,district,gautambuddha nagar district,319260
uttar-pradesh,2023,4,district,ghaziabad district,314114
uttar-pradesh,2023,4,district,prayagraj district,208297
uttar-pradesh,2023,4,district,agra district,172877
uttar-pradesh,2023,4,district,kanpur nagar district,168887
uttar-pradesh,2023,4,district,varanasi district,160271
uttar-pradesh,2023,4,district,bareilly district,152211
uttar-pradesh,2023,4,district,saharanpur district,147552
uttar-pradesh,2023,4,district,meerut district,147011
uttar-pradesh,2024,1,district,lucknow district,351487
uttar-pradesh,2024,1,district,gautambuddha nagar district,332576
uttar-pradesh,2024,1,district,ghaziabad district,322579
uttar-pradesh,2024,1,district,prayagraj district,218898
uttar-pradesh,2024,1,district,agra district,179759
uttar-pradesh,2024,1,district,kanpur nagar district,177754
uttar-pradesh,2024,1,district,varanasi district,165715
uttar-pradesh,2024,1,district,bareilly district,156630
uttar-pradesh,2024,1,district,meerut district,153265
uttar-pradesh,2024,1,district,saharanpur district,151006
uttar-pradesh,2024,2,district,lucknow district,362181
uttar-pradesh,2024,2,district,gautambuddha nagar district,343840
uttar-pradesh,2024,2,district,ghaziabad district,330744
uttar-pradesh,2024,2,district,prayagraj district,228809
uttar-pradesh,2024,2,district,agra district,186568
uttar-pradesh,2024,2,district,kanpur nagar district,185861
uttar-pradesh,2024,2,district,varanasi district,171332
uttar-pradesh,2024,2,district,bareilly district,161768
uttar-pradesh,2024,2,district,meerut district,158889
uttar-pradesh,2024,2,district,saharanpur district,155075
uttar-pradesh,2024,3,district,lucknow district,372072
uttar-pradesh,2024,3,district,gautambuddha nagar district,351170
uttar-pradesh,2024,3,district,ghaziabad district,336660
uttar-pradesh,2024,3,district,prayagraj district,239459
uttar-pradesh,2024,3,district,agra district,193229
uttar-pradesh,2024,3,district,kanpur nagar district,192507
uttar-pradesh,2024,3,district,varanasi district,175545
uttar-pradesh,2024,3,district,bareilly district,166549
uttar-pradesh,2024,3,district,meerut district,164304
uttar-pradesh,2024,3,district,saharanpur district,158802
uttar-pradesh,2024,4,district,lucknow district,381860
uttar-pradesh,2024,4,district,gautambuddha nagar district,358580
uttar-pradesh,2024,4,district,ghaziabad district,342473
uttar-pradesh,2024,4,district,prayagraj district,251065
uttar-pradesh,2024,4,district,kanpur nagar district,198835
uttar-pradesh,2024,4,district,agra district,198671
uttar-pradesh,2024,4,district,varanasi district,180322
uttar-pradesh,2024,4,district,bareilly district,170781
uttar-pradesh,2024,4,district,meerut district,169836
uttar-pradesh,2024,4,district,saharanpur district,162243
uttar-pradesh,2025,1,district,lucknow district,390925
uttar-pradesh,2025,1,district,gautambuddha nagar district,366495
uttar-pradesh,2025,1,district,ghaziabad district,347701
uttar-pradesh,2025,1,district,prayagraj district,261413
uttar-pradesh,2025,1,district,kanpur nagar district,204192
uttar-pradesh,2025,1,district,agra district,203971
uttar-pradesh,2025,1,district,varanasi district,184792
uttar-pradesh,2025,1,district,meerut district,174818
uttar-pradesh,2025,1,district,bareilly district,174617
uttar-pradesh,2025,1,district,saharanpur district,164837
uttar-pradesh,2025,2,district,lucknow district,398462
uttar-pradesh,2025,2,district,gautambuddha nagar district,374740
uttar-pradesh,2025,2,district,ghaziabad district,353611
uttar-pradesh,2025,2,district,prayagraj district,268288
uttar-pradesh,2025,2,district,kanpur nagar district,208790
uttar-pradesh,2025,2,district,agra district,208746
uttar-pradesh,2025,2,district,varanasi district,188862
uttar-pradesh,2025,2,district,meerut district,179728
uttar-pradesh,2025,2,district,bareilly district,178254
uttar-pradesh,2025,2,district,saharanpur district,167134
uttar-pradesh,2025,3,district,lucknow district,405296
uttar-pradesh,2025,3,district,gautambuddha nagar district,386019
uttar-pradesh,2025,3,district,ghaziabad district,359442
uttar-pradesh,2025,3,district,prayagraj district,276729
uttar-pradesh,2025,3,district,agra district,213620
uttar-pradesh,2025,3,district,kanpur nagar district,212479
uttar-pradesh,2025,3,district,varanasi district,192262
uttar-pradesh,2025,3,district,meerut district,184651
uttar-pradesh,2025,3,district,bareilly district,181905
uttar-pradesh,2025,3,district,saharanpur district,170470
uttar-pradesh,2025,4,district,lucknow district,414161
uttar-pradesh,2025,4,district,gautambuddha nagar district,401995
uttar-pradesh,2025,4,district,ghaziabad district,367742
uttar-pradesh,2025,4,district,prayagraj district,288145
uttar-pradesh,2025,4,district,agra district,218858
uttar-pradesh,2025,4,district,kanpur nagar district,216166
uttar-pradesh,2025,4,district,varanasi district,196528
uttar-pradesh,2025,4,district,meerut district,190613
uttar-pradesh,2025,4,district,bareilly district,186360
uttar-pradesh,2025,4,district,saharanpur district,174265
uttar-pradesh,2026,1,district,lucknow district,419430
uttar-pradesh,2026,1,district,gautambuddha nagar district,414040
uttar-pradesh,2026,1,district,ghaziabad district,373144
uttar-pradesh,2026,1,district,prayagraj district,293954
uttar-pradesh,2026,1,district,agra district,221901
uttar-pradesh,2026,1,district,kanpur nagar district,218418
uttar-pradesh,2026,1,district,varanasi district,199502
uttar-pradesh,2026,1,district,meerut district,193863
uttar-pradesh,2026,1,district,bareilly district,188757
uttar-pradesh,2026,1,district,saharanpur district,176336
uttar-pradesh,2026,2,district,gautambuddha nagar district,426703
uttar-pradesh,2026,2,district,lucknow district,425169
uttar-pradesh,2026,2,district,ghaziabad district,379016
uttar-pradesh,2026,2,district,prayagraj district,298785
uttar-pradesh,2026,2,district,agra district,224888
uttar-pradesh,2026,2,district,kanpur nagar district,221356
uttar-pradesh,2026,2,district,varanasi district,202209
uttar-pradesh,2026,2,district,meerut district,198558
uttar-pradesh,2026,2,district,bareilly district,191716
uttar-pradesh,2026,2,district,saharanpur district,178814
uttarakhand,2018,3,district,tehri garhwal district,3
uttarakhand,2018,3,district,dehradun district,2
uttarakhand,2018,3,district,udham singh nagar district,2
uttarakhand,2018,3,district,nainital district,1
uttarakhand,2018,3,district,haridwar district,1
uttarakhand,2018,3,district,almora district,1
uttarakhand,2018,4,district,dehradun district,44
uttarakhand,2018,4,district,udham singh nagar district,19
uttarakhand,2018,4,district,nainital district,15
uttarakhand,2018,4,district,haridwar district,12
uttarakhand,2018,4,district,pauri garhwal district,5
uttarakhand,2018,4,district,almora district,4
uttarakhand,2018,4,district,tehri garhwal district,3
uttarakhand,2019,1,district,dehradun district,5469
uttarakhand,2019,1,district,haridwar district,719
uttarakhand,2019,1,district,udham singh nagar district,574
uttarakhand,2019,1,district,nainital district,124
uttarakhand,2019,1,district,tehri garhwal district,46
uttarakhand,2019,1,district,pauri garhwal district,25
uttarakhand,2019,1,district,almora district,23
uttarakhand,2019,1,district,pithoragarh district,15
uttarakhand,2019,1,district,uttarkashi district,9
uttarakhand,2019,1,district,chamoli district,5
uttarakhand,2019,1,district,rudraprayag district,5
uttarakhand,2019,2,district,dehradun district,10299
uttarakhand,2019,2,district,haridwar district,5019
uttarakhand,2019,2,district,udham singh nagar district,2800
uttarakhand,2019,2,district,nainital district,1196
uttarakhand,2019,2,district,tehri garhwal district,180
uttarakhand,2019,2,district,pauri garhwal district,90
uttarakhand,2019,2,district,almora district,52
uttarakhand,2019,2,district,pithoragarh district,33
uttarakhand,2019,2,district,uttarkashi district,22
uttarakhand,2019,2,district,chamoli district,18
uttarakhand,2019,3,district,dehradun district,14219
uttarakhand,2019,3,district,haridwar district,7806
uttarakhand,2019,3,district,udham singh nagar district,3649
uttarakhand,2019,3,district,nainital district,2589
uttarakhand,2019,3,district,tehri garhwal district,300
uttarakhand,2019,3,district,pauri garhwal district,139
uttarakhand,2019,3,district,almora district,83
uttarakhand,2019,3,district,pithoragarh district,58
uttarakhand,2019,3,district,uttarkashi district,37
uttarakhand,2019,3,district,chamoli district,36
uttarakhand,2019,4,district,dehradun district,19145
uttarakhand,2019,4,district,haridwar district,10527
uttarakhand,2019,4,district,udham singh nagar district,4518
uttarakhand,2019,4,district,nainital district,3827
uttarakhand,2019,4,district,tehri garhwal district,472
uttarakhand,2019,4,district,pauri garhwal district,194
uttarakhand,2019,4,district,almora district,109
uttarakhand,2019,4,district,pithoragarh district,74
uttarakhand,2019,4,district,chamoli district,52
uttarakhand,2019,4,district,uttarkashi district,48
uttarakhand,2020,1,district,dehradun district,23738
uttarakhand,2020,1,district,haridwar district,12899
uttarakhand,2020,1,district,udham singh nagar district,5337
uttarakhand,2020,1,district,nainital district,4977
uttarakhand,2020,1,district,tehri garhwal district,619
uttarakhand,2020,1,district,pauri garhwal district,267
uttarakhand,2020,1,district,almora district,138
uttarakhand,2020,1,district,pithoragarh district,96
uttarakhand,2020,1,district,uttarkashi district,66
uttarakhand,2020,1,district,chamoli district,65
uttarakhand,2020,2,district,dehradun district,26118
uttarakhand,2020,2,district,haridwar district,13924
uttarakhand,2020,2,district,udham singh nagar district,5767
uttarakhand,2020,2,district,nainital district,5532
uttarakhand,2020,2,district,tehri garhwal district,694
uttarakhand,2020,2,district,pauri garhwal district,305
uttarakhand,2020,2,district,almora district,160
uttarakhand,2020,2,district,pithoragarh district,118
uttarakhand,2020,2,district,uttarkashi district,84
uttarakhand,2020,2,district,chamoli district,76
uttarakhand,2020,3,district,dehradun district,32669
uttarakhand,2020,3,district,haridwar district,16482
uttarakhand,2020,3,district,nainital district,7248
uttarakhand,2020,3,district,udham singh nagar district,6797
uttarakhand,2020,3,district,tehri garhwal district,1090
uttarakhand,2020,3,district,pauri garhwal district,464
uttarakhand,2020,3,district,chamoli district,236
uttarakhand,2020,3,district,almora district,173
uttarakhand,2020,3,district,rudraprayag district,172
uttarakhand,2020,3,district,pithoragarh district,124
uttarakhand,2020,4,district,dehradun district,39478
uttarakhand,2020,4,district,haridwar district,20476
uttarakhand,2020,4,district,udham singh nagar district,10232
uttarakhand,2020,4,district,nainital district,8975
uttarakhand,2020,4,district,pauri garhwal district,2316
uttarakhand,2020,4,district,tehri garhwal district,2212
uttarakhand,2020,4,district,almora district,691
uttarakhand,2020,4,district,chamoli district,481
uttarakhand,2020,4,district,uttarkashi district,447
uttarakhand,2020,4,district,rudraprayag district,286
uttarakhand,2021,1,district,dehradun district,51602
uttarakhand,2021,1,district,haridwar district,31107
uttarakhand,2021,1,district,udham singh nagar district,18685
uttarakhand,2021,1,district,nainital district,11718
uttarakhand,2021,1,district,pauri garhwal district,3266
uttarakhand,2021,1,district,tehri garhwal district,3003
uttarakhand,2021,1,district,almora district,1679
uttarakhand,2021,1,district,uttarkashi district,810
uttarakhand,2021,1,district,chamoli district,663
uttarakhand,2021,1,district,pithoragarh district,645
uttarakhand,2021,2,district,dehradun district,59049
uttarakhand,2021,2,district,haridwar district,39105
uttarakhand,2021,2,district,udham singh nagar district,22661
uttarakhand,2021,2,district,nainital district,13499
uttarakhand,2021,2,district,pauri garhwal district,4047
uttarakhand,2021,2,district,tehri garhwal district,3506
uttarakhand,2021,2,district,almora district,2356
uttarakhand,2021,2,district,pithoragarh district,1274
uttarakhand,2021,2,district,uttarkashi district,856
uttarakhand,2021,2,district,bageshwar district,750
uttarakhand,2021,3,district,dehradun district,69483
uttarakhand,2021,3,district,haridwar district,50044
uttarakhand,2021,3,district,udham singh nagar district,29530
uttarakhand,2021,3,district,nainital district,16715
uttarakhand,2021,3,district,pauri garhwal district,6177
uttarakhand,2021,3,district,tehri garhwal district,4420
uttarakhand,2021,3,district,almora district,3078
uttarakhand,2021,3,district,pithoragarh district,2083
uttarakhand,2021,3,district,uttarkashi district,1007
uttarakhand,2021,3,district,chamoli district,947
uttarakhand,2021,4,district,dehradun district,80573
uttarakhand,2021,4,district,haridwar district,64077
uttarakhand,2021,4,district,udham singh nagar district,37103
uttarakhand,2021,4,district,nainital district,20545
uttarakhand,2021,4,district,pauri garhwal district,6905
uttarakhand,2021,4,district,tehri garhwal district,5444
uttarakhand,2021,4,district,almora district,3564
uttarakhand,2021,4,district,pithoragarh district,2831
uttarakhand,2021,4,district,champawat district,1287
uttarakhand,2021,4,district,chamoli district,1251
uttarakhand,2022,1,district,dehradun district,92048
uttarakhand,2022,1,district,haridwar district,78503
uttarakhand,2022,1,district,udham singh nagar district,44770
uttarakhand,2022,1,district,nainital district,24460
uttarakhand,2022,1,district,pauri garhwal district,7888
uttarakhand,2022,1,district,tehri garhwal district,6840
uttarakhand,2022,1,district,almora district,4488
uttarakhand,2022,1,district,pithoragarh district,3779
uttarakhand,2022,1,district,chamoli district,1911
uttarakhand,2022,1,district,champawat district,1492
uttarakhand,2022,2,district,dehradun district,101854
uttarakhand,2022,2,district,haridwar district,87134
uttarakhand,2022,2,district,udham singh nagar district,49747
uttarakhand,2022,2,district,nainital district,27239
uttarakhand,2022,2,district,pauri garhwal district,8827
uttarakhand,2022,2,district,tehri garhwal district,8484
uttarakhand,2022,2,district,almora district,5185
uttarakhand,2022,2,district,pithoragarh district,4788
uttarakhand,2022,2,district,chamoli district,2357
uttarakhand,2022,2,district,uttarkashi district,2237
uttarakhand,2022,3,district,dehradun district,108499
uttarakhand,2022,3,district,haridwar district,95110
uttarakhand,2022,3,district,udham singh nagar district,53511
uttarakhand,2022,3,district,nainital district,29774
uttarakhand,2022,3,district,tehri garhwal district,9831
uttarakhand,2022,3,district,pauri garhwal district,9477
uttarakhand,2022,3,district,almora district,5823
uttarakhand,2022,3,district,pithoragarh district,5803
uttarakhand,2022,3,district,chamoli district,3027
uttarakhand,2022,3,district,uttarkashi district,2820
uttarakhand,2022,4,district,dehradun district,113904
uttarakhand,2022,4,district,haridwar district,101496
uttarakhand,2022,4,district,udham singh nagar district,59665
uttarakhand,2022,4,district,nainital district,32076
uttarakhand,2022,4,district,tehri garhwal district,10311
uttarakhand,2022,4,district,pauri garhwal district,9921
uttarakhand,2022,4,district,pithoragarh district,6175
uttarakhand,2022,4,district,almora district,5875
uttarakhand,2022,4,district,uttarkashi district,3393
uttarakhand,2022,4,district,chamoli district,3090
uttarakhand,2023,1,district,dehradun district,112984
uttarakhand,2023,1,district,haridwar district,101077
uttarakhand,2023,1,district,udham singh nagar district,61885
uttarakhand,2023,1,district,nainital district,33830
uttarakhand,2023,1,district,tehri garhwal district,10246
uttarakhand,2023,1,district,pauri garhwal district,10109
uttarakhand,2023,1,district,pithoragarh district,6193
uttarakhand,2023,1,district,almora district,5845
uttarakhand,2023,1,district,uttarkashi district,3419
uttarakhand,2023,1,district,chamoli district,3066
uttarakhand,2023,2,district,dehradun district,116387
uttarakhand,2023,2,district,haridwar district,104134
uttarakhand,2023,2,district,udham singh nagar district,64572
uttarakhand,2023,2,district,nainital district,36180
uttarakhand,2023,2,district,tehri garhwal district,10428
uttarakhand,2023,2,district,pauri garhwal district,10347
uttarakhand,2023,2,district,pithoragarh district,6347
uttarakhand,2023,2,district,almora district,6020
uttarakhand,2023,2,district,uttarkashi district,3523
uttarakhand,2023,2,district,chamoli district,3096
uttarakhand,2023,3,district,dehradun district,120009
uttarakhand,2023,3,district,haridwar district,107640
uttarakhand,2023,3,district,udham singh nagar district,66700
uttarakhand,2023,3,district,nainital district,38422
uttarakhand,2023,3,district,tehri garhwal district,10585
uttarakhand,2023,3,district,pauri garhwal district,10386
uttarakhand,2023,3,district,pithoragarh district,6503
uttarakhand,2023,3,district,almora district,6100
uttarakhand,2023,3,district,uttarkashi district,3575
uttarakhand,2023,3,district,chamoli district,3174
uttarakhand,2023,4,district,dehradun district,123899
uttarakhand,2023,4,district,haridwar district,110877
uttarakhand,2023,4,district,udham singh nagar district,68882
uttarakhand,2023,4,district,nainital district,40414
uttarakhand,2023,4,district,tehri garhwal district,10790
uttarakhand,2023,4,district,pauri garhwal district,10433
uttarakhand,2023,4,district,pithoragarh district,6699
uttarakhand,2023,4,district,almora district,6157
uttarakhand,2023,4,district,uttarkashi district,3616
uttarakhand,2023,4,district,chamoli district,3214
uttarakhand,2024,1,district,dehradun district,128683
uttarakhand,2024,1,district,haridwar district,114080
uttarakhand,2024,1,district,udham singh nagar district,70672
uttarakhand,2024,1,district,nainital district,42605
uttarakhand,2024,1,district,tehri garhwal district,11092
uttarakhand,2024,1,district,pauri garhwal district,10430
uttarakhand,2024,1,district,pithoragarh district,6833
uttarakhand,2024,1,district,almora district,6241
uttarakhand,2024,1,district,uttarkashi district,3606
uttarakhand,2024,1,district,chamoli district,3196
uttarakhand,2024,2,district,dehradun district,132590
uttarakhand,2024,2,district,haridwar district,117993
uttarakhand,2024,2,district,udham singh nagar district,73402
uttarakhand,2024,2,district,nainital district,44953
uttarakhand,2024,2,district,tehri garhwal district,11459
uttarakhand,2024,2,district,pauri garhwal district,10562
uttarakhand,2024,2,district,pithoragarh district,7142
uttarakhand,2024,2,district,almora district,6411
uttarakhand,2024,2,district,uttarkashi district,3620
uttarakhand,2024,2,district,chamoli district,3237
uttarakhand,2024,3,district,dehradun district,135782
uttarakhand,2024,3,district,haridwar district,121632
uttarakhand,2024,3,district,udham singh nagar district,76314
uttarakhand,2024,3,district,nainital district,46686
uttarakhand,2024,3,district,tehri garhwal district,11700
uttarakhand,2024,3,district,pauri garhwal district,10703
uttarakhand,2024,3,district,pithoragarh district,7379
uttarakhand,2024,3,district,almora district,6519
uttarakhand,2024,3,district,uttarkashi district,3637
uttarakhand,2024,3,district,chamoli district,3295
uttarakhand,2024,4,district,dehradun district,139285
uttarakhand,2024,4,district,haridwar district,124333
uttarakhand,2024,4,district,udham singh nagar district,79018
uttarakhand,2024,4,district,nainital district,48214
uttarakhand,2024,4,district,tehri garhwal district,11943
uttarakhand,2024,4,district,pauri garhwal district,10813
uttarakhand,2024,4,district,pithoragarh district,7610
uttarakhand,2024,4,district,almora district,6577
uttarakhand,2024,4,district,uttarkashi district,3649
uttarakhand,2024,4,district,chamoli district,3318
uttarakhand,2025,1,district,dehradun district,142430
uttarakhand,2025,1,district,haridwar district,126420
uttarakhand,2025,1,district,udham singh nagar district,80800
uttarakhand,2025,1,district,nainital district,49432
uttarakhand,2025,1,district,tehri garhwal district,12260
uttarakhand,2025,1,district,pauri garhwal district,10897
uttarakhand,2025,1,district,pithoragarh district,7778
uttarakhand,2025,1,district,almora district,6697
uttarakhand,2025,1,district,uttarkashi district,3660
uttarakhand,2025,1,district,chamoli district,3340
uttarakhand,2025,2,district,dehradun district,145209
uttarakhand,2025,2,district,haridwar district,128930
uttarakhand,2025,2,district,udham singh nagar district,82448
uttarakhand,2025,2,district,nainital district,50683
uttarakhand,2025,2,district,tehri garhwal district,12470
uttarakhand,2025,2,district,pauri garhwal district,11003
uttarakhand,2025,2,district,pithoragarh district,7888
uttarakhand,2025,2,district,almora district,6713
uttarakhand,2025,2,district,uttarkashi district,3750
uttarakhand,2025,2,district,chamoli district,3382
uttarakhand,2025,3,district,dehradun district,148126
uttarakhand,2025,3,district,haridwar district,131861
uttarakhand,2025,3,district,udham singh nagar district,83704
uttarakhand,2025,3,district,nainital district,51824
uttarakhand,2025,3,district,tehri garhwal district,12613
uttarakhand,2025,3,district,pauri garhwal district,11159
uttarakhand,2025,3,district,pithoragarh district,7934
uttarakhand,2025,3,district,almora district,6793
uttarakhand,2025,3,district,uttarkashi district,3764
uttarakhand,2025,3,district,chamoli district,3406
uttarakhand,2025,4,district,dehradun district,150844
uttarakhand,2025,4,district,haridwar district,134835
uttarakhand,2025,4,district,udham singh nagar district,85229
uttarakhand,2025,4,district,nainital district,52808
uttarakhand,2025,4,district,tehri garhwal district,12852
uttarakhand,2025,4,district,pauri garhwal district,11446
uttarakhand,2025,4,district,pithoragarh district,8045
uttarakhand,2025,4,district,almora district,6879
uttarakhand,2025,4,district,uttarkashi district,3926
uttarakhand,2025,4,district,chamoli district,3504
uttarakhand,2026,1,district,dehradun district,153054
uttarakhand,2026,1,district,haridwar district,136916
uttarakhand,2026,1,district,udham singh nagar district,86137
uttarakhand,2026,1,district,nainital district,53436
uttarakhand,2026,1,district,tehri garhwal district,13089
uttarakhand,2026,1,district,pauri garhwal district,11737
uttarakhand,2026,1,district,pithoragarh district,8167
uttarakhand,2026,1,district,almora district,6899
uttarakhand,2026,1,district,uttarkashi district,3961
uttarakhand,2026,1,district,chamoli district,3648
uttarakhand,2026,2,district,dehradun district,155822
uttarakhand,2026,2,district,haridwar district,139663
uttarakhand,2026,2,district,udham singh nagar district,87601
uttarakhand,2026,2,district,nainital district,54087
uttarakhand,2026,2,district,tehri garhwal district,13438
uttarakhand,2026,2,district,pauri garhwal district,12088
uttarakhand,2026,2,district,pithoragarh district,8496
uttarakhand,2026,2,district,almora district,6989
uttarakhand,2026,2,district,uttarkashi district,4027
uttarakhand,2026,2,district,chamoli district,3917
west-bengal,2018,1,district,birbhum district,18
west-bengal,2018,1,district,kolkata district,5
west-bengal,2018,1,district,north twenty four parganas district,4
west-bengal,2018,1,district,dakshin dinajpur district,2
west-bengal,2018,2,district,kolkata district,65
west-bengal,2018,2,district,north twenty four parganas district,41
west-bengal,2018,2,district,birbhum district,31
west-bengal,2018,2,district,south twenty four parganas district,6
west-bengal,2018,2,district,dakshin dinajpur district,6
west-bengal,2018,2,district,howrah district,4
west-bengal,2018,3,district,kolkata district,149
west-bengal,2018,3,district,north twenty four parganas district,87
west-bengal,2018,3,district,south twenty four parganas district,49
west-bengal,2018,3,district,birbhum district,31
west-bengal,2018,3,district,hooghly district,27
west-bengal,2018,3,district,howrah district,20
west-bengal,2018,3,district,paschim bardhaman district,5
west-bengal,2018,3,district,nadia district,3
west-bengal,2018,3,district,dakshin dinajpur district,3
west-bengal,2018,3,district,murshidabad district,3
west-bengal,2018,4,district,north twenty four parganas district,570
west-bengal,2018,4,district,kolkata district,363
west-bengal,2018,4,district,south twenty four parganas district,186
west-bengal,2018,4,district,murshidabad district,148
west-bengal,2018,4,district,hooghly district,142
west-bengal,2018,4,district,howrah district,91
west-bengal,2018,4,district,birbhum district,89
west-bengal,2018,4,district,paschim medinipur district,78
west-bengal,2018,4,district,darjeeling district,76
west-bengal,2018,4,district,nadia district,74
west-bengal,2019,1,district,north twenty four parganas district,37629
west-bengal,2019,1,district,kolkata district,29924
west-bengal,2019,1,district,hooghly district,17577
west-bengal,2019,1,district,howrah district,13447
west-bengal,2019,1,district,south twenty four parganas district,12033
west-bengal,2019,1,district,nadia district,8389
west-bengal,2019,1,district,murshidabad district,6053
west-bengal,2019,1,district,purba bardhaman district,5151
west-bengal,2019,1,district,birbhum district,4307
west-bengal,2019,1,district,bankura district,4000
west-bengal,2019,2,district,north twenty four parganas district,82116
west-bengal,2019,2,district,kolkata district,60765
west-bengal,2019,2,district,hooghly district,36209
west-bengal,2019,2,district,howrah district,30904
west-bengal,2019,2,district,south twenty four parganas district,27492
west-bengal,2019,2,district,nadia district,23447
west-bengal,2019,2,district,murshidabad district,20485
west-bengal,2019,2,district,purba medinipur district,17330
west-bengal,2019,2,district,paschim medinipur district,14987
west-bengal,2019,2,district,birbhum district,14097
west-bengal,2019,3,district,north twenty four parganas district,109081
west-bengal,2019,3,district,kolkata district,78771
west-bengal,2019,3,district,hooghly district,45038
west-bengal,2019,3,district,howrah district,39437
west-bengal,2019,3,district,south twenty four parganas district,37176
west-bengal,2019,3,district,nadia district,32689
west-bengal,2019,3,district,murshidabad district,27431
west-bengal,2019,3,district,purba medinipur district,25720
west-bengal,2019,3,district,paschim medinipur district,24409
west-bengal,2019,3,district,bankura district,20804
west-bengal,2019,4,district,north twenty four parganas district,128002
west-bengal,2019,4,district,kolkata district,92763
west-bengal,2019,4,district,hooghly district,50932
west-bengal,2019,4,district,howrah district,44431
west-bengal,2019,4,district,south twenty four parganas district,44313
west-bengal,2019,4,district,nadia district,40294
west-bengal,2019,4,district,murshidabad district,33159
west-bengal,2019,4,district,purba medinipur district,31873
west-bengal,2019,4,district,paschim medinipur district,29723
west-bengal,2019,4,district,bankura district,26628
west-bengal,2020,1,district,north twenty four parganas district,148976
west-bengal,2020,1,district,kolkata district,107471
west-bengal,2020,1,district,hooghly district,57690
west-bengal,2020,1,district,south twenty four parganas district,53773
west-bengal,2020,1,district,howrah district,51590
west-bengal,2020,1,district,nadia district,47724
west-bengal,2020,1,district,purba medinipur district,37320
west-bengal,2020,1,district,murshidabad district,37089
west-bengal,2020,1,district,paschim medinipur district,34614
west-bengal,2020,1,district,bankura district,30967
west-bengal,2020,2,district,north twenty four parganas district,154919
west-bengal,2020,2,district,kolkata district,112764
west-bengal,2020,2,district,hooghly district,60373
west-bengal,2020,2,district,south twenty four parganas district,56577
west-bengal,2020,2,district,howrah district,53417
west-bengal,2020,2,district,nadia district,49844
west-bengal,2020,2,district,purba medinipur district,39102
west-bengal,2020,2,district,murshidabad district,38478
west-bengal,2020,2,district,paschim medinipur district,36291
west-bengal,2020,2,district,bankura district,32150
west-bengal,2020,3,district,north twenty four parganas district,174600
west-bengal,2020,3,district,kolkata district,128536
west-bengal,2020,3,district,hooghly district,67415
west-bengal,2020,3,district,south twenty four parganas district,67010
west-bengal,2020,3,district,howrah district,59512
west-bengal,2020,3,district,nadia district,56112
west-bengal,2020,3,district,purba medinipur district,44324
west-bengal,2020,3,district,paschim medinipur district,43530
west-bengal,2020,3,district,murshidabad district,43422
west-bengal,2020,3,district,bankura district,35401
west-bengal,2020,4,district,north twenty four parganas district,210169
west-bengal,2020,4,district,kolkata district,145067
west-bengal,2020,4,district,south twenty four parganas district,81449
west-bengal,2020,4,district,hooghly district,81152
west-bengal,2020,4,district,howrah district,71855
west-bengal,2020,4,district,nadia district,69254
west-bengal,2020,4,district,murshidabad district,63970
west-bengal,2020,4,district,paschim medinipur district,55281
west-bengal,2020,4,district,purba medinipur district,54149
west-bengal,2020,4,district,bankura district,43126
west-bengal,2021,1,district,north twenty four parganas district,239362
west-bengal,2021,1,district,kolkata district,160049
west-bengal,2021,1,district,hooghly district,94054
west-bengal,2021,1,district,south twenty four parganas district,93884
west-bengal,2021,1,district,murshidabad district,86951
west-bengal,2021,1,district,howrah district,82290
west-bengal,2021,1,district,nadia district,80612
west-bengal,2021,1,district,purba medinipur district,64837
west-bengal,2021,1,district,paschim medinipur district,63280
west-bengal,2021,1,district,malda district,51997
west-bengal,2021,2,district,north twenty four parganas district,254004
west-bengal,2021,2,district,kolkata district,167382
west-bengal,2021,2,district,murshidabad district,104894
west-bengal,2021,2,district,hooghly district,100342
west-bengal,2021,2,district,south twenty four parganas district,99946
west-bengal,2021,2,district,howrah district,88154
west-bengal,2021,2,district,nadia district,86081
west-bengal,2021,2,district,purba medinipur district,70332
west-bengal,2021,2,district,paschim medinipur district,67484
west-bengal,2021,2,district,malda district,59539
west-bengal,2021,3,district,north twenty four parganas district,275549
west-bengal,2021,3,district,kolkata district,178114
west-bengal,2021,3,district,murshidabad district,132091
west-bengal,2021,3,district,south twenty four parganas district,109249
west-bengal,2021,3,district,hooghly district,107820
west-bengal,2021,3,district,howrah district,96208
west-bengal,2021,3,district,nadia district,93972
west-bengal,2021,3,district,purba medinipur district,78094
west-bengal,2021,3,district,paschim medinipur district,73542
west-bengal,2021,3,district,purba bardhaman district,69296
west-bengal,2021,4,district,north twenty four parganas district,302608
west-bengal,2021,4,district,kolkata district,191721
west-bengal,2021,4,district,murshidabad district,162644
west-bengal,2021,4,district,south twenty four parganas district,119910
west-bengal,2021,4,district,hooghly district,114768
west-bengal,2021,4,district,howrah district,104883
west-bengal,2021,4,district,nadia district,102256
west-bengal,2021,4,district,purba medinipur district,87679
west-bengal,2021,4,district,malda district,82491
west-bengal,2021,4,district,paschim medinipur district,81575
west-bengal,2022,1,district,north twenty four parganas district,328184
west-bengal,2022,1,district,kolkata district,204638
west-bengal,2022,1,district,murshidabad district,190927
west-bengal,2022,1,district,south twenty four parganas district,130745
west-bengal,2022,1,district,hooghly district,123833
west-bengal,2022,1,district,howrah district,114515
west-bengal,2022,1,district,nadia district,110923
west-bengal,2022,1,district,purba medinipur district,97989
west-bengal,2022,1,district,malda district,94618
west-bengal,2022,1,district,purba bardhaman district,93821
west-bengal,2022,2,district,north twenty four parganas district,346100
west-bengal,2022,2,district,murshidabad district,215785
west-bengal,2022,2,district,kolkata district,215204
west-bengal,2022,2,district,south twenty four parganas district,138291
west-bengal,2022,2,district,hooghly district,129414
west-bengal,2022,2,district,howrah district,119460
west-bengal,2022,2,district,nadia district,116901
west-bengal,2022,2,district,purba medinipur district,104412
west-bengal,2022,2,district,purba bardhaman district,101784
west-bengal,2022,2,district,malda district,101336
west-bengal,2022,3,district,north twenty four parganas district,362676
west-bengal,2022,3,district,murshidabad district,240936
west-bengal,2022,3,district,kolkata district,224181
west-bengal,2022,3,district,south twenty four parganas district,145320
west-bengal,2022,3,district,hooghly district,134004
west-bengal,2022,3,district,howrah district,123276
west-bengal,2022,3,district,nadia district,123024
west-bengal,2022,3,district,purba medinipur district,110428
west-bengal,2022,3,district,purba bardhaman district,108882
west-bengal,2022,3,district,malda district,108275
west-bengal,2022,4,district,north twenty four parganas district,379042
west-bengal,2022,4,district,murshidabad district,258214
west-bengal,2022,4,district,kolkata district,231173
west-bengal,2022,4,district,south twenty four parganas district,151909
west-bengal,2022,4,district,hooghly district,138070
west-bengal,2022,4,district,nadia district,129653
west-bengal,2022,4,district,howrah district,125909
west-bengal,2022,4,district,purba medinipur district,116086
west-bengal,2022,4,district,purba bardhaman district,115542
west-bengal,2022,4,district,malda district,115301
west-bengal,2023,1,district,north twenty four parganas district,378246
west-bengal,2023,1,district,murshidabad district,262870
west-bengal,2023,1,district,kolkata district,226454
west-bengal,2023,1,district,south twenty four parganas district,150793
west-bengal,2023,1,district,hooghly district,133734
west-bengal,2023,1,district,nadia district,130810
west-bengal,2023,1,district,howrah district,122171
west-bengal,2023,1,district,malda district,120303
west-bengal,2023,1,district,purba medinipur district,118309
west-bengal,2023,1,district,purba bardhaman district,116878
west-bengal,2023,2,district,north twenty four parganas district,386885
west-bengal,2023,2,district,murshidabad district,267503
west-bengal,2023,2,district,kolkata district,231126
west-bengal,2023,2,district,south twenty four parganas district,154699
west-bengal,2023,2,district,hooghly district,136278
west-bengal,2023,2,district,nadia district,134634
west-bengal,2023,2,district,malda district,124071
west-bengal,2023,2,district,howrah district,123872
west-bengal,2023,2,district,purba medinipur district,121783
west-bengal,2023,2,district,purba bardhaman district,120194
west-bengal,2023,3,district,north twenty four parganas district,400214
west-bengal,2023,3,district,murshidabad district,275930
west-bengal,2023,3,district,kolkata district,237006
west-bengal,2023,3,district,south twenty four parganas district,160791
west-bengal,2023,3,district,nadia district,140693
west-bengal,2023,3,district,hooghly district,139970
west-bengal,2023,3,district,malda district,130005
west-bengal,2023,3,district,howrah district,127767
west-bengal,2023,3,district,purba medinipur district,126495
west-bengal,2023,3,district,purba bardhaman district,126454
west-bengal,2023,4,district,north twenty four parganas district,412049
west-bengal,2023,4,district,murshidabad district,284560
west-bengal,2023,4,district,kolkata district,242469
west-bengal,2023,4,district,south twenty four parganas district,168460
west-bengal,2023,4,district,nadia district,145666
west-bengal,2023,4,district,hooghly district,143755
west-bengal,2023,4,district,malda district,136230
west-bengal,2023,4,district,howrah district,131712
west-bengal,2023,4,district,purba bardhaman district,131147
west-bengal,2023,4,district,purba medinipur district,130788
west-bengal,2024,1,district,north twenty four parganas district,427015
west-bengal,2024,1,district,murshidabad district,292344
west-bengal,2024,1,district,kolkata district,250606
west-bengal,2024,1,district,south twenty four parganas district,177613
west-bengal,2024,1,district,nadia district,152444
west-bengal,2024,1,district,hooghly district,148265
west-bengal,2024,1,district,malda district,141757
west-bengal,2024,1,district,howrah district,137501
west-bengal,2024,1,district,purba bardhaman district,136016
west-bengal,2024,1,district,purba medinipur district,134545
west-bengal,2024,2,district,north twenty four parganas district,439285
west-bengal,2024,2,district,murshidabad district,300852
west-bengal,2024,2,district,kolkata district,258147
west-bengal,2024,2,district,south twenty four parganas district,185725
west-bengal,2024,2,district,nadia district,158163
west-bengal,2024,2,district,hooghly district,152221
west-bengal,2024,2,district,malda district,146600
west-bengal,2024,2,district,howrah district,142693
west-bengal,2024,2,district,purba bardhaman district,140545
west-bengal,2024,2,district,purba medinipur district,137924
west-bengal,2024,3,district,north twenty four parganas district,450952
west-bengal,2024,3,district,murshidabad district,309926
west-bengal,2024,3,district,kolkata district,266102
west-bengal,2024,3,district,south twenty four parganas district,193425
west-bengal,2024,3,district,nadia district,163656
west-bengal,2024,3,district,hooghly district,156005
west-bengal,2024,3,district,malda district,151658
west-bengal,2024,3,district,howrah district,148107
west-bengal,2024,3,district,purba bardhaman district,145112
west-bengal,2024,3,district,purba medinipur district,141106
west-bengal,2024,4,district,north twenty four parganas district,461874
west-bengal,2024,4,district,murshidabad district,318050
west-bengal,2024,4,district,kolkata district,273864
west-bengal,2024,4,district,south twenty four parganas district,201270
west-bengal,2024,4,district,nadia district,168609
west-bengal,2024,4,district,hooghly district,160421
west-bengal,2024,4,district,malda district,157387
west-bengal,2024,4,district,howrah district,154097
west-bengal,2024,4,district,purba bardhaman district,148871
west-bengal,2024,4,district,purba medinipur district,145366
west-bengal,2025,1,district,north twenty four parganas district,472892
west-bengal,2025,1,district,murshidabad district,325759
west-bengal,2025,1,district,kolkata district,281696
west-bengal,2025,1,district,south twenty four parganas district,208070
west-bengal,2025,1,district,nadia district,173160
west-bengal,2025,1,district,hooghly district,165191
west-bengal,2025,1,district,malda district,162861
west-bengal,2025,1,district,howrah district,160028
west-bengal,2025,1,district,purba bardhaman district,152454
west-bengal,2025,1,district,purba medinipur district,149111
west-bengal,2025,2,district,north twenty four parganas district,484272
west-bengal,2025,2,district,murshidabad district,333716
west-bengal,2025,2,district,kolkata district,289390
west-bengal,2025,2,district,south twenty four parganas district,214323
west-bengal,2025,2,district,nadia district,177754
west-bengal,2025,2,district,hooghly district,169768
west-bengal,2025,2,district,malda district,167081
west-bengal,2025,2,district,howrah district,165541
west-bengal,2025,2,district,purba bardhaman district,156326
west-bengal,2025,2,district,purba medinipur district,152857
west-bengal,2025,3,district,north twenty four parganas district,496309
west-bengal,2025,3,district,murshidabad district,343060
west-bengal,2025,3,district,kolkata district,296234
west-bengal,2025,3,district,south twenty four parganas district,221466
west-bengal,2025,3,district,nadia district,183109
west-bengal,2025,3,district,hooghly district,174455
west-bengal,2025,3,district,malda district,170223
west-bengal,2025,3,district,howrah district,170177
west-bengal,2025,3,district,purba bardhaman district,160687
west-bengal,2025,3,district,purba medinipur district,157622
west-bengal,2025,4,district,north twenty four parganas district,509500
west-bengal,2025,4,district,murshidabad district,354934
west-bengal,2025,4,district,kolkata district,303936
west-bengal,2025,4,district,south twenty four parganas district,229278
west-bengal,2025,4,district,nadia district,189534
west-bengal,2025,4,district,hooghly district,179109
west-bengal,2025,4,district,malda district,175358
west-bengal,2025,4,district,howrah district,174946
west-bengal,2025,4,district,purba bardhaman district,166215
west-bengal,2025,4,district,purba medinipur district,162381
west-bengal,2026,1,district,north twenty four parganas district,518452
west-bengal,2026,1,district,murshidabad district,362356
west-bengal,2026,1,district,kolkata district,308888
west-bengal,2026,1,district,south twenty four parganas district,233893
west-bengal,2026,1,district,nadia district,194373
west-bengal,2026,1,district,hooghly district,182191
west-bengal,2026,1,district,malda district,178172
west-bengal,2026,1,district,howrah district,177627
west-bengal,2026,1,district,purba bardhaman district,169436
west-bengal,2026,1,district,purba medinipur district,165052
west-bengal,2026,2,district,north twenty four parganas district,526367
west-bengal,2026,2,district,murshidabad district,369999
west-bengal,2026,2,district,kolkata district,313504
west-bengal,2026,2,district,south twenty four parganas district,238625
west-bengal,2026,2,district,nadia district,198519
west-bengal,2026,2,district,hooghly district,185273
west-bengal,2026,2,district,malda district,181875
west-bengal,2026,2,district,howrah district,179662
west-bengal,2026,2,district,purba bardhaman district,171963
west-bengal,2026,2,district,purba medinipur district,166868
