season,game_id,match_date,team,player_id,player_name,player_role,points
1,1,2014-07-26,U Mumba,29,Anup Kumar,,14
1,1,2014-07-26,U Mumba,146,Surender Nada,Defender,9
1,1,2014-07-26,U Mumba,105,Shabeer Bappu,,8
1,1,2014-07-26,U Mumba,94,Rishank Devadiga,,5
1,1,2014-07-26,U Mumba,54,Jeeva Kumar,,3
1,1,2014-07-26,U Mumba,123,Vishal Mane,,1
1,1,2014-07-26,U Mumba,145,Md. Aruduzzaman Munshi,All Rounder,0
1,1,2014-07-26,U Mumba,117,Suresh Pathapalem,Defender,0
1,1,2014-07-26,U Mumba,71,Mohit Chhillar,,0
1,1,2014-07-26,U Mumba,1,Mohammad Ziaur Rahman,All Rounder,0
1,1,2014-07-26,U Mumba,8,Masayuki Shimokawa,Raider,0
1,1,2014-07-26,Jaipur Pink Panthers,143,Maninder Singh,,11
1,1,2014-07-26,Jaipur Pink Panthers,52,Jasvir Singh,,8
1,1,2014-07-26,Jaipur Pink Panthers,86,Rajesh Narwal,,4
1,1,2014-07-26,Jaipur Pink Panthers,44,Gangadhari Mallesh,,3
1,1,2014-07-26,Jaipur Pink Panthers,32,Balbir Singh,All Rounder,0
1,1,2014-07-26,Jaipur Pink Panthers,15,Sanjay Shrestha,,0
1,1,2014-07-26,Jaipur Pink Panthers,22,Wei Yang,All Rounder,0
1,1,2014-07-26,Jaipur Pink Panthers,87,Raju Lal Choudhary,,0
1,1,2014-07-26,Jaipur Pink Panthers,96,Rohit Rana,,0
1,1,2014-07-26,Jaipur Pink Panthers,144,Gokul Shitole,All Rounder,0
1,1,2014-07-26,Jaipur Pink Panthers,72,Navneet Gautam,Defender,0
1,1,2014-07-26,Jaipur Pink Panthers,147,Prashant Chavan,All Rounder,0
1,2,2014-07-26,Dabang Delhi,58,Kashiling Adake,,7
1,2,2014-07-26,Dabang Delhi,107,Shrikant Tewthia,,6
1,2,2014-07-26,Dabang Delhi,51,Jasmer Singh Gulia,,5
1,2,2014-07-26,Dabang Delhi,118,Surjeet Narwal,Raider,5
1,2,2014-07-26,Dabang Delhi,28,Amit Singh Chhillar,Defender,2
1,2,2014-07-26,Dabang Delhi,38,Dadaso Balaso Awad,Raider,1
1,2,2014-07-26,Dabang Delhi,4,Ehsan Zamani Fard,Defender,1
1,2,2014-07-26,Dabang Delhi,80,Punit Kumar Teotia,Raider,1
1,2,2014-07-26,Bengaluru Bulls,69,Manjeet Chhillar,,14
1,2,2014-07-26,Bengaluru Bulls,26,Ajay Thakur,,13
1,2,2014-07-26,Bengaluru Bulls,45,Gurpreet Singh,Defender,6
1,2,2014-07-26,Bengaluru Bulls,85,Rajesh Mondal,,2
1,2,2014-07-26,Bengaluru Bulls,42,Dharmaraj Cheralathan,,1
1,2,2014-07-26,Bengaluru Bulls,150,Parmod Narwal,All Rounder,0
1,2,2014-07-26,Bengaluru Bulls,113,Sunil Hanumanthappa,Raider,0
1,3,2014-07-27,Bengaluru Bulls,26,Ajay Thakur,,16
1,3,2014-07-27,Bengaluru Bulls,42,Dharmaraj Cheralathan,,7
1,3,2014-07-27,Bengaluru Bulls,69,Manjeet Chhillar,,7
1,3,2014-07-27,Bengaluru Bulls,45,Gurpreet Singh,Defender,3
1,3,2014-07-27,Bengaluru Bulls,113,Sunil Hanumanthappa,Raider,1
1,3,2014-07-27,Bengaluru Bulls,150,Parmod Narwal,All Rounder,0
1,3,2014-07-27,Bengaluru Bulls,85,Rajesh Mondal,,0
1,3,2014-07-27,Puneri Paltan,124,Wazir Singh,,12
1,3,2014-07-27,Puneri Paltan,67,Mahipal Narwal,Defender,9
1,3,2014-07-27,Puneri Paltan,56,Kalimuthu Balamahendran,Defender,4
1,3,2014-07-27,Puneri Paltan,151,Vikas Tomar,Defender,4
1,3,2014-07-27,Puneri Paltan,55,Jitesh Joshi,Defender,2
1,3,2014-07-27,Puneri Paltan,70,Manoj Kumar,Defender,0
1,3,2014-07-27,Puneri Paltan,79,Pravin Niwale,Raider,0
1,4,2014-07-27,U Mumba,105,Shabeer Bappu,,15
1,4,2014-07-27,U Mumba,146,Surender Nada,Defender,7
1,4,2014-07-27,U Mumba,94,Rishank Devadiga,,5
1,4,2014-07-27,U Mumba,29,Anup Kumar,,4
1,4,2014-07-27,U Mumba,54,Jeeva Kumar,,2
1,4,2014-07-27,U Mumba,71,Mohit Chhillar,,0
1,4,2014-07-27,U Mumba,123,Vishal Mane,,0
1,4,2014-07-27,Bengal Warriors,108,Shyam Kumar Sah,Defender,7
1,4,2014-07-27,Bengal Warriors,75,Nitin Madane,Raider,6
1,4,2014-07-27,Bengal Warriors,66,Mahesh Goud,,5
1,4,2014-07-27,Bengal Warriors,98,Sachin Khambe,Defender,2
1,4,2014-07-27,Bengal Warriors,141,Sunil Jaipal,Raider,2
1,4,2014-07-27,Bengal Warriors,77,Parveen Kumar,Defender,1
1,4,2014-07-27,Bengal Warriors,73,Nilesh Shinde,Defender,1
1,5,2014-07-28,Puneri Paltan,124,Wazir Singh,,10
1,5,2014-07-28,Puneri Paltan,55,Jitesh Joshi,Defender,8
1,5,2014-07-28,Puneri Paltan,56,Kalimuthu Balamahendran,Defender,5
1,5,2014-07-28,Puneri Paltan,67,Mahipal Narwal,Defender,5
1,5,2014-07-28,Puneri Paltan,79,Pravin Niwale,Raider,1
1,5,2014-07-28,Puneri Paltan,70,Manoj Kumar,Defender,0
1,5,2014-07-28,Puneri Paltan,151,Vikas Tomar,Defender,0
1,5,2014-07-28,Dabang Delhi,118,Surjeet Narwal,Raider,13
1,5,2014-07-28,Dabang Delhi,58,Kashiling Adake,,6
1,5,2014-07-28,Dabang Delhi,51,Jasmer Singh Gulia,,4
1,5,2014-07-28,Dabang Delhi,28,Amit Singh Chhillar,Defender,4
1,5,2014-07-28,Dabang Delhi,107,Shrikant Tewthia,,3
1,5,2014-07-28,Dabang Delhi,80,Punit Kumar Teotia,Raider,2
1,5,2014-07-28,Dabang Delhi,38,Dadaso Balaso Awad,Raider,1
1,6,2014-07-28,U Mumba,29,Anup Kumar,,12
1,6,2014-07-28,U Mumba,105,Shabeer Bappu,,10
1,6,2014-07-28,U Mumba,94,Rishank Devadiga,,4
1,6,2014-07-28,U Mumba,146,Surender Nada,Defender,2
1,6,2014-07-28,U Mumba,53,Jeeva Gopal,Defender,2
1,6,2014-07-28,U Mumba,54,Jeeva Kumar,,1
1,6,2014-07-28,U Mumba,123,Vishal Mane,,1
1,6,2014-07-28,U Mumba,145,Md. Aruduzzaman Munshi,All Rounder,0
1,6,2014-07-28,U Mumba,117,Suresh Pathapalem,Defender,0
1,6,2014-07-28,U Mumba,71,Mohit Chhillar,,0
1,6,2014-07-28,U Mumba,1,Mohammad Ziaur Rahman,All Rounder,0
1,6,2014-07-28,U Mumba,8,Masayuki Shimokawa,Raider,0
1,6,2014-07-28,Telugu Titans,81,Rahul Chaudhari,,13
1,6,2014-07-28,Telugu Titans,111,Sukesh Hegde,,8
1,6,2014-07-28,Telugu Titans,41,Deepak Niwas Hooda,,4
1,6,2014-07-28,Telugu Titans,152,D. Gopu,,3
1,6,2014-07-28,Telugu Titans,84,Rajaguru Subramanian,,2
1,6,2014-07-28,Telugu Titans,36,Chandran Ranjit,,1
1,6,2014-07-28,Telugu Titans,49,Irfan Khan,Raider,0
1,6,2014-07-28,Telugu Titans,17,Atif Waheed,All Rounder,0
1,6,2014-07-28,Telugu Titans,19,Wajid Ali,All Rounder,0
1,6,2014-07-28,Telugu Titans,6,Jaber Hemati Chonehkhan,Raider,0
1,6,2014-07-28,Telugu Titans,149,Kiran A,Defender,0
1,6,2014-07-28,Telugu Titans,97,Rupesh Tomar,All Rounder,0
1,6,2014-07-28,Telugu Titans,120,V. Satyanarayana,"Defender, left corner",0
1,7,2014-07-29,U Mumba,29,Anup Kumar,,11
1,7,2014-07-29,U Mumba,105,Shabeer Bappu,,8
1,7,2014-07-29,U Mumba,146,Surender Nada,Defender,6
1,7,2014-07-29,U Mumba,94,Rishank Devadiga,,3
1,7,2014-07-29,U Mumba,123,Vishal Mane,,2
1,7,2014-07-29,U Mumba,53,Jeeva Gopal,Defender,1
1,7,2014-07-29,U Mumba,71,Mohit Chhillar,,0
1,7,2014-07-29,Patna Pirates,88,Rakesh Kumar,Raider,16
1,7,2014-07-29,Patna Pirates,92,Ravi Dalal,Raider,6
1,7,2014-07-29,Patna Pirates,61,Kuldeep Singh,Defender,3
1,7,2014-07-29,Patna Pirates,142,Sandeep Narwal,,3
1,7,2014-07-29,Patna Pirates,46,Gurvinder Singh,,2
1,7,2014-07-29,Patna Pirates,68,Mandeep Kumar,Raider,0
1,7,2014-07-29,Patna Pirates,109,Somvir Shekhar,Defender,0
1,8,2014-07-30,Bengal Warriors,75,Nitin Madane,Raider,8
1,8,2014-07-30,Bengal Warriors,12,Jang Kun Lee,,5
1,8,2014-07-30,Bengal Warriors,141,Sunil Jaipal,Raider,4
1,8,2014-07-30,Bengal Warriors,98,Sachin Khambe,Defender,4
1,8,2014-07-30,Bengal Warriors,108,Shyam Kumar Sah,Defender,4
1,8,2014-07-30,Bengal Warriors,66,Mahesh Goud,,3
1,8,2014-07-30,Bengal Warriors,77,Parveen Kumar,Defender,2
1,8,2014-07-30,Bengal Warriors,73,Nilesh Shinde,Defender,0
1,8,2014-07-30,Bengaluru Bulls,26,Ajay Thakur,,10
1,8,2014-07-30,Bengaluru Bulls,150,Parmod Narwal,All Rounder,7
1,8,2014-07-30,Bengaluru Bulls,85,Rajesh Mondal,,6
1,8,2014-07-30,Bengaluru Bulls,21,Sinotharan Kanesharajah,Raider,5
1,8,2014-07-30,Bengaluru Bulls,42,Dharmaraj Cheralathan,,4
1,8,2014-07-30,Bengaluru Bulls,69,Manjeet Chhillar,,4
1,8,2014-07-30,Bengaluru Bulls,113,Sunil Hanumanthappa,Raider,3
1,8,2014-07-30,Bengaluru Bulls,45,Gurpreet Singh,Defender,1
1,9,2014-07-31,Jaipur Pink Panthers,86,Rajesh Narwal,,12
1,9,2014-07-31,Jaipur Pink Panthers,52,Jasvir Singh,,11
1,9,2014-07-31,Jaipur Pink Panthers,143,Maninder Singh,,8
1,9,2014-07-31,Jaipur Pink Panthers,147,Prashant Chavan,All Rounder,4
1,9,2014-07-31,Jaipur Pink Panthers,72,Navneet Gautam,Defender,3
1,9,2014-07-31,Jaipur Pink Panthers,96,Rohit Rana,,2
1,9,2014-07-31,Jaipur Pink Panthers,87,Raju Lal Choudhary,,0
1,9,2014-07-31,Jaipur Pink Panthers,144,Gokul Shitole,All Rounder,0
1,9,2014-07-31,Telugu Titans,111,Sukesh Hegde,,8
1,9,2014-07-31,Telugu Titans,81,Rahul Chaudhari,,8
1,9,2014-07-31,Telugu Titans,36,Chandran Ranjit,,4
1,9,2014-07-31,Telugu Titans,41,Deepak Niwas Hooda,,3
1,9,2014-07-31,Telugu Titans,84,Rajaguru Subramanian,,3
1,9,2014-07-31,Telugu Titans,152,D. Gopu,,2
1,9,2014-07-31,Telugu Titans,149,Kiran A,Defender,0
1,9,2014-07-31,Telugu Titans,19,Wajid Ali,All Rounder,0
1,10,2014-07-31,Bengal Warriors,75,Nitin Madane,Raider,10
1,10,2014-07-31,Bengal Warriors,12,Jang Kun Lee,,8
1,10,2014-07-31,Bengal Warriors,66,Mahesh Goud,,7
1,10,2014-07-31,Bengal Warriors,73,Nilesh Shinde,Defender,7
1,10,2014-07-31,Bengal Warriors,98,Sachin Khambe,Defender,3
1,10,2014-07-31,Bengal Warriors,108,Shyam Kumar Sah,Defender,1
1,10,2014-07-31,Bengal Warriors,77,Parveen Kumar,Defender,0
1,10,2014-07-31,Dabang Delhi,58,Kashiling Adake,,12
1,10,2014-07-31,Dabang Delhi,118,Surjeet Narwal,Raider,9
1,10,2014-07-31,Dabang Delhi,107,Shrikant Tewthia,,6
1,10,2014-07-31,Dabang Delhi,51,Jasmer Singh Gulia,,4
1,10,2014-07-31,Dabang Delhi,28,Amit Singh Chhillar,Defender,3
1,10,2014-07-31,Dabang Delhi,80,Punit Kumar Teotia,Raider,1
1,10,2014-07-31,Dabang Delhi,38,Dadaso Balaso Awad,Raider,0
1,10,2014-07-31,Dabang Delhi,4,Ehsan Zamani Fard,Defender,0
1,11,2014-08-01,Telugu Titans,81,Rahul Chaudhari,,14
1,11,2014-08-01,Telugu Titans,41,Deepak Niwas Hooda,,10
1,11,2014-08-01,Telugu Titans,111,Sukesh Hegde,,5
1,11,2014-08-01,Telugu Titans,97,Rupesh Tomar,All Rounder,2
1,11,2014-08-01,Telugu Titans,17,Atif Waheed,All Rounder,1
1,11,2014-08-01,Telugu Titans,152,D. Gopu,,1
1,11,2014-08-01,Telugu Titans,36,Chandran Ranjit,,0
1,11,2014-08-01,Telugu Titans,49,Irfan Khan,Raider,0
1,11,2014-08-01,Telugu Titans,84,Rajaguru Subramanian,,0
1,11,2014-08-01,Telugu Titans,149,Kiran A,Defender,0
1,11,2014-08-01,Patna Pirates,92,Ravi Dalal,Raider,15
1,11,2014-08-01,Patna Pirates,88,Rakesh Kumar,Raider,8
1,11,2014-08-01,Patna Pirates,142,Sandeep Narwal,,5
1,11,2014-08-01,Patna Pirates,61,Kuldeep Singh,Defender,2
1,11,2014-08-01,Patna Pirates,20,Wasim Sajjad,All Rounder,1
1,11,2014-08-01,Patna Pirates,109,Somvir Shekhar,Defender,0
1,11,2014-08-01,Patna Pirates,89,Ram Kumar Sah,Defender,0
1,12,2014-08-01,Bengal Warriors,12,Jang Kun Lee,,15
1,12,2014-08-01,Bengal Warriors,141,Sunil Jaipal,Raider,7
1,12,2014-08-01,Bengal Warriors,66,Mahesh Goud,,6
1,12,2014-08-01,Bengal Warriors,73,Nilesh Shinde,Defender,3
1,12,2014-08-01,Bengal Warriors,98,Sachin Khambe,Defender,2
1,12,2014-08-01,Bengal Warriors,108,Shyam Kumar Sah,Defender,1
1,12,2014-08-01,Bengal Warriors,75,Nitin Madane,Raider,1
1,12,2014-08-01,Bengal Warriors,77,Parveen Kumar,Defender,0
1,12,2014-08-01,Puneri Paltan,67,Mahipal Narwal,Defender,10
1,12,2014-08-01,Puneri Paltan,124,Wazir Singh,,9
1,12,2014-08-01,Puneri Paltan,70,Manoj Kumar,Defender,5
1,12,2014-08-01,Puneri Paltan,55,Jitesh Joshi,Defender,2
1,12,2014-08-01,Puneri Paltan,56,Kalimuthu Balamahendran,Defender,2
1,12,2014-08-01,Puneri Paltan,10,Simon Kibura,Raider,1
1,12,2014-08-01,Puneri Paltan,79,Pravin Niwale,Raider,1
1,12,2014-08-01,Puneri Paltan,76,Nitin More,Defender,0
1,12,2014-08-01,Puneri Paltan,148,Sunil Subhash Lande,Defender,0
1,12,2014-08-01,Puneri Paltan,151,Vikas Tomar,Defender,0
1,12,2014-08-01,Puneri Paltan,16,Waleed Al Hasani,Raider,0
1,13,2014-08-02,Patna Pirates,142,Sandeep Narwal,,5
1,13,2014-08-02,Patna Pirates,88,Rakesh Kumar,Raider,5
1,13,2014-08-02,Patna Pirates,46,Gurvinder Singh,,5
1,13,2014-08-02,Patna Pirates,20,Wasim Sajjad,All Rounder,1
1,13,2014-08-02,Patna Pirates,89,Ram Kumar Sah,Defender,1
1,13,2014-08-02,Patna Pirates,92,Ravi Dalal,Raider,1
1,13,2014-08-02,Patna Pirates,109,Somvir Shekhar,Defender,0
1,13,2014-08-02,Patna Pirates,61,Kuldeep Singh,Defender,0
1,13,2014-08-02,Patna Pirates,14,Tae Deok Eom,,0
1,13,2014-08-02,Jaipur Pink Panthers,143,Maninder Singh,,13
1,13,2014-08-02,Jaipur Pink Panthers,86,Rajesh Narwal,,6
1,13,2014-08-02,Jaipur Pink Panthers,96,Rohit Rana,,4
1,13,2014-08-02,Jaipur Pink Panthers,44,Gangadhari Mallesh,,3
1,13,2014-08-02,Jaipur Pink Panthers,52,Jasvir Singh,,2
1,13,2014-08-02,Jaipur Pink Panthers,144,Gokul Shitole,All Rounder,2
1,13,2014-08-02,Jaipur Pink Panthers,147,Prashant Chavan,All Rounder,1
1,13,2014-08-02,Jaipur Pink Panthers,72,Navneet Gautam,Defender,0
1,14,2014-08-02,Bengal Warriors,75,Nitin Madane,Raider,13
1,14,2014-08-02,Bengal Warriors,141,Sunil Jaipal,Raider,6
1,14,2014-08-02,Bengal Warriors,108,Shyam Kumar Sah,Defender,3
1,14,2014-08-02,Bengal Warriors,98,Sachin Khambe,Defender,2
1,14,2014-08-02,Bengal Warriors,66,Mahesh Goud,,1
1,14,2014-08-02,Bengal Warriors,12,Jang Kun Lee,,1
1,14,2014-08-02,Bengal Warriors,73,Nilesh Shinde,Defender,1
1,14,2014-08-02,Bengal Warriors,77,Parveen Kumar,Defender,0
1,14,2014-08-02,U Mumba,29,Anup Kumar,,14
1,14,2014-08-02,U Mumba,105,Shabeer Bappu,,8
1,14,2014-08-02,U Mumba,71,Mohit Chhillar,,5
1,14,2014-08-02,U Mumba,146,Surender Nada,Defender,4
1,14,2014-08-02,U Mumba,94,Rishank Devadiga,,2
1,14,2014-08-02,U Mumba,123,Vishal Mane,,1
1,14,2014-08-02,U Mumba,54,Jeeva Kumar,,0
1,15,2014-08-03,Dabang Delhi,118,Surjeet Narwal,Raider,15
1,15,2014-08-03,Dabang Delhi,51,Jasmer Singh Gulia,,4
1,15,2014-08-03,Dabang Delhi,107,Shrikant Tewthia,,4
1,15,2014-08-03,Dabang Delhi,38,Dadaso Balaso Awad,Raider,3
1,15,2014-08-03,Dabang Delhi,58,Kashiling Adake,,2
1,15,2014-08-03,Dabang Delhi,4,Ehsan Zamani Fard,Defender,2
1,15,2014-08-03,Dabang Delhi,80,Punit Kumar Teotia,Raider,1
1,15,2014-08-03,Dabang Delhi,28,Amit Singh Chhillar,Defender,1
1,15,2014-08-03,Dabang Delhi,11,Dong Ju Hong,All Rounder,0
1,15,2014-08-03,Telugu Titans,81,Rahul Chaudhari,,14
1,15,2014-08-03,Telugu Titans,41,Deepak Niwas Hooda,,10
1,15,2014-08-03,Telugu Titans,84,Rajaguru Subramanian,,4
1,15,2014-08-03,Telugu Titans,111,Sukesh Hegde,,2
1,15,2014-08-03,Telugu Titans,97,Rupesh Tomar,All Rounder,1
1,15,2014-08-03,Telugu Titans,152,D. Gopu,,0
1,15,2014-08-03,Telugu Titans,17,Atif Waheed,All Rounder,0
1,16,2014-08-03,Puneri Paltan,124,Wazir Singh,,11
1,16,2014-08-03,Puneri Paltan,55,Jitesh Joshi,Defender,6
1,16,2014-08-03,Puneri Paltan,56,Kalimuthu Balamahendran,Defender,3
1,16,2014-08-03,Puneri Paltan,70,Manoj Kumar,Defender,3
1,16,2014-08-03,Puneri Paltan,76,Nitin More,Defender,3
1,16,2014-08-03,Puneri Paltan,67,Mahipal Narwal,Defender,2
1,16,2014-08-03,Puneri Paltan,151,Vikas Tomar,Defender,1
1,16,2014-08-03,Bengaluru Bulls,69,Manjeet Chhillar,,12
1,16,2014-08-03,Bengaluru Bulls,26,Ajay Thakur,,8
1,16,2014-08-03,Bengaluru Bulls,42,Dharmaraj Cheralathan,,3
1,16,2014-08-03,Bengaluru Bulls,45,Gurpreet Singh,Defender,2
1,16,2014-08-03,Bengaluru Bulls,85,Rajesh Mondal,,1
1,16,2014-08-03,Bengaluru Bulls,150,Parmod Narwal,All Rounder,1
1,16,2014-08-03,Bengaluru Bulls,154,Gurchet Singh,Defender,1
1,16,2014-08-03,Bengaluru Bulls,113,Sunil Hanumanthappa,Raider,0
1,17,2014-08-04,U Mumba,105,Shabeer Bappu,,11
1,17,2014-08-04,U Mumba,94,Rishank Devadiga,,9
1,17,2014-08-04,U Mumba,29,Anup Kumar,,7
1,17,2014-08-04,U Mumba,54,Jeeva Kumar,,2
1,17,2014-08-04,U Mumba,71,Mohit Chhillar,,2
1,17,2014-08-04,U Mumba,146,Surender Nada,Defender,2
1,17,2014-08-04,U Mumba,123,Vishal Mane,,1
1,17,2014-08-04,U Mumba,53,Jeeva Gopal,Defender,1
1,17,2014-08-04,Puneri Paltan,124,Wazir Singh,,8
1,17,2014-08-04,Puneri Paltan,67,Mahipal Narwal,Defender,5
1,17,2014-08-04,Puneri Paltan,70,Manoj Kumar,Defender,2
1,17,2014-08-04,Puneri Paltan,76,Nitin More,Defender,2
1,17,2014-08-04,Puneri Paltan,79,Pravin Niwale,Raider,2
1,17,2014-08-04,Puneri Paltan,55,Jitesh Joshi,Defender,2
1,17,2014-08-04,Puneri Paltan,56,Kalimuthu Balamahendran,Defender,2
1,17,2014-08-04,Puneri Paltan,148,Sunil Subhash Lande,Defender,0
1,17,2014-08-04,Puneri Paltan,151,Vikas Tomar,Defender,0
1,18,2014-08-04,Dabang Delhi,107,Shrikant Tewthia,,12
1,18,2014-08-04,Dabang Delhi,58,Kashiling Adake,,7
1,18,2014-08-04,Dabang Delhi,118,Surjeet Narwal,Raider,7
1,18,2014-08-04,Dabang Delhi,51,Jasmer Singh Gulia,,4
1,18,2014-08-04,Dabang Delhi,4,Ehsan Zamani Fard,Defender,0
1,18,2014-08-04,Dabang Delhi,28,Amit Singh Chhillar,Defender,0
1,18,2014-08-04,Dabang Delhi,38,Dadaso Balaso Awad,Raider,0
1,18,2014-08-04,Patna Pirates,88,Rakesh Kumar,Raider,9
1,18,2014-08-04,Patna Pirates,92,Ravi Dalal,Raider,8
1,18,2014-08-04,Patna Pirates,142,Sandeep Narwal,,7
1,18,2014-08-04,Patna Pirates,20,Wasim Sajjad,All Rounder,3
1,18,2014-08-04,Patna Pirates,46,Gurvinder Singh,,2
1,18,2014-08-04,Patna Pirates,109,Somvir Shekhar,Defender,0
1,18,2014-08-04,Patna Pirates,68,Mandeep Kumar,Raider,0
1,19,2014-08-05,Bengaluru Bulls,26,Ajay Thakur,,9
1,19,2014-08-05,Bengaluru Bulls,69,Manjeet Chhillar,,7
1,19,2014-08-05,Bengaluru Bulls,42,Dharmaraj Cheralathan,,6
1,19,2014-08-05,Bengaluru Bulls,85,Rajesh Mondal,,4
1,19,2014-08-05,Bengaluru Bulls,150,Parmod Narwal,All Rounder,4
1,19,2014-08-05,Bengaluru Bulls,154,Gurchet Singh,Defender,2
1,19,2014-08-05,Bengaluru Bulls,45,Gurpreet Singh,Defender,0
1,19,2014-08-05,U Mumba,29,Anup Kumar,,9
1,19,2014-08-05,U Mumba,94,Rishank Devadiga,,9
1,19,2014-08-05,U Mumba,105,Shabeer Bappu,,4
1,19,2014-08-05,U Mumba,156,Pawan Kumar Kadian,,4
1,19,2014-08-05,U Mumba,54,Jeeva Kumar,,4
1,19,2014-08-05,U Mumba,146,Surender Nada,Defender,3
1,19,2014-08-05,U Mumba,71,Mohit Chhillar,,1
1,19,2014-08-05,U Mumba,123,Vishal Mane,,1
1,20,2014-08-05,Dabang Delhi,118,Surjeet Narwal,Raider,10
1,20,2014-08-05,Dabang Delhi,58,Kashiling Adake,,8
1,20,2014-08-05,Dabang Delhi,51,Jasmer Singh Gulia,,3
1,20,2014-08-05,Dabang Delhi,107,Shrikant Tewthia,,3
1,20,2014-08-05,Dabang Delhi,157,Ravinder Pahal,,1
1,20,2014-08-05,Dabang Delhi,158,Rakesh Singh Kumar,Defender,1
1,20,2014-08-05,Dabang Delhi,28,Amit Singh Chhillar,Defender,1
1,20,2014-08-05,Jaipur Pink Panthers,52,Jasvir Singh,,10
1,20,2014-08-05,Jaipur Pink Panthers,86,Rajesh Narwal,,7
1,20,2014-08-05,Jaipur Pink Panthers,143,Maninder Singh,,6
1,20,2014-08-05,Jaipur Pink Panthers,160,Ran Singh,,4
1,20,2014-08-05,Jaipur Pink Panthers,159,Samarjeet Singh,Defender,2
1,20,2014-08-05,Jaipur Pink Panthers,32,Balbir Singh,All Rounder,2
1,20,2014-08-05,Jaipur Pink Panthers,72,Navneet Gautam,Defender,1
1,20,2014-08-05,Jaipur Pink Panthers,147,Prashant Chavan,All Rounder,0
1,20,2014-08-05,Jaipur Pink Panthers,44,Gangadhari Mallesh,,0
1,21,2014-08-06,Dabang Delhi,58,Kashiling Adake,,14
1,21,2014-08-06,Dabang Delhi,118,Surjeet Narwal,Raider,11
1,21,2014-08-06,Dabang Delhi,157,Ravinder Pahal,,7
1,21,2014-08-06,Dabang Delhi,51,Jasmer Singh Gulia,,4
1,21,2014-08-06,Dabang Delhi,107,Shrikant Tewthia,,2
1,21,2014-08-06,Dabang Delhi,28,Amit Singh Chhillar,Defender,1
1,21,2014-08-06,Dabang Delhi,158,Rakesh Singh Kumar,Defender,0
1,21,2014-08-06,Bengal Warriors,75,Nitin Madane,Raider,13
1,21,2014-08-06,Bengal Warriors,12,Jang Kun Lee,,11
1,21,2014-08-06,Bengal Warriors,108,Shyam Kumar Sah,Defender,2
1,21,2014-08-06,Bengal Warriors,141,Sunil Jaipal,Raider,2
1,21,2014-08-06,Bengal Warriors,98,Sachin Khambe,Defender,1
1,21,2014-08-06,Bengal Warriors,13,Seong Ryeol Kim,All Rounder,1
1,21,2014-08-06,Bengal Warriors,66,Mahesh Goud,,1
1,21,2014-08-06,Bengal Warriors,73,Nilesh Shinde,Defender,0
1,21,2014-08-06,Bengal Warriors,77,Parveen Kumar,Defender,0
1,22,2014-08-07,Patna Pirates,88,Rakesh Kumar,Raider,9
1,22,2014-08-07,Patna Pirates,142,Sandeep Narwal,,9
1,22,2014-08-07,Patna Pirates,92,Ravi Dalal,Raider,8
1,22,2014-08-07,Patna Pirates,162,D. Suresh Kumar,Defender,1
1,22,2014-08-07,Patna Pirates,20,Wasim Sajjad,All Rounder,1
1,22,2014-08-07,Patna Pirates,23,Dovlet Boshimov,All Rounder,1
1,22,2014-08-07,Patna Pirates,46,Gurvinder Singh,,0
1,22,2014-08-07,Patna Pirates,161,Girish Maruti Ernak,,0
1,22,2014-08-07,Patna Pirates,109,Somvir Shekhar,Defender,0
1,22,2014-08-07,Puneri Paltan,70,Manoj Kumar,Defender,10
1,22,2014-08-07,Puneri Paltan,79,Pravin Niwale,Raider,6
1,22,2014-08-07,Puneri Paltan,55,Jitesh Joshi,Defender,4
1,22,2014-08-07,Puneri Paltan,56,Kalimuthu Balamahendran,Defender,4
1,22,2014-08-07,Puneri Paltan,16,Waleed Al Hasani,Raider,2
1,22,2014-08-07,Puneri Paltan,30,Arbinda Khuntia,Defender,0
1,22,2014-08-07,Puneri Paltan,76,Nitin More,Defender,0
1,22,2014-08-07,Puneri Paltan,148,Sunil Subhash Lande,Defender,0
1,22,2014-08-07,Puneri Paltan,151,Vikas Tomar,Defender,0
1,23,2014-08-08,Bengal Warriors,75,Nitin Madane,Raider,20
1,23,2014-08-08,Bengal Warriors,12,Jang Kun Lee,,7
1,23,2014-08-08,Bengal Warriors,73,Nilesh Shinde,Defender,5
1,23,2014-08-08,Bengal Warriors,163,Mahendra Ganesh Rajput,,2
1,23,2014-08-08,Bengal Warriors,164,Bajirao Hodage,,1
1,23,2014-08-08,Bengal Warriors,98,Sachin Khambe,Defender,1
1,23,2014-08-08,Bengal Warriors,108,Shyam Kumar Sah,Defender,1
1,23,2014-08-08,Bengal Warriors,141,Sunil Jaipal,Raider,0
1,23,2014-08-08,Telugu Titans,81,Rahul Chaudhari,,14
1,23,2014-08-08,Telugu Titans,41,Deepak Niwas Hooda,,7
1,23,2014-08-08,Telugu Titans,111,Sukesh Hegde,,5
1,23,2014-08-08,Telugu Titans,166,Vijendar Singh,Defender,5
1,23,2014-08-08,Telugu Titans,165,Sachin Shingade,,1
1,23,2014-08-08,Telugu Titans,120,V. Satyanarayana,"Defender, left corner",0
1,23,2014-08-08,Telugu Titans,84,Rajaguru Subramanian,,0
1,23,2014-08-08,Telugu Titans,152,D. Gopu,,0
1,23,2014-08-08,Telugu Titans,155,Prashanth Kumar Rai,,0
1,24,2014-08-08,Patna Pirates,142,Sandeep Narwal,,11
1,24,2014-08-08,Patna Pirates,92,Ravi Dalal,Raider,10
1,24,2014-08-08,Patna Pirates,88,Rakesh Kumar,Raider,5
1,24,2014-08-08,Patna Pirates,20,Wasim Sajjad,All Rounder,4
1,24,2014-08-08,Patna Pirates,14,Tae Deok Eom,,3
1,24,2014-08-08,Patna Pirates,161,Girish Maruti Ernak,,2
1,24,2014-08-08,Patna Pirates,162,D. Suresh Kumar,Defender,0
1,24,2014-08-08,U Mumba,29,Anup Kumar,,12
1,24,2014-08-08,U Mumba,156,Pawan Kumar Kadian,,7
1,24,2014-08-08,U Mumba,123,Vishal Mane,,5
1,24,2014-08-08,U Mumba,71,Mohit Chhillar,,4
1,24,2014-08-08,U Mumba,94,Rishank Devadiga,,3
1,24,2014-08-08,U Mumba,146,Surender Nada,Defender,3
1,24,2014-08-08,U Mumba,54,Jeeva Kumar,,1
1,24,2014-08-08,U Mumba,53,Jeeva Gopal,Defender,0
1,25,2014-08-09,Telugu Titans,81,Rahul Chaudhari,,10
1,25,2014-08-09,Telugu Titans,41,Deepak Niwas Hooda,,7
1,25,2014-08-09,Telugu Titans,111,Sukesh Hegde,,3
1,25,2014-08-09,Telugu Titans,152,D. Gopu,,3
1,25,2014-08-09,Telugu Titans,19,Wajid Ali,All Rounder,1
1,25,2014-08-09,Telugu Titans,165,Sachin Shingade,,1
1,25,2014-08-09,Telugu Titans,166,Vijendar Singh,Defender,1
1,25,2014-08-09,Telugu Titans,36,Chandran Ranjit,,0
1,25,2014-08-09,Telugu Titans,84,Rajaguru Subramanian,,0
1,25,2014-08-09,Telugu Titans,155,Prashanth Kumar Rai,,0
1,25,2014-08-09,Jaipur Pink Panthers,143,Maninder Singh,,13
1,25,2014-08-09,Jaipur Pink Panthers,52,Jasvir Singh,,12
1,25,2014-08-09,Jaipur Pink Panthers,96,Rohit Rana,,6
1,25,2014-08-09,Jaipur Pink Panthers,160,Ran Singh,,5
1,25,2014-08-09,Jaipur Pink Panthers,86,Rajesh Narwal,,2
1,25,2014-08-09,Jaipur Pink Panthers,147,Prashant Chavan,All Rounder,2
1,25,2014-08-09,Jaipur Pink Panthers,72,Navneet Gautam,Defender,1
1,25,2014-08-09,Jaipur Pink Panthers,44,Gangadhari Mallesh,,0
1,25,2014-08-09,Jaipur Pink Panthers,159,Samarjeet Singh,Defender,0
1,26,2014-08-09,Patna Pirates,88,Rakesh Kumar,Raider,10
1,26,2014-08-09,Patna Pirates,92,Ravi Dalal,Raider,8
1,26,2014-08-09,Patna Pirates,142,Sandeep Narwal,,4
1,26,2014-08-09,Patna Pirates,20,Wasim Sajjad,All Rounder,2
1,26,2014-08-09,Patna Pirates,46,Gurvinder Singh,,2
1,26,2014-08-09,Patna Pirates,162,D. Suresh Kumar,Defender,2
1,26,2014-08-09,Patna Pirates,161,Girish Maruti Ernak,,0
1,26,2014-08-09,Patna Pirates,14,Tae Deok Eom,,0
1,26,2014-08-09,Patna Pirates,89,Ram Kumar Sah,Defender,0
1,26,2014-08-09,Dabang Delhi,58,Kashiling Adake,,10
1,26,2014-08-09,Dabang Delhi,118,Surjeet Narwal,Raider,10
1,26,2014-08-09,Dabang Delhi,107,Shrikant Tewthia,,3
1,26,2014-08-09,Dabang Delhi,51,Jasmer Singh Gulia,,1
1,26,2014-08-09,Dabang Delhi,28,Amit Singh Chhillar,Defender,1
1,26,2014-08-09,Dabang Delhi,157,Ravinder Pahal,,1
1,26,2014-08-09,Dabang Delhi,158,Rakesh Singh Kumar,Defender,0
1,27,2014-08-10,Jaipur Pink Panthers,52,Jasvir Singh,,7
1,27,2014-08-10,Jaipur Pink Panthers,86,Rajesh Narwal,,5
1,27,2014-08-10,Jaipur Pink Panthers,96,Rohit Rana,,5
1,27,2014-08-10,Jaipur Pink Panthers,143,Maninder Singh,,5
1,27,2014-08-10,Jaipur Pink Panthers,147,Prashant Chavan,All Rounder,5
1,27,2014-08-10,Jaipur Pink Panthers,44,Gangadhari Mallesh,,3
1,27,2014-08-10,Jaipur Pink Panthers,32,Balbir Singh,All Rounder,1
1,27,2014-08-10,Jaipur Pink Panthers,159,Samarjeet Singh,Defender,1
1,27,2014-08-10,Jaipur Pink Panthers,72,Navneet Gautam,Defender,0
1,27,2014-08-10,Bengal Warriors,75,Nitin Madane,Raider,13
1,27,2014-08-10,Bengal Warriors,164,Bajirao Hodage,,3
1,27,2014-08-10,Bengal Warriors,108,Shyam Kumar Sah,Defender,2
1,27,2014-08-10,Bengal Warriors,141,Sunil Jaipal,Raider,2
1,27,2014-08-10,Bengal Warriors,73,Nilesh Shinde,Defender,2
1,27,2014-08-10,Bengal Warriors,98,Sachin Khambe,Defender,0
1,27,2014-08-10,Bengal Warriors,163,Mahendra Ganesh Rajput,,0
1,27,2014-08-10,Bengal Warriors,66,Mahesh Goud,,0
1,27,2014-08-10,Bengal Warriors,12,Jang Kun Lee,,0
1,28,2014-08-10,Patna Pirates,142,Sandeep Narwal,,12
1,28,2014-08-10,Patna Pirates,92,Ravi Dalal,Raider,9
1,28,2014-08-10,Patna Pirates,88,Rakesh Kumar,Raider,8
1,28,2014-08-10,Patna Pirates,161,Girish Maruti Ernak,,2
1,28,2014-08-10,Patna Pirates,162,D. Suresh Kumar,Defender,0
1,28,2014-08-10,Patna Pirates,114,Sunil Kumar,Defender,0
1,28,2014-08-10,Patna Pirates,20,Wasim Sajjad,All Rounder,0
1,28,2014-08-10,Bengaluru Bulls,26,Ajay Thakur,,10
1,28,2014-08-10,Bengaluru Bulls,69,Manjeet Chhillar,,8
1,28,2014-08-10,Bengaluru Bulls,150,Parmod Narwal,All Rounder,4
1,28,2014-08-10,Bengaluru Bulls,85,Rajesh Mondal,,3
1,28,2014-08-10,Bengaluru Bulls,167,Preetam Chhillar,All Rounder,2
1,28,2014-08-10,Bengaluru Bulls,42,Dharmaraj Cheralathan,,1
1,28,2014-08-10,Bengaluru Bulls,154,Gurchet Singh,Defender,1
1,28,2014-08-10,Bengaluru Bulls,122,Vilam Singh,Defender,0
1,28,2014-08-10,Bengaluru Bulls,45,Gurpreet Singh,Defender,0
1,29,2014-08-12,Puneri Paltan,124,Wazir Singh,,16
1,29,2014-08-12,Puneri Paltan,79,Pravin Niwale,Raider,10
1,29,2014-08-12,Puneri Paltan,169,Sagar Khatale,Defender,2
1,29,2014-08-12,Puneri Paltan,170,Swapnil Dilip Shinde,Defender,1
1,29,2014-08-12,Puneri Paltan,56,Kalimuthu Balamahendran,Defender,1
1,29,2014-08-12,Puneri Paltan,70,Manoj Kumar,Defender,1
1,29,2014-08-12,Puneri Paltan,168,Mangesh Bhagat,Defender,1
1,29,2014-08-12,Puneri Paltan,55,Jitesh Joshi,Defender,0
1,29,2014-08-12,Telugu Titans,81,Rahul Chaudhari,,12
1,29,2014-08-12,Telugu Titans,111,Sukesh Hegde,,9
1,29,2014-08-12,Telugu Titans,41,Deepak Niwas Hooda,,5
1,29,2014-08-12,Telugu Titans,165,Sachin Shingade,,4
1,29,2014-08-12,Telugu Titans,152,D. Gopu,,4
1,29,2014-08-12,Telugu Titans,155,Prashanth Kumar Rai,,2
1,29,2014-08-12,Telugu Titans,36,Chandran Ranjit,,1
1,29,2014-08-12,Telugu Titans,84,Rajaguru Subramanian,,0
1,29,2014-08-12,Telugu Titans,149,Kiran A,Defender,0
1,30,2014-08-13,U Mumba,29,Anup Kumar,,12
1,30,2014-08-13,U Mumba,94,Rishank Devadiga,,8
1,30,2014-08-13,U Mumba,123,Vishal Mane,,2
1,30,2014-08-13,U Mumba,146,Surender Nada,Defender,2
1,30,2014-08-13,U Mumba,156,Pawan Kumar Kadian,,2
1,30,2014-08-13,U Mumba,53,Jeeva Gopal,Defender,1
1,30,2014-08-13,U Mumba,71,Mohit Chhillar,,0
1,30,2014-08-13,Bengaluru Bulls,85,Rajesh Mondal,,9
1,30,2014-08-13,Bengaluru Bulls,26,Ajay Thakur,,8
1,30,2014-08-13,Bengaluru Bulls,69,Manjeet Chhillar,,6
1,30,2014-08-13,Bengaluru Bulls,42,Dharmaraj Cheralathan,,2
1,30,2014-08-13,Bengaluru Bulls,45,Gurpreet Singh,Defender,1
1,30,2014-08-13,Bengaluru Bulls,150,Parmod Narwal,All Rounder,1
1,30,2014-08-13,Bengaluru Bulls,167,Preetam Chhillar,All Rounder,1
1,31,2014-08-13,Puneri Paltan,55,Jitesh Joshi,Defender,9
1,31,2014-08-13,Puneri Paltan,168,Mangesh Bhagat,Defender,7
1,31,2014-08-13,Puneri Paltan,124,Wazir Singh,,6
1,31,2014-08-13,Puneri Paltan,70,Manoj Kumar,Defender,5
1,31,2014-08-13,Puneri Paltan,56,Kalimuthu Balamahendran,Defender,3
1,31,2014-08-13,Puneri Paltan,169,Sagar Khatale,Defender,2
1,31,2014-08-13,Puneri Paltan,79,Pravin Niwale,Raider,1
1,31,2014-08-13,Puneri Paltan,170,Swapnil Dilip Shinde,Defender,0
1,31,2014-08-13,Puneri Paltan,10,Simon Kibura,Raider,0
1,31,2014-08-13,Bengal Warriors,75,Nitin Madane,Raider,5
1,31,2014-08-13,Bengal Warriors,98,Sachin Khambe,Defender,5
1,31,2014-08-13,Bengal Warriors,163,Mahendra Ganesh Rajput,,5
1,31,2014-08-13,Bengal Warriors,141,Sunil Jaipal,Raider,4
1,31,2014-08-13,Bengal Warriors,66,Mahesh Goud,,3
1,31,2014-08-13,Bengal Warriors,73,Nilesh Shinde,Defender,2
1,31,2014-08-13,Bengal Warriors,164,Bajirao Hodage,,1
1,31,2014-08-13,Bengal Warriors,12,Jang Kun Lee,,1
1,31,2014-08-13,Bengal Warriors,108,Shyam Kumar Sah,Defender,0
1,31,2014-08-13,Bengal Warriors,77,Parveen Kumar,Defender,0
1,32,2014-08-14,Bengaluru Bulls,26,Ajay Thakur,,6
1,32,2014-08-14,Bengaluru Bulls,69,Manjeet Chhillar,,6
1,32,2014-08-14,Bengaluru Bulls,42,Dharmaraj Cheralathan,,3
1,32,2014-08-14,Bengaluru Bulls,150,Parmod Narwal,All Rounder,3
1,32,2014-08-14,Bengaluru Bulls,45,Gurpreet Singh,Defender,2
1,32,2014-08-14,Bengaluru Bulls,85,Rajesh Mondal,,2
1,32,2014-08-14,Bengaluru Bulls,167,Preetam Chhillar,All Rounder,2
1,32,2014-08-14,Bengaluru Bulls,154,Gurchet Singh,Defender,0
1,32,2014-08-14,Dabang Delhi,58,Kashiling Adake,,7
1,32,2014-08-14,Dabang Delhi,118,Surjeet Narwal,Raider,4
1,32,2014-08-14,Dabang Delhi,28,Amit Singh Chhillar,Defender,4
1,32,2014-08-14,Dabang Delhi,157,Ravinder Pahal,,3
1,32,2014-08-14,Dabang Delhi,51,Jasmer Singh Gulia,,3
1,32,2014-08-14,Dabang Delhi,107,Shrikant Tewthia,,1
1,32,2014-08-14,Dabang Delhi,4,Ehsan Zamani Fard,Defender,1
1,32,2014-08-14,Dabang Delhi,158,Rakesh Singh Kumar,Defender,0
1,33,2014-08-14,Puneri Paltan,124,Wazir Singh,,8
1,33,2014-08-14,Puneri Paltan,168,Mangesh Bhagat,Defender,5
1,33,2014-08-14,Puneri Paltan,169,Sagar Khatale,Defender,3
1,33,2014-08-14,Puneri Paltan,10,Simon Kibura,Raider,3
1,33,2014-08-14,Puneri Paltan,16,Waleed Al Hasani,Raider,2
1,33,2014-08-14,Puneri Paltan,70,Manoj Kumar,Defender,1
1,33,2014-08-14,Puneri Paltan,170,Swapnil Dilip Shinde,Defender,0
1,33,2014-08-14,Puneri Paltan,151,Vikas Tomar,Defender,0
1,33,2014-08-14,Puneri Paltan,55,Jitesh Joshi,Defender,0
1,33,2014-08-14,Puneri Paltan,56,Kalimuthu Balamahendran,Defender,0
1,33,2014-08-14,Jaipur Pink Panthers,143,Maninder Singh,,11
1,33,2014-08-14,Jaipur Pink Panthers,86,Rajesh Narwal,,10
1,33,2014-08-14,Jaipur Pink Panthers,52,Jasvir Singh,,9
1,33,2014-08-14,Jaipur Pink Panthers,96,Rohit Rana,,5
1,33,2014-08-14,Jaipur Pink Panthers,147,Prashant Chavan,All Rounder,3
1,33,2014-08-14,Jaipur Pink Panthers,159,Samarjeet Singh,Defender,2
1,33,2014-08-14,Jaipur Pink Panthers,160,Ran Singh,,2
1,33,2014-08-14,Jaipur Pink Panthers,87,Raju Lal Choudhary,,0
1,33,2014-08-14,Jaipur Pink Panthers,15,Sanjay Shrestha,,0
1,33,2014-08-14,Jaipur Pink Panthers,22,Wei Yang,All Rounder,0
1,33,2014-08-14,Jaipur Pink Panthers,32,Balbir Singh,All Rounder,0
1,33,2014-08-14,Jaipur Pink Panthers,44,Gangadhari Mallesh,,0
1,34,2014-08-15,Dabang Delhi,118,Surjeet Narwal,Raider,11
1,34,2014-08-15,Dabang Delhi,58,Kashiling Adake,,8
1,34,2014-08-15,Dabang Delhi,28,Amit Singh Chhillar,Defender,7
1,34,2014-08-15,Dabang Delhi,51,Jasmer Singh Gulia,,2
1,34,2014-08-15,Dabang Delhi,157,Ravinder Pahal,,2
1,34,2014-08-15,Dabang Delhi,158,Rakesh Singh Kumar,Defender,0
1,34,2014-08-15,Dabang Delhi,107,Shrikant Tewthia,,0
1,34,2014-08-15,Dabang Delhi,4,Ehsan Zamani Fard,Defender,0
1,34,2014-08-15,U Mumba,29,Anup Kumar,,11
1,34,2014-08-15,U Mumba,156,Pawan Kumar Kadian,,4
1,34,2014-08-15,U Mumba,94,Rishank Devadiga,,3
1,34,2014-08-15,U Mumba,123,Vishal Mane,,2
1,34,2014-08-15,U Mumba,145,Md. Aruduzzaman Munshi,All Rounder,1
1,34,2014-08-15,U Mumba,71,Mohit Chhillar,,1
1,34,2014-08-15,U Mumba,146,Surender Nada,Defender,0
1,34,2014-08-15,U Mumba,171,Pradeep Kumar,Raider,0
1,34,2014-08-15,U Mumba,53,Jeeva Gopal,Defender,0
1,35,2014-08-15,Puneri Paltan,55,Jitesh Joshi,Defender,9
1,35,2014-08-15,Puneri Paltan,168,Mangesh Bhagat,Defender,6
1,35,2014-08-15,Puneri Paltan,124,Wazir Singh,,3
1,35,2014-08-15,Puneri Paltan,170,Swapnil Dilip Shinde,Defender,2
1,35,2014-08-15,Puneri Paltan,56,Kalimuthu Balamahendran,Defender,2
1,35,2014-08-15,Puneri Paltan,70,Manoj Kumar,Defender,2
1,35,2014-08-15,Puneri Paltan,76,Nitin More,Defender,1
1,35,2014-08-15,Puneri Paltan,16,Waleed Al Hasani,Raider,1
1,35,2014-08-15,Puneri Paltan,169,Sagar Khatale,Defender,0
1,35,2014-08-15,Patna Pirates,88,Rakesh Kumar,Raider,12
1,35,2014-08-15,Patna Pirates,142,Sandeep Narwal,,9
1,35,2014-08-15,Patna Pirates,161,Girish Maruti Ernak,,6
1,35,2014-08-15,Patna Pirates,92,Ravi Dalal,Raider,3
1,35,2014-08-15,Patna Pirates,162,D. Suresh Kumar,Defender,0
1,35,2014-08-15,Patna Pirates,89,Ram Kumar Sah,Defender,0
1,35,2014-08-15,Patna Pirates,14,Tae Deok Eom,,0
1,35,2014-08-15,Patna Pirates,20,Wasim Sajjad,All Rounder,0
1,36,2014-08-16,Telugu Titans,81,Rahul Chaudhari,,8
1,36,2014-08-16,Telugu Titans,111,Sukesh Hegde,,5
1,36,2014-08-16,Telugu Titans,84,Rajaguru Subramanian,,4
1,36,2014-08-16,Telugu Titans,41,Deepak Niwas Hooda,,3
1,36,2014-08-16,Telugu Titans,152,D. Gopu,,3
1,36,2014-08-16,Telugu Titans,97,Rupesh Tomar,All Rounder,2
1,36,2014-08-16,Telugu Titans,155,Prashanth Kumar Rai,,1
1,36,2014-08-16,Telugu Titans,165,Sachin Shingade,,0
1,36,2014-08-16,Bengaluru Bulls,26,Ajay Thakur,,12
1,36,2014-08-16,Bengaluru Bulls,69,Manjeet Chhillar,,5
1,36,2014-08-16,Bengaluru Bulls,45,Gurpreet Singh,Defender,4
1,36,2014-08-16,Bengaluru Bulls,150,Parmod Narwal,All Rounder,3
1,36,2014-08-16,Bengaluru Bulls,85,Rajesh Mondal,,3
1,36,2014-08-16,Bengaluru Bulls,42,Dharmaraj Cheralathan,,1
1,36,2014-08-16,Bengaluru Bulls,167,Preetam Chhillar,All Rounder,0
1,37,2014-08-16,Bengal Warriors,141,Sunil Jaipal,Raider,10
1,37,2014-08-16,Bengal Warriors,75,Nitin Madane,Raider,6
1,37,2014-08-16,Bengal Warriors,66,Mahesh Goud,,5
1,37,2014-08-16,Bengal Warriors,98,Sachin Khambe,Defender,4
1,37,2014-08-16,Bengal Warriors,164,Bajirao Hodage,,2
1,37,2014-08-16,Bengal Warriors,163,Mahendra Ganesh Rajput,,1
1,37,2014-08-16,Bengal Warriors,77,Parveen Kumar,Defender,0
1,37,2014-08-16,Bengal Warriors,73,Nilesh Shinde,Defender,0
1,37,2014-08-16,Bengal Warriors,12,Jang Kun Lee,,0
1,37,2014-08-16,Jaipur Pink Panthers,52,Jasvir Singh,,8
1,37,2014-08-16,Jaipur Pink Panthers,160,Ran Singh,,8
1,37,2014-08-16,Jaipur Pink Panthers,143,Maninder Singh,,7
1,37,2014-08-16,Jaipur Pink Panthers,86,Rajesh Narwal,,6
1,37,2014-08-16,Jaipur Pink Panthers,44,Gangadhari Mallesh,,4
1,37,2014-08-16,Jaipur Pink Panthers,147,Prashant Chavan,All Rounder,2
1,37,2014-08-16,Jaipur Pink Panthers,159,Samarjeet Singh,Defender,1
1,37,2014-08-16,Jaipur Pink Panthers,96,Rohit Rana,,1
1,38,2014-08-17,Jaipur Pink Panthers,86,Rajesh Narwal,,9
1,38,2014-08-17,Jaipur Pink Panthers,52,Jasvir Singh,,7
1,38,2014-08-17,Jaipur Pink Panthers,143,Maninder Singh,,7
1,38,2014-08-17,Jaipur Pink Panthers,147,Prashant Chavan,All Rounder,2
1,38,2014-08-17,Jaipur Pink Panthers,44,Gangadhari Mallesh,,2
1,38,2014-08-17,Jaipur Pink Panthers,159,Samarjeet Singh,Defender,1
1,38,2014-08-17,Jaipur Pink Panthers,72,Navneet Gautam,Defender,0
1,38,2014-08-17,Jaipur Pink Panthers,96,Rohit Rana,,0
1,38,2014-08-17,Patna Pirates,142,Sandeep Narwal,,13
1,38,2014-08-17,Patna Pirates,88,Rakesh Kumar,Raider,11
1,38,2014-08-17,Patna Pirates,92,Ravi Dalal,Raider,7
1,38,2014-08-17,Patna Pirates,162,D. Suresh Kumar,Defender,5
1,38,2014-08-17,Patna Pirates,161,Girish Maruti Ernak,,3
1,38,2014-08-17,Patna Pirates,20,Wasim Sajjad,All Rounder,3
1,38,2014-08-17,Patna Pirates,14,Tae Deok Eom,,0
1,39,2014-08-17,Telugu Titans,81,Rahul Chaudhari,,23
1,39,2014-08-17,Telugu Titans,111,Sukesh Hegde,,7
1,39,2014-08-17,Telugu Titans,41,Deepak Niwas Hooda,,2
1,39,2014-08-17,Telugu Titans,152,D. Gopu,,2
1,39,2014-08-17,Telugu Titans,84,Rajaguru Subramanian,,1
1,39,2014-08-17,Telugu Titans,166,Vijendar Singh,Defender,1
1,39,2014-08-17,Telugu Titans,155,Prashanth Kumar Rai,,0
1,39,2014-08-17,Telugu Titans,97,Rupesh Tomar,All Rounder,0
1,39,2014-08-17,Telugu Titans,165,Sachin Shingade,,0
1,39,2014-08-17,U Mumba,29,Anup Kumar,,16
1,39,2014-08-17,U Mumba,156,Pawan Kumar Kadian,,14
1,39,2014-08-17,U Mumba,94,Rishank Devadiga,,3
1,39,2014-08-17,U Mumba,71,Mohit Chhillar,,3
1,39,2014-08-17,U Mumba,123,Vishal Mane,,1
1,39,2014-08-17,U Mumba,145,Md. Aruduzzaman Munshi,All Rounder,1
1,39,2014-08-17,U Mumba,173,Suresu Kumar,Raider,1
1,39,2014-08-17,U Mumba,171,Pradeep Kumar,Raider,0
1,39,2014-08-17,U Mumba,53,Jeeva Gopal,Defender,0
1,40,2014-08-18,Patna Pirates,142,Sandeep Narwal,,14
1,40,2014-08-18,Patna Pirates,88,Rakesh Kumar,Raider,5
1,40,2014-08-18,Patna Pirates,92,Ravi Dalal,Raider,3
1,40,2014-08-18,Patna Pirates,162,D. Suresh Kumar,Defender,2
1,40,2014-08-18,Patna Pirates,161,Girish Maruti Ernak,,1
1,40,2014-08-18,Patna Pirates,20,Wasim Sajjad,All Rounder,1
1,40,2014-08-18,Patna Pirates,46,Gurvinder Singh,,1
1,40,2014-08-18,Patna Pirates,14,Tae Deok Eom,,0
1,40,2014-08-18,Bengal Warriors,66,Mahesh Goud,,11
1,40,2014-08-18,Bengal Warriors,75,Nitin Madane,Raider,5
1,40,2014-08-18,Bengal Warriors,163,Mahendra Ganesh Rajput,,5
1,40,2014-08-18,Bengal Warriors,164,Bajirao Hodage,,2
1,40,2014-08-18,Bengal Warriors,108,Shyam Kumar Sah,Defender,2
1,40,2014-08-18,Bengal Warriors,73,Nilesh Shinde,Defender,2
1,40,2014-08-18,Bengal Warriors,141,Sunil Jaipal,Raider,0
1,40,2014-08-18,Bengal Warriors,98,Sachin Khambe,Defender,0
1,41,2014-08-18,Telugu Titans,41,Deepak Niwas Hooda,,18
1,41,2014-08-18,Telugu Titans,81,Rahul Chaudhari,,8
1,41,2014-08-18,Telugu Titans,111,Sukesh Hegde,,5
1,41,2014-08-18,Telugu Titans,166,Vijendar Singh,Defender,5
1,41,2014-08-18,Telugu Titans,165,Sachin Shingade,,4
1,41,2014-08-18,Telugu Titans,19,Wajid Ali,All Rounder,4
1,41,2014-08-18,Telugu Titans,152,D. Gopu,,2
1,41,2014-08-18,Telugu Titans,155,Prashanth Kumar Rai,,2
1,41,2014-08-18,Telugu Titans,84,Rajaguru Subramanian,,1
1,41,2014-08-18,Puneri Paltan,16,Waleed Al Hasani,Raider,9
1,41,2014-08-18,Puneri Paltan,168,Mangesh Bhagat,Defender,7
1,41,2014-08-18,Puneri Paltan,10,Simon Kibura,Raider,4
1,41,2014-08-18,Puneri Paltan,55,Jitesh Joshi,Defender,1
1,41,2014-08-18,Puneri Paltan,70,Manoj Kumar,Defender,1
1,41,2014-08-18,Puneri Paltan,148,Sunil Subhash Lande,Defender,1
1,41,2014-08-18,Puneri Paltan,151,Vikas Tomar,Defender,0
1,41,2014-08-18,Puneri Paltan,76,Nitin More,Defender,0
1,41,2014-08-18,Puneri Paltan,56,Kalimuthu Balamahendran,Defender,0
1,41,2014-08-18,Puneri Paltan,30,Arbinda Khuntia,Defender,0
1,41,2014-08-18,Puneri Paltan,169,Sagar Khatale,Defender,0
1,41,2014-08-18,Puneri Paltan,170,Swapnil Dilip Shinde,Defender,0
1,42,2014-08-19,Telugu Titans,81,Rahul Chaudhari,,13
1,42,2014-08-19,Telugu Titans,41,Deepak Niwas Hooda,,7
1,42,2014-08-19,Telugu Titans,111,Sukesh Hegde,,6
1,42,2014-08-19,Telugu Titans,165,Sachin Shingade,,6
1,42,2014-08-19,Telugu Titans,166,Vijendar Singh,Defender,2
1,42,2014-08-19,Telugu Titans,84,Rajaguru Subramanian,,1
1,42,2014-08-19,Telugu Titans,152,D. Gopu,,1
1,42,2014-08-19,Dabang Delhi,58,Kashiling Adake,,13
1,42,2014-08-19,Dabang Delhi,118,Surjeet Narwal,Raider,4
1,42,2014-08-19,Dabang Delhi,107,Shrikant Tewthia,,3
1,42,2014-08-19,Dabang Delhi,157,Ravinder Pahal,,2
1,42,2014-08-19,Dabang Delhi,51,Jasmer Singh Gulia,,2
1,42,2014-08-19,Dabang Delhi,4,Ehsan Zamani Fard,Defender,1
1,42,2014-08-19,Dabang Delhi,28,Amit Singh Chhillar,Defender,1
1,42,2014-08-19,Dabang Delhi,158,Rakesh Singh Kumar,Defender,0
1,43,2014-08-20,Jaipur Pink Panthers,86,Rajesh Narwal,,9
1,43,2014-08-20,Jaipur Pink Panthers,72,Navneet Gautam,Defender,6
1,43,2014-08-20,Jaipur Pink Panthers,52,Jasvir Singh,,6
1,43,2014-08-20,Jaipur Pink Panthers,143,Maninder Singh,,6
1,43,2014-08-20,Jaipur Pink Panthers,160,Ran Singh,,2
1,43,2014-08-20,Jaipur Pink Panthers,159,Samarjeet Singh,Defender,1
1,43,2014-08-20,Jaipur Pink Panthers,96,Rohit Rana,,1
1,43,2014-08-20,Jaipur Pink Panthers,147,Prashant Chavan,All Rounder,0
1,43,2014-08-20,Jaipur Pink Panthers,44,Gangadhari Mallesh,,0
1,43,2014-08-20,Bengaluru Bulls,69,Manjeet Chhillar,,8
1,43,2014-08-20,Bengaluru Bulls,85,Rajesh Mondal,,8
1,43,2014-08-20,Bengaluru Bulls,42,Dharmaraj Cheralathan,,6
1,43,2014-08-20,Bengaluru Bulls,150,Parmod Narwal,All Rounder,4
1,43,2014-08-20,Bengaluru Bulls,174,Deepak Kumar Dahiya,,1
1,43,2014-08-20,Bengaluru Bulls,45,Gurpreet Singh,Defender,0
1,43,2014-08-20,Bengaluru Bulls,167,Preetam Chhillar,All Rounder,0
1,44,2014-08-21,Bengal Warriors,73,Nilesh Shinde,Defender,7
1,44,2014-08-21,Bengal Warriors,75,Nitin Madane,Raider,7
1,44,2014-08-21,Bengal Warriors,66,Mahesh Goud,,5
1,44,2014-08-21,Bengal Warriors,108,Shyam Kumar Sah,Defender,3
1,44,2014-08-21,Bengal Warriors,141,Sunil Jaipal,Raider,2
1,44,2014-08-21,Bengal Warriors,163,Mahendra Ganesh Rajput,,2
1,44,2014-08-21,Bengal Warriors,164,Bajirao Hodage,,2
1,44,2014-08-21,Bengal Warriors,5,Farhad Kamal Gharibi,Defender,0
1,44,2014-08-21,Bengal Warriors,98,Sachin Khambe,Defender,0
1,44,2014-08-21,Patna Pirates,92,Ravi Dalal,Raider,10
1,44,2014-08-21,Patna Pirates,142,Sandeep Narwal,,9
1,44,2014-08-21,Patna Pirates,89,Ram Kumar Sah,Defender,5
1,44,2014-08-21,Patna Pirates,161,Girish Maruti Ernak,,3
1,44,2014-08-21,Patna Pirates,20,Wasim Sajjad,All Rounder,2
1,44,2014-08-21,Patna Pirates,162,D. Suresh Kumar,Defender,1
1,44,2014-08-21,Patna Pirates,68,Mandeep Kumar,Raider,1
1,45,2014-08-21,Jaipur Pink Panthers,143,Maninder Singh,,9
1,45,2014-08-21,Jaipur Pink Panthers,86,Rajesh Narwal,,5
1,45,2014-08-21,Jaipur Pink Panthers,160,Ran Singh,,4
1,45,2014-08-21,Jaipur Pink Panthers,52,Jasvir Singh,,4
1,45,2014-08-21,Jaipur Pink Panthers,96,Rohit Rana,,2
1,45,2014-08-21,Jaipur Pink Panthers,147,Prashant Chavan,All Rounder,2
1,45,2014-08-21,Jaipur Pink Panthers,32,Balbir Singh,All Rounder,1
1,45,2014-08-21,Jaipur Pink Panthers,44,Gangadhari Mallesh,,1
1,45,2014-08-21,Jaipur Pink Panthers,72,Navneet Gautam,Defender,0
1,45,2014-08-21,Jaipur Pink Panthers,159,Samarjeet Singh,Defender,0
1,45,2014-08-21,Jaipur Pink Panthers,87,Raju Lal Choudhary,,0
1,45,2014-08-21,U Mumba,29,Anup Kumar,,12
1,45,2014-08-21,U Mumba,156,Pawan Kumar Kadian,,6
1,45,2014-08-21,U Mumba,173,Suresu Kumar,Raider,4
1,45,2014-08-21,U Mumba,71,Mohit Chhillar,,4
1,45,2014-08-21,U Mumba,146,Surender Nada,Defender,3
1,45,2014-08-21,U Mumba,123,Vishal Mane,,0
1,45,2014-08-21,U Mumba,94,Rishank Devadiga,,0
1,45,2014-08-21,U Mumba,171,Pradeep Kumar,Raider,0
1,45,2014-08-21,U Mumba,53,Jeeva Gopal,Defender,0
1,46,2014-08-22,Telugu Titans,81,Rahul Chaudhari,,10
1,46,2014-08-22,Telugu Titans,41,Deepak Niwas Hooda,,9
1,46,2014-08-22,Telugu Titans,111,Sukesh Hegde,,4
1,46,2014-08-22,Telugu Titans,165,Sachin Shingade,,2
1,46,2014-08-22,Telugu Titans,166,Vijendar Singh,Defender,2
1,46,2014-08-22,Telugu Titans,152,D. Gopu,,1
1,46,2014-08-22,Telugu Titans,155,Prashanth Kumar Rai,,0
1,46,2014-08-22,Telugu Titans,84,Rajaguru Subramanian,,0
1,46,2014-08-22,Bengal Warriors,66,Mahesh Goud,,8
1,46,2014-08-22,Bengal Warriors,141,Sunil Jaipal,Raider,8
1,46,2014-08-22,Bengal Warriors,12,Jang Kun Lee,,7
1,46,2014-08-22,Bengal Warriors,13,Seong Ryeol Kim,All Rounder,3
1,46,2014-08-22,Bengal Warriors,163,Mahendra Ganesh Rajput,,2
1,46,2014-08-22,Bengal Warriors,73,Nilesh Shinde,Defender,1
1,46,2014-08-22,Bengal Warriors,108,Shyam Kumar Sah,Defender,1
1,46,2014-08-22,Bengal Warriors,98,Sachin Khambe,Defender,0
1,47,2014-08-22,Jaipur Pink Panthers,143,Maninder Singh,,11
1,47,2014-08-22,Jaipur Pink Panthers,52,Jasvir Singh,,8
1,47,2014-08-22,Jaipur Pink Panthers,147,Prashant Chavan,All Rounder,3
1,47,2014-08-22,Jaipur Pink Panthers,96,Rohit Rana,,3
1,47,2014-08-22,Jaipur Pink Panthers,72,Navneet Gautam,Defender,2
1,47,2014-08-22,Jaipur Pink Panthers,160,Ran Singh,,2
1,47,2014-08-22,Jaipur Pink Panthers,32,Balbir Singh,All Rounder,2
1,47,2014-08-22,Jaipur Pink Panthers,86,Rajesh Narwal,,1
1,47,2014-08-22,Jaipur Pink Panthers,159,Samarjeet Singh,Defender,0
1,47,2014-08-22,Jaipur Pink Panthers,22,Wei Yang,All Rounder,0
1,47,2014-08-22,Dabang Delhi,118,Surjeet Narwal,Raider,10
1,47,2014-08-22,Dabang Delhi,58,Kashiling Adake,,6
1,47,2014-08-22,Dabang Delhi,157,Ravinder Pahal,,5
1,47,2014-08-22,Dabang Delhi,51,Jasmer Singh Gulia,,3
1,47,2014-08-22,Dabang Delhi,107,Shrikant Tewthia,,2
1,47,2014-08-22,Dabang Delhi,28,Amit Singh Chhillar,Defender,1
1,47,2014-08-22,Dabang Delhi,4,Ehsan Zamani Fard,Defender,1
1,47,2014-08-22,Dabang Delhi,158,Rakesh Singh Kumar,Defender,0
1,48,2014-08-23,Patna Pirates,142,Sandeep Narwal,,8
1,48,2014-08-23,Patna Pirates,92,Ravi Dalal,Raider,6
1,48,2014-08-23,Patna Pirates,89,Ram Kumar Sah,Defender,5
1,48,2014-08-23,Patna Pirates,161,Girish Maruti Ernak,,2
1,48,2014-08-23,Patna Pirates,20,Wasim Sajjad,All Rounder,2
1,48,2014-08-23,Patna Pirates,46,Gurvinder Singh,,1
1,48,2014-08-23,Patna Pirates,68,Mandeep Kumar,Raider,0
1,48,2014-08-23,Patna Pirates,162,D. Suresh Kumar,Defender,0
1,48,2014-08-23,Patna Pirates,14,Tae Deok Eom,,0
1,48,2014-08-23,Telugu Titans,81,Rahul Chaudhari,,8
1,48,2014-08-23,Telugu Titans,111,Sukesh Hegde,,8
1,48,2014-08-23,Telugu Titans,41,Deepak Niwas Hooda,,3
1,48,2014-08-23,Telugu Titans,152,D. Gopu,,2
1,48,2014-08-23,Telugu Titans,166,Vijendar Singh,Defender,2
1,48,2014-08-23,Telugu Titans,165,Sachin Shingade,,1
1,48,2014-08-23,Telugu Titans,84,Rajaguru Subramanian,,0
1,48,2014-08-23,Telugu Titans,36,Chandran Ranjit,,0
1,49,2014-08-23,Jaipur Pink Panthers,52,Jasvir Singh,,7
1,49,2014-08-23,Jaipur Pink Panthers,143,Maninder Singh,,7
1,49,2014-08-23,Jaipur Pink Panthers,86,Rajesh Narwal,,6
1,49,2014-08-23,Jaipur Pink Panthers,96,Rohit Rana,,3
1,49,2014-08-23,Jaipur Pink Panthers,160,Ran Singh,,2
1,49,2014-08-23,Jaipur Pink Panthers,147,Prashant Chavan,All Rounder,1
1,49,2014-08-23,Jaipur Pink Panthers,72,Navneet Gautam,Defender,0
1,49,2014-08-23,Puneri Paltan,124,Wazir Singh,,7
1,49,2014-08-23,Puneri Paltan,55,Jitesh Joshi,Defender,5
1,49,2014-08-23,Puneri Paltan,56,Kalimuthu Balamahendran,Defender,3
1,49,2014-08-23,Puneri Paltan,169,Sagar Khatale,Defender,2
1,49,2014-08-23,Puneri Paltan,170,Swapnil Dilip Shinde,Defender,2
1,49,2014-08-23,Puneri Paltan,152,D. Gopu,,0
1,49,2014-08-23,Puneri Paltan,168,Mangesh Bhagat,Defender,0
1,49,2014-08-23,Puneri Paltan,70,Manoj Kumar,Defender,0
1,49,2014-08-23,Puneri Paltan,76,Nitin More,Defender,0
1,50,2014-08-24,Bengaluru Bulls,69,Manjeet Chhillar,,11
1,50,2014-08-24,Bengaluru Bulls,26,Ajay Thakur,,6
1,50,2014-08-24,Bengaluru Bulls,45,Gurpreet Singh,Defender,3
1,50,2014-08-24,Bengaluru Bulls,150,Parmod Narwal,All Rounder,3
1,50,2014-08-24,Bengaluru Bulls,85,Rajesh Mondal,,2
1,50,2014-08-24,Bengaluru Bulls,174,Deepak Kumar Dahiya,,2
1,50,2014-08-24,Bengaluru Bulls,42,Dharmaraj Cheralathan,,1
1,50,2014-08-24,Bengaluru Bulls,113,Sunil Hanumanthappa,Raider,0
1,50,2014-08-24,Bengaluru Bulls,167,Preetam Chhillar,All Rounder,0
1,50,2014-08-24,Bengal Warriors,163,Mahendra Ganesh Rajput,,4
1,50,2014-08-24,Bengal Warriors,66,Mahesh Goud,,4
1,50,2014-08-24,Bengal Warriors,73,Nilesh Shinde,Defender,4
1,50,2014-08-24,Bengal Warriors,141,Sunil Jaipal,Raider,3
1,50,2014-08-24,Bengal Warriors,98,Sachin Khambe,Defender,3
1,50,2014-08-24,Bengal Warriors,5,Farhad Kamal Gharibi,Defender,2
1,50,2014-08-24,Bengal Warriors,12,Jang Kun Lee,,2
1,50,2014-08-24,Bengal Warriors,108,Shyam Kumar Sah,Defender,1
1,50,2014-08-24,Bengal Warriors,13,Seong Ryeol Kim,All Rounder,0
1,51,2014-08-24,U Mumba,29,Anup Kumar,,10
1,51,2014-08-24,U Mumba,71,Mohit Chhillar,,8
1,51,2014-08-24,U Mumba,94,Rishank Devadiga,,8
1,51,2014-08-24,U Mumba,146,Surender Nada,Defender,4
1,51,2014-08-24,U Mumba,123,Vishal Mane,,1
1,51,2014-08-24,U Mumba,173,Suresu Kumar,Raider,1
1,51,2014-08-24,U Mumba,105,Shabeer Bappu,,1
1,51,2014-08-24,U Mumba,53,Jeeva Gopal,Defender,0
1,51,2014-08-24,U Mumba,156,Pawan Kumar Kadian,,0
1,51,2014-08-24,Dabang Delhi,118,Surjeet Narwal,Raider,7
1,51,2014-08-24,Dabang Delhi,58,Kashiling Adake,,6
1,51,2014-08-24,Dabang Delhi,157,Ravinder Pahal,,5
1,51,2014-08-24,Dabang Delhi,158,Rakesh Singh Kumar,Defender,2
1,51,2014-08-24,Dabang Delhi,28,Amit Singh Chhillar,Defender,2
1,51,2014-08-24,Dabang Delhi,51,Jasmer Singh Gulia,,2
1,51,2014-08-24,Dabang Delhi,107,Shrikant Tewthia,,1
1,52,2014-08-25,Dabang Delhi,58,Kashiling Adake,,16
1,52,2014-08-25,Dabang Delhi,107,Shrikant Tewthia,,4
1,52,2014-08-25,Dabang Delhi,118,Surjeet Narwal,Raider,4
1,52,2014-08-25,Dabang Delhi,51,Jasmer Singh Gulia,,4
1,52,2014-08-25,Dabang Delhi,157,Ravinder Pahal,,3
1,52,2014-08-25,Dabang Delhi,28,Amit Singh Chhillar,Defender,2
1,52,2014-08-25,Dabang Delhi,9,Takamitsu Kono,Defender,2
1,52,2014-08-25,Dabang Delhi,11,Dong Ju Hong,All Rounder,1
1,52,2014-08-25,Dabang Delhi,158,Rakesh Singh Kumar,Defender,1
1,52,2014-08-25,Puneri Paltan,124,Wazir Singh,,12
1,52,2014-08-25,Puneri Paltan,55,Jitesh Joshi,Defender,5
1,52,2014-08-25,Puneri Paltan,70,Manoj Kumar,Defender,2
1,52,2014-08-25,Puneri Paltan,170,Swapnil Dilip Shinde,Defender,2
1,52,2014-08-25,Puneri Paltan,168,Mangesh Bhagat,Defender,0
1,52,2014-08-25,Puneri Paltan,169,Sagar Khatale,Defender,0
1,52,2014-08-25,Puneri Paltan,76,Nitin More,Defender,0
1,52,2014-08-25,Puneri Paltan,56,Kalimuthu Balamahendran,Defender,0
1,52,2014-08-25,Puneri Paltan,16,Waleed Al Hasani,Raider,0
1,53,2014-08-25,Bengaluru Bulls,174,Deepak Kumar Dahiya,,7
1,53,2014-08-25,Bengaluru Bulls,26,Ajay Thakur,,6
1,53,2014-08-25,Bengaluru Bulls,69,Manjeet Chhillar,,6
1,53,2014-08-25,Bengaluru Bulls,42,Dharmaraj Cheralathan,,3
1,53,2014-08-25,Bengaluru Bulls,45,Gurpreet Singh,Defender,1
1,53,2014-08-25,Bengaluru Bulls,85,Rajesh Mondal,,1
1,53,2014-08-25,Bengaluru Bulls,150,Parmod Narwal,All Rounder,1
1,53,2014-08-25,Bengaluru Bulls,167,Preetam Chhillar,All Rounder,1
1,53,2014-08-25,Patna Pirates,92,Ravi Dalal,Raider,8
1,53,2014-08-25,Patna Pirates,142,Sandeep Narwal,,6
1,53,2014-08-25,Patna Pirates,162,D. Suresh Kumar,Defender,6
1,53,2014-08-25,Patna Pirates,68,Mandeep Kumar,Raider,4
1,53,2014-08-25,Patna Pirates,161,Girish Maruti Ernak,,2
1,53,2014-08-25,Patna Pirates,89,Ram Kumar Sah,Defender,2
1,53,2014-08-25,Patna Pirates,20,Wasim Sajjad,All Rounder,2
1,54,2014-08-26,Bengaluru Bulls,69,Manjeet Chhillar,,8
1,54,2014-08-26,Bengaluru Bulls,42,Dharmaraj Cheralathan,,5
1,54,2014-08-26,Bengaluru Bulls,26,Ajay Thakur,,5
1,54,2014-08-26,Bengaluru Bulls,45,Gurpreet Singh,Defender,3
1,54,2014-08-26,Bengaluru Bulls,85,Rajesh Mondal,,1
1,54,2014-08-26,Bengaluru Bulls,167,Preetam Chhillar,All Rounder,1
1,54,2014-08-26,Bengaluru Bulls,174,Deepak Kumar Dahiya,,1
1,54,2014-08-26,Bengaluru Bulls,150,Parmod Narwal,All Rounder,0
1,54,2014-08-26,Telugu Titans,111,Sukesh Hegde,,8
1,54,2014-08-26,Telugu Titans,81,Rahul Chaudhari,,6
1,54,2014-08-26,Telugu Titans,84,Rajaguru Subramanian,,3
1,54,2014-08-26,Telugu Titans,152,D. Gopu,,2
1,54,2014-08-26,Telugu Titans,166,Vijendar Singh,Defender,2
1,54,2014-08-26,Telugu Titans,165,Sachin Shingade,,1
1,54,2014-08-26,Telugu Titans,41,Deepak Niwas Hooda,,1
1,54,2014-08-26,Telugu Titans,120,V. Satyanarayana,"Defender, left corner",0
1,55,2014-08-27,Puneri Paltan,70,Manoj Kumar,Defender,10
1,55,2014-08-27,Puneri Paltan,124,Wazir Singh,,9
1,55,2014-08-27,Puneri Paltan,76,Nitin More,Defender,6
1,55,2014-08-27,Puneri Paltan,56,Kalimuthu Balamahendran,Defender,3
1,55,2014-08-27,Puneri Paltan,168,Mangesh Bhagat,Defender,2
1,55,2014-08-27,Puneri Paltan,169,Sagar Khatale,Defender,1
1,55,2014-08-27,Puneri Paltan,170,Swapnil Dilip Shinde,Defender,1
1,55,2014-08-27,Puneri Paltan,55,Jitesh Joshi,Defender,0
1,55,2014-08-27,U Mumba,29,Anup Kumar,,9
1,55,2014-08-27,U Mumba,94,Rishank Devadiga,,9
1,55,2014-08-27,U Mumba,146,Surender Nada,Defender,8
1,55,2014-08-27,U Mumba,156,Pawan Kumar Kadian,,4
1,55,2014-08-27,U Mumba,71,Mohit Chhillar,,2
1,55,2014-08-27,U Mumba,123,Vishal Mane,,1
1,55,2014-08-27,U Mumba,53,Jeeva Gopal,Defender,1
1,55,2014-08-27,U Mumba,8,Masayuki Shimokawa,Raider,0
1,55,2014-08-27,U Mumba,145,Md. Aruduzzaman Munshi,All Rounder,0
1,56,2014-08-27,Bengaluru Bulls,174,Deepak Kumar Dahiya,,10
1,56,2014-08-27,Bengaluru Bulls,69,Manjeet Chhillar,,8
1,56,2014-08-27,Bengaluru Bulls,26,Ajay Thakur,,7
1,56,2014-08-27,Bengaluru Bulls,167,Preetam Chhillar,All Rounder,2
1,56,2014-08-27,Bengaluru Bulls,42,Dharmaraj Cheralathan,,1
1,56,2014-08-27,Bengaluru Bulls,45,Gurpreet Singh,Defender,0
1,56,2014-08-27,Bengaluru Bulls,150,Parmod Narwal,All Rounder,0
1,56,2014-08-27,Jaipur Pink Panthers,143,Maninder Singh,,12
1,56,2014-08-27,Jaipur Pink Panthers,159,Samarjeet Singh,Defender,4
1,56,2014-08-27,Jaipur Pink Panthers,96,Rohit Rana,,3
1,56,2014-08-27,Jaipur Pink Panthers,32,Balbir Singh,All Rounder,3
1,56,2014-08-27,Jaipur Pink Panthers,86,Rajesh Narwal,,2
1,56,2014-08-27,Jaipur Pink Panthers,87,Raju Lal Choudhary,,2
1,56,2014-08-27,Jaipur Pink Panthers,72,Navneet Gautam,Defender,1
1,57,2014-08-29,Jaipur Pink Panthers,52,Jasvir Singh,,10
1,57,2014-08-29,Jaipur Pink Panthers,86,Rajesh Narwal,,7
1,57,2014-08-29,Jaipur Pink Panthers,160,Ran Singh,,4
1,57,2014-08-29,Jaipur Pink Panthers,143,Maninder Singh,,3
1,57,2014-08-29,Jaipur Pink Panthers,96,Rohit Rana,,3
1,57,2014-08-29,Jaipur Pink Panthers,147,Prashant Chavan,All Rounder,2
1,57,2014-08-29,Jaipur Pink Panthers,72,Navneet Gautam,Defender,1
1,57,2014-08-29,Jaipur Pink Panthers,159,Samarjeet Singh,Defender,0
1,57,2014-08-29,Jaipur Pink Panthers,22,Wei Yang,All Rounder,0
1,57,2014-08-29,Patna Pirates,92,Ravi Dalal,Raider,5
1,57,2014-08-29,Patna Pirates,162,D. Suresh Kumar,Defender,5
1,57,2014-08-29,Patna Pirates,23,Dovlet Boshimov,All Rounder,3
1,57,2014-08-29,Patna Pirates,20,Wasim Sajjad,All Rounder,2
1,57,2014-08-29,Patna Pirates,88,Rakesh Kumar,Raider,1
1,57,2014-08-29,Patna Pirates,142,Sandeep Narwal,,1
1,57,2014-08-29,Patna Pirates,89,Ram Kumar Sah,Defender,0
1,57,2014-08-29,Patna Pirates,68,Mandeep Kumar,Raider,0
1,57,2014-08-29,Patna Pirates,14,Tae Deok Eom,,0
1,57,2014-08-29,Patna Pirates,109,Somvir Shekhar,Defender,0
1,57,2014-08-29,Patna Pirates,161,Girish Maruti Ernak,,0
1,58,2014-08-29,U Mumba,146,Surender Nada,Defender,8
1,58,2014-08-29,U Mumba,29,Anup Kumar,,6
1,58,2014-08-29,U Mumba,71,Mohit Chhillar,,5
1,58,2014-08-29,U Mumba,94,Rishank Devadiga,,3
1,58,2014-08-29,U Mumba,54,Jeeva Kumar,,1
1,58,2014-08-29,U Mumba,123,Vishal Mane,,1
1,58,2014-08-29,U Mumba,156,Pawan Kumar Kadian,,0
1,58,2014-08-29,U Mumba,105,Shabeer Bappu,,0
1,58,2014-08-29,Bengaluru Bulls,26,Ajay Thakur,,9
1,58,2014-08-29,Bengaluru Bulls,69,Manjeet Chhillar,,7
1,58,2014-08-29,Bengaluru Bulls,42,Dharmaraj Cheralathan,,2
1,58,2014-08-29,Bengaluru Bulls,167,Preetam Chhillar,All Rounder,2
1,58,2014-08-29,Bengaluru Bulls,174,Deepak Kumar Dahiya,,0
1,58,2014-08-29,Bengaluru Bulls,150,Parmod Narwal,All Rounder,0
1,58,2014-08-29,Bengaluru Bulls,45,Gurpreet Singh,Defender,0
1,58,2014-08-29,Bengaluru Bulls,85,Rajesh Mondal,,0
1,59,2014-08-31,Patna Pirates,162,D. Suresh Kumar,Defender,6
1,59,2014-08-31,Patna Pirates,89,Ram Kumar Sah,Defender,5
1,59,2014-08-31,Patna Pirates,92,Ravi Dalal,Raider,4
1,59,2014-08-31,Patna Pirates,161,Girish Maruti Ernak,,4
1,59,2014-08-31,Patna Pirates,142,Sandeep Narwal,,3
1,59,2014-08-31,Patna Pirates,20,Wasim Sajjad,All Rounder,3
1,59,2014-08-31,Patna Pirates,14,Tae Deok Eom,,1
1,59,2014-08-31,Patna Pirates,68,Mandeep Kumar,Raider,0
1,59,2014-08-31,Bengaluru Bulls,42,Dharmaraj Cheralathan,,6
1,59,2014-08-31,Bengaluru Bulls,150,Parmod Narwal,All Rounder,5
1,59,2014-08-31,Bengaluru Bulls,69,Manjeet Chhillar,,5
1,59,2014-08-31,Bengaluru Bulls,85,Rajesh Mondal,,2
1,59,2014-08-31,Bengaluru Bulls,26,Ajay Thakur,,2
1,59,2014-08-31,Bengaluru Bulls,167,Preetam Chhillar,All Rounder,1
1,59,2014-08-31,Bengaluru Bulls,45,Gurpreet Singh,Defender,1
1,59,2014-08-31,Bengaluru Bulls,174,Deepak Kumar Dahiya,,0
1,60,2014-08-31,Jaipur Pink Panthers,143,Maninder Singh,,8
1,60,2014-08-31,Jaipur Pink Panthers,86,Rajesh Narwal,,7
1,60,2014-08-31,Jaipur Pink Panthers,147,Prashant Chavan,All Rounder,6
1,60,2014-08-31,Jaipur Pink Panthers,52,Jasvir Singh,,4
1,60,2014-08-31,Jaipur Pink Panthers,160,Ran Singh,,3
1,60,2014-08-31,Jaipur Pink Panthers,72,Navneet Gautam,Defender,2
1,60,2014-08-31,Jaipur Pink Panthers,32,Balbir Singh,All Rounder,0
1,60,2014-08-31,Jaipur Pink Panthers,96,Rohit Rana,,0
1,60,2014-08-31,Jaipur Pink Panthers,159,Samarjeet Singh,Defender,0
1,60,2014-08-31,U Mumba,29,Anup Kumar,,10
1,60,2014-08-31,U Mumba,94,Rishank Devadiga,,3
1,60,2014-08-31,U Mumba,156,Pawan Kumar Kadian,,3
1,60,2014-08-31,U Mumba,105,Shabeer Bappu,,2
1,60,2014-08-31,U Mumba,54,Jeeva Kumar,,2
1,60,2014-08-31,U Mumba,71,Mohit Chhillar,,1
1,60,2014-08-31,U Mumba,53,Jeeva Gopal,Defender,0
1,60,2014-08-31,U Mumba,123,Vishal Mane,,0
1,60,2014-08-31,U Mumba,146,Surender Nada,Defender,0
2,62,2015-07-18,U Mumba,54,Jeeva Kumar,,9
2,62,2015-07-18,U Mumba,29,Anup Kumar,,4
2,62,2015-07-18,U Mumba,71,Mohit Chhillar,,3
2,62,2015-07-18,U Mumba,105,Shabeer Bappu,,3
2,62,2015-07-18,U Mumba,123,Vishal Mane,,3
2,62,2015-07-18,U Mumba,94,Rishank Devadiga,,3
2,62,2015-07-18,U Mumba,146,Surender Nada,Defender,1
2,62,2015-07-18,U Mumba,34,Bhupender Singh,,0
2,62,2015-07-18,Jaipur Pink Panthers,52,Jasvir Singh,,7
2,62,2015-07-18,Jaipur Pink Panthers,252,Kuldeep Singh,,6
2,62,2015-07-18,Jaipur Pink Panthers,86,Rajesh Narwal,,3
2,62,2015-07-18,Jaipur Pink Panthers,159,Samarjeet Singh,Defender,2
2,62,2015-07-18,Jaipur Pink Panthers,96,Rohit Rana,,2
2,62,2015-07-18,Jaipur Pink Panthers,72,Navneet Gautam,Defender,1
2,62,2015-07-18,Jaipur Pink Panthers,190,Sonu Narwal,Raider,1
2,62,2015-07-18,Jaipur Pink Panthers,160,Ran Singh,,0
2,63,2015-07-18,Bengaluru Bulls,26,Ajay Thakur,,11
2,63,2015-07-18,Bengaluru Bulls,85,Rajesh Mondal,,3
2,63,2015-07-18,Bengaluru Bulls,109,Somvir Shekhar,Defender,3
2,63,2015-07-18,Bengaluru Bulls,194,Joginder Singh Narwal,,3
2,63,2015-07-18,Bengaluru Bulls,42,Dharmaraj Cheralathan,,2
2,63,2015-07-18,Bengaluru Bulls,69,Manjeet Chhillar,,2
2,63,2015-07-18,Bengaluru Bulls,197,Pardeep Narwal,,1
2,63,2015-07-18,Bengaluru Bulls,167,Preetam Chhillar,All Rounder,1
2,63,2015-07-18,Bengal Warriors,182,Dinesh Kumar,Defender,6
2,63,2015-07-18,Bengal Warriors,73,Nilesh Shinde,Defender,4
2,63,2015-07-18,Bengal Warriors,98,Sachin Khambe,Defender,2
2,63,2015-07-18,Bengal Warriors,164,Bajirao Hodage,,2
2,63,2015-07-18,Bengal Warriors,12,Jang Kun Lee,,2
2,63,2015-07-18,Bengal Warriors,181,Deepak Dhull,Defender,2
2,63,2015-07-18,Bengal Warriors,180,Kedar Lal,Defender,1
2,63,2015-07-18,Bengal Warriors,179,Vikas Kale,,0
2,63,2015-07-18,Bengal Warriors,141,Sunil Jaipal,Raider,0
2,64,2015-07-19,Telugu Titans,251,Meraj Sheykh,,10
2,64,2015-07-19,Telugu Titans,41,Deepak Niwas Hooda,,8
2,64,2015-07-19,Telugu Titans,81,Rahul Chaudhari,,5
2,64,2015-07-19,Telugu Titans,248,Sandeep Kandola,Defender,4
2,64,2015-07-19,Telugu Titans,84,Rajaguru Subramanian,,2
2,64,2015-07-19,Telugu Titans,111,Sukesh Hegde,,1
2,64,2015-07-19,Telugu Titans,249,Hadi Oshtorak,,1
2,64,2015-07-19,Telugu Titans,155,Prashanth Kumar Rai,,0
2,64,2015-07-19,Dabang Delhi,58,Kashiling Adake,,8
2,64,2015-07-19,Dabang Delhi,157,Ravinder Pahal,,7
2,64,2015-07-19,Dabang Delhi,217,Rohit Kumar Choudary,,7
2,64,2015-07-19,Dabang Delhi,107,Shrikant Tewthia,,1
2,64,2015-07-19,Dabang Delhi,224,Inderpal Bishnoi,Defender,1
2,64,2015-07-19,Dabang Delhi,51,Jasmer Singh Gulia,,1
2,64,2015-07-19,Dabang Delhi,264,Selvamani K,,0
2,64,2015-07-19,Dabang Delhi,222,G.S. Manikandan,Defender,0
2,64,2015-07-19,Dabang Delhi,28,Amit Singh Chhillar,Defender,0
2,65,2015-07-19,U Mumba,105,Shabeer Bappu,,10
2,65,2015-07-19,U Mumba,29,Anup Kumar,,9
2,65,2015-07-19,U Mumba,71,Mohit Chhillar,,4
2,65,2015-07-19,U Mumba,94,Rishank Devadiga,,3
2,65,2015-07-19,U Mumba,146,Surender Nada,Defender,3
2,65,2015-07-19,U Mumba,54,Jeeva Kumar,,2
2,65,2015-07-19,U Mumba,123,Vishal Mane,,1
2,65,2015-07-19,U Mumba,8,Masayuki Shimokawa,Raider,0
2,65,2015-07-19,Bengaluru Bulls,26,Ajay Thakur,,5
2,65,2015-07-19,Bengaluru Bulls,42,Dharmaraj Cheralathan,,4
2,65,2015-07-19,Bengaluru Bulls,69,Manjeet Chhillar,,4
2,65,2015-07-19,Bengaluru Bulls,85,Rajesh Mondal,,4
2,65,2015-07-19,Bengaluru Bulls,194,Joginder Singh Narwal,,2
2,65,2015-07-19,Bengaluru Bulls,195,Ashish Chhokar,,1
2,65,2015-07-19,Bengaluru Bulls,109,Somvir Shekhar,Defender,1
2,65,2015-07-19,Bengaluru Bulls,167,Preetam Chhillar,All Rounder,0
2,65,2015-07-19,Bengaluru Bulls,172,Vinoth Kumar,,0
2,66,2015-07-20,Puneri Paltan,124,Wazir Singh,,7
2,66,2015-07-20,Puneri Paltan,245,Yogesh Hooda,,7
2,66,2015-07-20,Puneri Paltan,67,Mahipal Narwal,Defender,4
2,66,2015-07-20,Puneri Paltan,235,Vijender Singh,Defender,2
2,66,2015-07-20,Puneri Paltan,246,Harvinder Singh,Defender,1
2,66,2015-07-20,Puneri Paltan,247,Anil Singh,Defender,0
2,66,2015-07-20,Puneri Paltan,70,Manoj Kumar,Defender,0
2,66,2015-07-20,Puneri Paltan,76,Nitin More,Defender,0
2,66,2015-07-20,Puneri Paltan,79,Pravin Niwale,Raider,0
2,66,2015-07-20,Telugu Titans,81,Rahul Chaudhari,,12
2,66,2015-07-20,Telugu Titans,41,Deepak Niwas Hooda,,7
2,66,2015-07-20,Telugu Titans,248,Sandeep Kandola,Defender,5
2,66,2015-07-20,Telugu Titans,155,Prashanth Kumar Rai,,5
2,66,2015-07-20,Telugu Titans,251,Meraj Sheykh,,3
2,66,2015-07-20,Telugu Titans,84,Rajaguru Subramanian,,3
2,66,2015-07-20,Telugu Titans,111,Sukesh Hegde,,2
2,66,2015-07-20,Telugu Titans,152,D. Gopu,,0
2,67,2015-07-20,U Mumba,29,Anup Kumar,,7
2,67,2015-07-20,U Mumba,105,Shabeer Bappu,,5
2,67,2015-07-20,U Mumba,94,Rishank Devadiga,,4
2,67,2015-07-20,U Mumba,54,Jeeva Kumar,,2
2,67,2015-07-20,U Mumba,71,Mohit Chhillar,,2
2,67,2015-07-20,U Mumba,123,Vishal Mane,,1
2,67,2015-07-20,U Mumba,146,Surender Nada,Defender,1
2,67,2015-07-20,U Mumba,156,Pawan Kumar Kadian,,1
2,67,2015-07-20,Patna Pirates,142,Sandeep Narwal,,8
2,67,2015-07-20,Patna Pirates,92,Ravi Dalal,Raider,4
2,67,2015-07-20,Patna Pirates,46,Gurvinder Singh,,2
2,67,2015-07-20,Patna Pirates,211,Deepak Narwal,,2
2,67,2015-07-20,Patna Pirates,212,Amit Hooda,,2
2,67,2015-07-20,Patna Pirates,161,Girish Maruti Ernak,,1
2,67,2015-07-20,Patna Pirates,162,D. Suresh Kumar,Defender,0
2,67,2015-07-20,Patna Pirates,206,Aman Kumar,Defender,0
2,67,2015-07-20,Patna Pirates,207,Sunil,,0
2,67,2015-07-20,Patna Pirates,208,Varinder Singh,Defender,0
2,67,2015-07-20,Patna Pirates,88,Rakesh Kumar,Raider,0
2,68,2015-07-21,U Mumba,94,Rishank Devadiga,,8
2,68,2015-07-21,U Mumba,105,Shabeer Bappu,,8
2,68,2015-07-21,U Mumba,71,Mohit Chhillar,,5
2,68,2015-07-21,U Mumba,29,Anup Kumar,,3
2,68,2015-07-21,U Mumba,146,Surender Nada,Defender,1
2,68,2015-07-21,U Mumba,156,Pawan Kumar Kadian,,1
2,68,2015-07-21,U Mumba,123,Vishal Mane,,0
2,68,2015-07-21,U Mumba,34,Bhupender Singh,,0
2,68,2015-07-21,U Mumba,54,Jeeva Kumar,,0
2,68,2015-07-21,Puneri Paltan,124,Wazir Singh,,7
2,68,2015-07-21,Puneri Paltan,67,Mahipal Narwal,Defender,4
2,68,2015-07-21,Puneri Paltan,79,Pravin Niwale,Raider,3
2,68,2015-07-21,Puneri Paltan,70,Manoj Kumar,Defender,1
2,68,2015-07-21,Puneri Paltan,235,Vijender Singh,Defender,1
2,68,2015-07-21,Puneri Paltan,240,Ravi Kumar,,1
2,68,2015-07-21,Puneri Paltan,245,Yogesh Hooda,,1
2,68,2015-07-21,Puneri Paltan,243,Sanjay Kumar,Defender,0
2,68,2015-07-21,Puneri Paltan,151,Vikas Tomar,Defender,0
2,69,2015-07-22,Bengal Warriors,73,Nilesh Shinde,Defender,7
2,69,2015-07-22,Bengal Warriors,98,Sachin Khambe,Defender,3
2,69,2015-07-22,Bengal Warriors,66,Mahesh Goud,,3
2,69,2015-07-22,Bengal Warriors,12,Jang Kun Lee,,3
2,69,2015-07-22,Bengal Warriors,182,Dinesh Kumar,Defender,3
2,69,2015-07-22,Bengal Warriors,164,Bajirao Hodage,,3
2,69,2015-07-22,Bengal Warriors,163,Mahendra Ganesh Rajput,,2
2,69,2015-07-22,Bengal Warriors,141,Sunil Jaipal,Raider,1
2,69,2015-07-22,Bengal Warriors,178,Parveen M. Jangra,Defender,0
2,69,2015-07-22,Bengal Warriors,181,Deepak Dhull,Defender,0
2,69,2015-07-22,Jaipur Pink Panthers,52,Jasvir Singh,,9
2,69,2015-07-22,Jaipur Pink Panthers,86,Rajesh Narwal,,4
2,69,2015-07-22,Jaipur Pink Panthers,44,Gangadhari Mallesh,,3
2,69,2015-07-22,Jaipur Pink Panthers,96,Rohit Rana,,2
2,69,2015-07-22,Jaipur Pink Panthers,160,Ran Singh,,2
2,69,2015-07-22,Jaipur Pink Panthers,252,Kuldeep Singh,,1
2,69,2015-07-22,Jaipur Pink Panthers,190,Sonu Narwal,Raider,0
2,69,2015-07-22,Jaipur Pink Panthers,159,Samarjeet Singh,Defender,0
2,69,2015-07-22,Jaipur Pink Panthers,72,Navneet Gautam,Defender,0
2,70,2015-07-22,Bengaluru Bulls,69,Manjeet Chhillar,,11
2,70,2015-07-22,Bengaluru Bulls,85,Rajesh Mondal,,4
2,70,2015-07-22,Bengaluru Bulls,194,Joginder Singh Narwal,,4
2,70,2015-07-22,Bengaluru Bulls,197,Pardeep Narwal,,4
2,70,2015-07-22,Bengaluru Bulls,42,Dharmaraj Cheralathan,,1
2,70,2015-07-22,Bengaluru Bulls,167,Preetam Chhillar,All Rounder,1
2,70,2015-07-22,Bengaluru Bulls,202,Ashish Kumar,,0
2,70,2015-07-22,Patna Pirates,88,Rakesh Kumar,Raider,6
2,70,2015-07-22,Patna Pirates,142,Sandeep Narwal,,6
2,70,2015-07-22,Patna Pirates,211,Deepak Narwal,,4
2,70,2015-07-22,Patna Pirates,208,Varinder Singh,Defender,2
2,70,2015-07-22,Patna Pirates,46,Gurvinder Singh,,2
2,70,2015-07-22,Patna Pirates,92,Ravi Dalal,Raider,1
2,70,2015-07-22,Patna Pirates,206,Aman Kumar,Defender,1
2,70,2015-07-22,Patna Pirates,161,Girish Maruti Ernak,,1
2,70,2015-07-22,Patna Pirates,212,Amit Hooda,,1
2,70,2015-07-22,Patna Pirates,162,D. Suresh Kumar,Defender,0
2,71,2015-07-23,Bengal Warriors,12,Jang Kun Lee,,12
2,71,2015-07-23,Bengal Warriors,141,Sunil Jaipal,Raider,6
2,71,2015-07-23,Bengal Warriors,164,Bajirao Hodage,,3
2,71,2015-07-23,Bengal Warriors,98,Sachin Khambe,Defender,2
2,71,2015-07-23,Bengal Warriors,182,Dinesh Kumar,Defender,2
2,71,2015-07-23,Bengal Warriors,178,Parveen M. Jangra,Defender,1
2,71,2015-07-23,Bengal Warriors,73,Nilesh Shinde,Defender,1
2,71,2015-07-23,Telugu Titans,41,Deepak Niwas Hooda,,14
2,71,2015-07-23,Telugu Titans,155,Prashanth Kumar Rai,,7
2,71,2015-07-23,Telugu Titans,81,Rahul Chaudhari,,4
2,71,2015-07-23,Telugu Titans,165,Sachin Shingade,,2
2,71,2015-07-23,Telugu Titans,248,Sandeep Kandola,Defender,2
2,71,2015-07-23,Telugu Titans,251,Meraj Sheykh,,0
2,71,2015-07-23,Telugu Titans,84,Rajaguru Subramanian,,0
2,71,2015-07-23,Telugu Titans,111,Sukesh Hegde,,0
2,72,2015-07-24,Dabang Delhi,58,Kashiling Adake,,12
2,72,2015-07-24,Dabang Delhi,217,Rohit Kumar Choudary,,11
2,72,2015-07-24,Dabang Delhi,157,Ravinder Pahal,,3
2,72,2015-07-24,Dabang Delhi,28,Amit Singh Chhillar,Defender,3
2,72,2015-07-24,Dabang Delhi,51,Jasmer Singh Gulia,,1
2,72,2015-07-24,Dabang Delhi,267,Amit Kumar Tomar,Defender,1
2,72,2015-07-24,Dabang Delhi,158,Rakesh Singh Kumar,Defender,0
2,72,2015-07-24,Dabang Delhi,225,Sandeep Tomar,Defender,0
2,72,2015-07-24,Puneri Paltan,124,Wazir Singh,,13
2,72,2015-07-24,Puneri Paltan,79,Pravin Niwale,Raider,8
2,72,2015-07-24,Puneri Paltan,67,Mahipal Narwal,Defender,3
2,72,2015-07-24,Puneri Paltan,235,Vijender Singh,Defender,3
2,72,2015-07-24,Puneri Paltan,246,Harvinder Singh,Defender,2
2,72,2015-07-24,Puneri Paltan,247,Anil Singh,Defender,0
2,72,2015-07-24,Puneri Paltan,240,Ravi Kumar,,0
2,72,2015-07-24,Puneri Paltan,231,Amit Om Prakash Rathi,Raider,0
2,72,2015-07-24,Puneri Paltan,70,Manoj Kumar,Defender,0
2,73,2015-07-24,Bengal Warriors,98,Sachin Khambe,Defender,7
2,73,2015-07-24,Bengal Warriors,163,Mahendra Ganesh Rajput,,6
2,73,2015-07-24,Bengal Warriors,73,Nilesh Shinde,Defender,4
2,73,2015-07-24,Bengal Warriors,164,Bajirao Hodage,,3
2,73,2015-07-24,Bengal Warriors,178,Parveen M. Jangra,Defender,1
2,73,2015-07-24,Bengal Warriors,141,Sunil Jaipal,Raider,1
2,73,2015-07-24,Bengal Warriors,12,Jang Kun Lee,,1
2,73,2015-07-24,Bengal Warriors,13,Seong Ryeol Kim,All Rounder,0
2,73,2015-07-24,Bengal Warriors,180,Kedar Lal,Defender,0
2,73,2015-07-24,U Mumba,29,Anup Kumar,,9
2,73,2015-07-24,U Mumba,54,Jeeva Kumar,,8
2,73,2015-07-24,U Mumba,71,Mohit Chhillar,,3
2,73,2015-07-24,U Mumba,94,Rishank Devadiga,,2
2,73,2015-07-24,U Mumba,105,Shabeer Bappu,,1
2,73,2015-07-24,U Mumba,146,Surender Nada,Defender,1
2,73,2015-07-24,U Mumba,156,Pawan Kumar Kadian,,1
2,73,2015-07-24,U Mumba,259,Fazel Atrachali,,0
2,73,2015-07-24,U Mumba,123,Vishal Mane,,0
2,74,2015-07-25,Bengaluru Bulls,195,Ashish Chhokar,,7
2,74,2015-07-25,Bengaluru Bulls,69,Manjeet Chhillar,,5
2,74,2015-07-25,Bengaluru Bulls,85,Rajesh Mondal,,4
2,74,2015-07-25,Bengaluru Bulls,204,Rakesh Narwal,,4
2,74,2015-07-25,Bengaluru Bulls,42,Dharmaraj Cheralathan,,3
2,74,2015-07-25,Bengaluru Bulls,194,Joginder Singh Narwal,,2
2,74,2015-07-25,Bengaluru Bulls,197,Pardeep Narwal,,0
2,74,2015-07-25,Bengaluru Bulls,202,Ashish Kumar,,0
2,74,2015-07-25,Bengaluru Bulls,109,Somvir Shekhar,Defender,0
2,74,2015-07-25,Puneri Paltan,70,Manoj Kumar,Defender,7
2,74,2015-07-25,Puneri Paltan,124,Wazir Singh,,6
2,74,2015-07-25,Puneri Paltan,231,Amit Om Prakash Rathi,Raider,4
2,74,2015-07-25,Puneri Paltan,242,Tushar Patil,,2
2,74,2015-07-25,Puneri Paltan,169,Sagar Khatale,Defender,2
2,74,2015-07-25,Puneri Paltan,79,Pravin Niwale,Raider,1
2,74,2015-07-25,Puneri Paltan,67,Mahipal Narwal,Defender,0
2,74,2015-07-25,Puneri Paltan,235,Vijender Singh,Defender,0
2,74,2015-07-25,Puneri Paltan,240,Ravi Kumar,,0
2,75,2015-07-25,Bengal Warriors,12,Jang Kun Lee,,5
2,75,2015-07-25,Bengal Warriors,13,Seong Ryeol Kim,All Rounder,4
2,75,2015-07-25,Bengal Warriors,182,Dinesh Kumar,Defender,3
2,75,2015-07-25,Bengal Warriors,181,Deepak Dhull,Defender,2
2,75,2015-07-25,Bengal Warriors,163,Mahendra Ganesh Rajput,,1
2,75,2015-07-25,Bengal Warriors,164,Bajirao Hodage,,1
2,75,2015-07-25,Bengal Warriors,178,Parveen M. Jangra,Defender,1
2,75,2015-07-25,Bengal Warriors,141,Sunil Jaipal,Raider,1
2,75,2015-07-25,Bengal Warriors,98,Sachin Khambe,Defender,1
2,75,2015-07-25,Bengal Warriors,108,Shyam Kumar Sah,Defender,0
2,75,2015-07-25,Bengal Warriors,180,Kedar Lal,Defender,0
2,75,2015-07-25,Bengal Warriors,73,Nilesh Shinde,Defender,0
2,75,2015-07-25,Dabang Delhi,157,Ravinder Pahal,,7
2,75,2015-07-25,Dabang Delhi,217,Rohit Kumar Choudary,,6
2,75,2015-07-25,Dabang Delhi,58,Kashiling Adake,,6
2,75,2015-07-25,Dabang Delhi,28,Amit Singh Chhillar,Defender,3
2,75,2015-07-25,Dabang Delhi,222,G.S. Manikandan,Defender,2
2,75,2015-07-25,Dabang Delhi,267,Amit Kumar Tomar,Defender,1
2,75,2015-07-25,Dabang Delhi,220,Awanish Kumar,All Rounder,0
2,75,2015-07-25,Dabang Delhi,158,Rakesh Singh Kumar,Defender,0
2,76,2015-07-26,Jaipur Pink Panthers,52,Jasvir Singh,,7
2,76,2015-07-26,Jaipur Pink Panthers,86,Rajesh Narwal,,6
2,76,2015-07-26,Jaipur Pink Panthers,252,Kuldeep Singh,,5
2,76,2015-07-26,Jaipur Pink Panthers,147,Prashant Chavan,All Rounder,2
2,76,2015-07-26,Jaipur Pink Panthers,190,Sonu Narwal,Raider,1
2,76,2015-07-26,Jaipur Pink Panthers,32,Balbir Singh,All Rounder,1
2,76,2015-07-26,Jaipur Pink Panthers,44,Gangadhari Mallesh,,0
2,76,2015-07-26,Jaipur Pink Panthers,72,Navneet Gautam,Defender,0
2,76,2015-07-26,Jaipur Pink Panthers,96,Rohit Rana,,0
2,76,2015-07-26,Jaipur Pink Panthers,199,Kazuhiro Takano,Defender,0
2,76,2015-07-26,Jaipur Pink Panthers,200,Mohammad Maghshoudulu,Defender,0
2,76,2015-07-26,Jaipur Pink Panthers,160,Ran Singh,,0
2,76,2015-07-26,Jaipur Pink Panthers,144,Gokul Shitole,All Rounder,0
2,76,2015-07-26,Patna Pirates,88,Rakesh Kumar,Raider,8
2,76,2015-07-26,Patna Pirates,142,Sandeep Narwal,,7
2,76,2015-07-26,Patna Pirates,211,Deepak Narwal,,6
2,76,2015-07-26,Patna Pirates,207,Sunil,,2
2,76,2015-07-26,Patna Pirates,162,D. Suresh Kumar,Defender,1
2,76,2015-07-26,Patna Pirates,206,Aman Kumar,Defender,1
2,76,2015-07-26,Patna Pirates,209,Abhinandan Kumar,Raider,0
2,76,2015-07-26,Patna Pirates,92,Ravi Dalal,Raider,0
2,76,2015-07-26,Patna Pirates,46,Gurvinder Singh,,0
2,76,2015-07-26,Patna Pirates,14,Tae Deok Eom,,0
2,76,2015-07-26,Patna Pirates,20,Wasim Sajjad,All Rounder,0
2,77,2015-07-26,Telugu Titans,111,Sukesh Hegde,,7
2,77,2015-07-26,Telugu Titans,41,Deepak Niwas Hooda,,6
2,77,2015-07-26,Telugu Titans,248,Sandeep Kandola,Defender,4
2,77,2015-07-26,Telugu Titans,152,D. Gopu,,3
2,77,2015-07-26,Telugu Titans,155,Prashanth Kumar Rai,,3
2,77,2015-07-26,Telugu Titans,81,Rahul Chaudhari,,1
2,77,2015-07-26,Telugu Titans,84,Rajaguru Subramanian,,0
2,77,2015-07-26,Telugu Titans,251,Meraj Sheykh,,0
2,77,2015-07-26,U Mumba,29,Anup Kumar,,10
2,77,2015-07-26,U Mumba,94,Rishank Devadiga,,7
2,77,2015-07-26,U Mumba,71,Mohit Chhillar,,3
2,77,2015-07-26,U Mumba,146,Surender Nada,Defender,3
2,77,2015-07-26,U Mumba,105,Shabeer Bappu,,1
2,77,2015-07-26,U Mumba,123,Vishal Mane,,1
2,77,2015-07-26,U Mumba,54,Jeeva Kumar,,0
2,77,2015-07-26,U Mumba,156,Pawan Kumar Kadian,,0
2,77,2015-07-26,U Mumba,34,Bhupender Singh,,0
2,78,2015-07-27,Dabang Delhi,217,Rohit Kumar Choudary,,6
2,78,2015-07-27,Dabang Delhi,157,Ravinder Pahal,,4
2,78,2015-07-27,Dabang Delhi,58,Kashiling Adake,,3
2,78,2015-07-27,Dabang Delhi,267,Amit Kumar Tomar,Defender,2
2,78,2015-07-27,Dabang Delhi,222,G.S. Manikandan,Defender,1
2,78,2015-07-27,Dabang Delhi,28,Amit Singh Chhillar,Defender,1
2,78,2015-07-27,Dabang Delhi,224,Inderpal Bishnoi,Defender,0
2,78,2015-07-27,Dabang Delhi,220,Awanish Kumar,All Rounder,0
2,78,2015-07-27,Dabang Delhi,158,Rakesh Singh Kumar,Defender,0
2,78,2015-07-27,Bengaluru Bulls,69,Manjeet Chhillar,,9
2,78,2015-07-27,Bengaluru Bulls,109,Somvir Shekhar,Defender,6
2,78,2015-07-27,Bengaluru Bulls,42,Dharmaraj Cheralathan,,4
2,78,2015-07-27,Bengaluru Bulls,26,Ajay Thakur,,4
2,78,2015-07-27,Bengaluru Bulls,194,Joginder Singh Narwal,,3
2,78,2015-07-27,Bengaluru Bulls,85,Rajesh Mondal,,2
2,78,2015-07-27,Bengaluru Bulls,195,Ashish Chhokar,,0
2,78,2015-07-27,Bengaluru Bulls,204,Rakesh Narwal,,0
2,78,2015-07-27,Bengaluru Bulls,167,Preetam Chhillar,All Rounder,0
2,79,2015-07-27,Jaipur Pink Panthers,86,Rajesh Narwal,,9
2,79,2015-07-27,Jaipur Pink Panthers,252,Kuldeep Singh,,5
2,79,2015-07-27,Jaipur Pink Panthers,52,Jasvir Singh,,3
2,79,2015-07-27,Jaipur Pink Panthers,96,Rohit Rana,,2
2,79,2015-07-27,Jaipur Pink Panthers,160,Ran Singh,,1
2,79,2015-07-27,Jaipur Pink Panthers,191,C. Arun,,0
2,79,2015-07-27,Jaipur Pink Panthers,72,Navneet Gautam,Defender,0
2,79,2015-07-27,Jaipur Pink Panthers,147,Prashant Chavan,All Rounder,0
2,79,2015-07-27,Jaipur Pink Panthers,32,Balbir Singh,All Rounder,0
2,79,2015-07-27,Telugu Titans,81,Rahul Chaudhari,,11
2,79,2015-07-27,Telugu Titans,111,Sukesh Hegde,,7
2,79,2015-07-27,Telugu Titans,41,Deepak Niwas Hooda,,6
2,79,2015-07-27,Telugu Titans,236,T. Prasad,All Rounder,3
2,79,2015-07-27,Telugu Titans,248,Sandeep Kandola,Defender,1
2,79,2015-07-27,Telugu Titans,152,D. Gopu,,1
2,79,2015-07-27,Telugu Titans,155,Prashanth Kumar Rai,,0
2,79,2015-07-27,Telugu Titans,251,Meraj Sheykh,,0
2,80,2015-07-28,Jaipur Pink Panthers,52,Jasvir Singh,,8
2,80,2015-07-28,Jaipur Pink Panthers,252,Kuldeep Singh,,7
2,80,2015-07-28,Jaipur Pink Panthers,96,Rohit Rana,,5
2,80,2015-07-28,Jaipur Pink Panthers,160,Ran Singh,,4
2,80,2015-07-28,Jaipur Pink Panthers,44,Gangadhari Mallesh,,4
2,80,2015-07-28,Jaipur Pink Panthers,86,Rajesh Narwal,,2
2,80,2015-07-28,Jaipur Pink Panthers,147,Prashant Chavan,All Rounder,1
2,80,2015-07-28,Jaipur Pink Panthers,72,Navneet Gautam,Defender,0
2,80,2015-07-28,Bengaluru Bulls,69,Manjeet Chhillar,,4
2,80,2015-07-28,Bengaluru Bulls,85,Rajesh Mondal,,3
2,80,2015-07-28,Bengaluru Bulls,194,Joginder Singh Narwal,,3
2,80,2015-07-28,Bengaluru Bulls,42,Dharmaraj Cheralathan,,3
2,80,2015-07-28,Bengaluru Bulls,167,Preetam Chhillar,All Rounder,2
2,80,2015-07-28,Bengaluru Bulls,26,Ajay Thakur,,1
2,80,2015-07-28,Bengaluru Bulls,204,Rakesh Narwal,,1
2,80,2015-07-28,Bengaluru Bulls,197,Pardeep Narwal,,0
2,80,2015-07-28,Bengaluru Bulls,109,Somvir Shekhar,Defender,0
2,81,2015-07-29,Puneri Paltan,79,Pravin Niwale,Raider,7
2,81,2015-07-29,Puneri Paltan,234,Surender Singh,,6
2,81,2015-07-29,Puneri Paltan,240,Ravi Kumar,,5
2,81,2015-07-29,Puneri Paltan,124,Wazir Singh,,4
2,81,2015-07-29,Puneri Paltan,169,Sagar Khatale,Defender,1
2,81,2015-07-29,Puneri Paltan,55,Jitesh Joshi,Defender,1
2,81,2015-07-29,Puneri Paltan,56,Kalimuthu Balamahendran,Defender,0
2,81,2015-07-29,Puneri Paltan,70,Manoj Kumar,Defender,0
2,81,2015-07-29,Puneri Paltan,243,Sanjay Kumar,Defender,0
2,81,2015-07-29,Bengal Warriors,163,Mahendra Ganesh Rajput,,6
2,81,2015-07-29,Bengal Warriors,12,Jang Kun Lee,,5
2,81,2015-07-29,Bengal Warriors,182,Dinesh Kumar,Defender,4
2,81,2015-07-29,Bengal Warriors,98,Sachin Khambe,Defender,2
2,81,2015-07-29,Bengal Warriors,178,Parveen M. Jangra,Defender,2
2,81,2015-07-29,Bengal Warriors,268,Vineet Sharma,,2
2,81,2015-07-29,Bengal Warriors,73,Nilesh Shinde,Defender,2
2,81,2015-07-29,Bengal Warriors,179,Vikas Kale,,0
2,81,2015-07-29,Bengal Warriors,257,Muhammad Tariq,Defender,0
2,82,2015-07-29,Jaipur Pink Panthers,160,Ran Singh,,9
2,82,2015-07-29,Jaipur Pink Panthers,52,Jasvir Singh,,5
2,82,2015-07-29,Jaipur Pink Panthers,252,Kuldeep Singh,,3
2,82,2015-07-29,Jaipur Pink Panthers,44,Gangadhari Mallesh,,3
2,82,2015-07-29,Jaipur Pink Panthers,147,Prashant Chavan,All Rounder,1
2,82,2015-07-29,Jaipur Pink Panthers,86,Rajesh Narwal,,1
2,82,2015-07-29,Jaipur Pink Panthers,96,Rohit Rana,,1
2,82,2015-07-29,Jaipur Pink Panthers,72,Navneet Gautam,Defender,0
2,82,2015-07-29,Jaipur Pink Panthers,159,Samarjeet Singh,Defender,0
2,82,2015-07-29,Jaipur Pink Panthers,200,Mohammad Maghshoudulu,Defender,0
2,82,2015-07-29,Dabang Delhi,157,Ravinder Pahal,,8
2,82,2015-07-29,Dabang Delhi,58,Kashiling Adake,,7
2,82,2015-07-29,Dabang Delhi,217,Rohit Kumar Choudary,,7
2,82,2015-07-29,Dabang Delhi,28,Amit Singh Chhillar,Defender,5
2,82,2015-07-29,Dabang Delhi,222,G.S. Manikandan,Defender,2
2,82,2015-07-29,Dabang Delhi,107,Shrikant Tewthia,,1
2,82,2015-07-29,Dabang Delhi,158,Rakesh Singh Kumar,Defender,0
2,82,2015-07-29,Dabang Delhi,267,Amit Kumar Tomar,Defender,0
2,82,2015-07-29,Dabang Delhi,11,Dong Ju Hong,All Rounder,0
2,83,2015-07-30,Patna Pirates,161,Girish Maruti Ernak,,4
2,83,2015-07-30,Patna Pirates,142,Sandeep Narwal,,4
2,83,2015-07-30,Patna Pirates,207,Sunil,,4
2,83,2015-07-30,Patna Pirates,88,Rakesh Kumar,Raider,3
2,83,2015-07-30,Patna Pirates,92,Ravi Dalal,Raider,3
2,83,2015-07-30,Patna Pirates,162,D. Suresh Kumar,Defender,2
2,83,2015-07-30,Patna Pirates,211,Deepak Narwal,,1
2,83,2015-07-30,Patna Pirates,46,Gurvinder Singh,,1
2,83,2015-07-30,Patna Pirates,20,Wasim Sajjad,All Rounder,0
2,83,2015-07-30,Patna Pirates,206,Aman Kumar,Defender,0
2,83,2015-07-30,Telugu Titans,111,Sukesh Hegde,,9
2,83,2015-07-30,Telugu Titans,155,Prashanth Kumar Rai,,8
2,83,2015-07-30,Telugu Titans,248,Sandeep Kandola,Defender,6
2,83,2015-07-30,Telugu Titans,152,D. Gopu,,2
2,83,2015-07-30,Telugu Titans,81,Rahul Chaudhari,,2
2,83,2015-07-30,Telugu Titans,84,Rajaguru Subramanian,,2
2,83,2015-07-30,Telugu Titans,41,Deepak Niwas Hooda,,1
2,83,2015-07-30,Telugu Titans,251,Meraj Sheykh,,0
2,83,2015-07-30,Telugu Titans,236,T. Prasad,All Rounder,0
2,84,2015-07-31,Telugu Titans,155,Prashanth Kumar Rai,,4
2,84,2015-07-31,Telugu Titans,248,Sandeep Kandola,Defender,4
2,84,2015-07-31,Telugu Titans,111,Sukesh Hegde,,3
2,84,2015-07-31,Telugu Titans,81,Rahul Chaudhari,,3
2,84,2015-07-31,Telugu Titans,84,Rajaguru Subramanian,,2
2,84,2015-07-31,Telugu Titans,41,Deepak Niwas Hooda,,2
2,84,2015-07-31,Telugu Titans,251,Meraj Sheykh,,1
2,84,2015-07-31,Telugu Titans,236,T. Prasad,All Rounder,0
2,84,2015-07-31,Telugu Titans,238,Isac Antony,Raider,0
2,84,2015-07-31,Telugu Titans,152,D. Gopu,,0
2,84,2015-07-31,Bengaluru Bulls,26,Ajay Thakur,,9
2,84,2015-07-31,Bengaluru Bulls,69,Manjeet Chhillar,,9
2,84,2015-07-31,Bengaluru Bulls,109,Somvir Shekhar,Defender,2
2,84,2015-07-31,Bengaluru Bulls,204,Rakesh Narwal,,2
2,84,2015-07-31,Bengaluru Bulls,167,Preetam Chhillar,All Rounder,1
2,84,2015-07-31,Bengaluru Bulls,202,Ashish Kumar,,1
2,84,2015-07-31,Bengaluru Bulls,42,Dharmaraj Cheralathan,,1
2,84,2015-07-31,Bengaluru Bulls,45,Gurpreet Singh,Defender,1
2,84,2015-07-31,Bengaluru Bulls,85,Rajesh Mondal,,0
2,85,2015-07-31,Patna Pirates,211,Deepak Narwal,,10
2,85,2015-07-31,Patna Pirates,142,Sandeep Narwal,,6
2,85,2015-07-31,Patna Pirates,92,Ravi Dalal,Raider,5
2,85,2015-07-31,Patna Pirates,162,D. Suresh Kumar,Defender,4
2,85,2015-07-31,Patna Pirates,207,Sunil,,4
2,85,2015-07-31,Patna Pirates,212,Amit Hooda,,1
2,85,2015-07-31,Patna Pirates,161,Girish Maruti Ernak,,1
2,85,2015-07-31,Patna Pirates,46,Gurvinder Singh,,1
2,85,2015-07-31,Patna Pirates,208,Varinder Singh,Defender,0
2,85,2015-07-31,Patna Pirates,260,Vijay Malik,Raider,0
2,85,2015-07-31,Dabang Delhi,217,Rohit Kumar Choudary,,5
2,85,2015-07-31,Dabang Delhi,107,Shrikant Tewthia,,4
2,85,2015-07-31,Dabang Delhi,58,Kashiling Adake,,4
2,85,2015-07-31,Dabang Delhi,267,Amit Kumar Tomar,Defender,3
2,85,2015-07-31,Dabang Delhi,264,Selvamani K,,1
2,85,2015-07-31,Dabang Delhi,223,Rajeev Kumar,All Rounder,1
2,85,2015-07-31,Dabang Delhi,157,Ravinder Pahal,,1
2,85,2015-07-31,Dabang Delhi,158,Rakesh Singh Kumar,Defender,1
2,85,2015-07-31,Dabang Delhi,222,G.S. Manikandan,Defender,0
2,85,2015-07-31,Dabang Delhi,51,Jasmer Singh Gulia,,0
2,85,2015-07-31,Dabang Delhi,11,Dong Ju Hong,All Rounder,0
2,86,2015-08-01,Dabang Delhi,157,Ravinder Pahal,,9
2,86,2015-08-01,Dabang Delhi,58,Kashiling Adake,,6
2,86,2015-08-01,Dabang Delhi,217,Rohit Kumar Choudary,,3
2,86,2015-08-01,Dabang Delhi,158,Rakesh Singh Kumar,Defender,2
2,86,2015-08-01,Dabang Delhi,223,Rajeev Kumar,All Rounder,2
2,86,2015-08-01,Dabang Delhi,264,Selvamani K,,0
2,86,2015-08-01,Dabang Delhi,107,Shrikant Tewthia,,0
2,86,2015-08-01,Dabang Delhi,220,Awanish Kumar,All Rounder,0
2,86,2015-08-01,Dabang Delhi,222,G.S. Manikandan,Defender,0
2,86,2015-08-01,U Mumba,34,Bhupender Singh,,7
2,86,2015-08-01,U Mumba,71,Mohit Chhillar,,4
2,86,2015-08-01,U Mumba,146,Surender Nada,Defender,3
2,86,2015-08-01,U Mumba,29,Anup Kumar,,3
2,86,2015-08-01,U Mumba,94,Rishank Devadiga,,2
2,86,2015-08-01,U Mumba,54,Jeeva Kumar,,2
2,86,2015-08-01,U Mumba,123,Vishal Mane,,1
2,86,2015-08-01,U Mumba,105,Shabeer Bappu,,1
2,86,2015-08-01,U Mumba,156,Pawan Kumar Kadian,,0
2,87,2015-08-01,Patna Pirates,92,Ravi Dalal,Raider,7
2,87,2015-08-01,Patna Pirates,142,Sandeep Narwal,,6
2,87,2015-08-01,Patna Pirates,211,Deepak Narwal,,5
2,87,2015-08-01,Patna Pirates,212,Amit Hooda,,4
2,87,2015-08-01,Patna Pirates,207,Sunil,,3
2,87,2015-08-01,Patna Pirates,46,Gurvinder Singh,,2
2,87,2015-08-01,Patna Pirates,208,Varinder Singh,Defender,1
2,87,2015-08-01,Patna Pirates,161,Girish Maruti Ernak,,1
2,87,2015-08-01,Patna Pirates,162,D. Suresh Kumar,Defender,0
2,87,2015-08-01,Puneri Paltan,79,Pravin Niwale,Raider,9
2,87,2015-08-01,Puneri Paltan,124,Wazir Singh,,5
2,87,2015-08-01,Puneri Paltan,70,Manoj Kumar,Defender,3
2,87,2015-08-01,Puneri Paltan,56,Kalimuthu Balamahendran,Defender,2
2,87,2015-08-01,Puneri Paltan,234,Surender Singh,,2
2,87,2015-08-01,Puneri Paltan,169,Sagar Khatale,Defender,1
2,87,2015-08-01,Puneri Paltan,243,Sanjay Kumar,Defender,1
2,87,2015-08-01,Puneri Paltan,245,Yogesh Hooda,,1
2,87,2015-08-01,Puneri Paltan,55,Jitesh Joshi,Defender,1
2,87,2015-08-01,Puneri Paltan,240,Ravi Kumar,,0
2,88,2015-08-02,Puneri Paltan,79,Pravin Niwale,Raider,9
2,88,2015-08-02,Puneri Paltan,242,Tushar Patil,,5
2,88,2015-08-02,Puneri Paltan,235,Vijender Singh,Defender,3
2,88,2015-08-02,Puneri Paltan,240,Ravi Kumar,,3
2,88,2015-08-02,Puneri Paltan,67,Mahipal Narwal,Defender,3
2,88,2015-08-02,Puneri Paltan,243,Sanjay Kumar,Defender,2
2,88,2015-08-02,Puneri Paltan,231,Amit Om Prakash Rathi,Raider,1
2,88,2015-08-02,Puneri Paltan,76,Nitin More,Defender,1
2,88,2015-08-02,Puneri Paltan,70,Manoj Kumar,Defender,0
2,88,2015-08-02,Jaipur Pink Panthers,86,Rajesh Narwal,,10
2,88,2015-08-02,Jaipur Pink Panthers,190,Sonu Narwal,Raider,8
2,88,2015-08-02,Jaipur Pink Panthers,52,Jasvir Singh,,6
2,88,2015-08-02,Jaipur Pink Panthers,252,Kuldeep Singh,,4
2,88,2015-08-02,Jaipur Pink Panthers,191,C. Arun,,2
2,88,2015-08-02,Jaipur Pink Panthers,160,Ran Singh,,1
2,88,2015-08-02,Jaipur Pink Panthers,159,Samarjeet Singh,Defender,0
2,88,2015-08-02,Jaipur Pink Panthers,44,Gangadhari Mallesh,,0
2,88,2015-08-02,Jaipur Pink Panthers,72,Navneet Gautam,Defender,0
2,89,2015-08-02,Patna Pirates,46,Gurvinder Singh,,5
2,89,2015-08-02,Patna Pirates,207,Sunil,,4
2,89,2015-08-02,Patna Pirates,212,Amit Hooda,,3
2,89,2015-08-02,Patna Pirates,92,Ravi Dalal,Raider,3
2,89,2015-08-02,Patna Pirates,211,Deepak Narwal,,2
2,89,2015-08-02,Patna Pirates,208,Varinder Singh,Defender,1
2,89,2015-08-02,Patna Pirates,142,Sandeep Narwal,,1
2,89,2015-08-02,Patna Pirates,162,D. Suresh Kumar,Defender,0
2,89,2015-08-02,Bengal Warriors,268,Vineet Sharma,,4
2,89,2015-08-02,Bengal Warriors,12,Jang Kun Lee,,4
2,89,2015-08-02,Bengal Warriors,98,Sachin Khambe,Defender,2
2,89,2015-08-02,Bengal Warriors,163,Mahendra Ganesh Rajput,,2
2,89,2015-08-02,Bengal Warriors,185,Vijin Thangadurai,,2
2,89,2015-08-02,Bengal Warriors,181,Deepak Dhull,Defender,1
2,89,2015-08-02,Bengal Warriors,182,Dinesh Kumar,Defender,1
2,89,2015-08-02,Bengal Warriors,73,Nilesh Shinde,Defender,1
2,90,2015-08-04,Telugu Titans,81,Rahul Chaudhari,,14
2,90,2015-08-04,Telugu Titans,111,Sukesh Hegde,,9
2,90,2015-08-04,Telugu Titans,249,Hadi Oshtorak,,5
2,90,2015-08-04,Telugu Titans,248,Sandeep Kandola,Defender,3
2,90,2015-08-04,Telugu Titans,41,Deepak Niwas Hooda,,3
2,90,2015-08-04,Telugu Titans,251,Meraj Sheykh,,2
2,90,2015-08-04,Telugu Titans,155,Prashanth Kumar Rai,,1
2,90,2015-08-04,Telugu Titans,261,Rohit Baliyan,,0
2,90,2015-08-04,Telugu Titans,236,T. Prasad,All Rounder,0
2,90,2015-08-04,Telugu Titans,241,Ravit Kumar,All Rounder,0
2,90,2015-08-04,Jaipur Pink Panthers,190,Sonu Narwal,Raider,13
2,90,2015-08-04,Jaipur Pink Panthers,86,Rajesh Narwal,,7
2,90,2015-08-04,Jaipur Pink Panthers,252,Kuldeep Singh,,5
2,90,2015-08-04,Jaipur Pink Panthers,52,Jasvir Singh,,4
2,90,2015-08-04,Jaipur Pink Panthers,191,C. Arun,,1
2,90,2015-08-04,Jaipur Pink Panthers,160,Ran Singh,,1
2,90,2015-08-04,Jaipur Pink Panthers,44,Gangadhari Mallesh,,1
2,90,2015-08-04,Jaipur Pink Panthers,147,Prashant Chavan,All Rounder,0
2,90,2015-08-04,Jaipur Pink Panthers,196,C. Karnan,Defender,0
2,90,2015-08-04,Jaipur Pink Panthers,96,Rohit Rana,,0
2,91,2015-08-04,U Mumba,29,Anup Kumar,,8
2,91,2015-08-04,U Mumba,94,Rishank Devadiga,,6
2,91,2015-08-04,U Mumba,123,Vishal Mane,,4
2,91,2015-08-04,U Mumba,54,Jeeva Kumar,,3
2,91,2015-08-04,U Mumba,259,Fazel Atrachali,,2
2,91,2015-08-04,U Mumba,156,Pawan Kumar Kadian,,2
2,91,2015-08-04,U Mumba,146,Surender Nada,Defender,1
2,91,2015-08-04,U Mumba,71,Mohit Chhillar,,0
2,91,2015-08-04,U Mumba,34,Bhupender Singh,,0
2,91,2015-08-04,Dabang Delhi,58,Kashiling Adake,,7
2,91,2015-08-04,Dabang Delhi,38,Dadaso Balaso Awad,Raider,6
2,91,2015-08-04,Dabang Delhi,157,Ravinder Pahal,,3
2,91,2015-08-04,Dabang Delhi,158,Rakesh Singh Kumar,Defender,2
2,91,2015-08-04,Dabang Delhi,222,G.S. Manikandan,Defender,1
2,91,2015-08-04,Dabang Delhi,223,Rajeev Kumar,All Rounder,1
2,91,2015-08-04,Dabang Delhi,225,Sandeep Tomar,Defender,1
2,91,2015-08-04,Dabang Delhi,264,Selvamani K,,1
2,91,2015-08-04,Dabang Delhi,267,Amit Kumar Tomar,Defender,0
2,91,2015-08-04,Dabang Delhi,217,Rohit Kumar Choudary,,0
2,92,2015-08-05,Telugu Titans,41,Deepak Niwas Hooda,,11
2,92,2015-08-05,Telugu Titans,81,Rahul Chaudhari,,10
2,92,2015-08-05,Telugu Titans,111,Sukesh Hegde,,6
2,92,2015-08-05,Telugu Titans,248,Sandeep Kandola,Defender,6
2,92,2015-08-05,Telugu Titans,251,Meraj Sheykh,,3
2,92,2015-08-05,Telugu Titans,249,Hadi Oshtorak,,1
2,92,2015-08-05,Telugu Titans,84,Rajaguru Subramanian,,1
2,92,2015-08-05,Telugu Titans,97,Rupesh Tomar,All Rounder,0
2,92,2015-08-05,Telugu Titans,261,Rohit Baliyan,,0
2,92,2015-08-05,Bengal Warriors,163,Mahendra Ganesh Rajput,,14
2,92,2015-08-05,Bengal Warriors,12,Jang Kun Lee,,5
2,92,2015-08-05,Bengal Warriors,185,Vijin Thangadurai,,2
2,92,2015-08-05,Bengal Warriors,108,Shyam Kumar Sah,Defender,2
2,92,2015-08-05,Bengal Warriors,268,Vineet Sharma,,2
2,92,2015-08-05,Bengal Warriors,73,Nilesh Shinde,Defender,0
2,92,2015-08-05,Bengal Warriors,141,Sunil Jaipal,Raider,0
2,92,2015-08-05,Bengal Warriors,179,Vikas Kale,,0
2,92,2015-08-05,Bengal Warriors,181,Deepak Dhull,Defender,0
2,92,2015-08-05,Bengal Warriors,182,Dinesh Kumar,Defender,0
2,92,2015-08-05,Bengal Warriors,184,Deepak Kumar,Defender,0
2,93,2015-08-06,Bengal Warriors,73,Nilesh Shinde,Defender,5
2,93,2015-08-06,Bengal Warriors,184,Deepak Kumar,Defender,5
2,93,2015-08-06,Bengal Warriors,12,Jang Kun Lee,,3
2,93,2015-08-06,Bengal Warriors,141,Sunil Jaipal,Raider,3
2,93,2015-08-06,Bengal Warriors,163,Mahendra Ganesh Rajput,,2
2,93,2015-08-06,Bengal Warriors,180,Kedar Lal,Defender,2
2,93,2015-08-06,Bengal Warriors,181,Deepak Dhull,Defender,0
2,93,2015-08-06,Bengal Warriors,179,Vikas Kale,,0
2,93,2015-08-06,Bengal Warriors,108,Shyam Kumar Sah,Defender,0
2,93,2015-08-06,Bengal Warriors,187,Manoj Kumar Gora,Defender,0
2,93,2015-08-06,Bengal Warriors,268,Vineet Sharma,,0
2,93,2015-08-06,Bengaluru Bulls,26,Ajay Thakur,,12
2,93,2015-08-06,Bengaluru Bulls,69,Manjeet Chhillar,,8
2,93,2015-08-06,Bengaluru Bulls,109,Somvir Shekhar,Defender,3
2,93,2015-08-06,Bengaluru Bulls,42,Dharmaraj Cheralathan,,2
2,93,2015-08-06,Bengaluru Bulls,195,Ashish Chhokar,,2
2,93,2015-08-06,Bengaluru Bulls,194,Joginder Singh Narwal,,1
2,93,2015-08-06,Bengaluru Bulls,21,Sinotharan Kanesharajah,Raider,0
2,93,2015-08-06,Bengaluru Bulls,204,Rakesh Narwal,,0
2,93,2015-08-06,Bengaluru Bulls,254,Michal Spiczko,Defender,0
2,93,2015-08-06,Bengaluru Bulls,85,Rajesh Mondal,,0
2,93,2015-08-06,Bengaluru Bulls,167,Preetam Chhillar,All Rounder,0
2,94,2015-08-06,Telugu Titans,251,Meraj Sheykh,,11
2,94,2015-08-06,Telugu Titans,81,Rahul Chaudhari,,11
2,94,2015-08-06,Telugu Titans,41,Deepak Niwas Hooda,,9
2,94,2015-08-06,Telugu Titans,111,Sukesh Hegde,,6
2,94,2015-08-06,Telugu Titans,248,Sandeep Kandola,Defender,3
2,94,2015-08-06,Telugu Titans,84,Rajaguru Subramanian,,2
2,94,2015-08-06,Telugu Titans,152,D. Gopu,,2
2,94,2015-08-06,Telugu Titans,155,Prashanth Kumar Rai,,0
2,94,2015-08-06,Telugu Titans,239,Jishnu,Defender,0
2,94,2015-08-06,Patna Pirates,92,Ravi Dalal,Raider,10
2,94,2015-08-06,Patna Pirates,211,Deepak Narwal,,6
2,94,2015-08-06,Patna Pirates,162,D. Suresh Kumar,Defender,3
2,94,2015-08-06,Patna Pirates,14,Tae Deok Eom,,3
2,94,2015-08-06,Patna Pirates,142,Sandeep Narwal,,2
2,94,2015-08-06,Patna Pirates,207,Sunil,,1
2,94,2015-08-06,Patna Pirates,46,Gurvinder Singh,,1
2,94,2015-08-06,Patna Pirates,161,Girish Maruti Ernak,,1
2,94,2015-08-06,Patna Pirates,212,Amit Hooda,,0
2,94,2015-08-06,Patna Pirates,269,Arvind Baliyan,Defender,0
2,95,2015-08-07,Jaipur Pink Panthers,190,Sonu Narwal,Raider,6
2,95,2015-08-07,Jaipur Pink Panthers,252,Kuldeep Singh,,6
2,95,2015-08-07,Jaipur Pink Panthers,160,Ran Singh,,4
2,95,2015-08-07,Jaipur Pink Panthers,147,Prashant Chavan,All Rounder,4
2,95,2015-08-07,Jaipur Pink Panthers,86,Rajesh Narwal,,4
2,95,2015-08-07,Jaipur Pink Panthers,52,Jasvir Singh,,2
2,95,2015-08-07,Jaipur Pink Panthers,96,Rohit Rana,,1
2,95,2015-08-07,Jaipur Pink Panthers,191,C. Arun,,1
2,95,2015-08-07,U Mumba,146,Surender Nada,Defender,6
2,95,2015-08-07,U Mumba,123,Vishal Mane,,4
2,95,2015-08-07,U Mumba,94,Rishank Devadiga,,4
2,95,2015-08-07,U Mumba,219,K. Prapanjan,,3
2,95,2015-08-07,U Mumba,156,Pawan Kumar Kadian,,2
2,95,2015-08-07,U Mumba,29,Anup Kumar,,2
2,95,2015-08-07,U Mumba,34,Bhupender Singh,,2
2,95,2015-08-07,U Mumba,71,Mohit Chhillar,,1
2,95,2015-08-07,U Mumba,171,Pradeep Kumar,Raider,0
2,96,2015-08-07,Telugu Titans,111,Sukesh Hegde,,8
2,96,2015-08-07,Telugu Titans,41,Deepak Niwas Hooda,,7
2,96,2015-08-07,Telugu Titans,84,Rajaguru Subramanian,,3
2,96,2015-08-07,Telugu Titans,248,Sandeep Kandola,Defender,3
2,96,2015-08-07,Telugu Titans,251,Meraj Sheykh,,3
2,96,2015-08-07,Telugu Titans,155,Prashanth Kumar Rai,,1
2,96,2015-08-07,Telugu Titans,97,Rupesh Tomar,All Rounder,1
2,96,2015-08-07,Telugu Titans,81,Rahul Chaudhari,,1
2,96,2015-08-07,Telugu Titans,238,Isac Antony,Raider,0
2,96,2015-08-07,Puneri Paltan,124,Wazir Singh,,12
2,96,2015-08-07,Puneri Paltan,79,Pravin Niwale,Raider,5
2,96,2015-08-07,Puneri Paltan,67,Mahipal Narwal,Defender,3
2,96,2015-08-07,Puneri Paltan,233,Manoj Dhull,,2
2,96,2015-08-07,Puneri Paltan,235,Vijender Singh,Defender,1
2,96,2015-08-07,Puneri Paltan,237,Amit Kumar,All Rounder,1
2,96,2015-08-07,Puneri Paltan,70,Manoj Kumar,Defender,1
2,96,2015-08-07,Puneri Paltan,240,Ravi Kumar,,1
2,97,2015-08-08,Dabang Delhi,157,Ravinder Pahal,,5
2,97,2015-08-08,Dabang Delhi,58,Kashiling Adake,,3
2,97,2015-08-08,Dabang Delhi,38,Dadaso Balaso Awad,Raider,2
2,97,2015-08-08,Dabang Delhi,158,Rakesh Singh Kumar,Defender,2
2,97,2015-08-08,Dabang Delhi,264,Selvamani K,,2
2,97,2015-08-08,Dabang Delhi,217,Rohit Kumar Choudary,,1
2,97,2015-08-08,Dabang Delhi,225,Sandeep Tomar,Defender,1
2,97,2015-08-08,Dabang Delhi,222,G.S. Manikandan,Defender,0
2,97,2015-08-08,Dabang Delhi,28,Amit Singh Chhillar,Defender,0
2,97,2015-08-08,Bengal Warriors,98,Sachin Khambe,Defender,5
2,97,2015-08-08,Bengal Warriors,163,Mahendra Ganesh Rajput,,3
2,97,2015-08-08,Bengal Warriors,179,Vikas Kale,,3
2,97,2015-08-08,Bengal Warriors,180,Kedar Lal,Defender,2
2,97,2015-08-08,Bengal Warriors,185,Vijin Thangadurai,,2
2,97,2015-08-08,Bengal Warriors,268,Vineet Sharma,,2
2,97,2015-08-08,Bengal Warriors,73,Nilesh Shinde,Defender,2
2,97,2015-08-08,Bengal Warriors,12,Jang Kun Lee,,1
2,97,2015-08-08,Bengal Warriors,13,Seong Ryeol Kim,All Rounder,0
2,97,2015-08-08,Bengal Warriors,164,Bajirao Hodage,,0
2,98,2015-08-08,Patna Pirates,142,Sandeep Narwal,,8
2,98,2015-08-08,Patna Pirates,162,D. Suresh Kumar,Defender,6
2,98,2015-08-08,Patna Pirates,92,Ravi Dalal,Raider,5
2,98,2015-08-08,Patna Pirates,211,Deepak Narwal,,3
2,98,2015-08-08,Patna Pirates,161,Girish Maruti Ernak,,2
2,98,2015-08-08,Patna Pirates,46,Gurvinder Singh,,1
2,98,2015-08-08,Patna Pirates,208,Varinder Singh,Defender,0
2,98,2015-08-08,Patna Pirates,260,Vijay Malik,Raider,0
2,98,2015-08-08,Bengaluru Bulls,69,Manjeet Chhillar,,8
2,98,2015-08-08,Bengaluru Bulls,42,Dharmaraj Cheralathan,,5
2,98,2015-08-08,Bengaluru Bulls,26,Ajay Thakur,,4
2,98,2015-08-08,Bengaluru Bulls,195,Ashish Chhokar,,2
2,98,2015-08-08,Bengaluru Bulls,204,Rakesh Narwal,,2
2,98,2015-08-08,Bengaluru Bulls,194,Joginder Singh Narwal,,1
2,98,2015-08-08,Bengaluru Bulls,85,Rajesh Mondal,,0
2,98,2015-08-08,Bengaluru Bulls,109,Somvir Shekhar,Defender,0
2,99,2015-08-09,U Mumba,29,Anup Kumar,,6
2,99,2015-08-09,U Mumba,34,Bhupender Singh,,6
2,99,2015-08-09,U Mumba,71,Mohit Chhillar,,4
2,99,2015-08-09,U Mumba,171,Pradeep Kumar,Raider,4
2,99,2015-08-09,U Mumba,54,Jeeva Kumar,,2
2,99,2015-08-09,U Mumba,123,Vishal Mane,,1
2,99,2015-08-09,U Mumba,146,Surender Nada,Defender,1
2,99,2015-08-09,Bengal Warriors,180,Kedar Lal,Defender,5
2,99,2015-08-09,Bengal Warriors,108,Shyam Kumar Sah,Defender,3
2,99,2015-08-09,Bengal Warriors,163,Mahendra Ganesh Rajput,,2
2,99,2015-08-09,Bengal Warriors,164,Bajirao Hodage,,1
2,99,2015-08-09,Bengal Warriors,73,Nilesh Shinde,Defender,1
2,99,2015-08-09,Bengal Warriors,185,Vijin Thangadurai,,1
2,99,2015-08-09,Bengal Warriors,12,Jang Kun Lee,,1
2,99,2015-08-09,Bengal Warriors,268,Vineet Sharma,,0
2,99,2015-08-09,Bengal Warriors,179,Vikas Kale,,0
2,99,2015-08-09,Bengal Warriors,184,Deepak Kumar,Defender,0
2,100,2015-08-09,Dabang Delhi,58,Kashiling Adake,,13
2,100,2015-08-09,Dabang Delhi,158,Rakesh Singh Kumar,Defender,6
2,100,2015-08-09,Dabang Delhi,217,Rohit Kumar Choudary,,6
2,100,2015-08-09,Dabang Delhi,38,Dadaso Balaso Awad,Raider,4
2,100,2015-08-09,Dabang Delhi,107,Shrikant Tewthia,,3
2,100,2015-08-09,Dabang Delhi,157,Ravinder Pahal,,3
2,100,2015-08-09,Dabang Delhi,222,G.S. Manikandan,Defender,2
2,100,2015-08-09,Dabang Delhi,264,Selvamani K,,1
2,100,2015-08-09,Dabang Delhi,262,Vir Singh Yadav,Defender,0
2,100,2015-08-09,Dabang Delhi,11,Dong Ju Hong,All Rounder,0
2,100,2015-08-09,Patna Pirates,211,Deepak Narwal,,7
2,100,2015-08-09,Patna Pirates,46,Gurvinder Singh,,5
2,100,2015-08-09,Patna Pirates,142,Sandeep Narwal,,4
2,100,2015-08-09,Patna Pirates,92,Ravi Dalal,Raider,2
2,100,2015-08-09,Patna Pirates,14,Tae Deok Eom,,2
2,100,2015-08-09,Patna Pirates,260,Vijay Malik,Raider,1
2,100,2015-08-09,Patna Pirates,208,Varinder Singh,Defender,1
2,100,2015-08-09,Patna Pirates,161,Girish Maruti Ernak,,1
2,100,2015-08-09,Patna Pirates,162,D. Suresh Kumar,Defender,0
2,101,2015-08-10,Dabang Delhi,58,Kashiling Adake,,9
2,101,2015-08-10,Dabang Delhi,38,Dadaso Balaso Awad,Raider,3
2,101,2015-08-10,Dabang Delhi,157,Ravinder Pahal,,2
2,101,2015-08-10,Dabang Delhi,158,Rakesh Singh Kumar,Defender,2
2,101,2015-08-10,Dabang Delhi,107,Shrikant Tewthia,,1
2,101,2015-08-10,Dabang Delhi,217,Rohit Kumar Choudary,,1
2,101,2015-08-10,Dabang Delhi,222,G.S. Manikandan,Defender,1
2,101,2015-08-10,Dabang Delhi,267,Amit Kumar Tomar,Defender,1
2,101,2015-08-10,Dabang Delhi,264,Selvamani K,,0
2,101,2015-08-10,Jaipur Pink Panthers,86,Rajesh Narwal,,19
2,101,2015-08-10,Jaipur Pink Panthers,52,Jasvir Singh,,9
2,101,2015-08-10,Jaipur Pink Panthers,160,Ran Singh,,4
2,101,2015-08-10,Jaipur Pink Panthers,252,Kuldeep Singh,,4
2,101,2015-08-10,Jaipur Pink Panthers,190,Sonu Narwal,Raider,2
2,101,2015-08-10,Jaipur Pink Panthers,96,Rohit Rana,,2
2,101,2015-08-10,Jaipur Pink Panthers,147,Prashant Chavan,All Rounder,0
2,102,2015-08-11,Jaipur Pink Panthers,86,Rajesh Narwal,,7
2,102,2015-08-11,Jaipur Pink Panthers,160,Ran Singh,,5
2,102,2015-08-11,Jaipur Pink Panthers,190,Sonu Narwal,Raider,5
2,102,2015-08-11,Jaipur Pink Panthers,252,Kuldeep Singh,,4
2,102,2015-08-11,Jaipur Pink Panthers,96,Rohit Rana,,2
2,102,2015-08-11,Jaipur Pink Panthers,147,Prashant Chavan,All Rounder,2
2,102,2015-08-11,Jaipur Pink Panthers,199,Kazuhiro Takano,Defender,1
2,102,2015-08-11,Jaipur Pink Panthers,200,Mohammad Maghshoudulu,Defender,1
2,102,2015-08-11,Jaipur Pink Panthers,159,Samarjeet Singh,Defender,0
2,102,2015-08-11,Jaipur Pink Panthers,191,C. Arun,,0
2,102,2015-08-11,Jaipur Pink Panthers,44,Gangadhari Mallesh,,0
2,102,2015-08-11,Puneri Paltan,67,Mahipal Narwal,Defender,4
2,102,2015-08-11,Puneri Paltan,124,Wazir Singh,,3
2,102,2015-08-11,Puneri Paltan,232,Sachin Vittala,,2
2,102,2015-08-11,Puneri Paltan,233,Manoj Dhull,,2
2,102,2015-08-11,Puneri Paltan,240,Ravi Kumar,,2
2,102,2015-08-11,Puneri Paltan,242,Tushar Patil,,1
2,102,2015-08-11,Puneri Paltan,235,Vijender Singh,Defender,1
2,102,2015-08-11,Puneri Paltan,70,Manoj Kumar,Defender,1
2,102,2015-08-11,Puneri Paltan,10,Simon Kibura,Raider,1
2,103,2015-08-11,Dabang Delhi,58,Kashiling Adake,,24
2,103,2015-08-11,Dabang Delhi,217,Rohit Kumar Choudary,,7
2,103,2015-08-11,Dabang Delhi,264,Selvamani K,,5
2,103,2015-08-11,Dabang Delhi,157,Ravinder Pahal,,4
2,103,2015-08-11,Dabang Delhi,107,Shrikant Tewthia,,1
2,103,2015-08-11,Dabang Delhi,222,G.S. Manikandan,Defender,0
2,103,2015-08-11,Dabang Delhi,158,Rakesh Singh Kumar,Defender,0
2,103,2015-08-11,Dabang Delhi,38,Dadaso Balaso Awad,Raider,0
2,103,2015-08-11,Telugu Titans,81,Rahul Chaudhari,,13
2,103,2015-08-11,Telugu Titans,41,Deepak Niwas Hooda,,11
2,103,2015-08-11,Telugu Titans,111,Sukesh Hegde,,6
2,103,2015-08-11,Telugu Titans,97,Rupesh Tomar,All Rounder,4
2,103,2015-08-11,Telugu Titans,251,Meraj Sheykh,,4
2,103,2015-08-11,Telugu Titans,248,Sandeep Kandola,Defender,3
2,103,2015-08-11,Telugu Titans,238,Isac Antony,Raider,1
2,103,2015-08-11,Telugu Titans,239,Jishnu,Defender,1
2,103,2015-08-11,Telugu Titans,84,Rajaguru Subramanian,,1
2,103,2015-08-11,Telugu Titans,155,Prashanth Kumar Rai,,0
2,103,2015-08-11,Telugu Titans,165,Sachin Shingade,,0
2,104,2015-08-12,Bengaluru Bulls,69,Manjeet Chhillar,,7
2,104,2015-08-12,Bengaluru Bulls,42,Dharmaraj Cheralathan,,6
2,104,2015-08-12,Bengaluru Bulls,109,Somvir Shekhar,Defender,5
2,104,2015-08-12,Bengaluru Bulls,204,Rakesh Narwal,,3
2,104,2015-08-12,Bengaluru Bulls,194,Joginder Singh Narwal,,2
2,104,2015-08-12,Bengaluru Bulls,26,Ajay Thakur,,2
2,104,2015-08-12,Bengaluru Bulls,195,Ashish Chhokar,,1
2,104,2015-08-12,Bengaluru Bulls,197,Pardeep Narwal,,0
2,104,2015-08-12,Bengaluru Bulls,85,Rajesh Mondal,,0
2,104,2015-08-12,U Mumba,54,Jeeva Kumar,,6
2,104,2015-08-12,U Mumba,71,Mohit Chhillar,,5
2,104,2015-08-12,U Mumba,146,Surender Nada,Defender,5
2,104,2015-08-12,U Mumba,94,Rishank Devadiga,,4
2,104,2015-08-12,U Mumba,34,Bhupender Singh,,4
2,104,2015-08-12,U Mumba,29,Anup Kumar,,3
2,104,2015-08-12,U Mumba,173,Suresu Kumar,Raider,2
2,104,2015-08-12,U Mumba,123,Vishal Mane,,2
2,105,2015-08-13,Bengal Warriors,141,Sunil Jaipal,Raider,8
2,105,2015-08-13,Bengal Warriors,108,Shyam Kumar Sah,Defender,5
2,105,2015-08-13,Bengal Warriors,163,Mahendra Ganesh Rajput,,3
2,105,2015-08-13,Bengal Warriors,73,Nilesh Shinde,Defender,3
2,105,2015-08-13,Bengal Warriors,185,Vijin Thangadurai,,2
2,105,2015-08-13,Bengal Warriors,12,Jang Kun Lee,,2
2,105,2015-08-13,Bengal Warriors,178,Parveen M. Jangra,Defender,1
2,105,2015-08-13,Bengal Warriors,180,Kedar Lal,Defender,0
2,105,2015-08-13,Bengal Warriors,182,Dinesh Kumar,Defender,0
2,105,2015-08-13,Bengal Warriors,268,Vineet Sharma,,0
2,105,2015-08-13,Puneri Paltan,240,Ravi Kumar,,5
2,105,2015-08-13,Puneri Paltan,245,Yogesh Hooda,,4
2,105,2015-08-13,Puneri Paltan,246,Harvinder Singh,Defender,4
2,105,2015-08-13,Puneri Paltan,124,Wazir Singh,,4
2,105,2015-08-13,Puneri Paltan,70,Manoj Kumar,Defender,3
2,105,2015-08-13,Puneri Paltan,55,Jitesh Joshi,Defender,2
2,105,2015-08-13,Puneri Paltan,242,Tushar Patil,,1
2,105,2015-08-13,Puneri Paltan,232,Sachin Vittala,,0
2,105,2015-08-13,Puneri Paltan,233,Manoj Dhull,,0
2,105,2015-08-13,Puneri Paltan,67,Mahipal Narwal,Defender,0
2,106,2015-08-13,Bengaluru Bulls,26,Ajay Thakur,,8
2,106,2015-08-13,Bengaluru Bulls,69,Manjeet Chhillar,,6
2,106,2015-08-13,Bengaluru Bulls,194,Joginder Singh Narwal,,2
2,106,2015-08-13,Bengaluru Bulls,42,Dharmaraj Cheralathan,,2
2,106,2015-08-13,Bengaluru Bulls,204,Rakesh Narwal,,1
2,106,2015-08-13,Bengaluru Bulls,202,Ashish Kumar,,0
2,106,2015-08-13,Bengaluru Bulls,167,Preetam Chhillar,All Rounder,0
2,106,2015-08-13,Bengaluru Bulls,85,Rajesh Mondal,,0
2,106,2015-08-13,Bengaluru Bulls,45,Gurpreet Singh,Defender,0
2,106,2015-08-13,Bengaluru Bulls,109,Somvir Shekhar,Defender,0
2,106,2015-08-13,Jaipur Pink Panthers,190,Sonu Narwal,Raider,8
2,106,2015-08-13,Jaipur Pink Panthers,252,Kuldeep Singh,,4
2,106,2015-08-13,Jaipur Pink Panthers,52,Jasvir Singh,,4
2,106,2015-08-13,Jaipur Pink Panthers,160,Ran Singh,,3
2,106,2015-08-13,Jaipur Pink Panthers,191,C. Arun,,3
2,106,2015-08-13,Jaipur Pink Panthers,147,Prashant Chavan,All Rounder,1
2,106,2015-08-13,Jaipur Pink Panthers,86,Rajesh Narwal,,1
2,106,2015-08-13,Jaipur Pink Panthers,44,Gangadhari Mallesh,,0
2,107,2015-08-14,Bengal Warriors,141,Sunil Jaipal,Raider,8
2,107,2015-08-14,Bengal Warriors,12,Jang Kun Lee,,6
2,107,2015-08-14,Bengal Warriors,163,Mahendra Ganesh Rajput,,4
2,107,2015-08-14,Bengal Warriors,180,Kedar Lal,Defender,3
2,107,2015-08-14,Bengal Warriors,185,Vijin Thangadurai,,3
2,107,2015-08-14,Bengal Warriors,108,Shyam Kumar Sah,Defender,3
2,107,2015-08-14,Bengal Warriors,181,Deepak Dhull,Defender,1
2,107,2015-08-14,Bengal Warriors,179,Vikas Kale,,1
2,107,2015-08-14,Bengal Warriors,268,Vineet Sharma,,0
2,107,2015-08-14,Bengal Warriors,13,Seong Ryeol Kim,All Rounder,0
2,107,2015-08-14,Patna Pirates,46,Gurvinder Singh,,11
2,107,2015-08-14,Patna Pirates,92,Ravi Dalal,Raider,7
2,107,2015-08-14,Patna Pirates,142,Sandeep Narwal,,3
2,107,2015-08-14,Patna Pirates,161,Girish Maruti Ernak,,3
2,107,2015-08-14,Patna Pirates,162,D. Suresh Kumar,Defender,3
2,107,2015-08-14,Patna Pirates,211,Deepak Narwal,,2
2,107,2015-08-14,Patna Pirates,212,Amit Hooda,,2
2,107,2015-08-14,Patna Pirates,207,Sunil,,0
2,107,2015-08-14,Patna Pirates,14,Tae Deok Eom,,0
2,108,2015-08-14,Bengaluru Bulls,42,Dharmaraj Cheralathan,,8
2,108,2015-08-14,Bengaluru Bulls,26,Ajay Thakur,,7
2,108,2015-08-14,Bengaluru Bulls,85,Rajesh Mondal,,6
2,108,2015-08-14,Bengaluru Bulls,109,Somvir Shekhar,Defender,6
2,108,2015-08-14,Bengaluru Bulls,167,Preetam Chhillar,All Rounder,2
2,108,2015-08-14,Bengaluru Bulls,194,Joginder Singh Narwal,,2
2,108,2015-08-14,Bengaluru Bulls,69,Manjeet Chhillar,,2
2,108,2015-08-14,Bengaluru Bulls,21,Sinotharan Kanesharajah,Raider,1
2,108,2015-08-14,Dabang Delhi,58,Kashiling Adake,,6
2,108,2015-08-14,Dabang Delhi,157,Ravinder Pahal,,4
2,108,2015-08-14,Dabang Delhi,264,Selvamani K,,4
2,108,2015-08-14,Dabang Delhi,158,Rakesh Singh Kumar,Defender,2
2,108,2015-08-14,Dabang Delhi,217,Rohit Kumar Choudary,,2
2,108,2015-08-14,Dabang Delhi,107,Shrikant Tewthia,,2
2,108,2015-08-14,Dabang Delhi,222,G.S. Manikandan,Defender,1
2,108,2015-08-14,Dabang Delhi,267,Amit Kumar Tomar,Defender,0
2,108,2015-08-14,Dabang Delhi,38,Dadaso Balaso Awad,Raider,0
2,108,2015-08-14,Dabang Delhi,11,Dong Ju Hong,All Rounder,0
2,109,2015-08-15,Patna Pirates,161,Girish Maruti Ernak,,5
2,109,2015-08-15,Patna Pirates,46,Gurvinder Singh,,4
2,109,2015-08-15,Patna Pirates,162,D. Suresh Kumar,Defender,3
2,109,2015-08-15,Patna Pirates,211,Deepak Narwal,,3
2,109,2015-08-15,Patna Pirates,212,Amit Hooda,,3
2,109,2015-08-15,Patna Pirates,260,Vijay Malik,Raider,3
2,109,2015-08-15,Patna Pirates,142,Sandeep Narwal,,2
2,109,2015-08-15,Patna Pirates,14,Tae Deok Eom,,1
2,109,2015-08-15,U Mumba,29,Anup Kumar,,6
2,109,2015-08-15,U Mumba,94,Rishank Devadiga,,6
2,109,2015-08-15,U Mumba,146,Surender Nada,Defender,6
2,109,2015-08-15,U Mumba,71,Mohit Chhillar,,5
2,109,2015-08-15,U Mumba,105,Shabeer Bappu,,3
2,109,2015-08-15,U Mumba,123,Vishal Mane,,1
2,109,2015-08-15,U Mumba,34,Bhupender Singh,,0
2,109,2015-08-15,U Mumba,54,Jeeva Kumar,,0
2,109,2015-08-15,U Mumba,171,Pradeep Kumar,Raider,0
2,109,2015-08-15,U Mumba,219,K. Prapanjan,,0
2,110,2015-08-15,Bengaluru Bulls,69,Manjeet Chhillar,,9
2,110,2015-08-15,Bengaluru Bulls,42,Dharmaraj Cheralathan,,7
2,110,2015-08-15,Bengaluru Bulls,26,Ajay Thakur,,6
2,110,2015-08-15,Bengaluru Bulls,85,Rajesh Mondal,,5
2,110,2015-08-15,Bengaluru Bulls,109,Somvir Shekhar,Defender,2
2,110,2015-08-15,Bengaluru Bulls,194,Joginder Singh Narwal,,2
2,110,2015-08-15,Bengaluru Bulls,204,Rakesh Narwal,,1
2,110,2015-08-15,Bengaluru Bulls,167,Preetam Chhillar,All Rounder,1
2,110,2015-08-15,Telugu Titans,155,Prashanth Kumar Rai,,10
2,110,2015-08-15,Telugu Titans,248,Sandeep Kandola,Defender,8
2,110,2015-08-15,Telugu Titans,238,Isac Antony,Raider,3
2,110,2015-08-15,Telugu Titans,261,Rohit Baliyan,,3
2,110,2015-08-15,Telugu Titans,152,D. Gopu,,1
2,110,2015-08-15,Telugu Titans,36,Chandran Ranjit,,1
2,110,2015-08-15,Telugu Titans,41,Deepak Niwas Hooda,,0
2,110,2015-08-15,Telugu Titans,165,Sachin Shingade,,0
2,110,2015-08-15,Telugu Titans,84,Rajaguru Subramanian,,0
2,110,2015-08-15,Telugu Titans,236,T. Prasad,All Rounder,0
2,110,2015-08-15,Telugu Titans,250,Hyunil Park, ,0
2,110,2015-08-15,Telugu Titans,251,Meraj Sheykh,,0
2,111,2015-08-16,Puneri Paltan,55,Jitesh Joshi,Defender,10
2,111,2015-08-16,Puneri Paltan,243,Sanjay Kumar,Defender,7
2,111,2015-08-16,Puneri Paltan,240,Ravi Kumar,,4
2,111,2015-08-16,Puneri Paltan,124,Wazir Singh,,3
2,111,2015-08-16,Puneri Paltan,233,Manoj Dhull,,3
2,111,2015-08-16,Puneri Paltan,56,Kalimuthu Balamahendran,Defender,2
2,111,2015-08-16,Puneri Paltan,70,Manoj Kumar,Defender,0
2,111,2015-08-16,Puneri Paltan,242,Tushar Patil,,0
2,111,2015-08-16,Dabang Delhi,58,Kashiling Adake,,9
2,111,2015-08-16,Dabang Delhi,107,Shrikant Tewthia,,6
2,111,2015-08-16,Dabang Delhi,157,Ravinder Pahal,,4
2,111,2015-08-16,Dabang Delhi,158,Rakesh Singh Kumar,Defender,2
2,111,2015-08-16,Dabang Delhi,217,Rohit Kumar Choudary,,2
2,111,2015-08-16,Dabang Delhi,38,Dadaso Balaso Awad,Raider,2
2,111,2015-08-16,Dabang Delhi,222,G.S. Manikandan,Defender,0
2,111,2015-08-16,Dabang Delhi,264,Selvamani K,,0
2,111,2015-08-16,Dabang Delhi,267,Amit Kumar Tomar,Defender,0
2,112,2015-08-16,Jaipur Pink Panthers,86,Rajesh Narwal,,10
2,112,2015-08-16,Jaipur Pink Panthers,52,Jasvir Singh,,7
2,112,2015-08-16,Jaipur Pink Panthers,252,Kuldeep Singh,,5
2,112,2015-08-16,Jaipur Pink Panthers,190,Sonu Narwal,Raider,3
2,112,2015-08-16,Jaipur Pink Panthers,191,C. Arun,,2
2,112,2015-08-16,Jaipur Pink Panthers,160,Ran Singh,,2
2,112,2015-08-16,Jaipur Pink Panthers,147,Prashant Chavan,All Rounder,0
2,112,2015-08-16,Jaipur Pink Panthers,44,Gangadhari Mallesh,,0
2,112,2015-08-16,Bengal Warriors,141,Sunil Jaipal,Raider,12
2,112,2015-08-16,Bengal Warriors,163,Mahendra Ganesh Rajput,,11
2,112,2015-08-16,Bengal Warriors,181,Deepak Dhull,Defender,6
2,112,2015-08-16,Bengal Warriors,179,Vikas Kale,,5
2,112,2015-08-16,Bengal Warriors,185,Vijin Thangadurai,,1
2,112,2015-08-16,Bengal Warriors,184,Deepak Kumar,Defender,0
2,112,2015-08-16,Bengal Warriors,180,Kedar Lal,Defender,0
2,112,2015-08-16,Bengal Warriors,108,Shyam Kumar Sah,Defender,0
2,112,2015-08-16,Bengal Warriors,12,Jang Kun Lee,,0
2,113,2015-08-17,Puneri Paltan,231,Amit Om Prakash Rathi,Raider,6
2,113,2015-08-17,Puneri Paltan,242,Tushar Patil,,6
2,113,2015-08-17,Puneri Paltan,233,Manoj Dhull,,4
2,113,2015-08-17,Puneri Paltan,240,Ravi Kumar,,4
2,113,2015-08-17,Puneri Paltan,70,Manoj Kumar,Defender,3
2,113,2015-08-17,Puneri Paltan,243,Sanjay Kumar,Defender,2
2,113,2015-08-17,Puneri Paltan,55,Jitesh Joshi,Defender,2
2,113,2015-08-17,Puneri Paltan,56,Kalimuthu Balamahendran,Defender,1
2,113,2015-08-17,Puneri Paltan,244,Ravi V.,Raider,1
2,113,2015-08-17,Puneri Paltan,10,Simon Kibura,Raider,0
2,113,2015-08-17,U Mumba,171,Pradeep Kumar,Raider,10
2,113,2015-08-17,U Mumba,156,Pawan Kumar Kadian,,7
2,113,2015-08-17,U Mumba,259,Fazel Atrachali,,7
2,113,2015-08-17,U Mumba,34,Bhupender Singh,,5
2,113,2015-08-17,U Mumba,219,K. Prapanjan,,2
2,113,2015-08-17,U Mumba,221,Anoop E.V.,Raider,2
2,113,2015-08-17,U Mumba,53,Jeeva Gopal,Defender,1
2,113,2015-08-17,U Mumba,229,Vinod Atyalkar,Defender,0
2,113,2015-08-17,U Mumba,230,Onkar Jadhav,Defender,0
2,113,2015-08-17,U Mumba,8,Masayuki Shimokawa,Raider,0
2,114,2015-08-18,U Mumba,171,Pradeep Kumar,Raider,12
2,114,2015-08-18,U Mumba,34,Bhupender Singh,,6
2,114,2015-08-18,U Mumba,259,Fazel Atrachali,,3
2,114,2015-08-18,U Mumba,219,K. Prapanjan,,2
2,114,2015-08-18,U Mumba,156,Pawan Kumar Kadian,,2
2,114,2015-08-18,U Mumba,221,Anoop E.V.,Raider,0
2,114,2015-08-18,U Mumba,228,Gopalappa Thimarayappa,Defender,0
2,114,2015-08-18,U Mumba,229,Vinod Atyalkar,Defender,0
2,114,2015-08-18,U Mumba,53,Jeeva Gopal,Defender,0
2,114,2015-08-18,U Mumba,8,Masayuki Shimokawa,Raider,0
2,114,2015-08-18,Telugu Titans,238,Isac Antony,Raider,9
2,114,2015-08-18,Telugu Titans,155,Prashanth Kumar Rai,,9
2,114,2015-08-18,Telugu Titans,261,Rohit Baliyan,,7
2,114,2015-08-18,Telugu Titans,248,Sandeep Kandola,Defender,6
2,114,2015-08-18,Telugu Titans,250,Hyunil Park, ,3
2,114,2015-08-18,Telugu Titans,241,Ravit Kumar,All Rounder,2
2,114,2015-08-18,Telugu Titans,97,Rupesh Tomar,All Rounder,2
2,114,2015-08-18,Telugu Titans,236,T. Prasad,All Rounder,1
2,114,2015-08-18,Telugu Titans,239,Jishnu,Defender,0
2,114,2015-08-18,Telugu Titans,165,Sachin Shingade,,0
2,115,2015-08-18,Puneri Paltan,240,Ravi Kumar,,8
2,115,2015-08-18,Puneri Paltan,243,Sanjay Kumar,Defender,4
2,115,2015-08-18,Puneri Paltan,124,Wazir Singh,,3
2,115,2015-08-18,Puneri Paltan,233,Manoj Dhull,,2
2,115,2015-08-18,Puneri Paltan,231,Amit Om Prakash Rathi,Raider,1
2,115,2015-08-18,Puneri Paltan,232,Sachin Vittala,,1
2,115,2015-08-18,Puneri Paltan,56,Kalimuthu Balamahendran,Defender,0
2,115,2015-08-18,Puneri Paltan,67,Mahipal Narwal,Defender,0
2,115,2015-08-18,Puneri Paltan,70,Manoj Kumar,Defender,0
2,115,2015-08-18,Patna Pirates,142,Sandeep Narwal,,7
2,115,2015-08-18,Patna Pirates,162,D. Suresh Kumar,Defender,6
2,115,2015-08-18,Patna Pirates,14,Tae Deok Eom,,5
2,115,2015-08-18,Patna Pirates,46,Gurvinder Singh,,4
2,115,2015-08-18,Patna Pirates,161,Girish Maruti Ernak,,3
2,115,2015-08-18,Patna Pirates,212,Amit Hooda,,2
2,115,2015-08-18,Patna Pirates,260,Vijay Malik,Raider,0
2,115,2015-08-18,Patna Pirates,211,Deepak Narwal,,0
2,116,2015-08-19,Patna Pirates,142,Sandeep Narwal,,6
2,116,2015-08-19,Patna Pirates,14,Tae Deok Eom,,5
2,116,2015-08-19,Patna Pirates,46,Gurvinder Singh,,4
2,116,2015-08-19,Patna Pirates,211,Deepak Narwal,,3
2,116,2015-08-19,Patna Pirates,212,Amit Hooda,,3
2,116,2015-08-19,Patna Pirates,161,Girish Maruti Ernak,,1
2,116,2015-08-19,Patna Pirates,162,D. Suresh Kumar,Defender,1
2,116,2015-08-19,Patna Pirates,270,Jasmer Singh,All Rounder,0
2,116,2015-08-19,Jaipur Pink Panthers,160,Ran Singh,,8
2,116,2015-08-19,Jaipur Pink Panthers,86,Rajesh Narwal,,4
2,116,2015-08-19,Jaipur Pink Panthers,190,Sonu Narwal,Raider,4
2,116,2015-08-19,Jaipur Pink Panthers,252,Kuldeep Singh,,3
2,116,2015-08-19,Jaipur Pink Panthers,52,Jasvir Singh,,3
2,116,2015-08-19,Jaipur Pink Panthers,191,C. Arun,,2
2,116,2015-08-19,Jaipur Pink Panthers,200,Mohammad Maghshoudulu,Defender,0
2,116,2015-08-19,Jaipur Pink Panthers,147,Prashant Chavan,All Rounder,0
2,116,2015-08-19,Jaipur Pink Panthers,44,Gangadhari Mallesh,,0
2,117,2015-08-19,Puneri Paltan,232,Sachin Vittala,,8
2,117,2015-08-19,Puneri Paltan,244,Ravi V.,Raider,7
2,117,2015-08-19,Puneri Paltan,56,Kalimuthu Balamahendran,Defender,6
2,117,2015-08-19,Puneri Paltan,240,Ravi Kumar,,4
2,117,2015-08-19,Puneri Paltan,246,Harvinder Singh,Defender,1
2,117,2015-08-19,Puneri Paltan,70,Manoj Kumar,Defender,1
2,117,2015-08-19,Puneri Paltan,76,Nitin More,Defender,1
2,117,2015-08-19,Puneri Paltan,10,Simon Kibura,Raider,0
2,117,2015-08-19,Puneri Paltan,169,Sagar Khatale,Defender,0
2,117,2015-08-19,Puneri Paltan,233,Manoj Dhull,,0
2,117,2015-08-19,Bengaluru Bulls,204,Rakesh Narwal,,5
2,117,2015-08-19,Bengaluru Bulls,174,Deepak Kumar Dahiya,,5
2,117,2015-08-19,Bengaluru Bulls,197,Pardeep Narwal,,4
2,117,2015-08-19,Bengaluru Bulls,202,Ashish Kumar,,4
2,117,2015-08-19,Bengaluru Bulls,69,Manjeet Chhillar,,4
2,117,2015-08-19,Bengaluru Bulls,205,Sandeep Malik,Defender,2
2,117,2015-08-19,Bengaluru Bulls,201,Adinath Sakharam Gavali,Defender,1
2,117,2015-08-19,Bengaluru Bulls,150,Parmod Narwal,All Rounder,0
2,117,2015-08-19,Bengaluru Bulls,172,Vinoth Kumar,,0
2,118,2015-08-21,Telugu Titans,248,Sandeep Kandola,Defender,10
2,118,2015-08-21,Telugu Titans,81,Rahul Chaudhari,,9
2,118,2015-08-21,Telugu Titans,41,Deepak Niwas Hooda,,6
2,118,2015-08-21,Telugu Titans,155,Prashanth Kumar Rai,,4
2,118,2015-08-21,Telugu Titans,261,Rohit Baliyan,,2
2,118,2015-08-21,Telugu Titans,84,Rajaguru Subramanian,,2
2,118,2015-08-21,Telugu Titans,97,Rupesh Tomar,All Rounder,2
2,118,2015-08-21,Telugu Titans,251,Meraj Sheykh,,1
2,118,2015-08-21,Telugu Titans,249,Hadi Oshtorak,,0
2,118,2015-08-21,Telugu Titans,238,Isac Antony,Raider,0
2,118,2015-08-21,Telugu Titans,111,Sukesh Hegde,,0
2,118,2015-08-21,Bengaluru Bulls,42,Dharmaraj Cheralathan,,9
2,118,2015-08-21,Bengaluru Bulls,69,Manjeet Chhillar,,8
2,118,2015-08-21,Bengaluru Bulls,26,Ajay Thakur,,8
2,118,2015-08-21,Bengaluru Bulls,109,Somvir Shekhar,Defender,5
2,118,2015-08-21,Bengaluru Bulls,85,Rajesh Mondal,,2
2,118,2015-08-21,Bengaluru Bulls,167,Preetam Chhillar,All Rounder,1
2,118,2015-08-21,Bengaluru Bulls,194,Joginder Singh Narwal,,0
2,119,2015-08-21,U Mumba,146,Surender Nada,Defender,10
2,119,2015-08-21,U Mumba,105,Shabeer Bappu,,5
2,119,2015-08-21,U Mumba,29,Anup Kumar,,4
2,119,2015-08-21,U Mumba,54,Jeeva Kumar,,4
2,119,2015-08-21,U Mumba,94,Rishank Devadiga,,4
2,119,2015-08-21,U Mumba,71,Mohit Chhillar,,2
2,119,2015-08-21,U Mumba,123,Vishal Mane,,2
2,119,2015-08-21,U Mumba,171,Pradeep Kumar,Raider,0
2,119,2015-08-21,U Mumba,259,Fazel Atrachali,,0
2,119,2015-08-21,U Mumba,156,Pawan Kumar Kadian,,0
2,119,2015-08-21,Patna Pirates,212,Amit Hooda,,5
2,119,2015-08-21,Patna Pirates,211,Deepak Narwal,,4
2,119,2015-08-21,Patna Pirates,161,Girish Maruti Ernak,,3
2,119,2015-08-21,Patna Pirates,46,Gurvinder Singh,,3
2,119,2015-08-21,Patna Pirates,142,Sandeep Narwal,,2
2,119,2015-08-21,Patna Pirates,260,Vijay Malik,Raider,0
2,119,2015-08-21,Patna Pirates,270,Jasmer Singh,All Rounder,0
2,119,2015-08-21,Patna Pirates,162,D. Suresh Kumar,Defender,0
2,119,2015-08-21,Patna Pirates,14,Tae Deok Eom,,0
2,120,2015-08-23,Patna Pirates,142,Sandeep Narwal,,11
2,120,2015-08-23,Patna Pirates,207,Sunil,,6
2,120,2015-08-23,Patna Pirates,46,Gurvinder Singh,,3
2,120,2015-08-23,Patna Pirates,211,Deepak Narwal,,3
2,120,2015-08-23,Patna Pirates,260,Vijay Malik,Raider,1
2,120,2015-08-23,Patna Pirates,162,D. Suresh Kumar,Defender,1
2,120,2015-08-23,Patna Pirates,269,Arvind Baliyan,Defender,0
2,120,2015-08-23,Patna Pirates,212,Amit Hooda,,0
2,120,2015-08-23,Patna Pirates,208,Varinder Singh,Defender,0
2,120,2015-08-23,Telugu Titans,81,Rahul Chaudhari,,11
2,120,2015-08-23,Telugu Titans,155,Prashanth Kumar Rai,,6
2,120,2015-08-23,Telugu Titans,41,Deepak Niwas Hooda,,5
2,120,2015-08-23,Telugu Titans,248,Sandeep Kandola,Defender,2
2,120,2015-08-23,Telugu Titans,97,Rupesh Tomar,All Rounder,1
2,120,2015-08-23,Telugu Titans,238,Isac Antony,Raider,1
2,120,2015-08-23,Telugu Titans,241,Ravit Kumar,All Rounder,0
2,120,2015-08-23,Telugu Titans,251,Meraj Sheykh,,0
2,121,2015-08-23,U Mumba,105,Shabeer Bappu,,10
2,121,2015-08-23,U Mumba,29,Anup Kumar,,7
2,121,2015-08-23,U Mumba,123,Vishal Mane,,5
2,121,2015-08-23,U Mumba,94,Rishank Devadiga,,5
2,121,2015-08-23,U Mumba,146,Surender Nada,Defender,2
2,121,2015-08-23,U Mumba,71,Mohit Chhillar,,1
2,121,2015-08-23,U Mumba,54,Jeeva Kumar,,1
2,121,2015-08-23,Bengaluru Bulls,69,Manjeet Chhillar,,11
2,121,2015-08-23,Bengaluru Bulls,42,Dharmaraj Cheralathan,,4
2,121,2015-08-23,Bengaluru Bulls,194,Joginder Singh Narwal,,3
2,121,2015-08-23,Bengaluru Bulls,26,Ajay Thakur,,3
2,121,2015-08-23,Bengaluru Bulls,204,Rakesh Narwal,,2
2,121,2015-08-23,Bengaluru Bulls,109,Somvir Shekhar,Defender,2
2,121,2015-08-23,Bengaluru Bulls,167,Preetam Chhillar,All Rounder,1
2,121,2015-08-23,Bengaluru Bulls,174,Deepak Kumar Dahiya,,1
2,121,2015-08-23,Bengaluru Bulls,85,Rajesh Mondal,,1
3,122,2016-01-30,Telugu Titans,111,Sukesh Hegde,,9
3,122,2016-01-30,Telugu Titans,81,Rahul Chaudhari,,6
3,122,2016-01-30,Telugu Titans,42,Dharmaraj Cheralathan,,4
3,122,2016-01-30,Telugu Titans,251,Meraj Sheykh,,2
3,122,2016-01-30,Telugu Titans,152,D. Gopu,,1
3,122,2016-01-30,Telugu Titans,155,Prashanth Kumar Rai,,0
3,122,2016-01-30,Telugu Titans,238,Isac Antony,Raider,0
3,122,2016-01-30,Telugu Titans,56,Kalimuthu Balamahendran,Defender,0
3,122,2016-01-30,Telugu Titans,70,Manoj Kumar,Defender,0
3,122,2016-01-30,Telugu Titans,261,Rohit Baliyan,,0
3,122,2016-01-30,Telugu Titans,288,Rahul Kumar,Defender,0
3,122,2016-01-30,U Mumba,94,Rishank Devadiga,,8
3,122,2016-01-30,U Mumba,29,Anup Kumar,,6
3,122,2016-01-30,U Mumba,54,Jeeva Kumar,,2
3,122,2016-01-30,U Mumba,71,Mohit Chhillar,,2
3,122,2016-01-30,U Mumba,88,Rakesh Kumar,Raider,2
3,122,2016-01-30,U Mumba,219,K. Prapanjan,,1
3,122,2016-01-30,U Mumba,123,Vishal Mane,,1
3,122,2016-01-30,U Mumba,146,Surender Nada,Defender,0
3,122,2016-01-30,U Mumba,221,Anoop E.V.,Raider,0
3,122,2016-01-30,U Mumba,171,Pradeep Kumar,Raider,0
3,122,2016-01-30,U Mumba,105,Shabeer Bappu,,0
3,123,2016-01-30,Dabang Delhi,119,Surjeet Singh,,10
3,123,2016-01-30,Dabang Delhi,58,Kashiling Adake,,8
3,123,2016-01-30,Dabang Delhi,157,Ravinder Pahal,,2
3,123,2016-01-30,Dabang Delhi,84,Rajaguru Subramanian,,2
3,123,2016-01-30,Dabang Delhi,79,Pravin Niwale,Raider,1
3,123,2016-01-30,Dabang Delhi,28,Amit Singh Chhillar,Defender,1
3,123,2016-01-30,Dabang Delhi,124,Wazir Singh,,0
3,123,2016-01-30,Dabang Delhi,158,Rakesh Singh Kumar,Defender,0
3,123,2016-01-30,Bengaluru Bulls,231,Amit Om Prakash Rathi,Raider,7
3,123,2016-01-30,Bengaluru Bulls,174,Deepak Kumar Dahiya,,5
3,123,2016-01-30,Bengaluru Bulls,107,Shrikant Tewthia,,5
3,123,2016-01-30,Bengaluru Bulls,118,Surjeet Narwal,Raider,5
3,123,2016-01-30,Bengaluru Bulls,275,Deepak Kumar Rathee,Defender,3
3,123,2016-01-30,Bengaluru Bulls,318,Pawan Kumar Sehrawat,,2
3,123,2016-01-30,Bengaluru Bulls,314,Somvir,Defender,1
3,123,2016-01-30,Bengaluru Bulls,202,Ashish Kumar,,1
3,124,2016-01-31,Jaipur Pink Panthers,96,Rohit Rana,,9
3,124,2016-01-31,Jaipur Pink Panthers,52,Jasvir Singh,,6
3,124,2016-01-31,Jaipur Pink Panthers,190,Sonu Narwal,Raider,4
3,124,2016-01-31,Jaipur Pink Panthers,252,Kuldeep Singh,,2
3,124,2016-01-31,Jaipur Pink Panthers,72,Navneet Gautam,Defender,1
3,124,2016-01-31,Jaipur Pink Panthers,86,Rajesh Narwal,,0
3,124,2016-01-31,Jaipur Pink Panthers,283,Jagdeesha K.K.,All Rounder,0
3,124,2016-01-31,Jaipur Pink Panthers,160,Ran Singh,,0
3,124,2016-01-31,U Mumba,71,Mohit Chhillar,,4
3,124,2016-01-31,U Mumba,29,Anup Kumar,,3
3,124,2016-01-31,U Mumba,146,Surender Nada,Defender,3
3,124,2016-01-31,U Mumba,88,Rakesh Kumar,Raider,2
3,124,2016-01-31,U Mumba,94,Rishank Devadiga,,2
3,124,2016-01-31,U Mumba,105,Shabeer Bappu,,2
3,124,2016-01-31,U Mumba,123,Vishal Mane,,2
3,124,2016-01-31,U Mumba,54,Jeeva Kumar,,0
3,125,2016-01-31,Telugu Titans,70,Manoj Kumar,Defender,5
3,125,2016-01-31,Telugu Titans,251,Meraj Sheykh,,5
3,125,2016-01-31,Telugu Titans,42,Dharmaraj Cheralathan,,4
3,125,2016-01-31,Telugu Titans,81,Rahul Chaudhari,,3
3,125,2016-01-31,Telugu Titans,111,Sukesh Hegde,,2
3,125,2016-01-31,Telugu Titans,261,Rohit Baliyan,,2
3,125,2016-01-31,Telugu Titans,155,Prashanth Kumar Rai,,1
3,125,2016-01-31,Telugu Titans,179,Vikas Kale,,1
3,125,2016-01-31,Puneri Paltan,69,Manjeet Chhillar,,7
3,125,2016-01-31,Puneri Paltan,26,Ajay Thakur,,6
3,125,2016-01-31,Puneri Paltan,41,Deepak Niwas Hooda,,3
3,125,2016-01-31,Puneri Paltan,322,Surjeet Singh,,2
3,125,2016-01-31,Puneri Paltan,51,Jasmer Singh Gulia,,2
3,125,2016-01-31,Puneri Paltan,242,Tushar Patil,,1
3,125,2016-01-31,Puneri Paltan,245,Yogesh Hooda,,1
3,125,2016-01-31,Puneri Paltan,147,Prashant Chavan,All Rounder,0
3,126,2016-02-01,Patna Pirates,197,Pardeep Narwal,,11
3,126,2016-02-01,Patna Pirates,207,Sunil,,5
3,126,2016-02-01,Patna Pirates,142,Sandeep Narwal,,5
3,126,2016-02-01,Patna Pirates,326,Rohit Kumar,,4
3,126,2016-02-01,Patna Pirates,162,D. Suresh Kumar,Defender,2
3,126,2016-02-01,Patna Pirates,215,Vinod Kumar,,0
3,126,2016-02-01,Patna Pirates,249,Hadi Oshtorak,,0
3,126,2016-02-01,Patna Pirates,309,Manpreet Singh,Raider,0
3,126,2016-02-01,Patna Pirates,14,Tae Deok Eom,,0
3,126,2016-02-01,Jaipur Pink Panthers,52,Jasvir Singh,,11
3,126,2016-02-01,Jaipur Pink Panthers,252,Kuldeep Singh,,4
3,126,2016-02-01,Jaipur Pink Panthers,86,Rajesh Narwal,,4
3,126,2016-02-01,Jaipur Pink Panthers,160,Ran Singh,,2
3,126,2016-02-01,Jaipur Pink Panthers,191,C. Arun,,2
3,126,2016-02-01,Jaipur Pink Panthers,96,Rohit Rana,,1
3,126,2016-02-01,Jaipur Pink Panthers,283,Jagdeesha K.K.,All Rounder,0
3,126,2016-02-01,Jaipur Pink Panthers,190,Sonu Narwal,Raider,0
3,126,2016-02-01,Jaipur Pink Panthers,72,Navneet Gautam,Defender,0
3,127,2016-02-01,Telugu Titans,81,Rahul Chaudhari,,11
3,127,2016-02-01,Telugu Titans,261,Rohit Baliyan,,11
3,127,2016-02-01,Telugu Titans,42,Dharmaraj Cheralathan,,5
3,127,2016-02-01,Telugu Titans,111,Sukesh Hegde,,4
3,127,2016-02-01,Telugu Titans,179,Vikas Kale,,3
3,127,2016-02-01,Telugu Titans,70,Manoj Kumar,Defender,2
3,127,2016-02-01,Telugu Titans,155,Prashanth Kumar Rai,,1
3,127,2016-02-01,Telugu Titans,288,Rahul Kumar,Defender,1
3,127,2016-02-01,Telugu Titans,251,Meraj Sheykh,,1
3,127,2016-02-01,Dabang Delhi,58,Kashiling Adake,,12
3,127,2016-02-01,Dabang Delhi,119,Surjeet Singh,,10
3,127,2016-02-01,Dabang Delhi,157,Ravinder Pahal,,3
3,127,2016-02-01,Dabang Delhi,217,Rohit Kumar Choudary,,3
3,127,2016-02-01,Dabang Delhi,84,Rajaguru Subramanian,,1
3,127,2016-02-01,Dabang Delhi,28,Amit Singh Chhillar,Defender,1
3,127,2016-02-01,Dabang Delhi,311,Anil Kumar,,1
3,127,2016-02-01,Dabang Delhi,79,Pravin Niwale,Raider,0
3,127,2016-02-01,Dabang Delhi,158,Rakesh Singh Kumar,Defender,0
3,128,2016-02-02,Telugu Titans,261,Rohit Baliyan,,4
3,128,2016-02-02,Telugu Titans,81,Rahul Chaudhari,,4
3,128,2016-02-02,Telugu Titans,251,Meraj Sheykh,,3
3,128,2016-02-02,Telugu Titans,288,Rahul Kumar,Defender,2
3,128,2016-02-02,Telugu Titans,179,Vikas Kale,,1
3,128,2016-02-02,Telugu Titans,111,Sukesh Hegde,,1
3,128,2016-02-02,Telugu Titans,155,Prashanth Kumar Rai,,1
3,128,2016-02-02,Telugu Titans,42,Dharmaraj Cheralathan,,0
3,128,2016-02-02,Bengal Warriors,320,Nitin Tomar,,6
3,128,2016-02-02,Bengal Warriors,161,Girish Maruti Ernak,,5
3,128,2016-02-02,Bengal Warriors,163,Mahendra Ganesh Rajput,,3
3,128,2016-02-02,Bengal Warriors,66,Mahesh Goud,,3
3,128,2016-02-02,Bengal Warriors,73,Nilesh Shinde,Defender,3
3,128,2016-02-02,Bengal Warriors,76,Nitin More,Defender,1
3,128,2016-02-02,Bengal Warriors,164,Bajirao Hodage,,0
3,129,2016-02-03,Bengaluru Bulls,231,Amit Om Prakash Rathi,Raider,10
3,129,2016-02-03,Bengaluru Bulls,107,Shrikant Tewthia,,4
3,129,2016-02-03,Bengaluru Bulls,275,Deepak Kumar Rathee,Defender,2
3,129,2016-02-03,Bengaluru Bulls,318,Pawan Kumar Sehrawat,,2
3,129,2016-02-03,Bengaluru Bulls,174,Deepak Kumar Dahiya,,1
3,129,2016-02-03,Bengaluru Bulls,202,Ashish Kumar,,1
3,129,2016-02-03,Bengaluru Bulls,118,Surjeet Narwal,Raider,1
3,129,2016-02-03,Bengaluru Bulls,314,Somvir,Defender,1
3,129,2016-02-03,Bengaluru Bulls,235,Vijender Singh,Defender,0
3,129,2016-02-03,Patna Pirates,326,Rohit Kumar,,8
3,129,2016-02-03,Patna Pirates,142,Sandeep Narwal,,5
3,129,2016-02-03,Patna Pirates,85,Rajesh Mondal,,5
3,129,2016-02-03,Patna Pirates,309,Manpreet Singh,Raider,4
3,129,2016-02-03,Patna Pirates,162,D. Suresh Kumar,Defender,3
3,129,2016-02-03,Patna Pirates,207,Sunil,,2
3,129,2016-02-03,Patna Pirates,215,Vinod Kumar,,1
3,129,2016-02-03,Patna Pirates,197,Pardeep Narwal,,1
3,129,2016-02-03,Patna Pirates,14,Tae Deok Eom,,0
3,130,2016-02-03,Dabang Delhi,58,Kashiling Adake,,5
3,130,2016-02-03,Dabang Delhi,13,Seong Ryeol Kim,All Rounder,3
3,130,2016-02-03,Dabang Delhi,217,Rohit Kumar Choudary,,3
3,130,2016-02-03,Dabang Delhi,157,Ravinder Pahal,,2
3,130,2016-02-03,Dabang Delhi,84,Rajaguru Subramanian,,2
3,130,2016-02-03,Dabang Delhi,119,Surjeet Singh,,2
3,130,2016-02-03,Dabang Delhi,278,Gnanasekaran M,Defender,2
3,130,2016-02-03,Dabang Delhi,222,G.S. Manikandan,Defender,0
3,130,2016-02-03,Dabang Delhi,277,Anil Shriram Nimbolkar,Defender,0
3,130,2016-02-03,Dabang Delhi,28,Amit Singh Chhillar,Defender,0
3,130,2016-02-03,Puneri Paltan,41,Deepak Niwas Hooda,,9
3,130,2016-02-03,Puneri Paltan,69,Manjeet Chhillar,,8
3,130,2016-02-03,Puneri Paltan,322,Surjeet Singh,,6
3,130,2016-02-03,Puneri Paltan,245,Yogesh Hooda,,4
3,130,2016-02-03,Puneri Paltan,242,Tushar Patil,,3
3,130,2016-02-03,Puneri Paltan,26,Ajay Thakur,,2
3,130,2016-02-03,Puneri Paltan,51,Jasmer Singh Gulia,,1
3,130,2016-02-03,Puneri Paltan,147,Prashant Chavan,All Rounder,0
3,131,2016-02-04,Bengaluru Bulls,231,Amit Om Prakash Rathi,Raider,6
3,131,2016-02-04,Bengaluru Bulls,118,Surjeet Narwal,Raider,5
3,131,2016-02-04,Bengaluru Bulls,314,Somvir,Defender,4
3,131,2016-02-04,Bengaluru Bulls,275,Deepak Kumar Rathee,Defender,2
3,131,2016-02-04,Bengaluru Bulls,174,Deepak Kumar Dahiya,,2
3,131,2016-02-04,Bengaluru Bulls,202,Ashish Kumar,,1
3,131,2016-02-04,Bengaluru Bulls,107,Shrikant Tewthia,,0
3,131,2016-02-04,Bengaluru Bulls,167,Preetam Chhillar,All Rounder,0
3,131,2016-02-04,Bengal Warriors,12,Jang Kun Lee,,11
3,131,2016-02-04,Bengal Warriors,320,Nitin Tomar,,7
3,131,2016-02-04,Bengal Warriors,161,Girish Maruti Ernak,,4
3,131,2016-02-04,Bengal Warriors,73,Nilesh Shinde,Defender,3
3,131,2016-02-04,Bengal Warriors,164,Bajirao Hodage,,2
3,131,2016-02-04,Bengal Warriors,163,Mahendra Ganesh Rajput,,1
3,131,2016-02-04,Bengal Warriors,76,Nitin More,Defender,0
3,131,2016-02-04,Bengal Warriors,66,Mahesh Goud,,0
3,132,2016-02-05,Dabang Delhi,61,Kuldeep Singh,Defender,3
3,132,2016-02-05,Dabang Delhi,311,Anil Kumar,,3
3,132,2016-02-05,Dabang Delhi,119,Surjeet Singh,,2
3,132,2016-02-05,Dabang Delhi,217,Rohit Kumar Choudary,,2
3,132,2016-02-05,Dabang Delhi,58,Kashiling Adake,,2
3,132,2016-02-05,Dabang Delhi,28,Amit Singh Chhillar,Defender,1
3,132,2016-02-05,Dabang Delhi,157,Ravinder Pahal,,1
3,132,2016-02-05,Dabang Delhi,84,Rajaguru Subramanian,,1
3,132,2016-02-05,Dabang Delhi,278,Gnanasekaran M,Defender,1
3,132,2016-02-05,Dabang Delhi,222,G.S. Manikandan,Defender,0
3,132,2016-02-05,Dabang Delhi,13,Seong Ryeol Kim,All Rounder,0
3,132,2016-02-05,U Mumba,94,Rishank Devadiga,,8
3,132,2016-02-05,U Mumba,29,Anup Kumar,,6
3,132,2016-02-05,U Mumba,71,Mohit Chhillar,,5
3,132,2016-02-05,U Mumba,146,Surender Nada,Defender,3
3,132,2016-02-05,U Mumba,34,Bhupender Singh,,2
3,132,2016-02-05,U Mumba,54,Jeeva Kumar,,0
3,132,2016-02-05,U Mumba,105,Shabeer Bappu,,0
3,132,2016-02-05,U Mumba,123,Vishal Mane,,0
3,133,2016-02-05,Bengaluru Bulls,202,Ashish Kumar,,7
3,133,2016-02-05,Bengaluru Bulls,318,Pawan Kumar Sehrawat,,7
3,133,2016-02-05,Bengaluru Bulls,231,Amit Om Prakash Rathi,Raider,6
3,133,2016-02-05,Bengaluru Bulls,107,Shrikant Tewthia,,5
3,133,2016-02-05,Bengaluru Bulls,118,Surjeet Narwal,Raider,2
3,133,2016-02-05,Bengaluru Bulls,167,Preetam Chhillar,All Rounder,1
3,133,2016-02-05,Bengaluru Bulls,172,Vinoth Kumar,,1
3,133,2016-02-05,Bengaluru Bulls,275,Deepak Kumar Rathee,Defender,0
3,133,2016-02-05,Bengaluru Bulls,314,Somvir,Defender,0
3,133,2016-02-05,Jaipur Pink Panthers,86,Rajesh Narwal,,11
3,133,2016-02-05,Jaipur Pink Panthers,190,Sonu Narwal,Raider,4
3,133,2016-02-05,Jaipur Pink Panthers,160,Ran Singh,,3
3,133,2016-02-05,Jaipur Pink Panthers,72,Navneet Gautam,Defender,2
3,133,2016-02-05,Jaipur Pink Panthers,252,Kuldeep Singh,,2
3,133,2016-02-05,Jaipur Pink Panthers,283,Jagdeesha K.K.,All Rounder,0
3,133,2016-02-05,Jaipur Pink Panthers,303,Satish Kumar,Raider,0
3,133,2016-02-05,Jaipur Pink Panthers,191,C. Arun,,0
3,133,2016-02-05,Jaipur Pink Panthers,44,Gangadhari Mallesh,,0
3,133,2016-02-05,Jaipur Pink Panthers,96,Rohit Rana,,0
3,134,2016-02-06,U Mumba,29,Anup Kumar,,9
3,134,2016-02-06,U Mumba,88,Rakesh Kumar,Raider,4
3,134,2016-02-06,U Mumba,54,Jeeva Kumar,,3
3,134,2016-02-06,U Mumba,34,Bhupender Singh,,3
3,134,2016-02-06,U Mumba,146,Surender Nada,Defender,2
3,134,2016-02-06,U Mumba,123,Vishal Mane,,1
3,134,2016-02-06,U Mumba,71,Mohit Chhillar,,1
3,134,2016-02-06,U Mumba,94,Rishank Devadiga,,0
3,134,2016-02-06,U Mumba,105,Shabeer Bappu,,0
3,134,2016-02-06,Patna Pirates,85,Rajesh Mondal,,8
3,134,2016-02-06,Patna Pirates,197,Pardeep Narwal,,8
3,134,2016-02-06,Patna Pirates,142,Sandeep Narwal,,4
3,134,2016-02-06,Patna Pirates,162,D. Suresh Kumar,Defender,3
3,134,2016-02-06,Patna Pirates,207,Sunil,,3
3,134,2016-02-06,Patna Pirates,215,Vinod Kumar,,3
3,134,2016-02-06,Patna Pirates,309,Manpreet Singh,Raider,3
3,134,2016-02-06,Patna Pirates,326,Rohit Kumar,,0
3,134,2016-02-06,Patna Pirates,46,Gurvinder Singh,,0
3,135,2016-02-06,Bengaluru Bulls,118,Surjeet Narwal,Raider,5
3,135,2016-02-06,Bengaluru Bulls,172,Vinoth Kumar,,3
3,135,2016-02-06,Bengaluru Bulls,107,Shrikant Tewthia,,3
3,135,2016-02-06,Bengaluru Bulls,202,Ashish Kumar,,3
3,135,2016-02-06,Bengaluru Bulls,318,Pawan Kumar Sehrawat,,3
3,135,2016-02-06,Bengaluru Bulls,231,Amit Om Prakash Rathi,Raider,2
3,135,2016-02-06,Bengaluru Bulls,314,Somvir,Defender,2
3,135,2016-02-06,Bengaluru Bulls,167,Preetam Chhillar,All Rounder,1
3,135,2016-02-06,Bengaluru Bulls,275,Deepak Kumar Rathee,Defender,1
3,135,2016-02-06,Telugu Titans,81,Rahul Chaudhari,,11
3,135,2016-02-06,Telugu Titans,111,Sukesh Hegde,,4
3,135,2016-02-06,Telugu Titans,179,Vikas Kale,,3
3,135,2016-02-06,Telugu Titans,42,Dharmaraj Cheralathan,,3
3,135,2016-02-06,Telugu Titans,261,Rohit Baliyan,,3
3,135,2016-02-06,Telugu Titans,251,Meraj Sheykh,,2
3,135,2016-02-06,Telugu Titans,288,Rahul Kumar,Defender,2
3,135,2016-02-06,Telugu Titans,155,Prashanth Kumar Rai,,1
3,136,2016-02-07,Bengal Warriors,320,Nitin Tomar,,11
3,136,2016-02-07,Bengal Warriors,164,Bajirao Hodage,,4
3,136,2016-02-07,Bengal Warriors,66,Mahesh Goud,,4
3,136,2016-02-07,Bengal Warriors,161,Girish Maruti Ernak,,3
3,136,2016-02-07,Bengal Warriors,12,Jang Kun Lee,,3
3,136,2016-02-07,Bengal Warriors,73,Nilesh Shinde,Defender,1
3,136,2016-02-07,Bengal Warriors,76,Nitin More,Defender,1
3,136,2016-02-07,Puneri Paltan,69,Manjeet Chhillar,,13
3,136,2016-02-07,Puneri Paltan,41,Deepak Niwas Hooda,,4
3,136,2016-02-07,Puneri Paltan,26,Ajay Thakur,,2
3,136,2016-02-07,Puneri Paltan,147,Prashant Chavan,All Rounder,1
3,136,2016-02-07,Puneri Paltan,245,Yogesh Hooda,,1
3,136,2016-02-07,Puneri Paltan,293,Nilesh Salunke,,1
3,136,2016-02-07,Puneri Paltan,322,Surjeet Singh,,1
3,136,2016-02-07,Puneri Paltan,242,Tushar Patil,,0
3,136,2016-02-07,Puneri Paltan,51,Jasmer Singh Gulia,,0
3,137,2016-02-07,Jaipur Pink Panthers,190,Sonu Narwal,Raider,9
3,137,2016-02-07,Jaipur Pink Panthers,86,Rajesh Narwal,,9
3,137,2016-02-07,Jaipur Pink Panthers,159,Samarjeet Singh,Defender,5
3,137,2016-02-07,Jaipur Pink Panthers,160,Ran Singh,,3
3,137,2016-02-07,Jaipur Pink Panthers,191,C. Arun,,2
3,137,2016-02-07,Jaipur Pink Panthers,96,Rohit Rana,,1
3,137,2016-02-07,Jaipur Pink Panthers,72,Navneet Gautam,Defender,1
3,137,2016-02-07,Dabang Delhi,58,Kashiling Adake,,9
3,137,2016-02-07,Dabang Delhi,157,Ravinder Pahal,,9
3,137,2016-02-07,Dabang Delhi,119,Surjeet Singh,,6
3,137,2016-02-07,Dabang Delhi,28,Amit Singh Chhillar,Defender,2
3,137,2016-02-07,Dabang Delhi,217,Rohit Kumar Choudary,,2
3,137,2016-02-07,Dabang Delhi,290,Sandeep Kumar Dhull,,2
3,137,2016-02-07,Dabang Delhi,158,Rakesh Singh Kumar,Defender,1
3,137,2016-02-07,Dabang Delhi,13,Seong Ryeol Kim,All Rounder,0
3,137,2016-02-07,Dabang Delhi,222,G.S. Manikandan,Defender,0
3,137,2016-02-07,Dabang Delhi,278,Gnanasekaran M,Defender,0
3,138,2016-02-08,Patna Pirates,197,Pardeep Narwal,,11
3,138,2016-02-08,Patna Pirates,85,Rajesh Mondal,,5
3,138,2016-02-08,Patna Pirates,142,Sandeep Narwal,,3
3,138,2016-02-08,Patna Pirates,215,Vinod Kumar,,3
3,138,2016-02-08,Patna Pirates,309,Manpreet Singh,Raider,1
3,138,2016-02-08,Patna Pirates,207,Sunil,,1
3,138,2016-02-08,Patna Pirates,211,Deepak Narwal,,1
3,138,2016-02-08,Patna Pirates,162,D. Suresh Kumar,Defender,0
3,138,2016-02-08,Telugu Titans,111,Sukesh Hegde,,8
3,138,2016-02-08,Telugu Titans,81,Rahul Chaudhari,,7
3,138,2016-02-08,Telugu Titans,251,Meraj Sheykh,,3
3,138,2016-02-08,Telugu Titans,313,Virender Wazir Singh,Defender,2
3,138,2016-02-08,Telugu Titans,155,Prashanth Kumar Rai,,2
3,138,2016-02-08,Telugu Titans,42,Dharmaraj Cheralathan,,2
3,138,2016-02-08,Telugu Titans,152,D. Gopu,,0
3,138,2016-02-08,Telugu Titans,179,Vikas Kale,,0
3,138,2016-02-08,Telugu Titans,288,Rahul Kumar,Defender,0
3,138,2016-02-08,Telugu Titans,312,Sanju,Defender,0
3,139,2016-02-08,Bengal Warriors,320,Nitin Tomar,,8
3,139,2016-02-08,Bengal Warriors,66,Mahesh Goud,,5
3,139,2016-02-08,Bengal Warriors,12,Jang Kun Lee,,4
3,139,2016-02-08,Bengal Warriors,164,Bajirao Hodage,,3
3,139,2016-02-08,Bengal Warriors,161,Girish Maruti Ernak,,2
3,139,2016-02-08,Bengal Warriors,73,Nilesh Shinde,Defender,2
3,139,2016-02-08,Bengal Warriors,76,Nitin More,Defender,1
3,139,2016-02-08,Dabang Delhi,58,Kashiling Adake,,8
3,139,2016-02-08,Dabang Delhi,290,Sandeep Kumar Dhull,,3
3,139,2016-02-08,Dabang Delhi,311,Anil Kumar,,3
3,139,2016-02-08,Dabang Delhi,119,Surjeet Singh,,1
3,139,2016-02-08,Dabang Delhi,157,Ravinder Pahal,,1
3,139,2016-02-08,Dabang Delhi,277,Anil Shriram Nimbolkar,Defender,0
3,139,2016-02-08,Dabang Delhi,13,Seong Ryeol Kim,All Rounder,0
3,139,2016-02-08,Dabang Delhi,84,Rajaguru Subramanian,,0
3,140,2016-02-09,Bengal Warriors,12,Jang Kun Lee,,9
3,140,2016-02-09,Bengal Warriors,320,Nitin Tomar,,9
3,140,2016-02-09,Bengal Warriors,163,Mahendra Ganesh Rajput,,3
3,140,2016-02-09,Bengal Warriors,161,Girish Maruti Ernak,,3
3,140,2016-02-09,Bengal Warriors,164,Bajirao Hodage,,2
3,140,2016-02-09,Bengal Warriors,66,Mahesh Goud,,1
3,140,2016-02-09,Bengal Warriors,73,Nilesh Shinde,Defender,1
3,140,2016-02-09,Bengal Warriors,76,Nitin More,Defender,1
3,140,2016-02-09,Patna Pirates,326,Rohit Kumar,,11
3,140,2016-02-09,Patna Pirates,142,Sandeep Narwal,,7
3,140,2016-02-09,Patna Pirates,197,Pardeep Narwal,,7
3,140,2016-02-09,Patna Pirates,85,Rajesh Mondal,,5
3,140,2016-02-09,Patna Pirates,215,Vinod Kumar,,1
3,140,2016-02-09,Patna Pirates,249,Hadi Oshtorak,,1
3,140,2016-02-09,Patna Pirates,309,Manpreet Singh,Raider,0
3,140,2016-02-09,Patna Pirates,162,D. Suresh Kumar,Defender,0
3,140,2016-02-09,Patna Pirates,207,Sunil,,0
3,141,2016-02-10,U Mumba,94,Rishank Devadiga,,8
3,141,2016-02-10,U Mumba,88,Rakesh Kumar,Raider,6
3,141,2016-02-10,U Mumba,105,Shabeer Bappu,,4
3,141,2016-02-10,U Mumba,54,Jeeva Kumar,,4
3,141,2016-02-10,U Mumba,259,Fazel Atrachali,,3
3,141,2016-02-10,U Mumba,173,Suresu Kumar,Raider,0
3,141,2016-02-10,U Mumba,219,K. Prapanjan,,0
3,141,2016-02-10,U Mumba,34,Bhupender Singh,,0
3,141,2016-02-10,U Mumba,156,Pawan Kumar Kadian,,0
3,141,2016-02-10,U Mumba,300,Abolfazl Maghsodloumahali,,0
3,141,2016-02-10,U Mumba,301,Hadi Tajik,,0
3,141,2016-02-10,Bengaluru Bulls,318,Pawan Kumar Sehrawat,,6
3,141,2016-02-10,Bengaluru Bulls,167,Preetam Chhillar,All Rounder,4
3,141,2016-02-10,Bengaluru Bulls,231,Amit Om Prakash Rathi,Raider,4
3,141,2016-02-10,Bengaluru Bulls,275,Deepak Kumar Rathee,Defender,2
3,141,2016-02-10,Bengaluru Bulls,314,Somvir,Defender,2
3,141,2016-02-10,Bengaluru Bulls,172,Vinoth Kumar,,1
3,141,2016-02-10,Bengaluru Bulls,107,Shrikant Tewthia,,1
3,141,2016-02-10,Bengaluru Bulls,118,Surjeet Narwal,Raider,1
3,141,2016-02-10,Bengaluru Bulls,150,Parmod Narwal,All Rounder,1
3,142,2016-02-10,Bengal Warriors,320,Nitin Tomar,,9
3,142,2016-02-10,Bengal Warriors,12,Jang Kun Lee,,5
3,142,2016-02-10,Bengal Warriors,66,Mahesh Goud,,4
3,142,2016-02-10,Bengal Warriors,161,Girish Maruti Ernak,,4
3,142,2016-02-10,Bengal Warriors,164,Bajirao Hodage,,2
3,142,2016-02-10,Bengal Warriors,108,Shyam Kumar Sah,Defender,1
3,142,2016-02-10,Bengal Warriors,73,Nilesh Shinde,Defender,1
3,142,2016-02-10,Bengal Warriors,76,Nitin More,Defender,1
3,142,2016-02-10,Jaipur Pink Panthers,190,Sonu Narwal,Raider,7
3,142,2016-02-10,Jaipur Pink Panthers,86,Rajesh Narwal,,5
3,142,2016-02-10,Jaipur Pink Panthers,96,Rohit Rana,,2
3,142,2016-02-10,Jaipur Pink Panthers,160,Ran Singh,,2
3,142,2016-02-10,Jaipur Pink Panthers,200,Mohammad Maghshoudulu,Defender,1
3,142,2016-02-10,Jaipur Pink Panthers,252,Kuldeep Singh,,0
3,142,2016-02-10,Jaipur Pink Panthers,72,Navneet Gautam,Defender,0
3,142,2016-02-10,Jaipur Pink Panthers,191,C. Arun,,0
3,142,2016-02-10,Jaipur Pink Panthers,159,Samarjeet Singh,Defender,0
3,143,2016-02-11,Puneri Paltan,69,Manjeet Chhillar,,7
3,143,2016-02-11,Puneri Paltan,26,Ajay Thakur,,7
3,143,2016-02-11,Puneri Paltan,51,Jasmer Singh Gulia,,4
3,143,2016-02-11,Puneri Paltan,234,Surender Singh,,4
3,143,2016-02-11,Puneri Paltan,240,Ravi Kumar,,2
3,143,2016-02-11,Puneri Paltan,242,Tushar Patil,,1
3,143,2016-02-11,Puneri Paltan,245,Yogesh Hooda,,1
3,143,2016-02-11,Puneri Paltan,109,Somvir Shekhar,Defender,0
3,143,2016-02-11,Puneri Paltan,233,Manoj Dhull,,0
3,143,2016-02-11,Patna Pirates,197,Pardeep Narwal,,14
3,143,2016-02-11,Patna Pirates,162,D. Suresh Kumar,Defender,3
3,143,2016-02-11,Patna Pirates,212,Amit Hooda,,3
3,143,2016-02-11,Patna Pirates,309,Manpreet Singh,Raider,3
3,143,2016-02-11,Patna Pirates,141,Sunil Jaipal,Raider,1
3,143,2016-02-11,Patna Pirates,85,Rajesh Mondal,,1
3,143,2016-02-11,Patna Pirates,46,Gurvinder Singh,,1
3,143,2016-02-11,Patna Pirates,207,Sunil,,0
3,143,2016-02-11,Patna Pirates,215,Vinod Kumar,,0
3,144,2016-02-12,Patna Pirates,211,Deepak Narwal,,15
3,144,2016-02-12,Patna Pirates,197,Pardeep Narwal,,11
3,144,2016-02-12,Patna Pirates,207,Sunil,,3
3,144,2016-02-12,Patna Pirates,212,Amit Hooda,,3
3,144,2016-02-12,Patna Pirates,162,D. Suresh Kumar,Defender,2
3,144,2016-02-12,Patna Pirates,309,Manpreet Singh,Raider,2
3,144,2016-02-12,Patna Pirates,249,Hadi Oshtorak,,1
3,144,2016-02-12,Patna Pirates,299,Sandeep,,0
3,144,2016-02-12,Patna Pirates,14,Tae Deok Eom,,0
3,144,2016-02-12,Dabang Delhi,119,Surjeet Singh,,10
3,144,2016-02-12,Dabang Delhi,217,Rohit Kumar Choudary,,5
3,144,2016-02-12,Dabang Delhi,264,Selvamani K,,5
3,144,2016-02-12,Dabang Delhi,278,Gnanasekaran M,Defender,3
3,144,2016-02-12,Dabang Delhi,277,Anil Shriram Nimbolkar,Defender,2
3,144,2016-02-12,Dabang Delhi,308,Sushil Vijay Bhosle,Defender,2
3,144,2016-02-12,Dabang Delhi,307,Ravinandan G.M.,Raider,1
3,144,2016-02-12,Dabang Delhi,311,Anil Kumar,,1
3,144,2016-02-12,Dabang Delhi,290,Sandeep Kumar Dhull,,1
3,144,2016-02-12,Dabang Delhi,13,Seong Ryeol Kim,All Rounder,0
3,144,2016-02-12,Dabang Delhi,84,Rajaguru Subramanian,,0
3,145,2016-02-12,Puneri Paltan,69,Manjeet Chhillar,,13
3,145,2016-02-12,Puneri Paltan,26,Ajay Thakur,,11
3,145,2016-02-12,Puneri Paltan,234,Surender Singh,,4
3,145,2016-02-12,Puneri Paltan,147,Prashant Chavan,All Rounder,1
3,145,2016-02-12,Puneri Paltan,109,Somvir Shekhar,Defender,0
3,145,2016-02-12,Puneri Paltan,240,Ravi Kumar,,0
3,145,2016-02-12,Puneri Paltan,242,Tushar Patil,,0
3,145,2016-02-12,Puneri Paltan,245,Yogesh Hooda,,0
3,145,2016-02-12,Puneri Paltan,51,Jasmer Singh Gulia,,0
3,145,2016-02-12,Puneri Paltan,293,Nilesh Salunke,,0
3,145,2016-02-12,Jaipur Pink Panthers,86,Rajesh Narwal,,9
3,145,2016-02-12,Jaipur Pink Panthers,190,Sonu Narwal,Raider,9
3,145,2016-02-12,Jaipur Pink Panthers,160,Ran Singh,,5
3,145,2016-02-12,Jaipur Pink Panthers,44,Gangadhari Mallesh,,3
3,145,2016-02-12,Jaipur Pink Panthers,159,Samarjeet Singh,Defender,1
3,145,2016-02-12,Jaipur Pink Panthers,285,Anil Kashinath Patil,Defender,1
3,145,2016-02-12,Jaipur Pink Panthers,303,Satish Kumar,Raider,0
3,145,2016-02-12,Jaipur Pink Panthers,191,C. Arun,,0
3,145,2016-02-12,Jaipur Pink Panthers,200,Mohammad Maghshoudulu,Defender,0
3,146,2016-02-13,Jaipur Pink Panthers,190,Sonu Narwal,Raider,5
3,146,2016-02-13,Jaipur Pink Panthers,200,Mohammad Maghshoudulu,Defender,5
3,146,2016-02-13,Jaipur Pink Panthers,252,Kuldeep Singh,,5
3,146,2016-02-13,Jaipur Pink Panthers,160,Ran Singh,,3
3,146,2016-02-13,Jaipur Pink Panthers,86,Rajesh Narwal,,3
3,146,2016-02-13,Jaipur Pink Panthers,159,Samarjeet Singh,Defender,2
3,146,2016-02-13,Jaipur Pink Panthers,191,C. Arun,,1
3,146,2016-02-13,Jaipur Pink Panthers,44,Gangadhari Mallesh,,0
3,146,2016-02-13,Telugu Titans,251,Meraj Sheykh,,11
3,146,2016-02-13,Telugu Titans,313,Virender Wazir Singh,Defender,3
3,146,2016-02-13,Telugu Titans,179,Vikas Kale,,3
3,146,2016-02-13,Telugu Titans,155,Prashanth Kumar Rai,,3
3,146,2016-02-13,Telugu Titans,70,Manoj Kumar,Defender,1
3,146,2016-02-13,Telugu Titans,42,Dharmaraj Cheralathan,,1
3,146,2016-02-13,Telugu Titans,236,T. Prasad,All Rounder,1
3,146,2016-02-13,Telugu Titans,238,Isac Antony,Raider,1
3,146,2016-02-13,Telugu Titans,312,Sanju,Defender,0
3,146,2016-02-13,Telugu Titans,56,Kalimuthu Balamahendran,Defender,0
3,147,2016-02-13,Puneri Paltan,234,Surender Singh,,8
3,147,2016-02-13,Puneri Paltan,51,Jasmer Singh Gulia,,5
3,147,2016-02-13,Puneri Paltan,69,Manjeet Chhillar,,3
3,147,2016-02-13,Puneri Paltan,26,Ajay Thakur,,2
3,147,2016-02-13,Puneri Paltan,240,Ravi Kumar,,2
3,147,2016-02-13,Puneri Paltan,293,Nilesh Salunke,,2
3,147,2016-02-13,Puneri Paltan,109,Somvir Shekhar,Defender,0
3,147,2016-02-13,Puneri Paltan,147,Prashant Chavan,All Rounder,0
3,147,2016-02-13,U Mumba,94,Rishank Devadiga,,7
3,147,2016-02-13,U Mumba,88,Rakesh Kumar,Raider,5
3,147,2016-02-13,U Mumba,259,Fazel Atrachali,,4
3,147,2016-02-13,U Mumba,156,Pawan Kumar Kadian,,3
3,147,2016-02-13,U Mumba,105,Shabeer Bappu,,3
3,147,2016-02-13,U Mumba,54,Jeeva Kumar,,2
3,147,2016-02-13,U Mumba,34,Bhupender Singh,,1
3,147,2016-02-13,U Mumba,173,Suresu Kumar,Raider,0
3,148,2016-02-14,U Mumba,94,Rishank Devadiga,,10
3,148,2016-02-14,U Mumba,54,Jeeva Kumar,,4
3,148,2016-02-14,U Mumba,259,Fazel Atrachali,,4
3,148,2016-02-14,U Mumba,156,Pawan Kumar Kadian,,3
3,148,2016-02-14,U Mumba,34,Bhupender Singh,,2
3,148,2016-02-14,U Mumba,105,Shabeer Bappu,,1
3,148,2016-02-14,U Mumba,88,Rakesh Kumar,Raider,1
3,148,2016-02-14,Bengal Warriors,320,Nitin Tomar,,6
3,148,2016-02-14,Bengal Warriors,163,Mahendra Ganesh Rajput,,4
3,148,2016-02-14,Bengal Warriors,12,Jang Kun Lee,,4
3,148,2016-02-14,Bengal Warriors,66,Mahesh Goud,,3
3,148,2016-02-14,Bengal Warriors,73,Nilesh Shinde,Defender,1
3,148,2016-02-14,Bengal Warriors,164,Bajirao Hodage,,1
3,148,2016-02-14,Bengal Warriors,161,Girish Maruti Ernak,,1
3,148,2016-02-14,Bengal Warriors,76,Nitin More,Defender,0
3,149,2016-02-14,Puneri Paltan,234,Surender Singh,,9
3,149,2016-02-14,Puneri Paltan,69,Manjeet Chhillar,,6
3,149,2016-02-14,Puneri Paltan,26,Ajay Thakur,,5
3,149,2016-02-14,Puneri Paltan,51,Jasmer Singh Gulia,,3
3,149,2016-02-14,Puneri Paltan,165,Sachin Shingade,,3
3,149,2016-02-14,Puneri Paltan,147,Prashant Chavan,All Rounder,1
3,149,2016-02-14,Puneri Paltan,293,Nilesh Salunke,,0
3,149,2016-02-14,Puneri Paltan,240,Ravi Kumar,,0
3,149,2016-02-14,Bengaluru Bulls,318,Pawan Kumar Sehrawat,,7
3,149,2016-02-14,Bengaluru Bulls,202,Ashish Kumar,,5
3,149,2016-02-14,Bengaluru Bulls,107,Shrikant Tewthia,,4
3,149,2016-02-14,Bengaluru Bulls,174,Deepak Kumar Dahiya,,3
3,149,2016-02-14,Bengaluru Bulls,275,Deepak Kumar Rathee,Defender,1
3,149,2016-02-14,Bengaluru Bulls,231,Amit Om Prakash Rathi,Raider,1
3,149,2016-02-14,Bengaluru Bulls,118,Surjeet Narwal,Raider,1
3,149,2016-02-14,Bengaluru Bulls,314,Somvir,Defender,1
3,150,2016-02-16,Patna Pirates,326,Rohit Kumar,,8
3,150,2016-02-16,Patna Pirates,197,Pardeep Narwal,,6
3,150,2016-02-16,Patna Pirates,309,Manpreet Singh,Raider,5
3,150,2016-02-16,Patna Pirates,249,Hadi Oshtorak,,3
3,150,2016-02-16,Patna Pirates,207,Sunil,,3
3,150,2016-02-16,Patna Pirates,142,Sandeep Narwal,,2
3,150,2016-02-16,Patna Pirates,162,D. Suresh Kumar,Defender,0
3,150,2016-02-16,Patna Pirates,14,Tae Deok Eom,,0
3,150,2016-02-16,Patna Pirates,211,Deepak Narwal,,0
3,150,2016-02-16,Bengal Warriors,106,Shrikant Jadhav,,7
3,150,2016-02-16,Bengal Warriors,161,Girish Maruti Ernak,,5
3,150,2016-02-16,Bengal Warriors,12,Jang Kun Lee,,4
3,150,2016-02-16,Bengal Warriors,272,Umesh Mhatre,Raider,4
3,150,2016-02-16,Bengal Warriors,164,Bajirao Hodage,,1
3,150,2016-02-16,Bengal Warriors,185,Vijin Thangadurai,,1
3,150,2016-02-16,Bengal Warriors,66,Mahesh Goud,,1
3,150,2016-02-16,Bengal Warriors,73,Nilesh Shinde,Defender,0
3,150,2016-02-16,Bengal Warriors,76,Nitin More,Defender,0
3,151,2016-02-16,Telugu Titans,111,Sukesh Hegde,,6
3,151,2016-02-16,Telugu Titans,42,Dharmaraj Cheralathan,,6
3,151,2016-02-16,Telugu Titans,251,Meraj Sheykh,,3
3,151,2016-02-16,Telugu Titans,313,Virender Wazir Singh,Defender,2
3,151,2016-02-16,Telugu Titans,81,Rahul Chaudhari,,2
3,151,2016-02-16,Telugu Titans,179,Vikas Kale,,1
3,151,2016-02-16,Telugu Titans,155,Prashanth Kumar Rai,,1
3,151,2016-02-16,Telugu Titans,70,Manoj Kumar,Defender,0
3,151,2016-02-16,Telugu Titans,236,T. Prasad,All Rounder,0
3,151,2016-02-16,Jaipur Pink Panthers,190,Sonu Narwal,Raider,9
3,151,2016-02-16,Jaipur Pink Panthers,86,Rajesh Narwal,,6
3,151,2016-02-16,Jaipur Pink Panthers,200,Mohammad Maghshoudulu,Defender,4
3,151,2016-02-16,Jaipur Pink Panthers,252,Kuldeep Singh,,4
3,151,2016-02-16,Jaipur Pink Panthers,191,C. Arun,,3
3,151,2016-02-16,Jaipur Pink Panthers,160,Ran Singh,,1
3,151,2016-02-16,Jaipur Pink Panthers,44,Gangadhari Mallesh,,1
3,151,2016-02-16,Jaipur Pink Panthers,96,Rohit Rana,,0
3,151,2016-02-16,Jaipur Pink Panthers,159,Samarjeet Singh,Defender,0
3,151,2016-02-16,Jaipur Pink Panthers,283,Jagdeesha K.K.,All Rounder,0
3,152,2016-02-17,Patna Pirates,326,Rohit Kumar,,13
3,152,2016-02-17,Patna Pirates,211,Deepak Narwal,,9
3,152,2016-02-17,Patna Pirates,67,Mahipal Narwal,Defender,5
3,152,2016-02-17,Patna Pirates,142,Sandeep Narwal,,2
3,152,2016-02-17,Patna Pirates,85,Rajesh Mondal,,1
3,152,2016-02-17,Patna Pirates,207,Sunil,,1
3,152,2016-02-17,Patna Pirates,162,D. Suresh Kumar,Defender,1
3,152,2016-02-17,Patna Pirates,197,Pardeep Narwal,,1
3,152,2016-02-17,Patna Pirates,249,Hadi Oshtorak,,0
3,152,2016-02-17,Bengaluru Bulls,118,Surjeet Narwal,Raider,15
3,152,2016-02-17,Bengaluru Bulls,275,Deepak Kumar Rathee,Defender,3
3,152,2016-02-17,Bengaluru Bulls,318,Pawan Kumar Sehrawat,,2
3,152,2016-02-17,Bengaluru Bulls,174,Deepak Kumar Dahiya,,2
3,152,2016-02-17,Bengaluru Bulls,150,Parmod Narwal,All Rounder,1
3,152,2016-02-17,Bengaluru Bulls,202,Ashish Kumar,,1
3,152,2016-02-17,Bengaluru Bulls,314,Somvir,Defender,1
3,152,2016-02-17,Bengaluru Bulls,315,Parvesh Attri,Defender,1
3,152,2016-02-17,Bengaluru Bulls,167,Preetam Chhillar,All Rounder,0
3,152,2016-02-17,Bengaluru Bulls,107,Shrikant Tewthia,,0
3,153,2016-02-18,Bengaluru Bulls,174,Deepak Kumar Dahiya,,5
3,153,2016-02-18,Bengaluru Bulls,318,Pawan Kumar Sehrawat,,4
3,153,2016-02-18,Bengaluru Bulls,202,Ashish Kumar,,3
3,153,2016-02-18,Bengaluru Bulls,314,Somvir,Defender,3
3,153,2016-02-18,Bengaluru Bulls,107,Shrikant Tewthia,,2
3,153,2016-02-18,Bengaluru Bulls,275,Deepak Kumar Rathee,Defender,1
3,153,2016-02-18,Bengaluru Bulls,316,Nirbhay Narwal,Defender,0
3,153,2016-02-18,Bengaluru Bulls,167,Preetam Chhillar,All Rounder,0
3,153,2016-02-18,Bengaluru Bulls,118,Surjeet Narwal,Raider,0
3,153,2016-02-18,Bengaluru Bulls,150,Parmod Narwal,All Rounder,0
3,153,2016-02-18,Dabang Delhi,58,Kashiling Adake,,8
3,153,2016-02-18,Dabang Delhi,264,Selvamani K,,7
3,153,2016-02-18,Dabang Delhi,157,Ravinder Pahal,,5
3,153,2016-02-18,Dabang Delhi,290,Sandeep Kumar Dhull,,4
3,153,2016-02-18,Dabang Delhi,311,Anil Kumar,,4
3,153,2016-02-18,Dabang Delhi,217,Rohit Kumar Choudary,,1
3,153,2016-02-18,Dabang Delhi,158,Rakesh Singh Kumar,Defender,0
3,153,2016-02-18,Dabang Delhi,119,Surjeet Singh,,0
3,154,2016-02-18,Patna Pirates,326,Rohit Kumar,,8
3,154,2016-02-18,Patna Pirates,309,Manpreet Singh,Raider,4
3,154,2016-02-18,Patna Pirates,249,Hadi Oshtorak,,3
3,154,2016-02-18,Patna Pirates,299,Sandeep,,3
3,154,2016-02-18,Patna Pirates,197,Pardeep Narwal,,3
3,154,2016-02-18,Patna Pirates,142,Sandeep Narwal,,2
3,154,2016-02-18,Patna Pirates,211,Deepak Narwal,,1
3,154,2016-02-18,Patna Pirates,215,Vinod Kumar,,1
3,154,2016-02-18,Patna Pirates,67,Mahipal Narwal,Defender,0
3,154,2016-02-18,Puneri Paltan,41,Deepak Niwas Hooda,,7
3,154,2016-02-18,Puneri Paltan,51,Jasmer Singh Gulia,,5
3,154,2016-02-18,Puneri Paltan,69,Manjeet Chhillar,,5
3,154,2016-02-18,Puneri Paltan,234,Surender Singh,,4
3,154,2016-02-18,Puneri Paltan,322,Surjeet Singh,,2
3,154,2016-02-18,Puneri Paltan,240,Ravi Kumar,,1
3,154,2016-02-18,Puneri Paltan,242,Tushar Patil,,1
3,154,2016-02-18,Puneri Paltan,26,Ajay Thakur,,0
3,155,2016-02-19,Bengal Warriors,12,Jang Kun Lee,,8
3,155,2016-02-19,Bengal Warriors,164,Bajirao Hodage,,8
3,155,2016-02-19,Bengal Warriors,66,Mahesh Goud,,4
3,155,2016-02-19,Bengal Warriors,106,Shrikant Jadhav,,3
3,155,2016-02-19,Bengal Warriors,73,Nilesh Shinde,Defender,2
3,155,2016-02-19,Bengal Warriors,161,Girish Maruti Ernak,,1
3,155,2016-02-19,Bengal Warriors,271,Narendar Kumar,Defender,0
3,155,2016-02-19,Telugu Titans,42,Dharmaraj Cheralathan,,8
3,155,2016-02-19,Telugu Titans,111,Sukesh Hegde,,6
3,155,2016-02-19,Telugu Titans,81,Rahul Chaudhari,,3
3,155,2016-02-19,Telugu Titans,251,Meraj Sheykh,,3
3,155,2016-02-19,Telugu Titans,261,Rohit Baliyan,,2
3,155,2016-02-19,Telugu Titans,288,Rahul Kumar,Defender,2
3,155,2016-02-19,Telugu Titans,155,Prashanth Kumar Rai,,1
3,155,2016-02-19,Telugu Titans,70,Manoj Kumar,Defender,0
3,155,2016-02-19,Telugu Titans,179,Vikas Kale,,0
3,156,2016-02-19,Patna Pirates,326,Rohit Kumar,,12
3,156,2016-02-19,Patna Pirates,197,Pardeep Narwal,,3
3,156,2016-02-19,Patna Pirates,207,Sunil,,2
3,156,2016-02-19,Patna Pirates,142,Sandeep Narwal,,2
3,156,2016-02-19,Patna Pirates,249,Hadi Oshtorak,,2
3,156,2016-02-19,Patna Pirates,67,Mahipal Narwal,Defender,2
3,156,2016-02-19,Patna Pirates,211,Deepak Narwal,,1
3,156,2016-02-19,Patna Pirates,299,Sandeep,,0
3,156,2016-02-19,Patna Pirates,309,Manpreet Singh,Raider,0
3,156,2016-02-19,Patna Pirates,85,Rajesh Mondal,,0
3,156,2016-02-19,Patna Pirates,89,Ram Kumar Sah,Defender,0
3,156,2016-02-19,U Mumba,94,Rishank Devadiga,,8
3,156,2016-02-19,U Mumba,259,Fazel Atrachali,,5
3,156,2016-02-19,U Mumba,29,Anup Kumar,,5
3,156,2016-02-19,U Mumba,88,Rakesh Kumar,Raider,4
3,156,2016-02-19,U Mumba,54,Jeeva Kumar,,2
3,156,2016-02-19,U Mumba,123,Vishal Mane,,2
3,156,2016-02-19,U Mumba,71,Mohit Chhillar,,1
3,156,2016-02-19,U Mumba,34,Bhupender Singh,,1
3,156,2016-02-19,U Mumba,105,Shabeer Bappu,,0
3,157,2016-02-20,Jaipur Pink Panthers,86,Rajesh Narwal,,7
3,157,2016-02-20,Jaipur Pink Panthers,160,Ran Singh,,5
3,157,2016-02-20,Jaipur Pink Panthers,52,Jasvir Singh,,5
3,157,2016-02-20,Jaipur Pink Panthers,252,Kuldeep Singh,,3
3,157,2016-02-20,Jaipur Pink Panthers,190,Sonu Narwal,Raider,3
3,157,2016-02-20,Jaipur Pink Panthers,96,Rohit Rana,,1
3,157,2016-02-20,Jaipur Pink Panthers,72,Navneet Gautam,Defender,0
3,157,2016-02-20,Jaipur Pink Panthers,44,Gangadhari Mallesh,,0
3,157,2016-02-20,Jaipur Pink Panthers,200,Mohammad Maghshoudulu,Defender,0
3,157,2016-02-20,Bengaluru Bulls,318,Pawan Kumar Sehrawat,,6
3,157,2016-02-20,Bengaluru Bulls,172,Vinoth Kumar,,5
3,157,2016-02-20,Bengaluru Bulls,314,Somvir,Defender,4
3,157,2016-02-20,Bengaluru Bulls,202,Ashish Kumar,,3
3,157,2016-02-20,Bengaluru Bulls,167,Preetam Chhillar,All Rounder,1
3,157,2016-02-20,Bengaluru Bulls,118,Surjeet Narwal,Raider,1
3,157,2016-02-20,Bengaluru Bulls,273,Satish Kumar,All Rounder,0
3,157,2016-02-20,Bengaluru Bulls,275,Deepak Kumar Rathee,Defender,0
3,157,2016-02-20,Bengaluru Bulls,231,Amit Om Prakash Rathi,Raider,0
3,158,2016-02-20,Puneri Paltan,41,Deepak Niwas Hooda,,6
3,158,2016-02-20,Puneri Paltan,51,Jasmer Singh Gulia,,6
3,158,2016-02-20,Puneri Paltan,69,Manjeet Chhillar,,5
3,158,2016-02-20,Puneri Paltan,322,Surjeet Singh,,4
3,158,2016-02-20,Puneri Paltan,242,Tushar Patil,,3
3,158,2016-02-20,Puneri Paltan,234,Surender Singh,,2
3,158,2016-02-20,Puneri Paltan,26,Ajay Thakur,,2
3,158,2016-02-20,Puneri Paltan,240,Ravi Kumar,,0
3,158,2016-02-20,Dabang Delhi,290,Sandeep Kumar Dhull,,6
3,158,2016-02-20,Dabang Delhi,157,Ravinder Pahal,,4
3,158,2016-02-20,Dabang Delhi,311,Anil Kumar,,3
3,158,2016-02-20,Dabang Delhi,58,Kashiling Adake,,3
3,158,2016-02-20,Dabang Delhi,119,Surjeet Singh,,2
3,158,2016-02-20,Dabang Delhi,264,Selvamani K,,1
3,158,2016-02-20,Dabang Delhi,84,Rajaguru Subramanian,,0
3,158,2016-02-20,Dabang Delhi,158,Rakesh Singh Kumar,Defender,0
3,158,2016-02-20,Dabang Delhi,217,Rohit Kumar Choudary,,0
3,159,2016-02-21,Telugu Titans,111,Sukesh Hegde,,8
3,159,2016-02-21,Telugu Titans,261,Rohit Baliyan,,6
3,159,2016-02-21,Telugu Titans,251,Meraj Sheykh,,5
3,159,2016-02-21,Telugu Titans,288,Rahul Kumar,Defender,4
3,159,2016-02-21,Telugu Titans,70,Manoj Kumar,Defender,4
3,159,2016-02-21,Telugu Titans,81,Rahul Chaudhari,,4
3,159,2016-02-21,Telugu Titans,42,Dharmaraj Cheralathan,,1
3,159,2016-02-21,Bengaluru Bulls,118,Surjeet Narwal,Raider,7
3,159,2016-02-21,Bengaluru Bulls,174,Deepak Kumar Dahiya,,4
3,159,2016-02-21,Bengaluru Bulls,318,Pawan Kumar Sehrawat,,3
3,159,2016-02-21,Bengaluru Bulls,107,Shrikant Tewthia,,3
3,159,2016-02-21,Bengaluru Bulls,275,Deepak Kumar Rathee,Defender,2
3,159,2016-02-21,Bengaluru Bulls,202,Ashish Kumar,,1
3,159,2016-02-21,Bengaluru Bulls,314,Somvir,Defender,1
3,159,2016-02-21,Bengaluru Bulls,167,Preetam Chhillar,All Rounder,0
3,160,2016-02-21,Jaipur Pink Panthers,52,Jasvir Singh,,3
3,160,2016-02-21,Jaipur Pink Panthers,86,Rajesh Narwal,,3
3,160,2016-02-21,Jaipur Pink Panthers,200,Mohammad Maghshoudulu,Defender,3
3,160,2016-02-21,Jaipur Pink Panthers,190,Sonu Narwal,Raider,2
3,160,2016-02-21,Jaipur Pink Panthers,44,Gangadhari Mallesh,,2
3,160,2016-02-21,Jaipur Pink Panthers,160,Ran Singh,,1
3,160,2016-02-21,Jaipur Pink Panthers,252,Kuldeep Singh,,1
3,160,2016-02-21,Jaipur Pink Panthers,283,Jagdeesha K.K.,All Rounder,1
3,160,2016-02-21,Jaipur Pink Panthers,285,Anil Kashinath Patil,Defender,0
3,160,2016-02-21,Jaipur Pink Panthers,96,Rohit Rana,,0
3,160,2016-02-21,Puneri Paltan,322,Surjeet Singh,,8
3,160,2016-02-21,Puneri Paltan,69,Manjeet Chhillar,,6
3,160,2016-02-21,Puneri Paltan,41,Deepak Niwas Hooda,,4
3,160,2016-02-21,Puneri Paltan,26,Ajay Thakur,,3
3,160,2016-02-21,Puneri Paltan,51,Jasmer Singh Gulia,,3
3,160,2016-02-21,Puneri Paltan,234,Surender Singh,,1
3,160,2016-02-21,Puneri Paltan,240,Ravi Kumar,,1
3,160,2016-02-21,Puneri Paltan,10,Simon Kibura,Raider,1
3,161,2016-02-22,Jaipur Pink Panthers,86,Rajesh Narwal,,4
3,161,2016-02-22,Jaipur Pink Panthers,160,Ran Singh,,4
3,161,2016-02-22,Jaipur Pink Panthers,190,Sonu Narwal,Raider,3
3,161,2016-02-22,Jaipur Pink Panthers,96,Rohit Rana,,2
3,161,2016-02-22,Jaipur Pink Panthers,44,Gangadhari Mallesh,,2
3,161,2016-02-22,Jaipur Pink Panthers,72,Navneet Gautam,Defender,0
3,161,2016-02-22,Jaipur Pink Panthers,191,C. Arun,,0
3,161,2016-02-22,Jaipur Pink Panthers,200,Mohammad Maghshoudulu,Defender,0
3,161,2016-02-22,Jaipur Pink Panthers,252,Kuldeep Singh,,0
3,161,2016-02-22,Bengal Warriors,108,Shyam Kumar Sah,Defender,6
3,161,2016-02-22,Bengal Warriors,12,Jang Kun Lee,,6
3,161,2016-02-22,Bengal Warriors,161,Girish Maruti Ernak,,5
3,161,2016-02-22,Bengal Warriors,164,Bajirao Hodage,,4
3,161,2016-02-22,Bengal Warriors,73,Nilesh Shinde,Defender,4
3,161,2016-02-22,Bengal Warriors,272,Umesh Mhatre,Raider,4
3,161,2016-02-22,Bengal Warriors,295,Felix Odhiambo Opana,Raider,0
3,161,2016-02-22,Bengal Warriors,76,Nitin More,Defender,0
3,161,2016-02-22,Bengal Warriors,66,Mahesh Goud,,0
3,161,2016-02-22,Bengal Warriors,106,Shrikant Jadhav,,0
3,162,2016-02-23,Bengal Warriors,12,Jang Kun Lee,,4
3,162,2016-02-23,Bengal Warriors,73,Nilesh Shinde,Defender,3
3,162,2016-02-23,Bengal Warriors,272,Umesh Mhatre,Raider,3
3,162,2016-02-23,Bengal Warriors,161,Girish Maruti Ernak,,1
3,162,2016-02-23,Bengal Warriors,163,Mahendra Ganesh Rajput,,1
3,162,2016-02-23,Bengal Warriors,164,Bajirao Hodage,,1
3,162,2016-02-23,Bengal Warriors,108,Shyam Kumar Sah,Defender,1
3,162,2016-02-23,Bengal Warriors,106,Shrikant Jadhav,,0
3,162,2016-02-23,Bengal Warriors,76,Nitin More,Defender,0
3,162,2016-02-23,Bengal Warriors,185,Vijin Thangadurai,,0
3,162,2016-02-23,Bengal Warriors,268,Vineet Sharma,,0
3,162,2016-02-23,U Mumba,259,Fazel Atrachali,,6
3,162,2016-02-23,U Mumba,94,Rishank Devadiga,,6
3,162,2016-02-23,U Mumba,29,Anup Kumar,,5
3,162,2016-02-23,U Mumba,123,Vishal Mane,,3
3,162,2016-02-23,U Mumba,71,Mohit Chhillar,,2
3,162,2016-02-23,U Mumba,34,Bhupender Singh,,1
3,162,2016-02-23,U Mumba,54,Jeeva Kumar,,1
3,162,2016-02-23,U Mumba,88,Rakesh Kumar,Raider,0
3,163,2016-02-23,Jaipur Pink Panthers,86,Rajesh Narwal,,10
3,163,2016-02-23,Jaipur Pink Panthers,160,Ran Singh,,4
3,163,2016-02-23,Jaipur Pink Panthers,191,C. Arun,,3
3,163,2016-02-23,Jaipur Pink Panthers,193,Rohit Kumar Prajapat,Defender,1
3,163,2016-02-23,Jaipur Pink Panthers,87,Raju Lal Choudhary,,1
3,163,2016-02-23,Jaipur Pink Panthers,44,Gangadhari Mallesh,,1
3,163,2016-02-23,Jaipur Pink Panthers,96,Rohit Rana,,0
3,163,2016-02-23,Jaipur Pink Panthers,200,Mohammad Maghshoudulu,Defender,0
3,163,2016-02-23,Jaipur Pink Panthers,252,Kuldeep Singh,,0
3,163,2016-02-23,Jaipur Pink Panthers,285,Anil Kashinath Patil,Defender,0
3,163,2016-02-23,Patna Pirates,326,Rohit Kumar,,14
3,163,2016-02-23,Patna Pirates,142,Sandeep Narwal,,7
3,163,2016-02-23,Patna Pirates,197,Pardeep Narwal,,4
3,163,2016-02-23,Patna Pirates,309,Manpreet Singh,Raider,4
3,163,2016-02-23,Patna Pirates,249,Hadi Oshtorak,,4
3,163,2016-02-23,Patna Pirates,207,Sunil,,3
3,163,2016-02-23,Patna Pirates,14,Tae Deok Eom,,1
3,163,2016-02-23,Patna Pirates,162,D. Suresh Kumar,Defender,0
3,164,2016-02-24,Dabang Delhi,119,Surjeet Singh,,13
3,164,2016-02-24,Dabang Delhi,58,Kashiling Adake,,10
3,164,2016-02-24,Dabang Delhi,157,Ravinder Pahal,,4
3,164,2016-02-24,Dabang Delhi,290,Sandeep Kumar Dhull,,4
3,164,2016-02-24,Dabang Delhi,311,Anil Kumar,,1
3,164,2016-02-24,Dabang Delhi,264,Selvamani K,,1
3,164,2016-02-24,Dabang Delhi,277,Anil Shriram Nimbolkar,Defender,0
3,164,2016-02-24,Dabang Delhi,278,Gnanasekaran M,Defender,0
3,164,2016-02-24,Dabang Delhi,222,G.S. Manikandan,Defender,0
3,164,2016-02-24,Telugu Titans,81,Rahul Chaudhari,,17
3,164,2016-02-24,Telugu Titans,261,Rohit Baliyan,,10
3,164,2016-02-24,Telugu Titans,251,Meraj Sheykh,,5
3,164,2016-02-24,Telugu Titans,288,Rahul Kumar,Defender,3
3,164,2016-02-24,Telugu Titans,42,Dharmaraj Cheralathan,,2
3,164,2016-02-24,Telugu Titans,111,Sukesh Hegde,,1
3,164,2016-02-24,Telugu Titans,155,Prashanth Kumar Rai,,0
3,164,2016-02-24,Telugu Titans,70,Manoj Kumar,Defender,0
3,165,2016-02-25,Bengaluru Bulls,318,Pawan Kumar Sehrawat,,5
3,165,2016-02-25,Bengaluru Bulls,167,Preetam Chhillar,All Rounder,2
3,165,2016-02-25,Bengaluru Bulls,172,Vinoth Kumar,,2
3,165,2016-02-25,Bengaluru Bulls,174,Deepak Kumar Dahiya,,2
3,165,2016-02-25,Bengaluru Bulls,202,Ashish Kumar,,2
3,165,2016-02-25,Bengaluru Bulls,107,Shrikant Tewthia,,1
3,165,2016-02-25,Bengaluru Bulls,317,Hardeep Duhan,Defender,1
3,165,2016-02-25,Bengaluru Bulls,118,Surjeet Narwal,Raider,0
3,165,2016-02-25,Bengaluru Bulls,275,Deepak Kumar Rathee,Defender,0
3,165,2016-02-25,Bengaluru Bulls,314,Somvir,Defender,0
3,165,2016-02-25,U Mumba,94,Rishank Devadiga,,7
3,165,2016-02-25,U Mumba,29,Anup Kumar,,6
3,165,2016-02-25,U Mumba,71,Mohit Chhillar,,5
3,165,2016-02-25,U Mumba,88,Rakesh Kumar,Raider,5
3,165,2016-02-25,U Mumba,259,Fazel Atrachali,,4
3,165,2016-02-25,U Mumba,123,Vishal Mane,,3
3,165,2016-02-25,U Mumba,219,K. Prapanjan,,1
3,165,2016-02-25,U Mumba,34,Bhupender Singh,,1
3,165,2016-02-25,U Mumba,54,Jeeva Kumar,,0
3,165,2016-02-25,U Mumba,156,Pawan Kumar Kadian,,0
3,166,2016-02-25,Dabang Delhi,119,Surjeet Singh,,12
3,166,2016-02-25,Dabang Delhi,58,Kashiling Adake,,10
3,166,2016-02-25,Dabang Delhi,264,Selvamani K,,4
3,166,2016-02-25,Dabang Delhi,290,Sandeep Kumar Dhull,,3
3,166,2016-02-25,Dabang Delhi,296,Navjot Singh,Defender,1
3,166,2016-02-25,Dabang Delhi,222,G.S. Manikandan,Defender,1
3,166,2016-02-25,Dabang Delhi,278,Gnanasekaran M,Defender,1
3,166,2016-02-25,Dabang Delhi,308,Sushil Vijay Bhosle,Defender,0
3,166,2016-02-25,Dabang Delhi,311,Anil Kumar,,0
3,166,2016-02-25,Dabang Delhi,13,Seong Ryeol Kim,All Rounder,0
3,166,2016-02-25,Patna Pirates,326,Rohit Kumar,,16
3,166,2016-02-25,Patna Pirates,142,Sandeep Narwal,,11
3,166,2016-02-25,Patna Pirates,197,Pardeep Narwal,,7
3,166,2016-02-25,Patna Pirates,67,Mahipal Narwal,Defender,6
3,166,2016-02-25,Patna Pirates,46,Gurvinder Singh,,4
3,166,2016-02-25,Patna Pirates,141,Sunil Jaipal,Raider,3
3,166,2016-02-25,Patna Pirates,212,Amit Hooda,,3
3,166,2016-02-25,Patna Pirates,249,Hadi Oshtorak,,2
3,166,2016-02-25,Patna Pirates,324,Darshan Kadian,,2
3,166,2016-02-25,Patna Pirates,207,Sunil,,0
3,166,2016-02-25,Patna Pirates,211,Deepak Narwal,,0
3,166,2016-02-25,Patna Pirates,14,Tae Deok Eom,,0
3,167,2016-02-26,Puneri Paltan,69,Manjeet Chhillar,,11
3,167,2016-02-26,Puneri Paltan,242,Tushar Patil,,6
3,167,2016-02-26,Puneri Paltan,41,Deepak Niwas Hooda,,5
3,167,2016-02-26,Puneri Paltan,322,Surjeet Singh,,5
3,167,2016-02-26,Puneri Paltan,51,Jasmer Singh Gulia,,4
3,167,2016-02-26,Puneri Paltan,234,Surender Singh,,2
3,167,2016-02-26,Puneri Paltan,240,Ravi Kumar,,2
3,167,2016-02-26,Puneri Paltan,293,Nilesh Salunke,,0
3,167,2016-02-26,Telugu Titans,111,Sukesh Hegde,,6
3,167,2016-02-26,Telugu Titans,261,Rohit Baliyan,,6
3,167,2016-02-26,Telugu Titans,81,Rahul Chaudhari,,5
3,167,2016-02-26,Telugu Titans,70,Manoj Kumar,Defender,4
3,167,2016-02-26,Telugu Titans,42,Dharmaraj Cheralathan,,1
3,167,2016-02-26,Telugu Titans,155,Prashanth Kumar Rai,,1
3,167,2016-02-26,Telugu Titans,288,Rahul Kumar,Defender,0
3,167,2016-02-26,Telugu Titans,251,Meraj Sheykh,,0
3,167,2016-02-26,Telugu Titans,312,Sanju,Defender,0
3,167,2016-02-26,Telugu Titans,313,Virender Wazir Singh,Defender,0
3,168,2016-02-26,Dabang Delhi,264,Selvamani K,,5
3,168,2016-02-26,Dabang Delhi,290,Sandeep Kumar Dhull,,5
3,168,2016-02-26,Dabang Delhi,311,Anil Kumar,,4
3,168,2016-02-26,Dabang Delhi,58,Kashiling Adake,,3
3,168,2016-02-26,Dabang Delhi,157,Ravinder Pahal,,2
3,168,2016-02-26,Dabang Delhi,158,Rakesh Singh Kumar,Defender,0
3,168,2016-02-26,Dabang Delhi,222,G.S. Manikandan,Defender,0
3,168,2016-02-26,Dabang Delhi,119,Surjeet Singh,,0
3,168,2016-02-26,Jaipur Pink Panthers,191,C. Arun,,7
3,168,2016-02-26,Jaipur Pink Panthers,160,Ran Singh,,5
3,168,2016-02-26,Jaipur Pink Panthers,86,Rajesh Narwal,,4
3,168,2016-02-26,Jaipur Pink Panthers,96,Rohit Rana,,2
3,168,2016-02-26,Jaipur Pink Panthers,283,Jagdeesha K.K.,All Rounder,2
3,168,2016-02-26,Jaipur Pink Panthers,200,Mohammad Maghshoudulu,Defender,1
3,168,2016-02-26,Jaipur Pink Panthers,285,Anil Kashinath Patil,Defender,0
3,168,2016-02-26,Jaipur Pink Panthers,193,Rohit Kumar Prajapat,Defender,0
3,168,2016-02-26,Jaipur Pink Panthers,44,Gangadhari Mallesh,,0
3,169,2016-02-27,Bengaluru Bulls,174,Deepak Kumar Dahiya,,7
3,169,2016-02-27,Bengaluru Bulls,202,Ashish Kumar,,4
3,169,2016-02-27,Bengaluru Bulls,318,Pawan Kumar Sehrawat,,4
3,169,2016-02-27,Bengaluru Bulls,172,Vinoth Kumar,,3
3,169,2016-02-27,Bengaluru Bulls,107,Shrikant Tewthia,,3
3,169,2016-02-27,Bengaluru Bulls,167,Preetam Chhillar,All Rounder,2
3,169,2016-02-27,Bengaluru Bulls,314,Somvir,Defender,1
3,169,2016-02-27,Bengaluru Bulls,273,Satish Kumar,All Rounder,0
3,169,2016-02-27,Bengaluru Bulls,275,Deepak Kumar Rathee,Defender,0
3,169,2016-02-27,Bengaluru Bulls,150,Parmod Narwal,All Rounder,0
3,169,2016-02-27,Puneri Paltan,69,Manjeet Chhillar,,8
3,169,2016-02-27,Puneri Paltan,26,Ajay Thakur,,7
3,169,2016-02-27,Puneri Paltan,322,Surjeet Singh,,6
3,169,2016-02-27,Puneri Paltan,234,Surender Singh,,5
3,169,2016-02-27,Puneri Paltan,41,Deepak Niwas Hooda,,4
3,169,2016-02-27,Puneri Paltan,51,Jasmer Singh Gulia,,2
3,169,2016-02-27,Puneri Paltan,242,Tushar Patil,,2
3,169,2016-02-27,Puneri Paltan,245,Yogesh Hooda,,1
3,170,2016-02-27,Dabang Delhi,277,Anil Shriram Nimbolkar,Defender,14
3,170,2016-02-27,Dabang Delhi,264,Selvamani K,,10
3,170,2016-02-27,Dabang Delhi,158,Rakesh Singh Kumar,Defender,2
3,170,2016-02-27,Dabang Delhi,157,Ravinder Pahal,,1
3,170,2016-02-27,Dabang Delhi,13,Seong Ryeol Kim,All Rounder,0
3,170,2016-02-27,Dabang Delhi,278,Gnanasekaran M,Defender,0
3,170,2016-02-27,Dabang Delhi,290,Sandeep Kumar Dhull,,0
3,170,2016-02-27,Dabang Delhi,311,Anil Kumar,,0
3,170,2016-02-27,Bengal Warriors,320,Nitin Tomar,,13
3,170,2016-02-27,Bengal Warriors,12,Jang Kun Lee,,13
3,170,2016-02-27,Bengal Warriors,66,Mahesh Goud,,4
3,170,2016-02-27,Bengal Warriors,73,Nilesh Shinde,Defender,2
3,170,2016-02-27,Bengal Warriors,184,Deepak Kumar,Defender,2
3,170,2016-02-27,Bengal Warriors,271,Narendar Kumar,Defender,0
3,170,2016-02-27,Bengal Warriors,108,Shyam Kumar Sah,Defender,0
3,170,2016-02-27,Bengal Warriors,164,Bajirao Hodage,,0
3,171,2016-02-28,U Mumba,94,Rishank Devadiga,,10
3,171,2016-02-28,U Mumba,29,Anup Kumar,,6
3,171,2016-02-28,U Mumba,88,Rakesh Kumar,Raider,5
3,171,2016-02-28,U Mumba,54,Jeeva Kumar,,3
3,171,2016-02-28,U Mumba,259,Fazel Atrachali,,3
3,171,2016-02-28,U Mumba,71,Mohit Chhillar,,1
3,171,2016-02-28,U Mumba,123,Vishal Mane,,0
3,171,2016-02-28,U Mumba,156,Pawan Kumar Kadian,,0
3,171,2016-02-28,U Mumba,300,Abolfazl Maghsodloumahali,,0
3,171,2016-02-28,U Mumba,34,Bhupender Singh,,0
3,171,2016-02-28,Jaipur Pink Panthers,285,Anil Kashinath Patil,Defender,7
3,171,2016-02-28,Jaipur Pink Panthers,86,Rajesh Narwal,,5
3,171,2016-02-28,Jaipur Pink Panthers,160,Ran Singh,,3
3,171,2016-02-28,Jaipur Pink Panthers,283,Jagdeesha K.K.,All Rounder,2
3,171,2016-02-28,Jaipur Pink Panthers,44,Gangadhari Mallesh,,1
3,171,2016-02-28,Jaipur Pink Panthers,96,Rohit Rana,,0
3,171,2016-02-28,Jaipur Pink Panthers,191,C. Arun,,0
3,171,2016-02-28,Jaipur Pink Panthers,193,Rohit Kumar Prajapat,Defender,0
3,171,2016-02-28,Jaipur Pink Panthers,200,Mohammad Maghshoudulu,Defender,0
3,171,2016-02-28,Jaipur Pink Panthers,22,Wei Yang,All Rounder,0
3,172,2016-02-28,Telugu Titans,81,Rahul Chaudhari,,14
3,172,2016-02-28,Telugu Titans,261,Rohit Baliyan,,8
3,172,2016-02-28,Telugu Titans,111,Sukesh Hegde,,6
3,172,2016-02-28,Telugu Titans,251,Meraj Sheykh,,4
3,172,2016-02-28,Telugu Titans,70,Manoj Kumar,Defender,1
3,172,2016-02-28,Telugu Titans,312,Sanju,Defender,1
3,172,2016-02-28,Telugu Titans,288,Rahul Kumar,Defender,0
3,172,2016-02-28,Telugu Titans,155,Prashanth Kumar Rai,,0
3,172,2016-02-28,Telugu Titans,56,Kalimuthu Balamahendran,Defender,0
3,172,2016-02-28,Telugu Titans,42,Dharmaraj Cheralathan,,0
3,172,2016-02-28,Patna Pirates,197,Pardeep Narwal,,24
3,172,2016-02-28,Patna Pirates,211,Deepak Narwal,,5
3,172,2016-02-28,Patna Pirates,212,Amit Hooda,,2
3,172,2016-02-28,Patna Pirates,249,Hadi Oshtorak,,2
3,172,2016-02-28,Patna Pirates,142,Sandeep Narwal,,2
3,172,2016-02-28,Patna Pirates,207,Sunil,,2
3,172,2016-02-28,Patna Pirates,324,Darshan Kadian,,0
3,172,2016-02-28,Patna Pirates,204,Rakesh Narwal,,0
3,172,2016-02-28,Patna Pirates,14,Tae Deok Eom,,0
3,172,2016-02-28,Patna Pirates,46,Gurvinder Singh,,0
3,173,2016-02-29,U Mumba,29,Anup Kumar,,8
3,173,2016-02-29,U Mumba,88,Rakesh Kumar,Raider,7
3,173,2016-02-29,U Mumba,94,Rishank Devadiga,,5
3,173,2016-02-29,U Mumba,71,Mohit Chhillar,,5
3,173,2016-02-29,U Mumba,54,Jeeva Kumar,,2
3,173,2016-02-29,U Mumba,123,Vishal Mane,,1
3,173,2016-02-29,U Mumba,259,Fazel Atrachali,,0
3,173,2016-02-29,Puneri Paltan,41,Deepak Niwas Hooda,,6
3,173,2016-02-29,Puneri Paltan,51,Jasmer Singh Gulia,,6
3,173,2016-02-29,Puneri Paltan,234,Surender Singh,,5
3,173,2016-02-29,Puneri Paltan,165,Sachin Shingade,,3
3,173,2016-02-29,Puneri Paltan,26,Ajay Thakur,,3
3,173,2016-02-29,Puneri Paltan,322,Surjeet Singh,,2
3,173,2016-02-29,Puneri Paltan,240,Ravi Kumar,,0
3,173,2016-02-29,Puneri Paltan,242,Tushar Patil,,0
3,174,2016-03-01,Bengal Warriors,73,Nilesh Shinde,Defender,7
3,174,2016-03-01,Bengal Warriors,12,Jang Kun Lee,,6
3,174,2016-03-01,Bengal Warriors,66,Mahesh Goud,,5
3,174,2016-03-01,Bengal Warriors,320,Nitin Tomar,,4
3,174,2016-03-01,Bengal Warriors,164,Bajirao Hodage,,2
3,174,2016-03-01,Bengal Warriors,184,Deepak Kumar,Defender,2
3,174,2016-03-01,Bengal Warriors,185,Vijin Thangadurai,,1
3,174,2016-03-01,Bengal Warriors,106,Shrikant Jadhav,,0
3,174,2016-03-01,Bengaluru Bulls,174,Deepak Kumar Dahiya,,6
3,174,2016-03-01,Bengaluru Bulls,167,Preetam Chhillar,All Rounder,3
3,174,2016-03-01,Bengaluru Bulls,107,Shrikant Tewthia,,2
3,174,2016-03-01,Bengaluru Bulls,316,Nirbhay Narwal,Defender,2
3,174,2016-03-01,Bengaluru Bulls,318,Pawan Kumar Sehrawat,,2
3,174,2016-03-01,Bengaluru Bulls,172,Vinoth Kumar,,1
3,174,2016-03-01,Bengaluru Bulls,314,Somvir,Defender,1
3,174,2016-03-01,Bengaluru Bulls,202,Ashish Kumar,,1
3,174,2016-03-01,Bengaluru Bulls,275,Deepak Kumar Rathee,Defender,0
3,175,2016-03-01,U Mumba,94,Rishank Devadiga,,14
3,175,2016-03-01,U Mumba,71,Mohit Chhillar,,6
3,175,2016-03-01,U Mumba,29,Anup Kumar,,4
3,175,2016-03-01,U Mumba,54,Jeeva Kumar,,2
3,175,2016-03-01,U Mumba,34,Bhupender Singh,,1
3,175,2016-03-01,U Mumba,88,Rakesh Kumar,Raider,1
3,175,2016-03-01,U Mumba,227,Vinoth Paulyas,Defender,1
3,175,2016-03-01,U Mumba,259,Fazel Atrachali,,1
3,175,2016-03-01,U Mumba,300,Abolfazl Maghsodloumahali,,0
3,175,2016-03-01,U Mumba,219,K. Prapanjan,,0
3,175,2016-03-01,U Mumba,123,Vishal Mane,,0
3,175,2016-03-01,U Mumba,146,Surender Nada,Defender,0
3,175,2016-03-01,Telugu Titans,81,Rahul Chaudhari,,12
3,175,2016-03-01,Telugu Titans,261,Rohit Baliyan,,4
3,175,2016-03-01,Telugu Titans,111,Sukesh Hegde,,3
3,175,2016-03-01,Telugu Titans,251,Meraj Sheykh,,1
3,175,2016-03-01,Telugu Titans,155,Prashanth Kumar Rai,,0
3,175,2016-03-01,Telugu Titans,179,Vikas Kale,,0
3,175,2016-03-01,Telugu Titans,70,Manoj Kumar,Defender,0
3,175,2016-03-01,Telugu Titans,42,Dharmaraj Cheralathan,,0
3,175,2016-03-01,Telugu Titans,288,Rahul Kumar,Defender,0
3,175,2016-03-01,Telugu Titans,236,T. Prasad,All Rounder,0
3,176,2016-03-02,Puneri Paltan,41,Deepak Niwas Hooda,,13
3,176,2016-03-02,Puneri Paltan,322,Surjeet Singh,,9
3,176,2016-03-02,Puneri Paltan,293,Nilesh Salunke,,5
3,176,2016-03-02,Puneri Paltan,242,Tushar Patil,,4
3,176,2016-03-02,Puneri Paltan,69,Manjeet Chhillar,,3
3,176,2016-03-02,Puneri Paltan,51,Jasmer Singh Gulia,,2
3,176,2016-03-02,Puneri Paltan,10,Simon Kibura,Raider,1
3,176,2016-03-02,Puneri Paltan,240,Ravi Kumar,,0
3,176,2016-03-02,Puneri Paltan,266,David Shilisia J Mosambayi,,0
3,176,2016-03-02,Bengal Warriors,163,Mahendra Ganesh Rajput,,6
3,176,2016-03-02,Bengal Warriors,12,Jang Kun Lee,,4
3,176,2016-03-02,Bengal Warriors,73,Nilesh Shinde,Defender,3
3,176,2016-03-02,Bengal Warriors,268,Vineet Sharma,,3
3,176,2016-03-02,Bengal Warriors,272,Umesh Mhatre,Raider,1
3,176,2016-03-02,Bengal Warriors,164,Bajirao Hodage,,1
3,176,2016-03-02,Bengal Warriors,180,Kedar Lal,Defender,0
3,176,2016-03-02,Bengal Warriors,185,Vijin Thangadurai,,0
3,176,2016-03-02,Bengal Warriors,108,Shyam Kumar Sah,Defender,0
3,176,2016-03-02,Bengal Warriors,66,Mahesh Goud,,0
3,176,2016-03-02,Bengal Warriors,274,Krushna Madane,,0
3,177,2016-03-02,U Mumba,94,Rishank Devadiga,,8
3,177,2016-03-02,U Mumba,29,Anup Kumar,,7
3,177,2016-03-02,U Mumba,88,Rakesh Kumar,Raider,4
3,177,2016-03-02,U Mumba,146,Surender Nada,Defender,4
3,177,2016-03-02,U Mumba,173,Suresu Kumar,Raider,2
3,177,2016-03-02,U Mumba,123,Vishal Mane,,2
3,177,2016-03-02,U Mumba,54,Jeeva Kumar,,2
3,177,2016-03-02,U Mumba,71,Mohit Chhillar,,2
3,177,2016-03-02,U Mumba,8,Masayuki Shimokawa,Raider,0
3,177,2016-03-02,U Mumba,227,Vinoth Paulyas,Defender,0
3,177,2016-03-02,Dabang Delhi,264,Selvamani K,,6
3,177,2016-03-02,Dabang Delhi,290,Sandeep Kumar Dhull,,4
3,177,2016-03-02,Dabang Delhi,277,Anil Shriram Nimbolkar,Defender,3
3,177,2016-03-02,Dabang Delhi,263,Jay Bahadur Bohara,Defender,2
3,177,2016-03-02,Dabang Delhi,13,Seong Ryeol Kim,All Rounder,2
3,177,2016-03-02,Dabang Delhi,311,Anil Kumar,,1
3,177,2016-03-02,Dabang Delhi,310,Lo Chia Wei,Raider,0
3,177,2016-03-02,Dabang Delhi,278,Gnanasekaran M,Defender,0
3,177,2016-03-02,Dabang Delhi,158,Rakesh Singh Kumar,Defender,0
3,177,2016-03-02,Dabang Delhi,222,G.S. Manikandan,Defender,0
3,178,2016-03-04,Patna Pirates,197,Pardeep Narwal,,10
3,178,2016-03-04,Patna Pirates,326,Rohit Kumar,,7
3,178,2016-03-04,Patna Pirates,142,Sandeep Narwal,,5
3,178,2016-03-04,Patna Pirates,215,Vinod Kumar,,4
3,178,2016-03-04,Patna Pirates,207,Sunil,,3
3,178,2016-03-04,Patna Pirates,162,D. Suresh Kumar,Defender,2
3,178,2016-03-04,Patna Pirates,309,Manpreet Singh,Raider,2
3,178,2016-03-04,Patna Pirates,85,Rajesh Mondal,,0
3,178,2016-03-04,Puneri Paltan,41,Deepak Niwas Hooda,,6
3,178,2016-03-04,Puneri Paltan,69,Manjeet Chhillar,,5
3,178,2016-03-04,Puneri Paltan,51,Jasmer Singh Gulia,,2
3,178,2016-03-04,Puneri Paltan,26,Ajay Thakur,,2
3,178,2016-03-04,Puneri Paltan,322,Surjeet Singh,,2
3,178,2016-03-04,Puneri Paltan,293,Nilesh Salunke,,2
3,178,2016-03-04,Puneri Paltan,234,Surender Singh,,0
3,178,2016-03-04,Puneri Paltan,240,Ravi Kumar,,0
3,178,2016-03-04,Puneri Paltan,242,Tushar Patil,,0
3,179,2016-03-04,U Mumba,94,Rishank Devadiga,,13
3,179,2016-03-04,U Mumba,71,Mohit Chhillar,,6
3,179,2016-03-04,U Mumba,29,Anup Kumar,,6
3,179,2016-03-04,U Mumba,259,Fazel Atrachali,,3
3,179,2016-03-04,U Mumba,88,Rakesh Kumar,Raider,3
3,179,2016-03-04,U Mumba,54,Jeeva Kumar,,2
3,179,2016-03-04,U Mumba,227,Vinoth Paulyas,Defender,1
3,179,2016-03-04,U Mumba,105,Shabeer Bappu,,0
3,179,2016-03-04,U Mumba,123,Vishal Mane,,0
3,179,2016-03-04,U Mumba,34,Bhupender Singh,,0
3,179,2016-03-04,Bengal Warriors,320,Nitin Tomar,,8
3,179,2016-03-04,Bengal Warriors,268,Vineet Sharma,,6
3,179,2016-03-04,Bengal Warriors,272,Umesh Mhatre,Raider,6
3,179,2016-03-04,Bengal Warriors,163,Mahendra Ganesh Rajput,,3
3,179,2016-03-04,Bengal Warriors,164,Bajirao Hodage,,2
3,179,2016-03-04,Bengal Warriors,181,Deepak Dhull,Defender,1
3,179,2016-03-04,Bengal Warriors,108,Shyam Kumar Sah,Defender,1
3,179,2016-03-04,Bengal Warriors,184,Deepak Kumar,Defender,0
3,179,2016-03-04,Bengal Warriors,73,Nilesh Shinde,Defender,0
3,179,2016-03-04,Bengal Warriors,12,Jang Kun Lee,,0
3,180,2016-03-05,Bengal Warriors,12,Jang Kun Lee,,9
3,180,2016-03-05,Bengal Warriors,163,Mahendra Ganesh Rajput,,5
3,180,2016-03-05,Bengal Warriors,164,Bajirao Hodage,,4
3,180,2016-03-05,Bengal Warriors,73,Nilesh Shinde,Defender,3
3,180,2016-03-05,Bengal Warriors,108,Shyam Kumar Sah,Defender,3
3,180,2016-03-05,Bengal Warriors,272,Umesh Mhatre,Raider,1
3,180,2016-03-05,Bengal Warriors,268,Vineet Sharma,,0
3,180,2016-03-05,Bengal Warriors,271,Narendar Kumar,Defender,0
3,180,2016-03-05,Puneri Paltan,41,Deepak Niwas Hooda,,9
3,180,2016-03-05,Puneri Paltan,69,Manjeet Chhillar,,6
3,180,2016-03-05,Puneri Paltan,26,Ajay Thakur,,4
3,180,2016-03-05,Puneri Paltan,322,Surjeet Singh,,2
3,180,2016-03-05,Puneri Paltan,51,Jasmer Singh Gulia,,1
3,180,2016-03-05,Puneri Paltan,234,Surender Singh,,1
3,180,2016-03-05,Puneri Paltan,240,Ravi Kumar,,1
3,180,2016-03-05,Puneri Paltan,242,Tushar Patil,,1
3,181,2016-03-05,U Mumba,29,Anup Kumar,,8
3,181,2016-03-05,U Mumba,71,Mohit Chhillar,,6
3,181,2016-03-05,U Mumba,105,Shabeer Bappu,,3
3,181,2016-03-05,U Mumba,146,Surender Nada,Defender,2
3,181,2016-03-05,U Mumba,88,Rakesh Kumar,Raider,2
3,181,2016-03-05,U Mumba,54,Jeeva Kumar,,2
3,181,2016-03-05,U Mumba,94,Rishank Devadiga,,1
3,181,2016-03-05,U Mumba,123,Vishal Mane,,1
3,181,2016-03-05,U Mumba,259,Fazel Atrachali,,0
3,181,2016-03-05,Patna Pirates,326,Rohit Kumar,,8
3,181,2016-03-05,Patna Pirates,142,Sandeep Narwal,,7
3,181,2016-03-05,Patna Pirates,85,Rajesh Mondal,,3
3,181,2016-03-05,Patna Pirates,215,Vinod Kumar,,3
3,181,2016-03-05,Patna Pirates,207,Sunil,,2
3,181,2016-03-05,Patna Pirates,162,D. Suresh Kumar,Defender,2
3,181,2016-03-05,Patna Pirates,211,Deepak Narwal,,1
3,181,2016-03-05,Patna Pirates,309,Manpreet Singh,Raider,1
3,181,2016-03-05,Patna Pirates,46,Gurvinder Singh,,1
3,181,2016-03-05,Patna Pirates,197,Pardeep Narwal,,0
4,182,2016-06-25,Puneri Paltan,69,Manjeet Chhillar,,6
4,182,2016-06-25,Puneri Paltan,190,Sonu Narwal,Raider,5
4,182,2016-06-25,Puneri Paltan,194,Joginder Singh Narwal,,3
4,182,2016-06-25,Puneri Paltan,26,Ajay Thakur,,3
4,182,2016-06-25,Puneri Paltan,157,Ravinder Pahal,,3
4,182,2016-06-25,Puneri Paltan,41,Deepak Niwas Hooda,,2
4,182,2016-06-25,Puneri Paltan,320,Nitin Tomar,,1
4,182,2016-06-25,Puneri Paltan,109,Somvir Shekhar,Defender,0
4,182,2016-06-25,Puneri Paltan,384,Ravinder Kumar,,0
4,182,2016-06-25,Telugu Titans,142,Sandeep Narwal,,6
4,182,2016-06-25,Telugu Titans,215,Vinod Kumar,,5
4,182,2016-06-25,Telugu Titans,81,Rahul Chaudhari,,4
4,182,2016-06-25,Telugu Titans,391,S Mahalingam,All Rounder,2
4,182,2016-06-25,Telugu Titans,51,Jasmer Singh Gulia,,1
4,182,2016-06-25,Telugu Titans,172,Vinoth Kumar,,1
4,182,2016-06-25,Telugu Titans,111,Sukesh Hegde,,0
4,182,2016-06-25,Telugu Titans,219,K. Prapanjan,,0
4,182,2016-06-25,Telugu Titans,290,Sandeep Kumar Dhull,,0
4,182,2016-06-25,Telugu Titans,293,Nilesh Salunke,,0
4,182,2016-06-25,Telugu Titans,347,Sagar B. Krishna,,0
4,183,2016-06-25,U Mumba,88,Rakesh Kumar,Raider,12
4,183,2016-06-25,U Mumba,94,Rishank Devadiga,,5
4,183,2016-06-25,U Mumba,207,Sunil,,2
4,183,2016-06-25,U Mumba,322,Surjeet Singh,,2
4,183,2016-06-25,U Mumba,29,Anup Kumar,,2
4,183,2016-06-25,U Mumba,46,Gurvinder Singh,,1
4,183,2016-06-25,U Mumba,54,Jeeva Kumar,,1
4,183,2016-06-25,U Mumba,233,Manoj Dhull,,0
4,183,2016-06-25,U Mumba,234,Surender Singh,,0
4,183,2016-06-25,Jaipur Pink Panthers,105,Shabeer Bappu,,9
4,183,2016-06-25,Jaipur Pink Panthers,160,Ran Singh,,4
4,183,2016-06-25,Jaipur Pink Panthers,389,Ajay Kumar,,3
4,183,2016-06-25,Jaipur Pink Panthers,212,Amit Hooda,,3
4,183,2016-06-25,Jaipur Pink Panthers,242,Tushar Patil,,2
4,183,2016-06-25,Jaipur Pink Panthers,86,Rajesh Narwal,,2
4,183,2016-06-25,Jaipur Pink Panthers,52,Jasvir Singh,,2
4,183,2016-06-25,Jaipur Pink Panthers,390,Jawahar Dagar,,1
4,184,2016-06-26,Bengaluru Bulls,326,Rohit Kumar,,7
4,184,2016-06-26,Bengaluru Bulls,146,Surender Nada,Defender,5
4,184,2016-06-26,Bengaluru Bulls,71,Mohit Chhillar,,3
4,184,2016-06-26,Bengaluru Bulls,174,Deepak Kumar Dahiya,,2
4,184,2016-06-26,Bengaluru Bulls,156,Pawan Kumar Kadian,,1
4,184,2016-06-26,Bengaluru Bulls,387,Vinod Kumar,,1
4,184,2016-06-26,Bengaluru Bulls,202,Ashish Kumar,,1
4,184,2016-06-26,Bengaluru Bulls,318,Pawan Kumar Sehrawat,,0
4,184,2016-06-26,Bengaluru Bulls,70,Manoj Kumar,Defender,0
4,184,2016-06-26,Bengal Warriors,12,Jang Kun Lee,,5
4,184,2016-06-26,Bengal Warriors,388,Monu Goyat,,5
4,184,2016-06-26,Bengal Warriors,161,Girish Maruti Ernak,,3
4,184,2016-06-26,Bengal Warriors,73,Nilesh Shinde,Defender,3
4,184,2016-06-26,Bengal Warriors,75,Nitin Madane,Raider,2
4,184,2016-06-26,Bengal Warriors,123,Vishal Mane,,1
4,184,2016-06-26,Bengal Warriors,240,Ravi Kumar,,0
4,184,2016-06-26,Bengal Warriors,118,Surjeet Narwal,Raider,0
4,184,2016-06-26,Bengal Warriors,191,C. Arun,,0
4,185,2016-06-26,Puneri Paltan,26,Ajay Thakur,,12
4,185,2016-06-26,Puneri Paltan,69,Manjeet Chhillar,,7
4,185,2016-06-26,Puneri Paltan,194,Joginder Singh Narwal,,4
4,185,2016-06-26,Puneri Paltan,41,Deepak Niwas Hooda,,3
4,185,2016-06-26,Puneri Paltan,109,Somvir Shekhar,Defender,2
4,185,2016-06-26,Puneri Paltan,157,Ravinder Pahal,,2
4,185,2016-06-26,Puneri Paltan,320,Nitin Tomar,,2
4,185,2016-06-26,U Mumba,29,Anup Kumar,,9
4,185,2016-06-26,U Mumba,88,Rakesh Kumar,Raider,2
4,185,2016-06-26,U Mumba,94,Rishank Devadiga,,2
4,185,2016-06-26,U Mumba,380,Vikash Kumar,Raider,2
4,185,2016-06-26,U Mumba,207,Sunil,,1
4,185,2016-06-26,U Mumba,234,Surender Singh,,1
4,185,2016-06-26,U Mumba,54,Jeeva Kumar,,1
4,185,2016-06-26,U Mumba,322,Surjeet Singh,,0
4,186,2016-06-27,Bengal Warriors,92,Ravi Dalal,Raider,6
4,186,2016-06-27,Bengal Warriors,73,Nilesh Shinde,Defender,4
4,186,2016-06-27,Bengal Warriors,75,Nitin Madane,Raider,3
4,186,2016-06-27,Bengal Warriors,161,Girish Maruti Ernak,,3
4,186,2016-06-27,Bengal Warriors,388,Monu Goyat,,3
4,186,2016-06-27,Bengal Warriors,191,C. Arun,,2
4,186,2016-06-27,Bengal Warriors,12,Jang Kun Lee,,2
4,186,2016-06-27,Bengal Warriors,123,Vishal Mane,,1
4,186,2016-06-27,Bengal Warriors,106,Shrikant Jadhav,,0
4,186,2016-06-27,Dabang Delhi,251,Meraj Sheykh,,9
4,186,2016-06-27,Dabang Delhi,386,Anil Kumar,,3
4,186,2016-06-27,Dabang Delhi,264,Selvamani K,,2
4,186,2016-06-27,Dabang Delhi,58,Kashiling Adake,,2
4,186,2016-06-27,Dabang Delhi,211,Deepak Narwal,,1
4,186,2016-06-27,Dabang Delhi,155,Prashanth Kumar Rai,,1
4,186,2016-06-27,Dabang Delhi,162,D. Suresh Kumar,Defender,1
4,186,2016-06-27,Dabang Delhi,165,Sachin Shingade,,1
4,186,2016-06-27,Dabang Delhi,147,Prashant Chavan,All Rounder,0
4,187,2016-06-27,Puneri Paltan,320,Nitin Tomar,,7
4,187,2016-06-27,Puneri Paltan,41,Deepak Niwas Hooda,,6
4,187,2016-06-27,Puneri Paltan,69,Manjeet Chhillar,,3
4,187,2016-06-27,Puneri Paltan,157,Ravinder Pahal,,3
4,187,2016-06-27,Puneri Paltan,190,Sonu Narwal,Raider,2
4,187,2016-06-27,Puneri Paltan,194,Joginder Singh Narwal,,2
4,187,2016-06-27,Puneri Paltan,26,Ajay Thakur,,1
4,187,2016-06-27,Puneri Paltan,167,Preetam Chhillar,All Rounder,0
4,187,2016-06-27,Puneri Paltan,109,Somvir Shekhar,Defender,0
4,187,2016-06-27,Patna Pirates,119,Surjeet Singh,,7
4,187,2016-06-27,Patna Pirates,197,Pardeep Narwal,,7
4,187,2016-06-27,Patna Pirates,42,Dharmaraj Cheralathan,,5
4,187,2016-06-27,Patna Pirates,85,Rajesh Mondal,,3
4,187,2016-06-27,Patna Pirates,259,Fazel Atrachali,,2
4,187,2016-06-27,Patna Pirates,252,Kuldeep Singh,,1
4,187,2016-06-27,Patna Pirates,164,Bajirao Hodage,,1
4,187,2016-06-27,Patna Pirates,66,Mahesh Goud,,0
4,188,2016-06-28,Puneri Paltan,41,Deepak Niwas Hooda,,7
4,188,2016-06-28,Puneri Paltan,69,Manjeet Chhillar,,7
4,188,2016-06-28,Puneri Paltan,190,Sonu Narwal,Raider,3
4,188,2016-06-28,Puneri Paltan,194,Joginder Singh Narwal,,3
4,188,2016-06-28,Puneri Paltan,320,Nitin Tomar,,2
4,188,2016-06-28,Puneri Paltan,109,Somvir Shekhar,Defender,2
4,188,2016-06-28,Puneri Paltan,157,Ravinder Pahal,,1
4,188,2016-06-28,Puneri Paltan,26,Ajay Thakur,,0
4,188,2016-06-28,Dabang Delhi,58,Kashiling Adake,,5
4,188,2016-06-28,Dabang Delhi,165,Sachin Shingade,,5
4,188,2016-06-28,Dabang Delhi,211,Deepak Narwal,,5
4,188,2016-06-28,Dabang Delhi,251,Meraj Sheykh,,4
4,188,2016-06-28,Dabang Delhi,264,Selvamani K,,4
4,188,2016-06-28,Dabang Delhi,162,D. Suresh Kumar,Defender,1
4,188,2016-06-28,Dabang Delhi,386,Anil Kumar,,0
4,188,2016-06-28,Dabang Delhi,147,Prashant Chavan,All Rounder,0
4,188,2016-06-28,Dabang Delhi,34,Bhupender Singh,,0
4,189,2016-06-29,Jaipur Pink Panthers,86,Rajesh Narwal,,8
4,189,2016-06-29,Jaipur Pink Panthers,52,Jasvir Singh,,3
4,189,2016-06-29,Jaipur Pink Panthers,160,Ran Singh,,3
4,189,2016-06-29,Jaipur Pink Panthers,212,Amit Hooda,,3
4,189,2016-06-29,Jaipur Pink Panthers,67,Mahipal Narwal,Defender,2
4,189,2016-06-29,Jaipur Pink Panthers,105,Shabeer Bappu,,2
4,189,2016-06-29,Jaipur Pink Panthers,389,Ajay Kumar,,0
4,189,2016-06-29,Jaipur Pink Panthers,390,Jawahar Dagar,,0
4,189,2016-06-29,Jaipur Pink Panthers,242,Tushar Patil,,0
4,189,2016-06-29,Telugu Titans,142,Sandeep Narwal,,6
4,189,2016-06-29,Telugu Titans,293,Nilesh Salunke,,4
4,189,2016-06-29,Telugu Titans,172,Vinoth Kumar,,4
4,189,2016-06-29,Telugu Titans,215,Vinod Kumar,,3
4,189,2016-06-29,Telugu Titans,391,S Mahalingam,All Rounder,2
4,189,2016-06-29,Telugu Titans,81,Rahul Chaudhari,,1
4,189,2016-06-29,Telugu Titans,51,Jasmer Singh Gulia,,1
4,189,2016-06-29,Telugu Titans,111,Sukesh Hegde,,0
4,189,2016-06-29,Telugu Titans,219,K. Prapanjan,,0
4,189,2016-06-29,Telugu Titans,376,Athul MS,,0
4,190,2016-06-29,U Mumba,94,Rishank Devadiga,,11
4,190,2016-06-29,U Mumba,29,Anup Kumar,,6
4,190,2016-06-29,U Mumba,88,Rakesh Kumar,Raider,3
4,190,2016-06-29,U Mumba,207,Sunil,,3
4,190,2016-06-29,U Mumba,322,Surjeet Singh,,3
4,190,2016-06-29,U Mumba,54,Jeeva Kumar,,2
4,190,2016-06-29,U Mumba,380,Vikash Kumar,Raider,1
4,190,2016-06-29,U Mumba,173,Suresu Kumar,Raider,1
4,190,2016-06-29,U Mumba,46,Gurvinder Singh,,0
4,190,2016-06-29,Patna Pirates,197,Pardeep Narwal,,18
4,190,2016-06-29,Patna Pirates,252,Kuldeep Singh,,5
4,190,2016-06-29,Patna Pirates,164,Bajirao Hodage,,4
4,190,2016-06-29,Patna Pirates,259,Fazel Atrachali,,2
4,190,2016-06-29,Patna Pirates,119,Surjeet Singh,,1
4,190,2016-06-29,Patna Pirates,42,Dharmaraj Cheralathan,,1
4,190,2016-06-29,Patna Pirates,66,Mahesh Goud,,0
4,190,2016-06-29,Patna Pirates,85,Rajesh Mondal,,0
4,190,2016-06-29,Patna Pirates,311,Anil Kumar,,0
4,191,2016-06-30,Jaipur Pink Panthers,52,Jasvir Singh,,9
4,191,2016-06-30,Jaipur Pink Panthers,86,Rajesh Narwal,,6
4,191,2016-06-30,Jaipur Pink Panthers,67,Mahipal Narwal,Defender,3
4,191,2016-06-30,Jaipur Pink Panthers,105,Shabeer Bappu,,2
4,191,2016-06-30,Jaipur Pink Panthers,160,Ran Singh,,2
4,191,2016-06-30,Jaipur Pink Panthers,212,Amit Hooda,,2
4,191,2016-06-30,Jaipur Pink Panthers,390,Jawahar Dagar,,1
4,191,2016-06-30,Jaipur Pink Panthers,389,Ajay Kumar,,0
4,191,2016-06-30,Bengaluru Bulls,326,Rohit Kumar,,6
4,191,2016-06-30,Bengaluru Bulls,387,Vinod Kumar,,5
4,191,2016-06-30,Bengaluru Bulls,71,Mohit Chhillar,,4
4,191,2016-06-30,Bengaluru Bulls,156,Pawan Kumar Kadian,,2
4,191,2016-06-30,Bengaluru Bulls,70,Manoj Kumar,Defender,2
4,191,2016-06-30,Bengaluru Bulls,174,Deepak Kumar Dahiya,,2
4,191,2016-06-30,Bengaluru Bulls,202,Ashish Kumar,,1
4,191,2016-06-30,Bengaluru Bulls,146,Surender Nada,Defender,0
4,191,2016-06-30,Bengaluru Bulls,318,Pawan Kumar Sehrawat,,0
4,192,2016-07-01,U Mumba,94,Rishank Devadiga,,8
4,192,2016-07-01,U Mumba,234,Surender Singh,,3
4,192,2016-07-01,U Mumba,88,Rakesh Kumar,Raider,3
4,192,2016-07-01,U Mumba,207,Sunil,,3
4,192,2016-07-01,U Mumba,29,Anup Kumar,,3
4,192,2016-07-01,U Mumba,54,Jeeva Kumar,,2
4,192,2016-07-01,U Mumba,322,Surjeet Singh,,2
4,192,2016-07-01,Dabang Delhi,58,Kashiling Adake,,7
4,192,2016-07-01,Dabang Delhi,165,Sachin Shingade,,5
4,192,2016-07-01,Dabang Delhi,264,Selvamani K,,5
4,192,2016-07-01,Dabang Delhi,360,Sanket Chavan,Defender,2
4,192,2016-07-01,Dabang Delhi,211,Deepak Narwal,,1
4,192,2016-07-01,Dabang Delhi,251,Meraj Sheykh,,1
4,192,2016-07-01,Dabang Delhi,152,D. Gopu,,1
4,192,2016-07-01,Dabang Delhi,162,D. Suresh Kumar,Defender,1
4,192,2016-07-01,Dabang Delhi,34,Bhupender Singh,,0
4,193,2016-07-01,Jaipur Pink Panthers,52,Jasvir Singh,,13
4,193,2016-07-01,Jaipur Pink Panthers,105,Shabeer Bappu,,10
4,193,2016-07-01,Jaipur Pink Panthers,86,Rajesh Narwal,,3
4,193,2016-07-01,Jaipur Pink Panthers,242,Tushar Patil,,3
4,193,2016-07-01,Jaipur Pink Panthers,212,Amit Hooda,,2
4,193,2016-07-01,Jaipur Pink Panthers,160,Ran Singh,,1
4,193,2016-07-01,Jaipur Pink Panthers,67,Mahipal Narwal,Defender,1
4,193,2016-07-01,Jaipur Pink Panthers,107,Shrikant Tewthia,,0
4,193,2016-07-01,Jaipur Pink Panthers,390,Jawahar Dagar,,0
4,193,2016-07-01,Bengal Warriors,388,Monu Goyat,,8
4,193,2016-07-01,Bengal Warriors,75,Nitin Madane,Raider,8
4,193,2016-07-01,Bengal Warriors,106,Shrikant Jadhav,,5
4,193,2016-07-01,Bengal Warriors,161,Girish Maruti Ernak,,4
4,193,2016-07-01,Bengal Warriors,73,Nilesh Shinde,Defender,3
4,193,2016-07-01,Bengal Warriors,191,C. Arun,,1
4,193,2016-07-01,Bengal Warriors,240,Ravi Kumar,,0
4,193,2016-07-01,Bengal Warriors,123,Vishal Mane,,0
4,193,2016-07-01,Bengal Warriors,92,Ravi Dalal,Raider,0
4,194,2016-07-02,Dabang Delhi,251,Meraj Sheykh,,8
4,194,2016-07-02,Dabang Delhi,165,Sachin Shingade,,7
4,194,2016-07-02,Dabang Delhi,152,D. Gopu,,5
4,194,2016-07-02,Dabang Delhi,58,Kashiling Adake,,2
4,194,2016-07-02,Dabang Delhi,264,Selvamani K,,2
4,194,2016-07-02,Dabang Delhi,360,Sanket Chavan,Defender,2
4,194,2016-07-02,Dabang Delhi,162,D. Suresh Kumar,Defender,1
4,194,2016-07-02,Dabang Delhi,155,Prashanth Kumar Rai,,0
4,194,2016-07-02,Bengaluru Bulls,326,Rohit Kumar,,8
4,194,2016-07-02,Bengaluru Bulls,71,Mohit Chhillar,,7
4,194,2016-07-02,Bengaluru Bulls,387,Vinod Kumar,,3
4,194,2016-07-02,Bengaluru Bulls,245,Yogesh Hooda,,3
4,194,2016-07-02,Bengaluru Bulls,146,Surender Nada,Defender,2
4,194,2016-07-02,Bengaluru Bulls,70,Manoj Kumar,Defender,0
4,194,2016-07-02,Bengaluru Bulls,156,Pawan Kumar Kadian,,0
4,194,2016-07-02,Bengaluru Bulls,202,Ashish Kumar,,0
4,194,2016-07-02,Bengaluru Bulls,318,Pawan Kumar Sehrawat,,0
4,195,2016-07-02,Jaipur Pink Panthers,389,Ajay Kumar,,11
4,195,2016-07-02,Jaipur Pink Panthers,86,Rajesh Narwal,,8
4,195,2016-07-02,Jaipur Pink Panthers,105,Shabeer Bappu,,5
4,195,2016-07-02,Jaipur Pink Panthers,212,Amit Hooda,,3
4,195,2016-07-02,Jaipur Pink Panthers,52,Jasvir Singh,,1
4,195,2016-07-02,Jaipur Pink Panthers,67,Mahipal Narwal,Defender,0
4,195,2016-07-02,Jaipur Pink Panthers,160,Ran Singh,,0
4,195,2016-07-02,Jaipur Pink Panthers,242,Tushar Patil,,0
4,195,2016-07-02,Jaipur Pink Panthers,357,Parvesh Bhainswal,,0
4,195,2016-07-02,Puneri Paltan,41,Deepak Niwas Hooda,,9
4,195,2016-07-02,Puneri Paltan,69,Manjeet Chhillar,,7
4,195,2016-07-02,Puneri Paltan,157,Ravinder Pahal,,5
4,195,2016-07-02,Puneri Paltan,26,Ajay Thakur,,4
4,195,2016-07-02,Puneri Paltan,194,Joginder Singh Narwal,,2
4,195,2016-07-02,Puneri Paltan,320,Nitin Tomar,,2
4,195,2016-07-02,Puneri Paltan,109,Somvir Shekhar,Defender,0
4,196,2016-07-03,Telugu Titans,81,Rahul Chaudhari,,11
4,196,2016-07-03,Telugu Titans,142,Sandeep Narwal,,5
4,196,2016-07-03,Telugu Titans,215,Vinod Kumar,,4
4,196,2016-07-03,Telugu Titans,172,Vinoth Kumar,,3
4,196,2016-07-03,Telugu Titans,111,Sukesh Hegde,,2
4,196,2016-07-03,Telugu Titans,391,S Mahalingam,All Rounder,2
4,196,2016-07-03,Telugu Titans,51,Jasmer Singh Gulia,,1
4,196,2016-07-03,Telugu Titans,293,Nilesh Salunke,,0
4,196,2016-07-03,Telugu Titans,314,Somvir,Defender,0
4,196,2016-07-03,Patna Pirates,197,Pardeep Narwal,,11
4,196,2016-07-03,Patna Pirates,85,Rajesh Mondal,,7
4,196,2016-07-03,Patna Pirates,252,Kuldeep Singh,,5
4,196,2016-07-03,Patna Pirates,42,Dharmaraj Cheralathan,,3
4,196,2016-07-03,Patna Pirates,119,Surjeet Singh,,2
4,196,2016-07-03,Patna Pirates,259,Fazel Atrachali,,2
4,196,2016-07-03,Patna Pirates,185,Vijin Thangadurai,,1
4,196,2016-07-03,Patna Pirates,164,Bajirao Hodage,,1
4,196,2016-07-03,Patna Pirates,66,Mahesh Goud,,0
4,197,2016-07-03,Bengal Warriors,161,Girish Maruti Ernak,,3
4,197,2016-07-03,Bengal Warriors,92,Ravi Dalal,Raider,2
4,197,2016-07-03,Bengal Warriors,73,Nilesh Shinde,Defender,2
4,197,2016-07-03,Bengal Warriors,75,Nitin Madane,Raider,2
4,197,2016-07-03,Bengal Warriors,388,Monu Goyat,,2
4,197,2016-07-03,Bengal Warriors,106,Shrikant Jadhav,,1
4,197,2016-07-03,Bengal Warriors,118,Surjeet Narwal,Raider,1
4,197,2016-07-03,Bengal Warriors,191,C. Arun,,1
4,197,2016-07-03,Bengal Warriors,123,Vishal Mane,,0
4,197,2016-07-03,U Mumba,94,Rishank Devadiga,,5
4,197,2016-07-03,U Mumba,88,Rakesh Kumar,Raider,4
4,197,2016-07-03,U Mumba,322,Surjeet Singh,,4
4,197,2016-07-03,U Mumba,29,Anup Kumar,,3
4,197,2016-07-03,U Mumba,173,Suresu Kumar,Raider,3
4,197,2016-07-03,U Mumba,54,Jeeva Kumar,,2
4,197,2016-07-03,U Mumba,234,Surender Singh,,2
4,197,2016-07-03,U Mumba,207,Sunil,,1
4,198,2016-07-04,Bengaluru Bulls,326,Rohit Kumar,,8
4,198,2016-07-04,Bengaluru Bulls,71,Mohit Chhillar,,7
4,198,2016-07-04,Bengaluru Bulls,202,Ashish Kumar,,6
4,198,2016-07-04,Bengaluru Bulls,231,Amit Om Prakash Rathi,Raider,3
4,198,2016-07-04,Bengaluru Bulls,146,Surender Nada,Defender,2
4,198,2016-07-04,Bengaluru Bulls,156,Pawan Kumar Kadian,,1
4,198,2016-07-04,Bengaluru Bulls,70,Manoj Kumar,Defender,1
4,198,2016-07-04,Bengaluru Bulls,174,Deepak Kumar Dahiya,,0
4,198,2016-07-04,Bengaluru Bulls,288,Rahul Kumar,Defender,0
4,198,2016-07-04,Puneri Paltan,157,Ravinder Pahal,,6
4,198,2016-07-04,Puneri Paltan,41,Deepak Niwas Hooda,,5
4,198,2016-07-04,Puneri Paltan,320,Nitin Tomar,,4
4,198,2016-07-04,Puneri Paltan,69,Manjeet Chhillar,,3
4,198,2016-07-04,Puneri Paltan,190,Sonu Narwal,Raider,3
4,198,2016-07-04,Puneri Paltan,194,Joginder Singh Narwal,,2
4,198,2016-07-04,Puneri Paltan,150,Parmod Narwal,All Rounder,0
4,198,2016-07-04,Puneri Paltan,109,Somvir Shekhar,Defender,0
4,198,2016-07-04,Puneri Paltan,26,Ajay Thakur,,0
4,199,2016-07-04,Telugu Titans,81,Rahul Chaudhari,,10
4,199,2016-07-04,Telugu Titans,290,Sandeep Kumar Dhull,,8
4,199,2016-07-04,Telugu Titans,293,Nilesh Salunke,,4
4,199,2016-07-04,Telugu Titans,215,Vinod Kumar,,3
4,199,2016-07-04,Telugu Titans,219,K. Prapanjan,,3
4,199,2016-07-04,Telugu Titans,142,Sandeep Narwal,,2
4,199,2016-07-04,Telugu Titans,51,Jasmer Singh Gulia,,1
4,199,2016-07-04,Telugu Titans,200,Mohammad Maghshoudulu,Defender,0
4,199,2016-07-04,Bengal Warriors,73,Nilesh Shinde,Defender,3
4,199,2016-07-04,Bengal Warriors,75,Nitin Madane,Raider,3
4,199,2016-07-04,Bengal Warriors,123,Vishal Mane,,3
4,199,2016-07-04,Bengal Warriors,388,Monu Goyat,,3
4,199,2016-07-04,Bengal Warriors,92,Ravi Dalal,Raider,2
4,199,2016-07-04,Bengal Warriors,106,Shrikant Jadhav,,1
4,199,2016-07-04,Bengal Warriors,161,Girish Maruti Ernak,,0
4,199,2016-07-04,Bengal Warriors,163,Mahendra Ganesh Rajput,,0
4,199,2016-07-04,Bengal Warriors,191,C. Arun,,0
4,199,2016-07-04,Bengal Warriors,240,Ravi Kumar,,0
4,200,2016-07-05,Telugu Titans,81,Rahul Chaudhari,,9
4,200,2016-07-05,Telugu Titans,293,Nilesh Salunke,,7
4,200,2016-07-05,Telugu Titans,142,Sandeep Narwal,,4
4,200,2016-07-05,Telugu Titans,215,Vinod Kumar,,2
4,200,2016-07-05,Telugu Titans,219,K. Prapanjan,,1
4,200,2016-07-05,Telugu Titans,290,Sandeep Kumar Dhull,,1
4,200,2016-07-05,Telugu Titans,200,Mohammad Maghshoudulu,Defender,0
4,200,2016-07-05,Telugu Titans,51,Jasmer Singh Gulia,,0
4,200,2016-07-05,Telugu Titans,314,Somvir,Defender,0
4,200,2016-07-05,Bengaluru Bulls,326,Rohit Kumar,,11
4,200,2016-07-05,Bengaluru Bulls,387,Vinod Kumar,,4
4,200,2016-07-05,Bengaluru Bulls,156,Pawan Kumar Kadian,,4
4,200,2016-07-05,Bengaluru Bulls,146,Surender Nada,Defender,2
4,200,2016-07-05,Bengaluru Bulls,202,Ashish Kumar,,2
4,200,2016-07-05,Bengaluru Bulls,71,Mohit Chhillar,,2
4,200,2016-07-05,Bengaluru Bulls,70,Manoj Kumar,Defender,1
4,200,2016-07-05,Bengaluru Bulls,288,Rahul Kumar,Defender,0
4,201,2016-07-06,Dabang Delhi,251,Meraj Sheykh,,8
4,201,2016-07-06,Dabang Delhi,58,Kashiling Adake,,7
4,201,2016-07-06,Dabang Delhi,211,Deepak Narwal,,4
4,201,2016-07-06,Dabang Delhi,264,Selvamani K,,3
4,201,2016-07-06,Dabang Delhi,360,Sanket Chavan,Defender,2
4,201,2016-07-06,Dabang Delhi,165,Sachin Shingade,,1
4,201,2016-07-06,Dabang Delhi,162,D. Suresh Kumar,Defender,0
4,201,2016-07-06,Dabang Delhi,147,Prashant Chavan,All Rounder,0
4,201,2016-07-06,Dabang Delhi,152,D. Gopu,,0
4,201,2016-07-06,Dabang Delhi,155,Prashanth Kumar Rai,,0
4,201,2016-07-06,Jaipur Pink Panthers,86,Rajesh Narwal,,16
4,201,2016-07-06,Jaipur Pink Panthers,52,Jasvir Singh,,9
4,201,2016-07-06,Jaipur Pink Panthers,212,Amit Hooda,,6
4,201,2016-07-06,Jaipur Pink Panthers,389,Ajay Kumar,,4
4,201,2016-07-06,Jaipur Pink Panthers,67,Mahipal Narwal,Defender,3
4,201,2016-07-06,Jaipur Pink Panthers,160,Ran Singh,,2
4,201,2016-07-06,Jaipur Pink Panthers,371,Amit Nagar,,1
4,201,2016-07-06,Jaipur Pink Panthers,357,Parvesh Bhainswal,,0
4,201,2016-07-06,Jaipur Pink Panthers,390,Jawahar Dagar,,0
4,201,2016-07-06,Jaipur Pink Panthers,242,Tushar Patil,,0
4,201,2016-07-06,Jaipur Pink Panthers,107,Shrikant Tewthia,,0
4,202,2016-07-06,Telugu Titans,81,Rahul Chaudhari,,8
4,202,2016-07-06,Telugu Titans,293,Nilesh Salunke,,8
4,202,2016-07-06,Telugu Titans,290,Sandeep Kumar Dhull,,4
4,202,2016-07-06,Telugu Titans,219,K. Prapanjan,,3
4,202,2016-07-06,Telugu Titans,142,Sandeep Narwal,,3
4,202,2016-07-06,Telugu Titans,215,Vinod Kumar,,2
4,202,2016-07-06,Telugu Titans,51,Jasmer Singh Gulia,,2
4,202,2016-07-06,Telugu Titans,200,Mohammad Maghshoudulu,Defender,0
4,202,2016-07-06,Telugu Titans,279,Shashank Wankhede,All Rounder,0
4,202,2016-07-06,Telugu Titans,347,Sagar B. Krishna,,0
4,202,2016-07-06,U Mumba,88,Rakesh Kumar,Raider,11
4,202,2016-07-06,U Mumba,173,Suresu Kumar,Raider,4
4,202,2016-07-06,U Mumba,29,Anup Kumar,,4
4,202,2016-07-06,U Mumba,322,Surjeet Singh,,3
4,202,2016-07-06,U Mumba,234,Surender Singh,,2
4,202,2016-07-06,U Mumba,94,Rishank Devadiga,,2
4,202,2016-07-06,U Mumba,54,Jeeva Kumar,,1
4,202,2016-07-06,U Mumba,233,Manoj Dhull,,1
4,202,2016-07-06,U Mumba,207,Sunil,,0
4,203,2016-07-07,Patna Pirates,197,Pardeep Narwal,,8
4,203,2016-07-07,Patna Pirates,252,Kuldeep Singh,,7
4,203,2016-07-07,Patna Pirates,85,Rajesh Mondal,,6
4,203,2016-07-07,Patna Pirates,300,Abolfazl Maghsodloumahali,,3
4,203,2016-07-07,Patna Pirates,164,Bajirao Hodage,,2
4,203,2016-07-07,Patna Pirates,210,Sunny,Raider,1
4,203,2016-07-07,Patna Pirates,249,Hadi Oshtorak,,0
4,203,2016-07-07,Patna Pirates,259,Fazel Atrachali,,0
4,203,2016-07-07,Patna Pirates,185,Vijin Thangadurai,,0
4,203,2016-07-07,Patna Pirates,42,Dharmaraj Cheralathan,,0
4,203,2016-07-07,Bengaluru Bulls,326,Rohit Kumar,,9
4,203,2016-07-07,Bengaluru Bulls,156,Pawan Kumar Kadian,,6
4,203,2016-07-07,Bengaluru Bulls,71,Mohit Chhillar,,4
4,203,2016-07-07,Bengaluru Bulls,146,Surender Nada,Defender,4
4,203,2016-07-07,Bengaluru Bulls,387,Vinod Kumar,,1
4,203,2016-07-07,Bengaluru Bulls,202,Ashish Kumar,,0
4,203,2016-07-07,Bengaluru Bulls,288,Rahul Kumar,Defender,0
4,203,2016-07-07,Bengaluru Bulls,70,Manoj Kumar,Defender,0
4,203,2016-07-07,Bengaluru Bulls,174,Deepak Kumar Dahiya,,0
4,204,2016-07-08,Bengaluru Bulls,146,Surender Nada,Defender,5
4,204,2016-07-08,Bengaluru Bulls,326,Rohit Kumar,,5
4,204,2016-07-08,Bengaluru Bulls,318,Pawan Kumar Sehrawat,,4
4,204,2016-07-08,Bengaluru Bulls,156,Pawan Kumar Kadian,,4
4,204,2016-07-08,Bengaluru Bulls,71,Mohit Chhillar,,3
4,204,2016-07-08,Bengaluru Bulls,70,Manoj Kumar,Defender,0
4,204,2016-07-08,Bengaluru Bulls,202,Ashish Kumar,,0
4,204,2016-07-08,Bengaluru Bulls,288,Rahul Kumar,Defender,0
4,204,2016-07-08,U Mumba,29,Anup Kumar,,11
4,204,2016-07-08,U Mumba,88,Rakesh Kumar,Raider,3
4,204,2016-07-08,U Mumba,207,Sunil,,3
4,204,2016-07-08,U Mumba,322,Surjeet Singh,,2
4,204,2016-07-08,U Mumba,94,Rishank Devadiga,,1
4,204,2016-07-08,U Mumba,46,Gurvinder Singh,,1
4,204,2016-07-08,U Mumba,54,Jeeva Kumar,,0
4,204,2016-07-08,U Mumba,173,Suresu Kumar,Raider,0
4,204,2016-07-08,U Mumba,234,Surender Singh,,0
4,205,2016-07-08,Patna Pirates,197,Pardeep Narwal,,10
4,205,2016-07-08,Patna Pirates,42,Dharmaraj Cheralathan,,9
4,205,2016-07-08,Patna Pirates,85,Rajesh Mondal,,5
4,205,2016-07-08,Patna Pirates,259,Fazel Atrachali,,3
4,205,2016-07-08,Patna Pirates,300,Abolfazl Maghsodloumahali,,2
4,205,2016-07-08,Patna Pirates,164,Bajirao Hodage,,2
4,205,2016-07-08,Patna Pirates,252,Kuldeep Singh,,1
4,205,2016-07-08,Patna Pirates,210,Sunny,Raider,0
4,205,2016-07-08,Patna Pirates,185,Vijin Thangadurai,,0
4,205,2016-07-08,Bengal Warriors,75,Nitin Madane,Raider,7
4,205,2016-07-08,Bengal Warriors,123,Vishal Mane,,4
4,205,2016-07-08,Bengal Warriors,388,Monu Goyat,,3
4,205,2016-07-08,Bengal Warriors,92,Ravi Dalal,Raider,2
4,205,2016-07-08,Bengal Warriors,161,Girish Maruti Ernak,,2
4,205,2016-07-08,Bengal Warriors,73,Nilesh Shinde,Defender,1
4,205,2016-07-08,Bengal Warriors,191,C. Arun,,1
4,205,2016-07-08,Bengal Warriors,370,Ravindra Ramesh Kumawat,,1
4,205,2016-07-08,Bengal Warriors,12,Jang Kun Lee,,0
4,205,2016-07-08,Bengal Warriors,28,Amit Singh Chhillar,Defender,0
4,206,2016-07-09,Bengal Warriors,75,Nitin Madane,Raider,12
4,206,2016-07-09,Bengal Warriors,28,Amit Singh Chhillar,Defender,4
4,206,2016-07-09,Bengal Warriors,12,Jang Kun Lee,,3
4,206,2016-07-09,Bengal Warriors,73,Nilesh Shinde,Defender,2
4,206,2016-07-09,Bengal Warriors,370,Ravindra Ramesh Kumawat,,2
4,206,2016-07-09,Bengal Warriors,191,C. Arun,,1
4,206,2016-07-09,Bengal Warriors,123,Vishal Mane,,1
4,206,2016-07-09,Bengal Warriors,388,Monu Goyat,,0
4,206,2016-07-09,Bengal Warriors,163,Mahendra Ganesh Rajput,,0
4,206,2016-07-09,Bengal Warriors,240,Ravi Kumar,,0
4,206,2016-07-09,Puneri Paltan,69,Manjeet Chhillar,,11
4,206,2016-07-09,Puneri Paltan,190,Sonu Narwal,Raider,7
4,206,2016-07-09,Puneri Paltan,41,Deepak Niwas Hooda,,5
4,206,2016-07-09,Puneri Paltan,26,Ajay Thakur,,4
4,206,2016-07-09,Puneri Paltan,194,Joginder Singh Narwal,,3
4,206,2016-07-09,Puneri Paltan,167,Preetam Chhillar,All Rounder,0
4,206,2016-07-09,Puneri Paltan,157,Ravinder Pahal,,0
4,206,2016-07-09,Puneri Paltan,109,Somvir Shekhar,Defender,0
4,207,2016-07-09,Patna Pirates,300,Abolfazl Maghsodloumahali,,5
4,207,2016-07-09,Patna Pirates,197,Pardeep Narwal,,3
4,207,2016-07-09,Patna Pirates,252,Kuldeep Singh,,2
4,207,2016-07-09,Patna Pirates,259,Fazel Atrachali,,2
4,207,2016-07-09,Patna Pirates,164,Bajirao Hodage,,1
4,207,2016-07-09,Patna Pirates,42,Dharmaraj Cheralathan,,1
4,207,2016-07-09,Patna Pirates,66,Mahesh Goud,,1
4,207,2016-07-09,Patna Pirates,85,Rajesh Mondal,,0
4,207,2016-07-09,Patna Pirates,185,Vijin Thangadurai,,0
4,207,2016-07-09,Dabang Delhi,251,Meraj Sheykh,,6
4,207,2016-07-09,Dabang Delhi,165,Sachin Shingade,,4
4,207,2016-07-09,Dabang Delhi,162,D. Suresh Kumar,Defender,3
4,207,2016-07-09,Dabang Delhi,264,Selvamani K,,3
4,207,2016-07-09,Dabang Delhi,360,Sanket Chavan,Defender,3
4,207,2016-07-09,Dabang Delhi,366,Vikash Khandola,,3
4,207,2016-07-09,Dabang Delhi,152,D. Gopu,,1
4,207,2016-07-09,Dabang Delhi,155,Prashanth Kumar Rai,,1
4,208,2016-07-10,Dabang Delhi,58,Kashiling Adake,,7
4,208,2016-07-10,Dabang Delhi,165,Sachin Shingade,,6
4,208,2016-07-10,Dabang Delhi,386,Anil Kumar,,4
4,208,2016-07-10,Dabang Delhi,264,Selvamani K,,3
4,208,2016-07-10,Dabang Delhi,301,Hadi Tajik,,1
4,208,2016-07-10,Dabang Delhi,366,Vikash Khandola,,0
4,208,2016-07-10,Dabang Delhi,211,Deepak Narwal,,0
4,208,2016-07-10,Dabang Delhi,251,Meraj Sheykh,,0
4,208,2016-07-10,Dabang Delhi,152,D. Gopu,,0
4,208,2016-07-10,Dabang Delhi,162,D. Suresh Kumar,Defender,0
4,208,2016-07-10,Telugu Titans,293,Nilesh Salunke,,7
4,208,2016-07-10,Telugu Titans,290,Sandeep Kumar Dhull,,6
4,208,2016-07-10,Telugu Titans,81,Rahul Chaudhari,,5
4,208,2016-07-10,Telugu Titans,142,Sandeep Narwal,,2
4,208,2016-07-10,Telugu Titans,51,Jasmer Singh Gulia,,2
4,208,2016-07-10,Telugu Titans,347,Sagar B. Krishna,,1
4,208,2016-07-10,Telugu Titans,391,S Mahalingam,All Rounder,0
4,209,2016-07-10,Patna Pirates,197,Pardeep Narwal,,7
4,209,2016-07-10,Patna Pirates,259,Fazel Atrachali,,5
4,209,2016-07-10,Patna Pirates,164,Bajirao Hodage,,4
4,209,2016-07-10,Patna Pirates,252,Kuldeep Singh,,2
4,209,2016-07-10,Patna Pirates,42,Dharmaraj Cheralathan,,1
4,209,2016-07-10,Patna Pirates,66,Mahesh Goud,,1
4,209,2016-07-10,Patna Pirates,85,Rajesh Mondal,,0
4,209,2016-07-10,Patna Pirates,249,Hadi Oshtorak,,0
4,209,2016-07-10,Patna Pirates,300,Abolfazl Maghsodloumahali,,0
4,209,2016-07-10,Jaipur Pink Panthers,105,Shabeer Bappu,,7
4,209,2016-07-10,Jaipur Pink Panthers,212,Amit Hooda,,5
4,209,2016-07-10,Jaipur Pink Panthers,86,Rajesh Narwal,,3
4,209,2016-07-10,Jaipur Pink Panthers,160,Ran Singh,,3
4,209,2016-07-10,Jaipur Pink Panthers,242,Tushar Patil,,2
4,209,2016-07-10,Jaipur Pink Panthers,357,Parvesh Bhainswal,,2
4,209,2016-07-10,Jaipur Pink Panthers,389,Ajay Kumar,,2
4,209,2016-07-10,Jaipur Pink Panthers,67,Mahipal Narwal,Defender,0
4,210,2016-07-12,Bengaluru Bulls,326,Rohit Kumar,,9
4,210,2016-07-12,Bengaluru Bulls,202,Ashish Kumar,,7
4,210,2016-07-12,Bengaluru Bulls,156,Pawan Kumar Kadian,,3
4,210,2016-07-12,Bengaluru Bulls,146,Surender Nada,Defender,2
4,210,2016-07-12,Bengaluru Bulls,288,Rahul Kumar,Defender,1
4,210,2016-07-12,Bengaluru Bulls,363,Sumit Singh,,1
4,210,2016-07-12,Bengaluru Bulls,387,Vinod Kumar,,0
4,210,2016-07-12,Bengaluru Bulls,318,Pawan Kumar Sehrawat,,0
4,210,2016-07-12,Bengaluru Bulls,53,Jeeva Gopal,Defender,0
4,210,2016-07-12,Bengaluru Bulls,71,Mohit Chhillar,,0
4,210,2016-07-12,Telugu Titans,81,Rahul Chaudhari,,9
4,210,2016-07-12,Telugu Titans,142,Sandeep Narwal,,5
4,210,2016-07-12,Telugu Titans,290,Sandeep Kumar Dhull,,3
4,210,2016-07-12,Telugu Titans,293,Nilesh Salunke,,3
4,210,2016-07-12,Telugu Titans,219,K. Prapanjan,,2
4,210,2016-07-12,Telugu Titans,391,S Mahalingam,All Rounder,2
4,210,2016-07-12,Telugu Titans,347,Sagar B. Krishna,,2
4,210,2016-07-12,Telugu Titans,51,Jasmer Singh Gulia,,1
4,210,2016-07-12,Telugu Titans,111,Sukesh Hegde,,0
4,211,2016-07-12,Puneri Paltan,41,Deepak Niwas Hooda,,8
4,211,2016-07-12,Puneri Paltan,26,Ajay Thakur,,6
4,211,2016-07-12,Puneri Paltan,194,Joginder Singh Narwal,,4
4,211,2016-07-12,Puneri Paltan,190,Sonu Narwal,Raider,4
4,211,2016-07-12,Puneri Paltan,69,Manjeet Chhillar,,3
4,211,2016-07-12,Puneri Paltan,157,Ravinder Pahal,,3
4,211,2016-07-12,Puneri Paltan,167,Preetam Chhillar,All Rounder,0
4,211,2016-07-12,Puneri Paltan,109,Somvir Shekhar,Defender,0
4,211,2016-07-12,Bengal Warriors,123,Vishal Mane,,6
4,211,2016-07-12,Bengal Warriors,73,Nilesh Shinde,Defender,5
4,211,2016-07-12,Bengal Warriors,12,Jang Kun Lee,,5
4,211,2016-07-12,Bengal Warriors,161,Girish Maruti Ernak,,4
4,211,2016-07-12,Bengal Warriors,388,Monu Goyat,,4
4,211,2016-07-12,Bengal Warriors,75,Nitin Madane,Raider,3
4,211,2016-07-12,Bengal Warriors,118,Surjeet Narwal,Raider,1
4,211,2016-07-12,Bengal Warriors,28,Amit Singh Chhillar,Defender,1
4,211,2016-07-12,Bengal Warriors,191,C. Arun,,1
4,212,2016-07-13,Bengaluru Bulls,326,Rohit Kumar,,5
4,212,2016-07-13,Bengaluru Bulls,146,Surender Nada,Defender,3
4,212,2016-07-13,Bengaluru Bulls,174,Deepak Kumar Dahiya,,3
4,212,2016-07-13,Bengaluru Bulls,71,Mohit Chhillar,,3
4,212,2016-07-13,Bengaluru Bulls,202,Ashish Kumar,,2
4,212,2016-07-13,Bengaluru Bulls,318,Pawan Kumar Sehrawat,,2
4,212,2016-07-13,Bengaluru Bulls,231,Amit Om Prakash Rathi,Raider,1
4,212,2016-07-13,Bengaluru Bulls,70,Manoj Kumar,Defender,0
4,212,2016-07-13,Jaipur Pink Panthers,86,Rajesh Narwal,,5
4,212,2016-07-13,Jaipur Pink Panthers,52,Jasvir Singh,,5
4,212,2016-07-13,Jaipur Pink Panthers,212,Amit Hooda,,4
4,212,2016-07-13,Jaipur Pink Panthers,160,Ran Singh,,3
4,212,2016-07-13,Jaipur Pink Panthers,389,Ajay Kumar,,3
4,212,2016-07-13,Jaipur Pink Panthers,67,Mahipal Narwal,Defender,1
4,212,2016-07-13,Jaipur Pink Panthers,242,Tushar Patil,,0
4,212,2016-07-13,Jaipur Pink Panthers,357,Parvesh Bhainswal,,0
4,213,2016-07-14,Jaipur Pink Panthers,86,Rajesh Narwal,,7
4,213,2016-07-14,Jaipur Pink Panthers,52,Jasvir Singh,,5
4,213,2016-07-14,Jaipur Pink Panthers,212,Amit Hooda,,3
4,213,2016-07-14,Jaipur Pink Panthers,389,Ajay Kumar,,3
4,213,2016-07-14,Jaipur Pink Panthers,357,Parvesh Bhainswal,,1
4,213,2016-07-14,Jaipur Pink Panthers,160,Ran Singh,,1
4,213,2016-07-14,Jaipur Pink Panthers,371,Amit Nagar,,0
4,213,2016-07-14,Jaipur Pink Panthers,105,Shabeer Bappu,,0
4,213,2016-07-14,U Mumba,88,Rakesh Kumar,Raider,7
4,213,2016-07-14,U Mumba,173,Suresu Kumar,Raider,6
4,213,2016-07-14,U Mumba,29,Anup Kumar,,5
4,213,2016-07-14,U Mumba,54,Jeeva Kumar,,3
4,213,2016-07-14,U Mumba,322,Surjeet Singh,,3
4,213,2016-07-14,U Mumba,207,Sunil,,2
4,213,2016-07-14,U Mumba,94,Rishank Devadiga,,0
4,214,2016-07-14,Bengaluru Bulls,202,Ashish Kumar,,7
4,214,2016-07-14,Bengaluru Bulls,326,Rohit Kumar,,6
4,214,2016-07-14,Bengaluru Bulls,363,Sumit Singh,,3
4,214,2016-07-14,Bengaluru Bulls,71,Mohit Chhillar,,2
4,214,2016-07-14,Bengaluru Bulls,146,Surender Nada,Defender,2
4,214,2016-07-14,Bengaluru Bulls,288,Rahul Kumar,Defender,1
4,214,2016-07-14,Bengaluru Bulls,318,Pawan Kumar Sehrawat,,1
4,214,2016-07-14,Bengaluru Bulls,387,Vinod Kumar,,0
4,214,2016-07-14,Bengaluru Bulls,174,Deepak Kumar Dahiya,,0
4,214,2016-07-14,Bengaluru Bulls,53,Jeeva Gopal,Defender,0
4,214,2016-07-14,Patna Pirates,85,Rajesh Mondal,,9
4,214,2016-07-14,Patna Pirates,119,Surjeet Singh,,7
4,214,2016-07-14,Patna Pirates,42,Dharmaraj Cheralathan,,7
4,214,2016-07-14,Patna Pirates,259,Fazel Atrachali,,6
4,214,2016-07-14,Patna Pirates,252,Kuldeep Singh,,2
4,214,2016-07-14,Patna Pirates,66,Mahesh Goud,,0
4,214,2016-07-14,Patna Pirates,185,Vijin Thangadurai,,0
4,214,2016-07-14,Patna Pirates,197,Pardeep Narwal,,0
4,214,2016-07-14,Patna Pirates,164,Bajirao Hodage,,0
4,215,2016-07-15,Telugu Titans,81,Rahul Chaudhari,,10
4,215,2016-07-15,Telugu Titans,142,Sandeep Narwal,,7
4,215,2016-07-15,Telugu Titans,293,Nilesh Salunke,,4
4,215,2016-07-15,Telugu Titans,215,Vinod Kumar,,3
4,215,2016-07-15,Telugu Titans,290,Sandeep Kumar Dhull,,2
4,215,2016-07-15,Telugu Titans,391,S Mahalingam,All Rounder,2
4,215,2016-07-15,Telugu Titans,347,Sagar B. Krishna,,0
4,215,2016-07-15,Telugu Titans,111,Sukesh Hegde,,0
4,215,2016-07-15,Telugu Titans,51,Jasmer Singh Gulia,,0
4,215,2016-07-15,Puneri Paltan,41,Deepak Niwas Hooda,,9
4,215,2016-07-15,Puneri Paltan,157,Ravinder Pahal,,5
4,215,2016-07-15,Puneri Paltan,190,Sonu Narwal,Raider,3
4,215,2016-07-15,Puneri Paltan,109,Somvir Shekhar,Defender,3
4,215,2016-07-15,Puneri Paltan,26,Ajay Thakur,,3
4,215,2016-07-15,Puneri Paltan,150,Parmod Narwal,All Rounder,1
4,215,2016-07-15,Puneri Paltan,194,Joginder Singh Narwal,,0
4,215,2016-07-15,Puneri Paltan,167,Preetam Chhillar,All Rounder,0
4,215,2016-07-15,Puneri Paltan,369,Dalbir,All Rounder,0
4,216,2016-07-15,Bengaluru Bulls,245,Yogesh Hooda,,7
4,216,2016-07-15,Bengaluru Bulls,174,Deepak Kumar Dahiya,,6
4,216,2016-07-15,Bengaluru Bulls,318,Pawan Kumar Sehrawat,,3
4,216,2016-07-15,Bengaluru Bulls,326,Rohit Kumar,,1
4,216,2016-07-15,Bengaluru Bulls,71,Mohit Chhillar,,1
4,216,2016-07-15,Bengaluru Bulls,363,Sumit Singh,,1
4,216,2016-07-15,Bengaluru Bulls,364,Ajay Singh,Raider,1
4,216,2016-07-15,Bengaluru Bulls,288,Rahul Kumar,Defender,0
4,216,2016-07-15,Bengaluru Bulls,202,Ashish Kumar,,0
4,216,2016-07-15,Dabang Delhi,58,Kashiling Adake,,11
4,216,2016-07-15,Dabang Delhi,264,Selvamani K,,6
4,216,2016-07-15,Dabang Delhi,251,Meraj Sheykh,,3
4,216,2016-07-15,Dabang Delhi,162,D. Suresh Kumar,Defender,3
4,216,2016-07-15,Dabang Delhi,165,Sachin Shingade,,3
4,216,2016-07-15,Dabang Delhi,147,Prashant Chavan,All Rounder,2
4,216,2016-07-15,Dabang Delhi,155,Prashanth Kumar Rai,,2
4,216,2016-07-15,Dabang Delhi,360,Sanket Chavan,Defender,1
4,217,2016-07-16,Bengal Warriors,12,Jang Kun Lee,,13
4,217,2016-07-16,Bengal Warriors,118,Surjeet Narwal,Raider,6
4,217,2016-07-16,Bengal Warriors,73,Nilesh Shinde,Defender,4
4,217,2016-07-16,Bengal Warriors,75,Nitin Madane,Raider,3
4,217,2016-07-16,Bengal Warriors,123,Vishal Mane,,2
4,217,2016-07-16,Bengal Warriors,28,Amit Singh Chhillar,Defender,2
4,217,2016-07-16,Bengal Warriors,106,Shrikant Jadhav,,0
4,217,2016-07-16,Bengal Warriors,161,Girish Maruti Ernak,,0
4,217,2016-07-16,Bengal Warriors,191,C. Arun,,0
4,217,2016-07-16,Jaipur Pink Panthers,389,Ajay Kumar,,11
4,217,2016-07-16,Jaipur Pink Panthers,67,Mahipal Narwal,Defender,6
4,217,2016-07-16,Jaipur Pink Panthers,52,Jasvir Singh,,2
4,217,2016-07-16,Jaipur Pink Panthers,212,Amit Hooda,,2
4,217,2016-07-16,Jaipur Pink Panthers,160,Ran Singh,,1
4,217,2016-07-16,Jaipur Pink Panthers,86,Rajesh Narwal,,1
4,217,2016-07-16,Jaipur Pink Panthers,107,Shrikant Tewthia,,0
4,217,2016-07-16,Jaipur Pink Panthers,357,Parvesh Bhainswal,,0
4,218,2016-07-16,Patna Pirates,85,Rajesh Mondal,,8
4,218,2016-07-16,Patna Pirates,42,Dharmaraj Cheralathan,,7
4,218,2016-07-16,Patna Pirates,197,Pardeep Narwal,,4
4,218,2016-07-16,Patna Pirates,252,Kuldeep Singh,,4
4,218,2016-07-16,Patna Pirates,259,Fazel Atrachali,,3
4,218,2016-07-16,Patna Pirates,164,Bajirao Hodage,,2
4,218,2016-07-16,Patna Pirates,119,Surjeet Singh,,1
4,218,2016-07-16,U Mumba,94,Rishank Devadiga,,7
4,218,2016-07-16,U Mumba,54,Jeeva Kumar,,4
4,218,2016-07-16,U Mumba,88,Rakesh Kumar,Raider,2
4,218,2016-07-16,U Mumba,173,Suresu Kumar,Raider,2
4,218,2016-07-16,U Mumba,207,Sunil,,2
4,218,2016-07-16,U Mumba,322,Surjeet Singh,,2
4,218,2016-07-16,U Mumba,29,Anup Kumar,,2
4,218,2016-07-16,U Mumba,46,Gurvinder Singh,,1
4,218,2016-07-16,U Mumba,234,Surender Singh,,1
4,219,2016-07-17,Puneri Paltan,26,Ajay Thakur,,9
4,219,2016-07-17,Puneri Paltan,41,Deepak Niwas Hooda,,9
4,219,2016-07-17,Puneri Paltan,69,Manjeet Chhillar,,2
4,219,2016-07-17,Puneri Paltan,157,Ravinder Pahal,,2
4,219,2016-07-17,Puneri Paltan,109,Somvir Shekhar,Defender,1
4,219,2016-07-17,Puneri Paltan,190,Sonu Narwal,Raider,1
4,219,2016-07-17,Puneri Paltan,194,Joginder Singh Narwal,,1
4,219,2016-07-17,Puneri Paltan,320,Nitin Tomar,,0
4,219,2016-07-17,Jaipur Pink Panthers,52,Jasvir Singh,,7
4,219,2016-07-17,Jaipur Pink Panthers,86,Rajesh Narwal,,7
4,219,2016-07-17,Jaipur Pink Panthers,389,Ajay Kumar,,5
4,219,2016-07-17,Jaipur Pink Panthers,212,Amit Hooda,,3
4,219,2016-07-17,Jaipur Pink Panthers,160,Ran Singh,,2
4,219,2016-07-17,Jaipur Pink Panthers,96,Rohit Rana,,1
4,219,2016-07-17,Jaipur Pink Panthers,67,Mahipal Narwal,Defender,1
4,219,2016-07-17,Jaipur Pink Panthers,105,Shabeer Bappu,,0
4,220,2016-07-17,Bengal Warriors,388,Monu Goyat,,9
4,220,2016-07-17,Bengal Warriors,12,Jang Kun Lee,,7
4,220,2016-07-17,Bengal Warriors,28,Amit Singh Chhillar,Defender,4
4,220,2016-07-17,Bengal Warriors,118,Surjeet Narwal,Raider,3
4,220,2016-07-17,Bengal Warriors,123,Vishal Mane,,2
4,220,2016-07-17,Bengal Warriors,161,Girish Maruti Ernak,,0
4,220,2016-07-17,Bengal Warriors,163,Mahendra Ganesh Rajput,,0
4,220,2016-07-17,Bengal Warriors,191,C. Arun,,0
4,220,2016-07-17,Bengal Warriors,73,Nilesh Shinde,Defender,0
4,220,2016-07-17,Patna Pirates,197,Pardeep Narwal,,9
4,220,2016-07-17,Patna Pirates,259,Fazel Atrachali,,7
4,220,2016-07-17,Patna Pirates,119,Surjeet Singh,,6
4,220,2016-07-17,Patna Pirates,85,Rajesh Mondal,,3
4,220,2016-07-17,Patna Pirates,42,Dharmaraj Cheralathan,,3
4,220,2016-07-17,Patna Pirates,311,Anil Kumar,,0
4,220,2016-07-17,Patna Pirates,252,Kuldeep Singh,,0
4,220,2016-07-17,Patna Pirates,164,Bajirao Hodage,,0
4,220,2016-07-17,Patna Pirates,185,Vijin Thangadurai,,0
4,221,2016-07-18,Bengal Warriors,12,Jang Kun Lee,,13
4,221,2016-07-18,Bengal Warriors,388,Monu Goyat,,6
4,221,2016-07-18,Bengal Warriors,123,Vishal Mane,,5
4,221,2016-07-18,Bengal Warriors,75,Nitin Madane,Raider,2
4,221,2016-07-18,Bengal Warriors,191,C. Arun,,2
4,221,2016-07-18,Bengal Warriors,73,Nilesh Shinde,Defender,1
4,221,2016-07-18,Bengal Warriors,28,Amit Singh Chhillar,Defender,0
4,221,2016-07-18,Bengal Warriors,163,Mahendra Ganesh Rajput,,0
4,221,2016-07-18,Telugu Titans,293,Nilesh Salunke,,10
4,221,2016-07-18,Telugu Titans,81,Rahul Chaudhari,,8
4,221,2016-07-18,Telugu Titans,142,Sandeep Narwal,,6
4,221,2016-07-18,Telugu Titans,215,Vinod Kumar,,3
4,221,2016-07-18,Telugu Titans,290,Sandeep Kumar Dhull,,2
4,221,2016-07-18,Telugu Titans,391,S Mahalingam,All Rounder,1
4,221,2016-07-18,Telugu Titans,219,K. Prapanjan,,0
4,221,2016-07-18,Telugu Titans,347,Sagar B. Krishna,,0
4,222,2016-07-19,Telugu Titans,81,Rahul Chaudhari,,16
4,222,2016-07-19,Telugu Titans,142,Sandeep Narwal,,5
4,222,2016-07-19,Telugu Titans,51,Jasmer Singh Gulia,,5
4,222,2016-07-19,Telugu Titans,290,Sandeep Kumar Dhull,,2
4,222,2016-07-19,Telugu Titans,219,K. Prapanjan,,2
4,222,2016-07-19,Telugu Titans,111,Sukesh Hegde,,1
4,222,2016-07-19,Telugu Titans,215,Vinod Kumar,,0
4,222,2016-07-19,Telugu Titans,293,Nilesh Salunke,,0
4,222,2016-07-19,Telugu Titans,347,Sagar B. Krishna,,0
4,222,2016-07-19,Telugu Titans,391,S Mahalingam,All Rounder,0
4,222,2016-07-19,Dabang Delhi,251,Meraj Sheykh,,8
4,222,2016-07-19,Dabang Delhi,264,Selvamani K,,5
4,222,2016-07-19,Dabang Delhi,165,Sachin Shingade,,3
4,222,2016-07-19,Dabang Delhi,58,Kashiling Adake,,3
4,222,2016-07-19,Dabang Delhi,147,Prashant Chavan,All Rounder,2
4,222,2016-07-19,Dabang Delhi,162,D. Suresh Kumar,Defender,1
4,222,2016-07-19,Dabang Delhi,360,Sanket Chavan,Defender,1
4,222,2016-07-19,Dabang Delhi,386,Anil Kumar,,0
4,222,2016-07-19,Dabang Delhi,155,Prashanth Kumar Rai,,0
4,222,2016-07-19,Dabang Delhi,34,Bhupender Singh,,0
4,223,2016-07-19,Bengal Warriors,75,Nitin Madane,Raider,6
4,223,2016-07-19,Bengal Warriors,123,Vishal Mane,,4
4,223,2016-07-19,Bengal Warriors,12,Jang Kun Lee,,4
4,223,2016-07-19,Bengal Warriors,388,Monu Goyat,,3
4,223,2016-07-19,Bengal Warriors,191,C. Arun,,3
4,223,2016-07-19,Bengal Warriors,28,Amit Singh Chhillar,Defender,1
4,223,2016-07-19,Bengal Warriors,73,Nilesh Shinde,Defender,0
4,223,2016-07-19,Bengal Warriors,161,Girish Maruti Ernak,,0
4,223,2016-07-19,Bengaluru Bulls,326,Rohit Kumar,,8
4,223,2016-07-19,Bengaluru Bulls,202,Ashish Kumar,,7
4,223,2016-07-19,Bengaluru Bulls,387,Vinod Kumar,,4
4,223,2016-07-19,Bengaluru Bulls,245,Yogesh Hooda,,3
4,223,2016-07-19,Bengaluru Bulls,146,Surender Nada,Defender,3
4,223,2016-07-19,Bengaluru Bulls,71,Mohit Chhillar,,1
4,223,2016-07-19,Bengaluru Bulls,53,Jeeva Gopal,Defender,0
4,223,2016-07-19,Bengaluru Bulls,288,Rahul Kumar,Defender,0
4,223,2016-07-19,Bengaluru Bulls,318,Pawan Kumar Sehrawat,,0
4,224,2016-07-20,U Mumba,29,Anup Kumar,,11
4,224,2016-07-20,U Mumba,94,Rishank Devadiga,,5
4,224,2016-07-20,U Mumba,322,Surjeet Singh,,5
4,224,2016-07-20,U Mumba,88,Rakesh Kumar,Raider,4
4,224,2016-07-20,U Mumba,54,Jeeva Kumar,,2
4,224,2016-07-20,U Mumba,234,Surender Singh,,1
4,224,2016-07-20,U Mumba,173,Suresu Kumar,Raider,0
4,224,2016-07-20,U Mumba,380,Vikash Kumar,Raider,0
4,224,2016-07-20,Puneri Paltan,26,Ajay Thakur,,9
4,224,2016-07-20,Puneri Paltan,41,Deepak Niwas Hooda,,7
4,224,2016-07-20,Puneri Paltan,109,Somvir Shekhar,Defender,4
4,224,2016-07-20,Puneri Paltan,194,Joginder Singh Narwal,,3
4,224,2016-07-20,Puneri Paltan,190,Sonu Narwal,Raider,2
4,224,2016-07-20,Puneri Paltan,150,Parmod Narwal,All Rounder,1
4,224,2016-07-20,Puneri Paltan,157,Ravinder Pahal,,0
4,224,2016-07-20,Puneri Paltan,167,Preetam Chhillar,All Rounder,0
4,224,2016-07-20,Puneri Paltan,320,Nitin Tomar,,0
4,225,2016-07-21,Jaipur Pink Panthers,52,Jasvir Singh,,7
4,225,2016-07-21,Jaipur Pink Panthers,389,Ajay Kumar,,5
4,225,2016-07-21,Jaipur Pink Panthers,212,Amit Hooda,,3
4,225,2016-07-21,Jaipur Pink Panthers,160,Ran Singh,,3
4,225,2016-07-21,Jaipur Pink Panthers,86,Rajesh Narwal,,2
4,225,2016-07-21,Jaipur Pink Panthers,96,Rohit Rana,,1
4,225,2016-07-21,Jaipur Pink Panthers,105,Shabeer Bappu,,0
4,225,2016-07-21,Jaipur Pink Panthers,67,Mahipal Narwal,Defender,0
4,225,2016-07-21,Dabang Delhi,251,Meraj Sheykh,,11
4,225,2016-07-21,Dabang Delhi,58,Kashiling Adake,,4
4,225,2016-07-21,Dabang Delhi,147,Prashant Chavan,All Rounder,2
4,225,2016-07-21,Dabang Delhi,264,Selvamani K,,2
4,225,2016-07-21,Dabang Delhi,165,Sachin Shingade,,2
4,225,2016-07-21,Dabang Delhi,162,D. Suresh Kumar,Defender,0
4,225,2016-07-21,Dabang Delhi,386,Anil Kumar,,0
4,225,2016-07-21,Dabang Delhi,155,Prashanth Kumar Rai,,0
4,225,2016-07-21,Dabang Delhi,89,Ram Kumar Sah,Defender,0
4,226,2016-07-21,U Mumba,29,Anup Kumar,,6
4,226,2016-07-21,U Mumba,88,Rakesh Kumar,Raider,6
4,226,2016-07-21,U Mumba,94,Rishank Devadiga,,3
4,226,2016-07-21,U Mumba,173,Suresu Kumar,Raider,3
4,226,2016-07-21,U Mumba,54,Jeeva Kumar,,2
4,226,2016-07-21,U Mumba,322,Surjeet Singh,,2
4,226,2016-07-21,U Mumba,380,Vikash Kumar,Raider,1
4,226,2016-07-21,U Mumba,234,Surender Singh,,0
4,226,2016-07-21,U Mumba,207,Sunil,,0
4,226,2016-07-21,Telugu Titans,81,Rahul Chaudhari,,8
4,226,2016-07-21,Telugu Titans,142,Sandeep Narwal,,6
4,226,2016-07-21,Telugu Titans,290,Sandeep Kumar Dhull,,2
4,226,2016-07-21,Telugu Titans,293,Nilesh Salunke,,2
4,226,2016-07-21,Telugu Titans,51,Jasmer Singh Gulia,,2
4,226,2016-07-21,Telugu Titans,215,Vinod Kumar,,1
4,226,2016-07-21,Telugu Titans,219,K. Prapanjan,,0
4,226,2016-07-21,Telugu Titans,111,Sukesh Hegde,,0
4,226,2016-07-21,Telugu Titans,347,Sagar B. Krishna,,0
4,227,2016-07-22,Jaipur Pink Panthers,389,Ajay Kumar,,7
4,227,2016-07-22,Jaipur Pink Panthers,212,Amit Hooda,,5
4,227,2016-07-22,Jaipur Pink Panthers,86,Rajesh Narwal,,4
4,227,2016-07-22,Jaipur Pink Panthers,52,Jasvir Singh,,3
4,227,2016-07-22,Jaipur Pink Panthers,67,Mahipal Narwal,Defender,2
4,227,2016-07-22,Jaipur Pink Panthers,160,Ran Singh,,1
4,227,2016-07-22,Jaipur Pink Panthers,96,Rohit Rana,,0
4,227,2016-07-22,Jaipur Pink Panthers,105,Shabeer Bappu,,0
4,227,2016-07-22,Jaipur Pink Panthers,357,Parvesh Bhainswal,,0
4,227,2016-07-22,Patna Pirates,197,Pardeep Narwal,,7
4,227,2016-07-22,Patna Pirates,119,Surjeet Singh,,5
4,227,2016-07-22,Patna Pirates,252,Kuldeep Singh,,2
4,227,2016-07-22,Patna Pirates,259,Fazel Atrachali,,2
4,227,2016-07-22,Patna Pirates,300,Abolfazl Maghsodloumahali,,2
4,227,2016-07-22,Patna Pirates,85,Rajesh Mondal,,1
4,227,2016-07-22,Patna Pirates,42,Dharmaraj Cheralathan,,0
4,227,2016-07-22,Patna Pirates,164,Bajirao Hodage,,0
4,228,2016-07-22,U Mumba,94,Rishank Devadiga,,7
4,228,2016-07-22,U Mumba,29,Anup Kumar,,5
4,228,2016-07-22,U Mumba,88,Rakesh Kumar,Raider,4
4,228,2016-07-22,U Mumba,322,Surjeet Singh,,2
4,228,2016-07-22,U Mumba,367,Nitin Kumar,All Rounder,1
4,228,2016-07-22,U Mumba,380,Vikash Kumar,Raider,1
4,228,2016-07-22,U Mumba,173,Suresu Kumar,Raider,1
4,228,2016-07-22,U Mumba,54,Jeeva Kumar,,1
4,228,2016-07-22,U Mumba,145,Md. Aruduzzaman Munshi,All Rounder,0
4,228,2016-07-22,Bengal Warriors,12,Jang Kun Lee,,8
4,228,2016-07-22,Bengal Warriors,388,Monu Goyat,,6
4,228,2016-07-22,Bengal Warriors,161,Girish Maruti Ernak,,5
4,228,2016-07-22,Bengal Warriors,191,C. Arun,,3
4,228,2016-07-22,Bengal Warriors,123,Vishal Mane,,2
4,228,2016-07-22,Bengal Warriors,75,Nitin Madane,Raider,1
4,228,2016-07-22,Bengal Warriors,28,Amit Singh Chhillar,Defender,1
4,229,2016-07-23,Patna Pirates,197,Pardeep Narwal,,12
4,229,2016-07-23,Patna Pirates,164,Bajirao Hodage,,5
4,229,2016-07-23,Patna Pirates,85,Rajesh Mondal,,2
4,229,2016-07-23,Patna Pirates,252,Kuldeep Singh,,2
4,229,2016-07-23,Patna Pirates,259,Fazel Atrachali,,2
4,229,2016-07-23,Patna Pirates,300,Abolfazl Maghsodloumahali,,2
4,229,2016-07-23,Patna Pirates,119,Surjeet Singh,,1
4,229,2016-07-23,Patna Pirates,42,Dharmaraj Cheralathan,,1
4,229,2016-07-23,Patna Pirates,249,Hadi Oshtorak,,0
4,229,2016-07-23,Puneri Paltan,41,Deepak Niwas Hooda,,8
4,229,2016-07-23,Puneri Paltan,26,Ajay Thakur,,6
4,229,2016-07-23,Puneri Paltan,157,Ravinder Pahal,,4
4,229,2016-07-23,Puneri Paltan,150,Parmod Narwal,All Rounder,3
4,229,2016-07-23,Puneri Paltan,109,Somvir Shekhar,Defender,3
4,229,2016-07-23,Puneri Paltan,194,Joginder Singh Narwal,,1
4,229,2016-07-23,Puneri Paltan,167,Preetam Chhillar,All Rounder,1
4,229,2016-07-23,Puneri Paltan,190,Sonu Narwal,Raider,0
4,229,2016-07-23,Puneri Paltan,369,Dalbir,All Rounder,0
4,229,2016-07-23,Puneri Paltan,384,Ravinder Kumar,,0
4,230,2016-07-23,U Mumba,29,Anup Kumar,,7
4,230,2016-07-23,U Mumba,322,Surjeet Singh,,5
4,230,2016-07-23,U Mumba,88,Rakesh Kumar,Raider,4
4,230,2016-07-23,U Mumba,94,Rishank Devadiga,,4
4,230,2016-07-23,U Mumba,54,Jeeva Kumar,,2
4,230,2016-07-23,U Mumba,46,Gurvinder Singh,,1
4,230,2016-07-23,U Mumba,380,Vikash Kumar,Raider,1
4,230,2016-07-23,U Mumba,173,Suresu Kumar,Raider,0
4,230,2016-07-23,U Mumba,234,Surender Singh,,0
4,230,2016-07-23,Bengaluru Bulls,326,Rohit Kumar,,8
4,230,2016-07-23,Bengaluru Bulls,71,Mohit Chhillar,,5
4,230,2016-07-23,Bengaluru Bulls,146,Surender Nada,Defender,3
4,230,2016-07-23,Bengaluru Bulls,202,Ashish Kumar,,2
4,230,2016-07-23,Bengaluru Bulls,387,Vinod Kumar,,2
4,230,2016-07-23,Bengaluru Bulls,318,Pawan Kumar Sehrawat,,1
4,230,2016-07-23,Bengaluru Bulls,53,Jeeva Gopal,Defender,0
4,230,2016-07-23,Bengaluru Bulls,363,Sumit Singh,,0
4,230,2016-07-23,Bengaluru Bulls,245,Yogesh Hooda,,0
4,231,2016-07-24,Dabang Delhi,58,Kashiling Adake,,13
4,231,2016-07-24,Dabang Delhi,264,Selvamani K,,7
4,231,2016-07-24,Dabang Delhi,147,Prashant Chavan,All Rounder,3
4,231,2016-07-24,Dabang Delhi,162,D. Suresh Kumar,Defender,3
4,231,2016-07-24,Dabang Delhi,165,Sachin Shingade,,3
4,231,2016-07-24,Dabang Delhi,251,Meraj Sheykh,,2
4,231,2016-07-24,Dabang Delhi,386,Anil Kumar,,2
4,231,2016-07-24,Bengal Warriors,388,Monu Goyat,,11
4,231,2016-07-24,Bengal Warriors,12,Jang Kun Lee,,5
4,231,2016-07-24,Bengal Warriors,75,Nitin Madane,Raider,1
4,231,2016-07-24,Bengal Warriors,92,Ravi Dalal,Raider,1
4,231,2016-07-24,Bengal Warriors,161,Girish Maruti Ernak,,1
4,231,2016-07-24,Bengal Warriors,191,C. Arun,,0
4,231,2016-07-24,Bengal Warriors,240,Ravi Kumar,,0
4,231,2016-07-24,Bengal Warriors,123,Vishal Mane,,0
4,231,2016-07-24,Bengal Warriors,28,Amit Singh Chhillar,Defender,0
4,232,2016-07-24,Telugu Titans,81,Rahul Chaudhari,,11
4,232,2016-07-24,Telugu Titans,293,Nilesh Salunke,,5
4,232,2016-07-24,Telugu Titans,215,Vinod Kumar,,4
4,232,2016-07-24,Telugu Titans,51,Jasmer Singh Gulia,,3
4,232,2016-07-24,Telugu Titans,290,Sandeep Kumar Dhull,,2
4,232,2016-07-24,Telugu Titans,142,Sandeep Narwal,,1
4,232,2016-07-24,Telugu Titans,347,Sagar B. Krishna,,1
4,232,2016-07-24,Telugu Titans,219,K. Prapanjan,,0
4,232,2016-07-24,Telugu Titans,97,Rupesh Tomar,All Rounder,0
4,232,2016-07-24,Jaipur Pink Panthers,242,Tushar Patil,,8
4,232,2016-07-24,Jaipur Pink Panthers,160,Ran Singh,,3
4,232,2016-07-24,Jaipur Pink Panthers,67,Mahipal Narwal,Defender,3
4,232,2016-07-24,Jaipur Pink Panthers,86,Rajesh Narwal,,2
4,232,2016-07-24,Jaipur Pink Panthers,212,Amit Hooda,,2
4,232,2016-07-24,Jaipur Pink Panthers,107,Shrikant Tewthia,,2
4,232,2016-07-24,Jaipur Pink Panthers,371,Amit Nagar,,1
4,232,2016-07-24,Jaipur Pink Panthers,373,Parveen Narwal,All Rounder,1
4,232,2016-07-24,Jaipur Pink Panthers,389,Ajay Kumar,,0
4,232,2016-07-24,Jaipur Pink Panthers,390,Jawahar Dagar,,0
4,233,2016-07-25,Dabang Delhi,58,Kashiling Adake,,11
4,233,2016-07-25,Dabang Delhi,251,Meraj Sheykh,,11
4,233,2016-07-25,Dabang Delhi,386,Anil Kumar,,3
4,233,2016-07-25,Dabang Delhi,264,Selvamani K,,2
4,233,2016-07-25,Dabang Delhi,165,Sachin Shingade,,2
4,233,2016-07-25,Dabang Delhi,162,D. Suresh Kumar,Defender,1
4,233,2016-07-25,Dabang Delhi,147,Prashant Chavan,All Rounder,0
4,233,2016-07-25,Dabang Delhi,34,Bhupender Singh,,0
4,233,2016-07-25,Dabang Delhi,366,Vikash Khandola,,0
4,233,2016-07-25,Patna Pirates,197,Pardeep Narwal,,9
4,233,2016-07-25,Patna Pirates,85,Rajesh Mondal,,7
4,233,2016-07-25,Patna Pirates,259,Fazel Atrachali,,4
4,233,2016-07-25,Patna Pirates,311,Anil Kumar,,2
4,233,2016-07-25,Patna Pirates,249,Hadi Oshtorak,,2
4,233,2016-07-25,Patna Pirates,252,Kuldeep Singh,,1
4,233,2016-07-25,Patna Pirates,185,Vijin Thangadurai,,1
4,233,2016-07-25,Patna Pirates,300,Abolfazl Maghsodloumahali,,1
4,234,2016-07-26,Patna Pirates,300,Abolfazl Maghsodloumahali,,9
4,234,2016-07-26,Patna Pirates,259,Fazel Atrachali,,8
4,234,2016-07-26,Patna Pirates,66,Mahesh Goud,,3
4,234,2016-07-26,Patna Pirates,197,Pardeep Narwal,,2
4,234,2016-07-26,Patna Pirates,249,Hadi Oshtorak,,2
4,234,2016-07-26,Patna Pirates,368,Sunil Kumar,Defender,1
4,234,2016-07-26,Patna Pirates,227,Vinoth Paulyas,Defender,0
4,234,2016-07-26,Patna Pirates,243,Sanjay Kumar,Defender,0
4,234,2016-07-26,Patna Pirates,311,Anil Kumar,,0
4,234,2016-07-26,Patna Pirates,210,Sunny,Raider,0
4,234,2016-07-26,Patna Pirates,181,Deepak Dhull,Defender,0
4,234,2016-07-26,Patna Pirates,185,Vijin Thangadurai,,0
4,234,2016-07-26,Telugu Titans,81,Rahul Chaudhari,,13
4,234,2016-07-26,Telugu Titans,376,Athul MS,,7
4,234,2016-07-26,Telugu Titans,142,Sandeep Narwal,,6
4,234,2016-07-26,Telugu Titans,358,Vishal Bhardwaj,,5
4,234,2016-07-26,Telugu Titans,97,Rupesh Tomar,All Rounder,3
4,234,2016-07-26,Telugu Titans,111,Sukesh Hegde,,3
4,234,2016-07-26,Telugu Titans,391,S Mahalingam,All Rounder,2
4,234,2016-07-26,Telugu Titans,219,K. Prapanjan,,1
4,234,2016-07-26,Telugu Titans,200,Mohammad Maghshoudulu,Defender,0
4,234,2016-07-26,Telugu Titans,361,Sombir,,0
4,234,2016-07-26,Telugu Titans,279,Shashank Wankhede,All Rounder,0
4,235,2016-07-26,Dabang Delhi,58,Kashiling Adake,,10
4,235,2016-07-26,Dabang Delhi,155,Prashanth Kumar Rai,,5
4,235,2016-07-26,Dabang Delhi,272,Umesh Mhatre,Raider,5
4,235,2016-07-26,Dabang Delhi,386,Anil Kumar,,4
4,235,2016-07-26,Dabang Delhi,251,Meraj Sheykh,,4
4,235,2016-07-26,Dabang Delhi,264,Selvamani K,,1
4,235,2016-07-26,Dabang Delhi,162,D. Suresh Kumar,Defender,1
4,235,2016-07-26,Dabang Delhi,147,Prashant Chavan,All Rounder,1
4,235,2016-07-26,Dabang Delhi,165,Sachin Shingade,,0
4,235,2016-07-26,Puneri Paltan,41,Deepak Niwas Hooda,,17
4,235,2016-07-26,Puneri Paltan,320,Nitin Tomar,,6
4,235,2016-07-26,Puneri Paltan,157,Ravinder Pahal,,3
4,235,2016-07-26,Puneri Paltan,194,Joginder Singh Narwal,,1
4,235,2016-07-26,Puneri Paltan,69,Manjeet Chhillar,,1
4,235,2016-07-26,Puneri Paltan,26,Ajay Thakur,,1
4,235,2016-07-26,Puneri Paltan,109,Somvir Shekhar,Defender,0
4,235,2016-07-26,Puneri Paltan,150,Parmod Narwal,All Rounder,0
4,236,2016-07-27,Puneri Paltan,69,Manjeet Chhillar,,11
4,236,2016-07-27,Puneri Paltan,41,Deepak Niwas Hooda,,9
4,236,2016-07-27,Puneri Paltan,320,Nitin Tomar,,5
4,236,2016-07-27,Puneri Paltan,26,Ajay Thakur,,3
4,236,2016-07-27,Puneri Paltan,109,Somvir Shekhar,Defender,1
4,236,2016-07-27,Puneri Paltan,194,Joginder Singh Narwal,,1
4,236,2016-07-27,Puneri Paltan,157,Ravinder Pahal,,0
4,236,2016-07-27,Puneri Paltan,150,Parmod Narwal,All Rounder,0
4,236,2016-07-27,Bengaluru Bulls,326,Rohit Kumar,,9
4,236,2016-07-27,Bengaluru Bulls,71,Mohit Chhillar,,8
4,236,2016-07-27,Bengaluru Bulls,363,Sumit Singh,,4
4,236,2016-07-27,Bengaluru Bulls,146,Surender Nada,Defender,4
4,236,2016-07-27,Bengaluru Bulls,245,Yogesh Hooda,,3
4,236,2016-07-27,Bengaluru Bulls,202,Ashish Kumar,,2
4,236,2016-07-27,Bengaluru Bulls,288,Rahul Kumar,Defender,0
4,236,2016-07-27,Bengaluru Bulls,156,Pawan Kumar Kadian,,0
4,236,2016-07-27,Bengaluru Bulls,53,Jeeva Gopal,Defender,0
4,237,2016-07-27,Dabang Delhi,155,Prashanth Kumar Rai,,10
4,237,2016-07-27,Dabang Delhi,58,Kashiling Adake,,7
4,237,2016-07-27,Dabang Delhi,162,D. Suresh Kumar,Defender,3
4,237,2016-07-27,Dabang Delhi,272,Umesh Mhatre,Raider,3
4,237,2016-07-27,Dabang Delhi,165,Sachin Shingade,,2
4,237,2016-07-27,Dabang Delhi,211,Deepak Narwal,,2
4,237,2016-07-27,Dabang Delhi,251,Meraj Sheykh,,0
4,237,2016-07-27,Dabang Delhi,335,Tin Phonchoo,All Rounder,0
4,237,2016-07-27,Dabang Delhi,366,Vikash Khandola,,0
4,237,2016-07-27,Dabang Delhi,386,Anil Kumar,,0
4,237,2016-07-27,U Mumba,94,Rishank Devadiga,,10
4,237,2016-07-27,U Mumba,29,Anup Kumar,,8
4,237,2016-07-27,U Mumba,88,Rakesh Kumar,Raider,5
4,237,2016-07-27,U Mumba,54,Jeeva Kumar,,3
4,237,2016-07-27,U Mumba,173,Suresu Kumar,Raider,3
4,237,2016-07-27,U Mumba,322,Surjeet Singh,,2
4,237,2016-07-27,U Mumba,234,Surender Singh,,1
4,237,2016-07-27,U Mumba,46,Gurvinder Singh,,0
4,238,2016-07-29,Patna Pirates,197,Pardeep Narwal,,10
4,238,2016-07-29,Patna Pirates,85,Rajesh Mondal,,6
4,238,2016-07-29,Patna Pirates,119,Surjeet Singh,,5
4,238,2016-07-29,Patna Pirates,252,Kuldeep Singh,,5
4,238,2016-07-29,Patna Pirates,249,Hadi Oshtorak,,4
4,238,2016-07-29,Patna Pirates,259,Fazel Atrachali,,3
4,238,2016-07-29,Patna Pirates,300,Abolfazl Maghsodloumahali,,1
4,238,2016-07-29,Patna Pirates,164,Bajirao Hodage,,0
4,238,2016-07-29,Patna Pirates,42,Dharmaraj Cheralathan,,0
4,238,2016-07-29,Puneri Paltan,41,Deepak Niwas Hooda,,9
4,238,2016-07-29,Puneri Paltan,69,Manjeet Chhillar,,7
4,238,2016-07-29,Puneri Paltan,150,Parmod Narwal,All Rounder,3
4,238,2016-07-29,Puneri Paltan,109,Somvir Shekhar,Defender,3
4,238,2016-07-29,Puneri Paltan,320,Nitin Tomar,,3
4,238,2016-07-29,Puneri Paltan,190,Sonu Narwal,Raider,2
4,238,2016-07-29,Puneri Paltan,194,Joginder Singh Narwal,,2
4,238,2016-07-29,Puneri Paltan,167,Preetam Chhillar,All Rounder,0
4,238,2016-07-29,Puneri Paltan,26,Ajay Thakur,,0
4,239,2016-07-29,Telugu Titans,81,Rahul Chaudhari,,9
4,239,2016-07-29,Telugu Titans,293,Nilesh Salunke,,6
4,239,2016-07-29,Telugu Titans,290,Sandeep Kumar Dhull,,3
4,239,2016-07-29,Telugu Titans,111,Sukesh Hegde,,1
4,239,2016-07-29,Telugu Titans,142,Sandeep Narwal,,1
4,239,2016-07-29,Telugu Titans,347,Sagar B. Krishna,,1
4,239,2016-07-29,Telugu Titans,376,Athul MS,,1
4,239,2016-07-29,Telugu Titans,391,S Mahalingam,All Rounder,0
4,239,2016-07-29,Telugu Titans,215,Vinod Kumar,,0
4,239,2016-07-29,Telugu Titans,51,Jasmer Singh Gulia,,0
4,239,2016-07-29,Jaipur Pink Panthers,52,Jasvir Singh,,9
4,239,2016-07-29,Jaipur Pink Panthers,389,Ajay Kumar,,6
4,239,2016-07-29,Jaipur Pink Panthers,160,Ran Singh,,4
4,239,2016-07-29,Jaipur Pink Panthers,212,Amit Hooda,,4
4,239,2016-07-29,Jaipur Pink Panthers,86,Rajesh Narwal,,4
4,239,2016-07-29,Jaipur Pink Panthers,96,Rohit Rana,,0
4,239,2016-07-29,Jaipur Pink Panthers,105,Shabeer Bappu,,0
4,239,2016-07-29,Jaipur Pink Panthers,310,Lo Chia Wei,Raider,0
4,239,2016-07-29,Jaipur Pink Panthers,67,Mahipal Narwal,Defender,0
4,240,2016-07-31,Telugu Titans,81,Rahul Chaudhari,,18
4,240,2016-07-31,Telugu Titans,391,S Mahalingam,All Rounder,3
4,240,2016-07-31,Telugu Titans,293,Nilesh Salunke,,2
4,240,2016-07-31,Telugu Titans,358,Vishal Bhardwaj,,2
4,240,2016-07-31,Telugu Titans,347,Sagar B. Krishna,,1
4,240,2016-07-31,Telugu Titans,142,Sandeep Narwal,,1
4,240,2016-07-31,Telugu Titans,97,Rupesh Tomar,All Rounder,0
4,240,2016-07-31,Telugu Titans,361,Sombir,,0
4,240,2016-07-31,Telugu Titans,376,Athul MS,,0
4,240,2016-07-31,Puneri Paltan,41,Deepak Niwas Hooda,,17
4,240,2016-07-31,Puneri Paltan,194,Joginder Singh Narwal,,6
4,240,2016-07-31,Puneri Paltan,109,Somvir Shekhar,Defender,3
4,240,2016-07-31,Puneri Paltan,26,Ajay Thakur,,3
4,240,2016-07-31,Puneri Paltan,320,Nitin Tomar,,2
4,240,2016-07-31,Puneri Paltan,150,Parmod Narwal,All Rounder,1
4,240,2016-07-31,Puneri Paltan,167,Preetam Chhillar,All Rounder,1
4,240,2016-07-31,Puneri Paltan,365,Akshay Jadhav,,0
4,240,2016-07-31,Puneri Paltan,384,Ravinder Kumar,,0
4,241,2016-07-31,Patna Pirates,197,Pardeep Narwal,,16
4,241,2016-07-31,Patna Pirates,249,Hadi Oshtorak,,5
4,241,2016-07-31,Patna Pirates,252,Kuldeep Singh,,3
4,241,2016-07-31,Patna Pirates,42,Dharmaraj Cheralathan,,3
4,241,2016-07-31,Patna Pirates,119,Surjeet Singh,,2
4,241,2016-07-31,Patna Pirates,85,Rajesh Mondal,,2
4,241,2016-07-31,Patna Pirates,259,Fazel Atrachali,,1
4,241,2016-07-31,Patna Pirates,164,Bajirao Hodage,,0
4,241,2016-07-31,Patna Pirates,185,Vijin Thangadurai,,0
4,241,2016-07-31,Jaipur Pink Panthers,52,Jasvir Singh,,13
4,241,2016-07-31,Jaipur Pink Panthers,86,Rajesh Narwal,,7
4,241,2016-07-31,Jaipur Pink Panthers,212,Amit Hooda,,3
4,241,2016-07-31,Jaipur Pink Panthers,389,Ajay Kumar,,1
4,241,2016-07-31,Jaipur Pink Panthers,96,Rohit Rana,,1
4,241,2016-07-31,Jaipur Pink Panthers,105,Shabeer Bappu,,0
4,241,2016-07-31,Jaipur Pink Panthers,67,Mahipal Narwal,Defender,0
4,241,2016-07-31,Jaipur Pink Panthers,160,Ran Singh,,0
5,286,2017-07-28,Telugu Titans,81,Rahul Chaudhari,,10
5,286,2017-07-28,Telugu Titans,293,Nilesh Salunke,,7
5,286,2017-07-28,Telugu Titans,358,Vishal Bhardwaj,,5
5,286,2017-07-28,Telugu Titans,482,Farhad Rahimi Milaghardan,,4
5,286,2017-07-28,Telugu Titans,88,Rakesh Kumar,Raider,2
5,286,2017-07-28,Telugu Titans,96,Rohit Rana,,1
5,286,2017-07-28,Telugu Titans,762,Vikas Kumar,Raider,1
5,286,2017-07-28,Telugu Titans,361,Sombir,,0
5,286,2017-07-28,Tamil Thalaivas,219,K. Prapanjan,,7
5,286,2017-07-28,Tamil Thalaivas,26,Ajay Thakur,,6
5,286,2017-07-28,Tamil Thalaivas,191,C. Arun,,4
5,286,2017-07-28,Tamil Thalaivas,268,Vineet Sharma,,3
5,286,2017-07-28,Tamil Thalaivas,722,D. Pradap,,3
5,286,2017-07-28,Tamil Thalaivas,311,Anil Kumar,,1
5,286,2017-07-28,Tamil Thalaivas,212,Amit Hooda,,1
5,286,2017-07-28,Tamil Thalaivas,185,Vijin Thangadurai,,0
5,286,2017-07-28,Tamil Thalaivas,386,Anil Kumar,,0
5,286,2017-07-28,Tamil Thalaivas,522,Dong Geon Lee,,0
5,286,2017-07-28,Tamil Thalaivas,696,M. Thivakaran,Raider,0
5,287,2017-07-28,U Mumba,29,Anup Kumar,,8
5,287,2017-07-28,U Mumba,252,Kuldeep Singh,,4
5,287,2017-07-28,U Mumba,105,Shabeer Bappu,,2
5,287,2017-07-28,U Mumba,106,Shrikant Jadhav,,1
5,287,2017-07-28,U Mumba,58,Kashiling Adake,,1
5,287,2017-07-28,U Mumba,162,D. Suresh Kumar,Defender,1
5,287,2017-07-28,U Mumba,249,Hadi Oshtorak,,1
5,287,2017-07-28,U Mumba,733,Surinder Singh,,0
5,287,2017-07-28,U Mumba,194,Joginder Singh Narwal,,0
5,287,2017-07-28,U Mumba,75,Nitin Madane,Raider,0
5,287,2017-07-28,Puneri Paltan,142,Sandeep Narwal,,6
5,287,2017-07-28,Puneri Paltan,41,Deepak Niwas Hooda,,5
5,287,2017-07-28,Puneri Paltan,42,Dharmaraj Cheralathan,,4
5,287,2017-07-28,Puneri Paltan,161,Girish Maruti Ernak,,3
5,287,2017-07-28,Puneri Paltan,240,Ravi Kumar,,3
5,287,2017-07-28,Puneri Paltan,772,More G B,,3
5,287,2017-07-28,Puneri Paltan,85,Rajesh Mondal,,2
5,287,2017-07-28,Puneri Paltan,771,Suresh Kumar,Raider,1
5,288,2017-07-29,Jaipur Pink Panthers,156,Pawan Kumar Kadian,,7
5,288,2017-07-29,Jaipur Pink Panthers,52,Jasvir Singh,,5
5,288,2017-07-29,Jaipur Pink Panthers,109,Somvir Shekhar,Defender,3
5,288,2017-07-29,Jaipur Pink Panthers,264,Selvamani K,,2
5,288,2017-07-29,Jaipur Pink Panthers,242,Tushar Patil,,1
5,288,2017-07-29,Jaipur Pink Panthers,69,Manjeet Chhillar,,1
5,288,2017-07-29,Jaipur Pink Panthers,72,Navneet Gautam,Defender,0
5,288,2017-07-29,Jaipur Pink Panthers,233,Manoj Dhull,,0
5,288,2017-07-29,Jaipur Pink Panthers,611,Sidharth,All Rounder,0
5,288,2017-07-29,Dabang Delhi,251,Meraj Sheykh,,7
5,288,2017-07-29,Dabang Delhi,73,Nilesh Shinde,Defender,5
5,288,2017-07-29,Dabang Delhi,300,Abolfazl Maghsodloumahali,,4
5,288,2017-07-29,Dabang Delhi,207,Sunil,,3
5,288,2017-07-29,Dabang Delhi,261,Rohit Baliyan,,2
5,288,2017-07-29,Dabang Delhi,164,Bajirao Hodage,,2
5,288,2017-07-29,Dabang Delhi,784,Viraj Vishnu Landge,,2
5,288,2017-07-29,Dabang Delhi,576,Anand Patil,,0
5,289,2017-07-29,Telugu Titans,81,Rahul Chaudhari,,7
5,289,2017-07-29,Telugu Titans,293,Nilesh Salunke,,6
5,289,2017-07-29,Telugu Titans,358,Vishal Bhardwaj,,5
5,289,2017-07-29,Telugu Titans,762,Vikas Kumar,Raider,5
5,289,2017-07-29,Telugu Titans,88,Rakesh Kumar,Raider,2
5,289,2017-07-29,Telugu Titans,96,Rohit Rana,,1
5,289,2017-07-29,Telugu Titans,482,Farhad Rahimi Milaghardan,,0
5,289,2017-07-29,Telugu Titans,215,Vinod Kumar,,0
5,289,2017-07-29,Patna Pirates,197,Pardeep Narwal,,15
5,289,2017-07-29,Patna Pirates,388,Monu Goyat,,8
5,289,2017-07-29,Patna Pirates,123,Vishal Mane,,3
5,289,2017-07-29,Patna Pirates,390,Jawahar Dagar,,2
5,289,2017-07-29,Patna Pirates,728,Manish,,2
5,289,2017-07-29,Patna Pirates,580,Vishnu Uthaman,Raider,1
5,289,2017-07-29,Patna Pirates,165,Sachin Shingade,,1
5,289,2017-07-29,Patna Pirates,579,Jaideep,,0
5,289,2017-07-29,Patna Pirates,790,Satish,Defender,0
5,290,2017-07-30,U Mumba,58,Kashiling Adake,,7
5,290,2017-07-30,U Mumba,29,Anup Kumar,,6
5,290,2017-07-30,U Mumba,733,Surinder Singh,,4
5,290,2017-07-30,U Mumba,194,Joginder Singh Narwal,,3
5,290,2017-07-30,U Mumba,162,D. Suresh Kumar,Defender,3
5,290,2017-07-30,U Mumba,75,Nitin Madane,Raider,2
5,290,2017-07-30,U Mumba,105,Shabeer Bappu,,1
5,290,2017-07-30,U Mumba,252,Kuldeep Singh,,1
5,290,2017-07-30,Haryana Steelers,366,Vikash Khandola,,6
5,290,2017-07-30,Haryana Steelers,124,Wazir Singh,,6
5,290,2017-07-30,Haryana Steelers,146,Surender Nada,Defender - Left Corner,5
5,290,2017-07-30,Haryana Steelers,119,Surjeet Singh,,4
5,290,2017-07-30,Haryana Steelers,158,Rakesh Singh Kumar,Defender,3
5,290,2017-07-30,Haryana Steelers,174,Deepak Kumar Dahiya,,1
5,290,2017-07-30,Haryana Steelers,150,Parmod Narwal,All Rounder,0
5,290,2017-07-30,Haryana Steelers,71,Mohit Chhillar,,0
5,290,2017-07-30,Haryana Steelers,275,Deepak Kumar Rathee,Defender,0
5,291,2017-07-30,Telugu Titans,81,Rahul Chaudhari,,4
5,291,2017-07-30,Telugu Titans,88,Rakesh Kumar,Raider,4
5,291,2017-07-30,Telugu Titans,567,Mohsen Maghsoudloujafari,,4
5,291,2017-07-30,Telugu Titans,762,Vikas Kumar,Raider,3
5,291,2017-07-30,Telugu Titans,293,Nilesh Salunke,,3
5,291,2017-07-30,Telugu Titans,358,Vishal Bhardwaj,,1
5,291,2017-07-30,Telugu Titans,361,Sombir,,0
5,291,2017-07-30,Telugu Titans,482,Farhad Rahimi Milaghardan,,0
5,291,2017-07-30,Telugu Titans,96,Rohit Rana,,0
5,291,2017-07-30,Bengaluru Bulls,326,Rohit Kumar,,12
5,291,2017-07-30,Bengaluru Bulls,389,Ajay Kumar,,7
5,291,2017-07-30,Bengaluru Bulls,157,Ravinder Pahal,,3
5,291,2017-07-30,Bengaluru Bulls,769,Mahender Singh,,3
5,291,2017-07-30,Bengaluru Bulls,202,Ashish Kumar,,2
5,291,2017-07-30,Bengaluru Bulls,218,Sachin Kumar,,0
5,291,2017-07-30,Bengaluru Bulls,167,Preetam Chhillar,All Rounder,0
5,291,2017-07-30,Bengaluru Bulls,794,Amit Sheoran,,0
5,291,2017-07-30,Bengaluru Bulls,46,Gurvinder Singh,,0
5,292,2017-08-01,Gujarat Giants,259,Fazel Atrachali,,4
5,292,2017-08-01,Gujarat Giants,757,Sachin,,3
5,292,2017-08-01,Gujarat Giants,204,Rakesh Narwal,,3
5,292,2017-08-01,Gujarat Giants,111,Sukesh Hegde,,3
5,292,2017-08-01,Gujarat Giants,368,Sunil Kumar,Defender,2
5,292,2017-08-01,Gujarat Giants,489,Abozar Mohajermighani,,2
5,292,2017-08-01,Gujarat Giants,357,Parvesh Bhainswal,,1
5,292,2017-08-01,Gujarat Giants,686,Rohit Gulia,,1
5,292,2017-08-01,Gujarat Giants,318,Pawan Kumar Sehrawat,,0
5,292,2017-08-01,Dabang Delhi,718,R. Sriram,,5
5,292,2017-08-01,Dabang Delhi,576,Anand Patil,,3
5,292,2017-08-01,Dabang Delhi,207,Sunil,,2
5,292,2017-08-01,Dabang Delhi,300,Abolfazl Maghsodloumahali,,2
5,292,2017-08-01,Dabang Delhi,73,Nilesh Shinde,Defender,2
5,292,2017-08-01,Dabang Delhi,97,Rupesh Tomar,All Rounder,1
5,292,2017-08-01,Dabang Delhi,784,Viraj Vishnu Landge,,1
5,292,2017-08-01,Dabang Delhi,251,Meraj Sheykh,,0
5,292,2017-08-01,Dabang Delhi,261,Rohit Baliyan,,0
5,292,2017-08-01,Dabang Delhi,164,Bajirao Hodage,,0
5,292,2017-08-01,Dabang Delhi,173,Suresu Kumar,Raider,0
5,293,2017-08-01,Telugu Titans,81,Rahul Chaudhari,,7
5,293,2017-08-01,Telugu Titans,358,Vishal Bhardwaj,,3
5,293,2017-08-01,Telugu Titans,762,Vikas Kumar,Raider,3
5,293,2017-08-01,Telugu Titans,293,Nilesh Salunke,,2
5,293,2017-08-01,Telugu Titans,88,Rakesh Kumar,Raider,2
5,293,2017-08-01,Telugu Titans,96,Rohit Rana,,0
5,293,2017-08-01,Telugu Titans,361,Sombir,,0
5,293,2017-08-01,Telugu Titans,567,Mohsen Maghsoudloujafari,,0
5,293,2017-08-01,Telugu Titans,837,Rakshith,,0
5,293,2017-08-01,Telugu Titans,28,Amit Singh Chhillar,Defender,0
5,293,2017-08-01,U.P. Yoddhas,320,Nitin Tomar,,6
5,293,2017-08-01,U.P. Yoddhas,725,Nitesh Kumar,,5
5,293,2017-08-01,U.P. Yoddhas,94,Rishank Devadiga,,5
5,293,2017-08-01,U.P. Yoddhas,66,Mahesh Goud,,4
5,293,2017-08-01,U.P. Yoddhas,234,Surender Singh,,3
5,293,2017-08-01,U.P. Yoddhas,54,Jeeva Kumar,,2
5,293,2017-08-01,U.P. Yoddhas,86,Rajesh Narwal,,2
5,293,2017-08-01,U.P. Yoddhas,665,Pankaj,,1
5,294,2017-08-02,Gujarat Giants,163,Mahendra Ganesh Rajput,,5
5,294,2017-08-02,Gujarat Giants,368,Sunil Kumar,Defender,3
5,294,2017-08-02,Gujarat Giants,357,Parvesh Bhainswal,,3
5,294,2017-08-02,Gujarat Giants,757,Sachin,,3
5,294,2017-08-02,Gujarat Giants,111,Sukesh Hegde,,3
5,294,2017-08-02,Gujarat Giants,204,Rakesh Narwal,,2
5,294,2017-08-02,Gujarat Giants,259,Fazel Atrachali,,2
5,294,2017-08-02,Gujarat Giants,318,Pawan Kumar Sehrawat,,1
5,294,2017-08-02,Gujarat Giants,489,Abozar Mohajermighani,,1
5,294,2017-08-02,Gujarat Giants,67,Mahipal Narwal,Defender,0
5,294,2017-08-02,Haryana Steelers,146,Surender Nada,Defender - Left Corner,7
5,294,2017-08-02,Haryana Steelers,366,Vikash Khandola,,7
5,294,2017-08-02,Haryana Steelers,119,Surjeet Singh,,6
5,294,2017-08-02,Haryana Steelers,155,Prashanth Kumar Rai,,3
5,294,2017-08-02,Haryana Steelers,158,Rakesh Singh Kumar,Defender,1
5,294,2017-08-02,Haryana Steelers,734,Vikas,Defender,1
5,294,2017-08-02,Haryana Steelers,578,Mayur Shivtarkar,,0
5,294,2017-08-02,Haryana Steelers,637,Neeraj Kumar,,0
5,294,2017-08-02,Haryana Steelers,124,Wazir Singh,,0
5,294,2017-08-02,Haryana Steelers,71,Mohit Chhillar,,0
5,295,2017-08-02,Telugu Titans,762,Vikas Kumar,Raider,9
5,295,2017-08-02,Telugu Titans,293,Nilesh Salunke,,5
5,295,2017-08-02,Telugu Titans,81,Rahul Chaudhari,,5
5,295,2017-08-02,Telugu Titans,215,Vinod Kumar,,2
5,295,2017-08-02,Telugu Titans,358,Vishal Bhardwaj,,1
5,295,2017-08-02,Telugu Titans,88,Rakesh Kumar,Raider,1
5,295,2017-08-02,Telugu Titans,96,Rohit Rana,,0
5,295,2017-08-02,Telugu Titans,482,Farhad Rahimi Milaghardan,,0
5,295,2017-08-02,Bengal Warriors,143,Maninder Singh,,11
5,295,2017-08-02,Bengal Warriors,12,Jang Kun Lee,,8
5,295,2017-08-02,Bengal Warriors,107,Shrikant Tewthia,,1
5,295,2017-08-02,Bengal Warriors,160,Ran Singh,,1
5,295,2017-08-02,Bengal Warriors,211,Deepak Narwal,,1
5,295,2017-08-02,Bengal Warriors,288,Rahul Kumar,Defender,1
5,295,2017-08-02,Bengal Warriors,322,Surjeet Singh,,1
5,295,2017-08-02,Bengal Warriors,387,Vinod Kumar,,1
5,296,2017-08-03,Telugu Titans,81,Rahul Chaudhari,,12
5,296,2017-08-03,Telugu Titans,88,Rakesh Kumar,Raider,6
5,296,2017-08-03,Telugu Titans,293,Nilesh Salunke,,4
5,296,2017-08-03,Telugu Titans,837,Rakshith,,4
5,296,2017-08-03,Telugu Titans,358,Vishal Bhardwaj,,2
5,296,2017-08-03,Telugu Titans,96,Rohit Rana,,2
5,296,2017-08-03,Telugu Titans,215,Vinod Kumar,,0
5,296,2017-08-03,Telugu Titans,762,Vikas Kumar,Raider,0
5,296,2017-08-03,Patna Pirates,197,Pardeep Narwal,,12
5,296,2017-08-03,Patna Pirates,388,Monu Goyat,,10
5,296,2017-08-03,Patna Pirates,579,Jaideep,,4
5,296,2017-08-03,Patna Pirates,728,Manish,,4
5,296,2017-08-03,Patna Pirates,764,Vinod Kumar,,4
5,296,2017-08-03,Patna Pirates,790,Satish,Defender,1
5,296,2017-08-03,Patna Pirates,390,Jawahar Dagar,,0
5,296,2017-08-03,Patna Pirates,123,Vishal Mane,,0
5,296,2017-08-03,Patna Pirates,165,Sachin Shingade,,0
5,297,2017-08-04,Bengaluru Bulls,326,Rohit Kumar,,11
5,297,2017-08-04,Bengaluru Bulls,202,Ashish Kumar,,6
5,297,2017-08-04,Bengaluru Bulls,769,Mahender Singh,,5
5,297,2017-08-04,Bengaluru Bulls,157,Ravinder Pahal,,3
5,297,2017-08-04,Bengaluru Bulls,389,Ajay Kumar,,2
5,297,2017-08-04,Bengaluru Bulls,218,Sachin Kumar,,1
5,297,2017-08-04,Bengaluru Bulls,372,Harish Naik,,0
5,297,2017-08-04,Bengaluru Bulls,167,Preetam Chhillar,All Rounder,0
5,297,2017-08-04,Tamil Thalaivas,26,Ajay Thakur,,6
5,297,2017-08-04,Tamil Thalaivas,219,K. Prapanjan,,6
5,297,2017-08-04,Tamil Thalaivas,722,D. Pradap,,4
5,297,2017-08-04,Tamil Thalaivas,522,Dong Geon Lee,,3
5,297,2017-08-04,Tamil Thalaivas,212,Amit Hooda,,3
5,297,2017-08-04,Tamil Thalaivas,660,Bhavani Rajput,Raider,1
5,297,2017-08-04,Tamil Thalaivas,191,C. Arun,,1
5,297,2017-08-04,Tamil Thalaivas,696,M. Thivakaran,Raider,0
5,297,2017-08-04,Tamil Thalaivas,268,Vineet Sharma,,0
5,297,2017-08-04,Tamil Thalaivas,360,Sanket Chavan,Defender,0
5,297,2017-08-04,Tamil Thalaivas,185,Vijin Thangadurai,,0
5,298,2017-08-04,Puneri Paltan,85,Rajesh Mondal,,8
5,298,2017-08-04,Puneri Paltan,41,Deepak Niwas Hooda,,7
5,298,2017-08-04,Puneri Paltan,42,Dharmaraj Cheralathan,,2
5,298,2017-08-04,Puneri Paltan,142,Sandeep Narwal,,2
5,298,2017-08-04,Puneri Paltan,240,Ravi Kumar,,2
5,298,2017-08-04,Puneri Paltan,161,Girish Maruti Ernak,,1
5,298,2017-08-04,Puneri Paltan,217,Rohit Kumar Choudary,,0
5,298,2017-08-04,Puneri Paltan,772,More G B,,0
5,298,2017-08-04,Dabang Delhi,576,Anand Patil,,8
5,298,2017-08-04,Dabang Delhi,207,Sunil,,4
5,298,2017-08-04,Dabang Delhi,605,Shubham Ashok Palkar,,2
5,298,2017-08-04,Dabang Delhi,718,R. Sriram,,1
5,298,2017-08-04,Dabang Delhi,164,Bajirao Hodage,,1
5,298,2017-08-04,Dabang Delhi,73,Nilesh Shinde,Defender,1
5,298,2017-08-04,Dabang Delhi,170,Swapnil Dilip Shinde,Defender,0
5,298,2017-08-04,Dabang Delhi,251,Meraj Sheykh,,0
5,298,2017-08-04,Dabang Delhi,300,Abolfazl Maghsodloumahali,,0
5,298,2017-08-04,Dabang Delhi,784,Viraj Vishnu Landge,,0
5,299,2017-08-05,U Mumba,105,Shabeer Bappu,,7
5,299,2017-08-05,U Mumba,29,Anup Kumar,,7
5,299,2017-08-05,U Mumba,162,D. Suresh Kumar,Defender,4
5,299,2017-08-05,U Mumba,252,Kuldeep Singh,,3
5,299,2017-08-05,U Mumba,710,N. Renjith,Defender,3
5,299,2017-08-05,U Mumba,733,Surinder Singh,,3
5,299,2017-08-05,U Mumba,75,Nitin Madane,Raider,2
5,299,2017-08-05,U Mumba,58,Kashiling Adake,,1
5,299,2017-08-05,U Mumba,106,Shrikant Jadhav,,0
5,299,2017-08-05,U Mumba,194,Joginder Singh Narwal,,0
5,299,2017-08-05,Dabang Delhi,251,Meraj Sheykh,,7
5,299,2017-08-05,Dabang Delhi,73,Nilesh Shinde,Defender,5
5,299,2017-08-05,Dabang Delhi,718,R. Sriram,,3
5,299,2017-08-05,Dabang Delhi,207,Sunil,,1
5,299,2017-08-05,Dabang Delhi,164,Bajirao Hodage,,1
5,299,2017-08-05,Dabang Delhi,576,Anand Patil,,0
5,299,2017-08-05,Dabang Delhi,605,Shubham Ashok Palkar,,0
5,299,2017-08-05,Dabang Delhi,735,Vishal,,0
5,299,2017-08-05,Dabang Delhi,784,Viraj Vishnu Landge,,0
5,300,2017-08-05,Bengaluru Bulls,326,Rohit Kumar,,11
5,300,2017-08-05,Bengaluru Bulls,389,Ajay Kumar,,3
5,300,2017-08-05,Bengaluru Bulls,46,Gurvinder Singh,,3
5,300,2017-08-05,Bengaluru Bulls,769,Mahender Singh,,2
5,300,2017-08-05,Bengaluru Bulls,202,Ashish Kumar,,2
5,300,2017-08-05,Bengaluru Bulls,218,Sachin Kumar,,0
5,300,2017-08-05,Bengaluru Bulls,141,Sunil Jaipal,Raider,0
5,300,2017-08-05,Bengaluru Bulls,167,Preetam Chhillar,All Rounder,0
5,300,2017-08-05,Bengaluru Bulls,61,Kuldeep Singh,Defender,0
5,300,2017-08-05,Bengaluru Bulls,777,Pardeep Kandola,Defender,0
5,300,2017-08-05,Bengaluru Bulls,794,Amit Sheoran,,0
5,300,2017-08-05,U.P. Yoddhas,320,Nitin Tomar,,9
5,300,2017-08-05,U.P. Yoddhas,94,Rishank Devadiga,,5
5,300,2017-08-05,U.P. Yoddhas,86,Rajesh Narwal,,3
5,300,2017-08-05,U.P. Yoddhas,234,Surender Singh,,3
5,300,2017-08-05,U.P. Yoddhas,54,Jeeva Kumar,,3
5,300,2017-08-05,U.P. Yoddhas,665,Pankaj,,2
5,300,2017-08-05,U.P. Yoddhas,725,Nitesh Kumar,,2
5,300,2017-08-05,U.P. Yoddhas,347,Sagar B. Krishna,,0
5,300,2017-08-05,U.P. Yoddhas,66,Mahesh Goud,,0
5,301,2017-08-06,Bengal Warriors,387,Vinod Kumar,,8
5,301,2017-08-06,Bengal Warriors,12,Jang Kun Lee,,7
5,301,2017-08-06,Bengal Warriors,143,Maninder Singh,,6
5,301,2017-08-06,Bengal Warriors,160,Ran Singh,,5
5,301,2017-08-06,Bengal Warriors,211,Deepak Narwal,,2
5,301,2017-08-06,Bengal Warriors,322,Surjeet Singh,,2
5,301,2017-08-06,Bengal Warriors,107,Shrikant Tewthia,,1
5,301,2017-08-06,Bengal Warriors,370,Ravindra Ramesh Kumawat,,0
5,301,2017-08-06,Bengal Warriors,288,Rahul Kumar,Defender,0
5,301,2017-08-06,Bengal Warriors,34,Bhupender Singh,,0
5,301,2017-08-06,Bengal Warriors,519,Young Chang Ko,,0
5,301,2017-08-06,U.P. Yoddhas,234,Surender Singh,,5
5,301,2017-08-06,U.P. Yoddhas,86,Rajesh Narwal,,3
5,301,2017-08-06,U.P. Yoddhas,712,Rohit Kumar,Defender,2
5,301,2017-08-06,U.P. Yoddhas,54,Jeeva Kumar,,2
5,301,2017-08-06,U.P. Yoddhas,66,Mahesh Goud,,2
5,301,2017-08-06,U.P. Yoddhas,301,Hadi Tajik,,1
5,301,2017-08-06,U.P. Yoddhas,320,Nitin Tomar,,1
5,301,2017-08-06,U.P. Yoddhas,101,Santhosh B.S,Defender,1
5,301,2017-08-06,U.P. Yoddhas,725,Nitesh Kumar,,0
5,301,2017-08-06,U.P. Yoddhas,665,Pankaj,,0
5,302,2017-08-06,Bengaluru Bulls,326,Rohit Kumar,,8
5,302,2017-08-06,Bengaluru Bulls,389,Ajay Kumar,,6
5,302,2017-08-06,Bengaluru Bulls,202,Ashish Kumar,,4
5,302,2017-08-06,Bengaluru Bulls,46,Gurvinder Singh,,4
5,302,2017-08-06,Bengaluru Bulls,157,Ravinder Pahal,,2
5,302,2017-08-06,Bengaluru Bulls,769,Mahender Singh,,2
5,302,2017-08-06,Bengaluru Bulls,794,Amit Sheoran,,0
5,302,2017-08-06,Patna Pirates,197,Pardeep Narwal,,15
5,302,2017-08-06,Patna Pirates,388,Monu Goyat,,7
5,302,2017-08-06,Patna Pirates,764,Vinod Kumar,,7
5,302,2017-08-06,Patna Pirates,123,Vishal Mane,,4
5,302,2017-08-06,Patna Pirates,165,Sachin Shingade,,1
5,302,2017-08-06,Patna Pirates,790,Satish,Defender,1
5,302,2017-08-06,Patna Pirates,579,Jaideep,,1
5,302,2017-08-06,Patna Pirates,728,Manish,,0
5,303,2017-08-08,Gujarat Giants,757,Sachin,,8
5,303,2017-08-08,Gujarat Giants,163,Mahendra Ganesh Rajput,,5
5,303,2017-08-08,Gujarat Giants,489,Abozar Mohajermighani,,3
5,303,2017-08-08,Gujarat Giants,357,Parvesh Bhainswal,,1
5,303,2017-08-08,Gujarat Giants,686,Rohit Gulia,,1
5,303,2017-08-08,Gujarat Giants,368,Sunil Kumar,Defender,1
5,303,2017-08-08,Gujarat Giants,204,Rakesh Narwal,,0
5,303,2017-08-08,Gujarat Giants,259,Fazel Atrachali,,0
5,303,2017-08-08,Gujarat Giants,111,Sukesh Hegde,,0
5,303,2017-08-08,Gujarat Giants,36,Chandran Ranjit,,0
5,303,2017-08-08,Gujarat Giants,70,Manoj Kumar,Defender,0
5,303,2017-08-08,Haryana Steelers,71,Mohit Chhillar,,7
5,303,2017-08-08,Haryana Steelers,146,Surender Nada,Defender - Left Corner,6
5,303,2017-08-08,Haryana Steelers,366,Vikash Khandola,,6
5,303,2017-08-08,Haryana Steelers,119,Surjeet Singh,,3
5,303,2017-08-08,Haryana Steelers,124,Wazir Singh,,2
5,303,2017-08-08,Haryana Steelers,734,Vikas,Defender,2
5,303,2017-08-08,Haryana Steelers,637,Neeraj Kumar,,0
5,303,2017-08-08,Haryana Steelers,158,Rakesh Singh Kumar,Defender,0
5,303,2017-08-08,Haryana Steelers,174,Deepak Kumar Dahiya,,0
5,304,2017-08-08,Bengaluru Bulls,326,Rohit Kumar,,5
5,304,2017-08-08,Bengaluru Bulls,202,Ashish Kumar,,3
5,304,2017-08-08,Bengaluru Bulls,157,Ravinder Pahal,,2
5,304,2017-08-08,Bengaluru Bulls,167,Preetam Chhillar,All Rounder,2
5,304,2017-08-08,Bengaluru Bulls,372,Harish Naik,,2
5,304,2017-08-08,Bengaluru Bulls,769,Mahender Singh,,2
5,304,2017-08-08,Bengaluru Bulls,218,Sachin Kumar,,1
5,304,2017-08-08,Bengaluru Bulls,389,Ajay Kumar,,0
5,304,2017-08-08,Telugu Titans,81,Rahul Chaudhari,,8
5,304,2017-08-08,Telugu Titans,293,Nilesh Salunke,,4
5,304,2017-08-08,Telugu Titans,358,Vishal Bhardwaj,,2
5,304,2017-08-08,Telugu Titans,837,Rakshith,,2
5,304,2017-08-08,Telugu Titans,88,Rakesh Kumar,Raider,2
5,304,2017-08-08,Telugu Titans,96,Rohit Rana,,1
5,304,2017-08-08,Telugu Titans,762,Vikas Kumar,Raider,1
5,304,2017-08-08,Telugu Titans,567,Mohsen Maghsoudloujafari,,0
5,304,2017-08-08,Telugu Titans,215,Vinod Kumar,,0
5,305,2017-08-09,Bengaluru Bulls,389,Ajay Kumar,,8
5,305,2017-08-09,Bengaluru Bulls,326,Rohit Kumar,,6
5,305,2017-08-09,Bengaluru Bulls,202,Ashish Kumar,,5
5,305,2017-08-09,Bengaluru Bulls,372,Harish Naik,,3
5,305,2017-08-09,Bengaluru Bulls,769,Mahender Singh,,2
5,305,2017-08-09,Bengaluru Bulls,157,Ravinder Pahal,,2
5,305,2017-08-09,Bengaluru Bulls,167,Preetam Chhillar,All Rounder,0
5,305,2017-08-09,Bengaluru Bulls,218,Sachin Kumar,,0
5,305,2017-08-09,Bengal Warriors,12,Jang Kun Lee,,8
5,305,2017-08-09,Bengal Warriors,160,Ran Singh,,4
5,305,2017-08-09,Bengal Warriors,322,Surjeet Singh,,4
5,305,2017-08-09,Bengal Warriors,387,Vinod Kumar,,2
5,305,2017-08-09,Bengal Warriors,143,Maninder Singh,,2
5,305,2017-08-09,Bengal Warriors,211,Deepak Narwal,,2
5,305,2017-08-09,Bengal Warriors,107,Shrikant Tewthia,,1
5,305,2017-08-09,Bengal Warriors,288,Rahul Kumar,Defender,0
5,306,2017-08-10,Puneri Paltan,142,Sandeep Narwal,,9
5,306,2017-08-10,Puneri Paltan,217,Rohit Kumar Choudary,,4
5,306,2017-08-10,Puneri Paltan,240,Ravi Kumar,,3
5,306,2017-08-10,Puneri Paltan,772,More G B,,3
5,306,2017-08-10,Puneri Paltan,41,Deepak Niwas Hooda,,3
5,306,2017-08-10,Puneri Paltan,161,Girish Maruti Ernak,,2
5,306,2017-08-10,Puneri Paltan,85,Rajesh Mondal,,1
5,306,2017-08-10,Puneri Paltan,42,Dharmaraj Cheralathan,,1
5,306,2017-08-10,Jaipur Pink Panthers,69,Manjeet Chhillar,,9
5,306,2017-08-10,Jaipur Pink Panthers,52,Jasvir Singh,,5
5,306,2017-08-10,Jaipur Pink Panthers,242,Tushar Patil,,4
5,306,2017-08-10,Jaipur Pink Panthers,676,Santhapanaselvam,,3
5,306,2017-08-10,Jaipur Pink Panthers,791,Nitin Rawal,,2
5,306,2017-08-10,Jaipur Pink Panthers,611,Sidharth,All Rounder,1
5,306,2017-08-10,Jaipur Pink Panthers,109,Somvir Shekhar,Defender,0
5,306,2017-08-10,Jaipur Pink Panthers,156,Pawan Kumar Kadian,,0
5,307,2017-08-10,Bengaluru Bulls,326,Rohit Kumar,,12
5,307,2017-08-10,Bengaluru Bulls,157,Ravinder Pahal,,4
5,307,2017-08-10,Bengaluru Bulls,202,Ashish Kumar,,3
5,307,2017-08-10,Bengaluru Bulls,372,Harish Naik,,1
5,307,2017-08-10,Bengaluru Bulls,389,Ajay Kumar,,1
5,307,2017-08-10,Bengaluru Bulls,769,Mahender Singh,,0
5,307,2017-08-10,Bengaluru Bulls,363,Sumit Singh,,0
5,307,2017-08-10,Bengaluru Bulls,218,Sachin Kumar,,0
5,307,2017-08-10,Bengaluru Bulls,167,Preetam Chhillar,All Rounder,0
5,307,2017-08-10,Bengaluru Bulls,61,Kuldeep Singh,Defender,0
5,307,2017-08-10,Tamil Thalaivas,219,K. Prapanjan,,6
5,307,2017-08-10,Tamil Thalaivas,268,Vineet Sharma,,4
5,307,2017-08-10,Tamil Thalaivas,212,Amit Hooda,,4
5,307,2017-08-10,Tamil Thalaivas,522,Dong Geon Lee,,4
5,307,2017-08-10,Tamil Thalaivas,722,D. Pradap,,3
5,307,2017-08-10,Tamil Thalaivas,724,Darshan J.,,3
5,307,2017-08-10,Tamil Thalaivas,191,C. Arun,,2
5,307,2017-08-10,Tamil Thalaivas,26,Ajay Thakur,,0
5,307,2017-08-10,Tamil Thalaivas,776,Muruthu M,Defender,0
5,307,2017-08-10,Tamil Thalaivas,311,Anil Kumar,,0
5,308,2017-08-11,Gujarat Giants,686,Rohit Gulia,,9
5,308,2017-08-11,Gujarat Giants,757,Sachin,,8
5,308,2017-08-11,Gujarat Giants,489,Abozar Mohajermighani,,5
5,308,2017-08-11,Gujarat Giants,111,Sukesh Hegde,,4
5,308,2017-08-11,Gujarat Giants,357,Parvesh Bhainswal,,3
5,308,2017-08-11,Gujarat Giants,259,Fazel Atrachali,,2
5,308,2017-08-11,Gujarat Giants,368,Sunil Kumar,Defender,1
5,308,2017-08-11,U Mumba,29,Anup Kumar,,4
5,308,2017-08-11,U Mumba,58,Kashiling Adake,,4
5,308,2017-08-11,U Mumba,252,Kuldeep Singh,,4
5,308,2017-08-11,U Mumba,75,Nitin Madane,Raider,3
5,308,2017-08-11,U Mumba,324,Darshan Kadian,,1
5,308,2017-08-11,U Mumba,106,Shrikant Jadhav,,1
5,308,2017-08-11,U Mumba,710,N. Renjith,Defender,1
5,308,2017-08-11,U Mumba,733,Surinder Singh,,0
5,308,2017-08-11,U Mumba,162,D. Suresh Kumar,Defender,0
5,308,2017-08-11,U Mumba,105,Shabeer Bappu,,0
5,309,2017-08-12,Telugu Titans,81,Rahul Chaudhari,,12
5,309,2017-08-12,Telugu Titans,837,Rakshith,,6
5,309,2017-08-12,Telugu Titans,358,Vishal Bhardwaj,,4
5,309,2017-08-12,Telugu Titans,88,Rakesh Kumar,Raider,2
5,309,2017-08-12,Telugu Titans,293,Nilesh Salunke,,2
5,309,2017-08-12,Telugu Titans,774,Munish,Raider,1
5,309,2017-08-12,Telugu Titans,96,Rohit Rana,,1
5,309,2017-08-12,Telugu Titans,482,Farhad Rahimi Milaghardan,,0
5,309,2017-08-12,Telugu Titans,567,Mohsen Maghsoudloujafari,,0
5,309,2017-08-12,Telugu Titans,762,Vikas Kumar,Raider,0
5,309,2017-08-12,U.P. Yoddhas,320,Nitin Tomar,,10
5,309,2017-08-12,U.P. Yoddhas,94,Rishank Devadiga,,6
5,309,2017-08-12,U.P. Yoddhas,86,Rajesh Narwal,,5
5,309,2017-08-12,U.P. Yoddhas,234,Surender Singh,,3
5,309,2017-08-12,U.P. Yoddhas,665,Pankaj,,3
5,309,2017-08-12,U.P. Yoddhas,725,Nitesh Kumar,,2
5,309,2017-08-12,U.P. Yoddhas,54,Jeeva Kumar,,2
5,309,2017-08-12,U.P. Yoddhas,66,Mahesh Goud,,2
5,310,2017-08-12,Gujarat Giants,757,Sachin,,8
5,310,2017-08-12,Gujarat Giants,111,Sukesh Hegde,,7
5,310,2017-08-12,Gujarat Giants,368,Sunil Kumar,Defender,3
5,310,2017-08-12,Gujarat Giants,489,Abozar Mohajermighani,,2
5,310,2017-08-12,Gujarat Giants,259,Fazel Atrachali,,2
5,310,2017-08-12,Gujarat Giants,686,Rohit Gulia,,2
5,310,2017-08-12,Gujarat Giants,357,Parvesh Bhainswal,,0
5,310,2017-08-12,Dabang Delhi,251,Meraj Sheykh,,8
5,310,2017-08-12,Dabang Delhi,92,Ravi Dalal,Raider,5
5,310,2017-08-12,Dabang Delhi,170,Swapnil Dilip Shinde,Defender,2
5,310,2017-08-12,Dabang Delhi,261,Rohit Baliyan,,1
5,310,2017-08-12,Dabang Delhi,718,R. Sriram,,1
5,310,2017-08-12,Dabang Delhi,736,Yatharth Deshwal,All Rounder,1
5,310,2017-08-12,Dabang Delhi,784,Viraj Vishnu Landge,,1
5,310,2017-08-12,Dabang Delhi,73,Nilesh Shinde,Defender,1
5,310,2017-08-12,Dabang Delhi,669,Vipin Malik,Raider,0
5,310,2017-08-12,Dabang Delhi,207,Sunil,,0
5,311,2017-08-13,Patna Pirates,197,Pardeep Narwal,,9
5,311,2017-08-13,Patna Pirates,388,Monu Goyat,,8
5,311,2017-08-13,Patna Pirates,123,Vishal Mane,,3
5,311,2017-08-13,Patna Pirates,579,Jaideep,,2
5,311,2017-08-13,Patna Pirates,165,Sachin Shingade,,1
5,311,2017-08-13,Patna Pirates,121,Vikas Jaglan,,1
5,311,2017-08-13,Patna Pirates,580,Vishnu Uthaman,Raider,0
5,311,2017-08-13,Patna Pirates,728,Manish,,0
5,311,2017-08-13,Patna Pirates,764,Vinod Kumar,,0
5,311,2017-08-13,Patna Pirates,766,Virender Singh,Defender,0
5,311,2017-08-13,Patna Pirates,790,Satish,Defender,0
5,311,2017-08-13,U.P. Yoddhas,320,Nitin Tomar,,8
5,311,2017-08-13,U.P. Yoddhas,66,Mahesh Goud,,6
5,311,2017-08-13,U.P. Yoddhas,94,Rishank Devadiga,,4
5,311,2017-08-13,U.P. Yoddhas,665,Pankaj,,3
5,311,2017-08-13,U.P. Yoddhas,54,Jeeva Kumar,,2
5,311,2017-08-13,U.P. Yoddhas,86,Rajesh Narwal,,1
5,311,2017-08-13,U.P. Yoddhas,725,Nitesh Kumar,,1
5,312,2017-08-13,Gujarat Giants,757,Sachin,,7
5,312,2017-08-13,Gujarat Giants,489,Abozar Mohajermighani,,4
5,312,2017-08-13,Gujarat Giants,259,Fazel Atrachali,,4
5,312,2017-08-13,Gujarat Giants,357,Parvesh Bhainswal,,3
5,312,2017-08-13,Gujarat Giants,686,Rohit Gulia,,2
5,312,2017-08-13,Gujarat Giants,368,Sunil Kumar,Defender,1
5,312,2017-08-13,Gujarat Giants,231,Amit Om Prakash Rathi,Raider,0
5,312,2017-08-13,Gujarat Giants,111,Sukesh Hegde,,0
5,312,2017-08-13,Jaipur Pink Panthers,69,Manjeet Chhillar,,3
5,312,2017-08-13,Jaipur Pink Panthers,156,Pawan Kumar Kadian,,3
5,312,2017-08-13,Jaipur Pink Panthers,242,Tushar Patil,,2
5,312,2017-08-13,Jaipur Pink Panthers,791,Nitin Rawal,,2
5,312,2017-08-13,Jaipur Pink Panthers,676,Santhapanaselvam,,2
5,312,2017-08-13,Jaipur Pink Panthers,611,Sidharth,All Rounder,1
5,312,2017-08-13,Jaipur Pink Panthers,109,Somvir Shekhar,Defender,1
5,312,2017-08-13,Jaipur Pink Panthers,52,Jasvir Singh,,1
5,313,2017-08-15,Bengal Warriors,160,Ran Singh,,7
5,313,2017-08-15,Bengal Warriors,143,Maninder Singh,,6
5,313,2017-08-15,Bengal Warriors,288,Rahul Kumar,Defender,1
5,313,2017-08-15,Bengal Warriors,211,Deepak Narwal,,1
5,313,2017-08-15,Bengal Warriors,12,Jang Kun Lee,,1
5,313,2017-08-15,Bengal Warriors,107,Shrikant Tewthia,,0
5,313,2017-08-15,Bengal Warriors,322,Surjeet Singh,,0
5,313,2017-08-15,Bengal Warriors,387,Vinod Kumar,,0
5,313,2017-08-15,Puneri Paltan,142,Sandeep Narwal,,7
5,313,2017-08-15,Puneri Paltan,772,More G B,,6
5,313,2017-08-15,Puneri Paltan,161,Girish Maruti Ernak,,4
5,313,2017-08-15,Puneri Paltan,795,Monu,,2
5,313,2017-08-15,Puneri Paltan,217,Rohit Kumar Choudary,,2
5,313,2017-08-15,Puneri Paltan,41,Deepak Niwas Hooda,,2
5,313,2017-08-15,Puneri Paltan,42,Dharmaraj Cheralathan,,1
5,313,2017-08-15,Puneri Paltan,85,Rajesh Mondal,,1
5,313,2017-08-15,Puneri Paltan,536,Ziaur Rahman,,0
5,314,2017-08-15,Gujarat Giants,686,Rohit Gulia,,4
5,314,2017-08-15,Gujarat Giants,757,Sachin,,4
5,314,2017-08-15,Gujarat Giants,357,Parvesh Bhainswal,,4
5,314,2017-08-15,Gujarat Giants,163,Mahendra Ganesh Rajput,,4
5,314,2017-08-15,Gujarat Giants,368,Sunil Kumar,Defender,3
5,314,2017-08-15,Gujarat Giants,489,Abozar Mohajermighani,,3
5,314,2017-08-15,Gujarat Giants,111,Sukesh Hegde,,2
5,314,2017-08-15,Gujarat Giants,259,Fazel Atrachali,,0
5,314,2017-08-15,Bengaluru Bulls,326,Rohit Kumar,,7
5,314,2017-08-15,Bengaluru Bulls,61,Kuldeep Singh,Defender,5
5,314,2017-08-15,Bengaluru Bulls,769,Mahender Singh,,3
5,314,2017-08-15,Bengaluru Bulls,157,Ravinder Pahal,,2
5,314,2017-08-15,Bengaluru Bulls,46,Gurvinder Singh,,2
5,314,2017-08-15,Bengaluru Bulls,389,Ajay Kumar,,1
5,314,2017-08-15,Bengaluru Bulls,202,Ashish Kumar,,1
5,314,2017-08-15,Bengaluru Bulls,141,Sunil Jaipal,Raider,0
5,314,2017-08-15,Bengaluru Bulls,167,Preetam Chhillar,All Rounder,0
5,314,2017-08-15,Bengaluru Bulls,372,Harish Naik,,0
5,315,2017-08-16,Haryana Steelers,146,Surender Nada,Defender - Left Corner,7
5,315,2017-08-16,Haryana Steelers,119,Surjeet Singh,,4
5,315,2017-08-16,Haryana Steelers,195,Ashish Chhokar,,3
5,315,2017-08-16,Haryana Steelers,366,Vikash Khandola,,3
5,315,2017-08-16,Haryana Steelers,124,Wazir Singh,,2
5,315,2017-08-16,Haryana Steelers,71,Mohit Chhillar,,1
5,315,2017-08-16,Haryana Steelers,155,Prashanth Kumar Rai,,1
5,315,2017-08-16,Haryana Steelers,158,Rakesh Singh Kumar,Defender,1
5,315,2017-08-16,Haryana Steelers,150,Parmod Narwal,All Rounder,0
5,315,2017-08-16,Haryana Steelers,637,Neeraj Kumar,,0
5,315,2017-08-16,Tamil Thalaivas,219,K. Prapanjan,,7
5,315,2017-08-16,Tamil Thalaivas,212,Amit Hooda,,6
5,315,2017-08-16,Tamil Thalaivas,268,Vineet Sharma,,2
5,315,2017-08-16,Tamil Thalaivas,522,Dong Geon Lee,,2
5,315,2017-08-16,Tamil Thalaivas,724,Darshan J.,,2
5,315,2017-08-16,Tamil Thalaivas,722,D. Pradap,,1
5,315,2017-08-16,Tamil Thalaivas,191,C. Arun,,1
5,315,2017-08-16,Tamil Thalaivas,26,Ajay Thakur,,1
5,315,2017-08-16,Tamil Thalaivas,311,Anil Kumar,,0
5,315,2017-08-16,Tamil Thalaivas,768,Vijay Kumar,,0
5,316,2017-08-16,Gujarat Giants,757,Sachin,,11
5,316,2017-08-16,Gujarat Giants,111,Sukesh Hegde,,7
5,316,2017-08-16,Gujarat Giants,489,Abozar Mohajermighani,,4
5,316,2017-08-16,Gujarat Giants,259,Fazel Atrachali,,3
5,316,2017-08-16,Gujarat Giants,368,Sunil Kumar,Defender,1
5,316,2017-08-16,Gujarat Giants,686,Rohit Gulia,,0
5,316,2017-08-16,Gujarat Giants,357,Parvesh Bhainswal,,0
5,316,2017-08-16,Gujarat Giants,163,Mahendra Ganesh Rajput,,0
5,316,2017-08-16,Telugu Titans,172,Vinoth Kumar,,4
5,316,2017-08-16,Telugu Titans,762,Vikas Kumar,Raider,3
5,316,2017-08-16,Telugu Titans,81,Rahul Chaudhari,,3
5,316,2017-08-16,Telugu Titans,88,Rakesh Kumar,Raider,2
5,316,2017-08-16,Telugu Titans,358,Vishal Bhardwaj,,2
5,316,2017-08-16,Telugu Titans,361,Sombir,,1
5,316,2017-08-16,Telugu Titans,293,Nilesh Salunke,,1
5,316,2017-08-16,Telugu Titans,96,Rohit Rana,,1
5,316,2017-08-16,Telugu Titans,774,Munish,Raider,0
5,317,2017-08-17,Dabang Delhi,300,Abolfazl Maghsodloumahali,,11
5,317,2017-08-17,Dabang Delhi,251,Meraj Sheykh,,9
5,317,2017-08-17,Dabang Delhi,261,Rohit Baliyan,,3
5,317,2017-08-17,Dabang Delhi,718,R. Sriram,,2
5,317,2017-08-17,Dabang Delhi,784,Viraj Vishnu Landge,,2
5,317,2017-08-17,Dabang Delhi,92,Ravi Dalal,Raider,2
5,317,2017-08-17,Dabang Delhi,605,Shubham Ashok Palkar,,1
5,317,2017-08-17,Dabang Delhi,164,Bajirao Hodage,,0
5,317,2017-08-17,Dabang Delhi,170,Swapnil Dilip Shinde,Defender,0
5,317,2017-08-17,Dabang Delhi,73,Nilesh Shinde,Defender,0
5,317,2017-08-17,Dabang Delhi,207,Sunil,,0
5,317,2017-08-17,Tamil Thalaivas,26,Ajay Thakur,,15
5,317,2017-08-17,Tamil Thalaivas,212,Amit Hooda,,4
5,317,2017-08-17,Tamil Thalaivas,268,Vineet Sharma,,2
5,317,2017-08-17,Tamil Thalaivas,724,Darshan J.,,2
5,317,2017-08-17,Tamil Thalaivas,768,Vijay Kumar,,2
5,317,2017-08-17,Tamil Thalaivas,219,K. Prapanjan,,1
5,317,2017-08-17,Tamil Thalaivas,722,D. Pradap,,0
5,317,2017-08-17,Tamil Thalaivas,311,Anil Kumar,,0
5,317,2017-08-17,Tamil Thalaivas,522,Dong Geon Lee,,0
5,317,2017-08-17,Tamil Thalaivas,191,C. Arun,,0
5,318,2017-08-17,Gujarat Giants,757,Sachin,,8
5,318,2017-08-17,Gujarat Giants,111,Sukesh Hegde,,7
5,318,2017-08-17,Gujarat Giants,163,Mahendra Ganesh Rajput,,6
5,318,2017-08-17,Gujarat Giants,489,Abozar Mohajermighani,,2
5,318,2017-08-17,Gujarat Giants,686,Rohit Gulia,,1
5,318,2017-08-17,Gujarat Giants,357,Parvesh Bhainswal,,0
5,318,2017-08-17,Gujarat Giants,368,Sunil Kumar,Defender,0
5,318,2017-08-17,Gujarat Giants,259,Fazel Atrachali,,0
5,318,2017-08-17,Bengal Warriors,211,Deepak Narwal,,9
5,318,2017-08-17,Bengal Warriors,143,Maninder Singh,,4
5,318,2017-08-17,Bengal Warriors,12,Jang Kun Lee,,3
5,318,2017-08-17,Bengal Warriors,34,Bhupender Singh,,3
5,318,2017-08-17,Bengal Warriors,322,Surjeet Singh,,2
5,318,2017-08-17,Bengal Warriors,160,Ran Singh,,1
5,318,2017-08-17,Bengal Warriors,392,Kuldeep,Raider,0
5,318,2017-08-17,Bengal Warriors,279,Shashank Wankhede,All Rounder,0
5,318,2017-08-17,Bengal Warriors,727,Sandeep Malik,Defender,0
5,319,2017-08-18,U.P. Yoddhas,94,Rishank Devadiga,,14
5,319,2017-08-18,U.P. Yoddhas,320,Nitin Tomar,,7
5,319,2017-08-18,U.P. Yoddhas,665,Pankaj,,3
5,319,2017-08-18,U.P. Yoddhas,86,Rajesh Narwal,,3
5,319,2017-08-18,U.P. Yoddhas,66,Mahesh Goud,,1
5,319,2017-08-18,U.P. Yoddhas,54,Jeeva Kumar,,1
5,319,2017-08-18,U.P. Yoddhas,725,Nitesh Kumar,,0
5,319,2017-08-18,U.P. Yoddhas,234,Surender Singh,,0
5,319,2017-08-18,U Mumba,105,Shabeer Bappu,,13
5,319,2017-08-18,U Mumba,29,Anup Kumar,,8
5,319,2017-08-18,U Mumba,733,Surinder Singh,,5
5,319,2017-08-18,U Mumba,324,Darshan Kadian,,4
5,319,2017-08-18,U Mumba,710,N. Renjith,Defender,1
5,319,2017-08-18,U Mumba,252,Kuldeep Singh,,1
5,319,2017-08-18,U Mumba,58,Kashiling Adake,,1
5,319,2017-08-18,U Mumba,11,Dong Ju Hong,All Rounder,0
5,319,2017-08-18,U Mumba,162,D. Suresh Kumar,Defender,0
5,319,2017-08-18,U Mumba,610,Shiv Om,All Rounder,0
5,320,2017-08-18,Bengaluru Bulls,326,Rohit Kumar,,11
5,320,2017-08-18,Bengaluru Bulls,389,Ajay Kumar,,4
5,320,2017-08-18,Bengaluru Bulls,157,Ravinder Pahal,,3
5,320,2017-08-18,Bengaluru Bulls,61,Kuldeep Singh,Defender,3
5,320,2017-08-18,Bengaluru Bulls,202,Ashish Kumar,,1
5,320,2017-08-18,Bengaluru Bulls,769,Mahender Singh,,1
5,320,2017-08-18,Bengaluru Bulls,777,Pardeep Kandola,Defender,0
5,320,2017-08-18,Bengaluru Bulls,363,Sumit Singh,,0
5,320,2017-08-18,Bengaluru Bulls,372,Harish Naik,,0
5,320,2017-08-18,Bengaluru Bulls,167,Preetam Chhillar,All Rounder,0
5,320,2017-08-18,Jaipur Pink Panthers,52,Jasvir Singh,,10
5,320,2017-08-18,Jaipur Pink Panthers,69,Manjeet Chhillar,,8
5,320,2017-08-18,Jaipur Pink Panthers,242,Tushar Patil,,3
5,320,2017-08-18,Jaipur Pink Panthers,676,Santhapanaselvam,,1
5,320,2017-08-18,Jaipur Pink Panthers,109,Somvir Shekhar,Defender,1
5,320,2017-08-18,Jaipur Pink Panthers,156,Pawan Kumar Kadian,,0
5,320,2017-08-18,Jaipur Pink Panthers,791,Nitin Rawal,,0
5,320,2017-08-18,Jaipur Pink Panthers,638,Kamal Kishor Jat,,0
5,321,2017-08-19,Telugu Titans,81,Rahul Chaudhari,,13
5,321,2017-08-19,Telugu Titans,361,Sombir,,8
5,321,2017-08-19,Telugu Titans,358,Vishal Bhardwaj,,3
5,321,2017-08-19,Telugu Titans,762,Vikas Kumar,Raider,3
5,321,2017-08-19,Telugu Titans,293,Nilesh Salunke,,3
5,321,2017-08-19,Telugu Titans,172,Vinoth Kumar,,1
5,321,2017-08-19,Telugu Titans,96,Rohit Rana,,1
5,321,2017-08-19,Telugu Titans,482,Farhad Rahimi Milaghardan,,0
5,321,2017-08-19,U Mumba,29,Anup Kumar,,9
5,321,2017-08-19,U Mumba,105,Shabeer Bappu,,6
5,321,2017-08-19,U Mumba,733,Surinder Singh,,4
5,321,2017-08-19,U Mumba,324,Darshan Kadian,,2
5,321,2017-08-19,U Mumba,710,N. Renjith,Defender,2
5,321,2017-08-19,U Mumba,75,Nitin Madane,Raider,2
5,321,2017-08-19,U Mumba,252,Kuldeep Singh,,1
5,321,2017-08-19,U Mumba,58,Kashiling Adake,,1
5,321,2017-08-19,U Mumba,610,Shiv Om,All Rounder,0
5,322,2017-08-19,U.P. Yoddhas,347,Sagar B. Krishna,,6
5,322,2017-08-19,U.P. Yoddhas,94,Rishank Devadiga,,6
5,322,2017-08-19,U.P. Yoddhas,320,Nitin Tomar,,5
5,322,2017-08-19,U.P. Yoddhas,66,Mahesh Goud,,4
5,322,2017-08-19,U.P. Yoddhas,54,Jeeva Kumar,,2
5,322,2017-08-19,U.P. Yoddhas,301,Hadi Tajik,,1
5,322,2017-08-19,U.P. Yoddhas,712,Rohit Kumar,Defender,0
5,322,2017-08-19,U.P. Yoddhas,234,Surender Singh,,0
5,322,2017-08-19,U.P. Yoddhas,101,Santhosh B.S,Defender,0
5,322,2017-08-19,Haryana Steelers,366,Vikash Khandola,,9
5,322,2017-08-19,Haryana Steelers,146,Surender Nada,Defender - Left Corner,7
5,322,2017-08-19,Haryana Steelers,124,Wazir Singh,,4
5,322,2017-08-19,Haryana Steelers,195,Ashish Chhokar,,3
5,322,2017-08-19,Haryana Steelers,158,Rakesh Singh Kumar,Defender,2
5,322,2017-08-19,Haryana Steelers,637,Neeraj Kumar,,2
5,322,2017-08-19,Haryana Steelers,71,Mohit Chhillar,,2
5,322,2017-08-19,Haryana Steelers,119,Surjeet Singh,,0
5,322,2017-08-19,Haryana Steelers,53,Jeeva Gopal,Defender,0
5,322,2017-08-19,Haryana Steelers,732,Kuldeep Singh,,0
5,323,2017-08-20,Patna Pirates,197,Pardeep Narwal,,19
5,323,2017-08-20,Patna Pirates,764,Vinod Kumar,,7
5,323,2017-08-20,Patna Pirates,121,Vikas Jaglan,,5
5,323,2017-08-20,Patna Pirates,388,Monu Goyat,,3
5,323,2017-08-20,Patna Pirates,390,Jawahar Dagar,,1
5,323,2017-08-20,Patna Pirates,790,Satish,Defender,1
5,323,2017-08-20,Patna Pirates,123,Vishal Mane,,1
5,323,2017-08-20,Patna Pirates,579,Jaideep,,0
5,323,2017-08-20,Patna Pirates,728,Manish,,0
5,323,2017-08-20,Patna Pirates,165,Sachin Shingade,,0
5,323,2017-08-20,Puneri Paltan,85,Rajesh Mondal,,10
5,323,2017-08-20,Puneri Paltan,41,Deepak Niwas Hooda,,9
5,323,2017-08-20,Puneri Paltan,536,Ziaur Rahman,,6
5,323,2017-08-20,Puneri Paltan,795,Monu,,5
5,323,2017-08-20,Puneri Paltan,142,Sandeep Narwal,,5
5,323,2017-08-20,Puneri Paltan,217,Rohit Kumar Choudary,,3
5,323,2017-08-20,Puneri Paltan,161,Girish Maruti Ernak,,2
5,323,2017-08-20,Puneri Paltan,42,Dharmaraj Cheralathan,,1
5,323,2017-08-20,Puneri Paltan,240,Ravi Kumar,,0
5,324,2017-08-20,U.P. Yoddhas,320,Nitin Tomar,,5
5,324,2017-08-20,U.P. Yoddhas,94,Rishank Devadiga,,4
5,324,2017-08-20,U.P. Yoddhas,54,Jeeva Kumar,,3
5,324,2017-08-20,U.P. Yoddhas,347,Sagar B. Krishna,,3
5,324,2017-08-20,U.P. Yoddhas,301,Hadi Tajik,,2
5,324,2017-08-20,U.P. Yoddhas,647,Gulveer Singh,,1
5,324,2017-08-20,U.P. Yoddhas,86,Rajesh Narwal,,1
5,324,2017-08-20,U.P. Yoddhas,258,Sulieman Kabir,Raider,0
5,324,2017-08-20,U.P. Yoddhas,66,Mahesh Goud,,0
5,324,2017-08-20,Jaipur Pink Panthers,242,Tushar Patil,,5
5,324,2017-08-20,Jaipur Pink Panthers,791,Nitin Rawal,,5
5,324,2017-08-20,Jaipur Pink Panthers,52,Jasvir Singh,,4
5,324,2017-08-20,Jaipur Pink Panthers,676,Santhapanaselvam,,3
5,324,2017-08-20,Jaipur Pink Panthers,611,Sidharth,All Rounder,1
5,324,2017-08-20,Jaipur Pink Panthers,648,Ajit Singh,,1
5,324,2017-08-20,Jaipur Pink Panthers,109,Somvir Shekhar,Defender,1
5,324,2017-08-20,Jaipur Pink Panthers,613,Sunil Siddhgavali,,0
5,324,2017-08-20,Jaipur Pink Panthers,638,Kamal Kishor Jat,,0
5,325,2017-08-22,Gujarat Giants,259,Fazel Atrachali,,9
5,325,2017-08-22,Gujarat Giants,111,Sukesh Hegde,,5
5,325,2017-08-22,Gujarat Giants,489,Abozar Mohajermighani,,4
5,325,2017-08-22,Gujarat Giants,757,Sachin,,4
5,325,2017-08-22,Gujarat Giants,318,Pawan Kumar Sehrawat,,4
5,325,2017-08-22,Gujarat Giants,357,Parvesh Bhainswal,,2
5,325,2017-08-22,Gujarat Giants,686,Rohit Gulia,,2
5,325,2017-08-22,Gujarat Giants,368,Sunil Kumar,Defender,0
5,325,2017-08-22,Puneri Paltan,41,Deepak Niwas Hooda,,5
5,325,2017-08-22,Puneri Paltan,142,Sandeep Narwal,,4
5,325,2017-08-22,Puneri Paltan,161,Girish Maruti Ernak,,4
5,325,2017-08-22,Puneri Paltan,772,More G B,,3
5,325,2017-08-22,Puneri Paltan,795,Monu,,2
5,325,2017-08-22,Puneri Paltan,42,Dharmaraj Cheralathan,,1
5,325,2017-08-22,Puneri Paltan,217,Rohit Kumar Choudary,,1
5,325,2017-08-22,Puneri Paltan,240,Ravi Kumar,,1
5,325,2017-08-22,Puneri Paltan,85,Rajesh Mondal,,0
5,325,2017-08-22,Puneri Paltan,536,Ziaur Rahman,,0
5,326,2017-08-22,U.P. Yoddhas,320,Nitin Tomar,,8
5,326,2017-08-22,U.P. Yoddhas,94,Rishank Devadiga,,7
5,326,2017-08-22,U.P. Yoddhas,86,Rajesh Narwal,,4
5,326,2017-08-22,U.P. Yoddhas,347,Sagar B. Krishna,,3
5,326,2017-08-22,U.P. Yoddhas,101,Santhosh B.S,Defender,3
5,326,2017-08-22,U.P. Yoddhas,66,Mahesh Goud,,3
5,326,2017-08-22,U.P. Yoddhas,54,Jeeva Kumar,,1
5,326,2017-08-22,U.P. Yoddhas,301,Hadi Tajik,,1
5,326,2017-08-22,Bengal Warriors,211,Deepak Narwal,,10
5,326,2017-08-22,Bengal Warriors,12,Jang Kun Lee,,4
5,326,2017-08-22,Bengal Warriors,288,Rahul Kumar,Defender,3
5,326,2017-08-22,Bengal Warriors,322,Surjeet Singh,,3
5,326,2017-08-22,Bengal Warriors,160,Ran Singh,,3
5,326,2017-08-22,Bengal Warriors,143,Maninder Singh,,2
5,326,2017-08-22,Bengal Warriors,107,Shrikant Tewthia,,1
5,326,2017-08-22,Bengal Warriors,34,Bhupender Singh,,1
5,327,2017-08-23,Haryana Steelers,174,Deepak Kumar Dahiya,,7
5,327,2017-08-23,Haryana Steelers,119,Surjeet Singh,,5
5,327,2017-08-23,Haryana Steelers,366,Vikash Khandola,,4
5,327,2017-08-23,Haryana Steelers,637,Neeraj Kumar,,3
5,327,2017-08-23,Haryana Steelers,146,Surender Nada,Defender - Left Corner,2
5,327,2017-08-23,Haryana Steelers,158,Rakesh Singh Kumar,Defender,2
5,327,2017-08-23,Haryana Steelers,71,Mohit Chhillar,,1
5,327,2017-08-23,Haryana Steelers,734,Vikas,Defender,0
5,327,2017-08-23,Dabang Delhi,300,Abolfazl Maghsodloumahali,,8
5,327,2017-08-23,Dabang Delhi,251,Meraj Sheykh,,6
5,327,2017-08-23,Dabang Delhi,73,Nilesh Shinde,Defender,5
5,327,2017-08-23,Dabang Delhi,207,Sunil,,1
5,327,2017-08-23,Dabang Delhi,164,Bajirao Hodage,,1
5,327,2017-08-23,Dabang Delhi,605,Shubham Ashok Palkar,,1
5,327,2017-08-23,Dabang Delhi,784,Viraj Vishnu Landge,,1
5,327,2017-08-23,Dabang Delhi,718,R. Sriram,,0
5,327,2017-08-23,Dabang Delhi,173,Suresu Kumar,Raider,0
5,327,2017-08-23,Dabang Delhi,92,Ravi Dalal,Raider,0
5,328,2017-08-23,U.P. Yoddhas,94,Rishank Devadiga,,16
5,328,2017-08-23,U.P. Yoddhas,320,Nitin Tomar,,4
5,328,2017-08-23,U.P. Yoddhas,54,Jeeva Kumar,,3
5,328,2017-08-23,U.P. Yoddhas,101,Santhosh B.S,Defender,2
5,328,2017-08-23,U.P. Yoddhas,347,Sagar B. Krishna,,2
5,328,2017-08-23,U.P. Yoddhas,725,Nitesh Kumar,,2
5,328,2017-08-23,U.P. Yoddhas,301,Hadi Tajik,,0
5,328,2017-08-23,U.P. Yoddhas,66,Mahesh Goud,,0
5,328,2017-08-23,U.P. Yoddhas,86,Rajesh Narwal,,0
5,328,2017-08-23,Tamil Thalaivas,26,Ajay Thakur,,10
5,328,2017-08-23,Tamil Thalaivas,212,Amit Hooda,,6
5,328,2017-08-23,Tamil Thalaivas,724,Darshan J.,,4
5,328,2017-08-23,Tamil Thalaivas,268,Vineet Sharma,,3
5,328,2017-08-23,Tamil Thalaivas,722,D. Pradap,,3
5,328,2017-08-23,Tamil Thalaivas,219,K. Prapanjan,,2
5,328,2017-08-23,Tamil Thalaivas,191,C. Arun,,1
5,328,2017-08-23,Tamil Thalaivas,696,M. Thivakaran,Raider,1
5,328,2017-08-23,Tamil Thalaivas,386,Anil Kumar,,0
5,328,2017-08-23,Tamil Thalaivas,522,Dong Geon Lee,,0
5,328,2017-08-23,Tamil Thalaivas,768,Vijay Kumar,,0
5,329,2017-08-24,U.P. Yoddhas,320,Nitin Tomar,,6
5,329,2017-08-24,U.P. Yoddhas,725,Nitesh Kumar,,5
5,329,2017-08-24,U.P. Yoddhas,234,Surender Singh,,4
5,329,2017-08-24,U.P. Yoddhas,54,Jeeva Kumar,,4
5,329,2017-08-24,U.P. Yoddhas,66,Mahesh Goud,,3
5,329,2017-08-24,U.P. Yoddhas,86,Rajesh Narwal,,1
5,329,2017-08-24,U.P. Yoddhas,94,Rishank Devadiga,,0
5,329,2017-08-24,U.P. Yoddhas,347,Sagar B. Krishna,,0
5,329,2017-08-24,Telugu Titans,81,Rahul Chaudhari,,6
5,329,2017-08-24,Telugu Titans,482,Farhad Rahimi Milaghardan,,4
5,329,2017-08-24,Telugu Titans,567,Mohsen Maghsoudloujafari,,3
5,329,2017-08-24,Telugu Titans,361,Sombir,,3
5,329,2017-08-24,Telugu Titans,96,Rohit Rana,,2
5,329,2017-08-24,Telugu Titans,172,Vinoth Kumar,,1
5,329,2017-08-24,Telugu Titans,358,Vishal Bhardwaj,,1
5,329,2017-08-24,Telugu Titans,293,Nilesh Salunke,,1
5,329,2017-08-24,Telugu Titans,762,Vikas Kumar,Raider,0
5,330,2017-08-25,U Mumba,29,Anup Kumar,,7
5,330,2017-08-25,U Mumba,252,Kuldeep Singh,,6
5,330,2017-08-25,U Mumba,58,Kashiling Adake,,5
5,330,2017-08-25,U Mumba,106,Shrikant Jadhav,,3
5,330,2017-08-25,U Mumba,324,Darshan Kadian,,3
5,330,2017-08-25,U Mumba,733,Surinder Singh,,3
5,330,2017-08-25,U Mumba,249,Hadi Oshtorak,,2
5,330,2017-08-25,U Mumba,710,N. Renjith,Defender,1
5,330,2017-08-25,U Mumba,690,E Subash,,0
5,330,2017-08-25,U Mumba,75,Nitin Madane,Raider,0
5,330,2017-08-25,Jaipur Pink Panthers,52,Jasvir Singh,,10
5,330,2017-08-25,Jaipur Pink Panthers,156,Pawan Kumar Kadian,,9
5,330,2017-08-25,Jaipur Pink Panthers,613,Sunil Siddhgavali,,6
5,330,2017-08-25,Jaipur Pink Panthers,791,Nitin Rawal,,3
5,330,2017-08-25,Jaipur Pink Panthers,676,Santhapanaselvam,,2
5,330,2017-08-25,Jaipur Pink Panthers,648,Ajit Singh,,0
5,330,2017-08-25,Jaipur Pink Panthers,611,Sidharth,All Rounder,0
5,330,2017-08-25,Jaipur Pink Panthers,109,Somvir Shekhar,Defender,0
5,331,2017-08-25,Bengal Warriors,211,Deepak Narwal,,11
5,331,2017-08-25,Bengal Warriors,12,Jang Kun Lee,,6
5,331,2017-08-25,Bengal Warriors,322,Surjeet Singh,,6
5,331,2017-08-25,Bengal Warriors,107,Shrikant Tewthia,,4
5,331,2017-08-25,Bengal Warriors,160,Ran Singh,,3
5,331,2017-08-25,Bengal Warriors,313,Virender Wazir Singh,Defender,2
5,331,2017-08-25,Bengal Warriors,34,Bhupender Singh,,1
5,331,2017-08-25,Bengal Warriors,288,Rahul Kumar,Defender,0
5,331,2017-08-25,Bengal Warriors,392,Kuldeep,Raider,0
5,331,2017-08-25,Patna Pirates,197,Pardeep Narwal,,7
5,331,2017-08-25,Patna Pirates,123,Vishal Mane,,6
5,331,2017-08-25,Patna Pirates,764,Vinod Kumar,,6
5,331,2017-08-25,Patna Pirates,388,Monu Goyat,,5
5,331,2017-08-25,Patna Pirates,579,Jaideep,,3
5,331,2017-08-25,Patna Pirates,728,Manish,,3
5,331,2017-08-25,Patna Pirates,165,Sachin Shingade,,1
5,331,2017-08-25,Patna Pirates,790,Satish,Defender,0
5,332,2017-08-26,Patna Pirates,388,Monu Goyat,,11
5,332,2017-08-26,Patna Pirates,197,Pardeep Narwal,,6
5,332,2017-08-26,Patna Pirates,579,Jaideep,,5
5,332,2017-08-26,Patna Pirates,728,Manish,,4
5,332,2017-08-26,Patna Pirates,745,Vijay,,1
5,332,2017-08-26,Patna Pirates,764,Vinod Kumar,,1
5,332,2017-08-26,Patna Pirates,121,Vikas Jaglan,,1
5,332,2017-08-26,Patna Pirates,123,Vishal Mane,,1
5,332,2017-08-26,Patna Pirates,165,Sachin Shingade,,1
5,332,2017-08-26,Patna Pirates,790,Satish,Defender,0
5,332,2017-08-26,Tamil Thalaivas,26,Ajay Thakur,,10
5,332,2017-08-26,Tamil Thalaivas,212,Amit Hooda,,3
5,332,2017-08-26,Tamil Thalaivas,268,Vineet Sharma,,3
5,332,2017-08-26,Tamil Thalaivas,724,Darshan J.,,3
5,332,2017-08-26,Tamil Thalaivas,191,C. Arun,,2
5,332,2017-08-26,Tamil Thalaivas,522,Dong Geon Lee,,1
5,332,2017-08-26,Tamil Thalaivas,219,K. Prapanjan,,1
5,332,2017-08-26,Tamil Thalaivas,696,M. Thivakaran,Raider,0
5,332,2017-08-26,Tamil Thalaivas,722,D. Pradap,,0
5,333,2017-08-26,U Mumba,58,Kashiling Adake,,7
5,333,2017-08-26,U Mumba,106,Shrikant Jadhav,,5
5,333,2017-08-26,U Mumba,252,Kuldeep Singh,,3
5,333,2017-08-26,U Mumba,29,Anup Kumar,,2
5,333,2017-08-26,U Mumba,733,Surinder Singh,,2
5,333,2017-08-26,U Mumba,324,Darshan Kadian,,1
5,333,2017-08-26,U Mumba,249,Hadi Oshtorak,,1
5,333,2017-08-26,U Mumba,75,Nitin Madane,Raider,0
5,333,2017-08-26,Puneri Paltan,41,Deepak Niwas Hooda,,8
5,333,2017-08-26,Puneri Paltan,85,Rajesh Mondal,,4
5,333,2017-08-26,Puneri Paltan,142,Sandeep Narwal,,3
5,333,2017-08-26,Puneri Paltan,161,Girish Maruti Ernak,,2
5,333,2017-08-26,Puneri Paltan,795,Monu,,2
5,333,2017-08-26,Puneri Paltan,772,More G B,,1
5,333,2017-08-26,Puneri Paltan,217,Rohit Kumar Choudary,,1
5,333,2017-08-26,Puneri Paltan,240,Ravi Kumar,,1
5,333,2017-08-26,Puneri Paltan,536,Ziaur Rahman,,0
5,333,2017-08-26,Puneri Paltan,42,Dharmaraj Cheralathan,,0
5,334,2017-08-27,Bengal Warriors,322,Surjeet Singh,,8
5,334,2017-08-27,Bengal Warriors,12,Jang Kun Lee,,6
5,334,2017-08-27,Bengal Warriors,313,Virender Wazir Singh,Defender,5
5,334,2017-08-27,Bengal Warriors,211,Deepak Narwal,,3
5,334,2017-08-27,Bengal Warriors,34,Bhupender Singh,,3
5,334,2017-08-27,Bengal Warriors,160,Ran Singh,,3
5,334,2017-08-27,Bengal Warriors,107,Shrikant Tewthia,,0
5,334,2017-08-27,Bengal Warriors,288,Rahul Kumar,Defender,0
5,334,2017-08-27,Bengaluru Bulls,46,Gurvinder Singh,,7
5,334,2017-08-27,Bengaluru Bulls,326,Rohit Kumar,,7
5,334,2017-08-27,Bengaluru Bulls,61,Kuldeep Singh,Defender,6
5,334,2017-08-27,Bengaluru Bulls,769,Mahender Singh,,3
5,334,2017-08-27,Bengaluru Bulls,372,Harish Naik,,2
5,334,2017-08-27,Bengaluru Bulls,202,Ashish Kumar,,1
5,334,2017-08-27,Bengaluru Bulls,389,Ajay Kumar,,0
5,334,2017-08-27,Bengaluru Bulls,157,Ravinder Pahal,,0
5,335,2017-08-27,U Mumba,29,Anup Kumar,,11
5,335,2017-08-27,U Mumba,58,Kashiling Adake,,7
5,335,2017-08-27,U Mumba,106,Shrikant Jadhav,,7
5,335,2017-08-27,U Mumba,733,Surinder Singh,,3
5,335,2017-08-27,U Mumba,324,Darshan Kadian,,2
5,335,2017-08-27,U Mumba,249,Hadi Oshtorak,,1
5,335,2017-08-27,U Mumba,252,Kuldeep Singh,,0
5,335,2017-08-27,Dabang Delhi,251,Meraj Sheykh,,11
5,335,2017-08-27,Dabang Delhi,300,Abolfazl Maghsodloumahali,,8
5,335,2017-08-27,Dabang Delhi,164,Bajirao Hodage,,4
5,335,2017-08-27,Dabang Delhi,661,Tapas Pal,,3
5,335,2017-08-27,Dabang Delhi,605,Shubham Ashok Palkar,,1
5,335,2017-08-27,Dabang Delhi,784,Viraj Vishnu Landge,,1
5,335,2017-08-27,Dabang Delhi,207,Sunil,,1
5,335,2017-08-27,Dabang Delhi,73,Nilesh Shinde,Defender,0
5,335,2017-08-27,Dabang Delhi,92,Ravi Dalal,Raider,0
5,335,2017-08-27,Dabang Delhi,576,Anand Patil,,0
5,338,2017-08-30,U Mumba,29,Anup Kumar,,8
5,338,2017-08-30,U Mumba,252,Kuldeep Singh,,7
5,338,2017-08-30,U Mumba,106,Shrikant Jadhav,,6
5,338,2017-08-30,U Mumba,58,Kashiling Adake,,4
5,338,2017-08-30,U Mumba,249,Hadi Oshtorak,,4
5,338,2017-08-30,U Mumba,733,Surinder Singh,,3
5,338,2017-08-30,U Mumba,689,Mohan Raman G,Raider,1
5,338,2017-08-30,U Mumba,710,N. Renjith,Defender,1
5,338,2017-08-30,U Mumba,75,Nitin Madane,Raider,1
5,338,2017-08-30,U Mumba,324,Darshan Kadian,,0
5,338,2017-08-30,Haryana Steelers,366,Vikash Khandola,,9
5,338,2017-08-30,Haryana Steelers,124,Wazir Singh,,7
5,338,2017-08-30,Haryana Steelers,174,Deepak Kumar Dahiya,,5
5,338,2017-08-30,Haryana Steelers,71,Mohit Chhillar,,3
5,338,2017-08-30,Haryana Steelers,275,Deepak Kumar Rathee,Defender,2
5,338,2017-08-30,Haryana Steelers,146,Surender Nada,Defender - Left Corner,1
5,338,2017-08-30,Haryana Steelers,158,Rakesh Singh Kumar,Defender,1
5,338,2017-08-30,Haryana Steelers,119,Surjeet Singh,,0
5,338,2017-08-30,Haryana Steelers,637,Neeraj Kumar,,0
5,338,2017-08-30,Haryana Steelers,734,Vikas,Defender,0
5,339,2017-08-31,Telugu Titans,361,Sombir,,10
5,339,2017-08-31,Telugu Titans,293,Nilesh Salunke,,5
5,339,2017-08-31,Telugu Titans,482,Farhad Rahimi Milaghardan,,4
5,339,2017-08-31,Telugu Titans,358,Vishal Bhardwaj,,3
5,339,2017-08-31,Telugu Titans,567,Mohsen Maghsoudloujafari,,3
5,339,2017-08-31,Telugu Titans,81,Rahul Chaudhari,,3
5,339,2017-08-31,Telugu Titans,96,Rohit Rana,,0
5,339,2017-08-31,Tamil Thalaivas,26,Ajay Thakur,,8
5,339,2017-08-31,Tamil Thalaivas,219,K. Prapanjan,,5
5,339,2017-08-31,Tamil Thalaivas,724,Darshan J.,,4
5,339,2017-08-31,Tamil Thalaivas,696,M. Thivakaran,Raider,3
5,339,2017-08-31,Tamil Thalaivas,722,D. Pradap,,2
5,339,2017-08-31,Tamil Thalaivas,212,Amit Hooda,,2
5,339,2017-08-31,Tamil Thalaivas,311,Anil Kumar,,0
5,339,2017-08-31,Tamil Thalaivas,522,Dong Geon Lee,,0
5,339,2017-08-31,Tamil Thalaivas,191,C. Arun,,0
5,340,2017-08-31,U Mumba,58,Kashiling Adake,,10
5,340,2017-08-31,U Mumba,106,Shrikant Jadhav,,6
5,340,2017-08-31,U Mumba,29,Anup Kumar,,6
5,340,2017-08-31,U Mumba,733,Surinder Singh,,4
5,340,2017-08-31,U Mumba,324,Darshan Kadian,,4
5,340,2017-08-31,U Mumba,710,N. Renjith,Defender,2
5,340,2017-08-31,U Mumba,249,Hadi Oshtorak,,0
5,340,2017-08-31,U Mumba,252,Kuldeep Singh,,0
5,340,2017-08-31,Jaipur Pink Panthers,156,Pawan Kumar Kadian,,10
5,340,2017-08-31,Jaipur Pink Panthers,52,Jasvir Singh,,6
5,340,2017-08-31,Jaipur Pink Panthers,791,Nitin Rawal,,3
5,340,2017-08-31,Jaipur Pink Panthers,611,Sidharth,All Rounder,2
5,340,2017-08-31,Jaipur Pink Panthers,613,Sunil Siddhgavali,,2
5,340,2017-08-31,Jaipur Pink Panthers,676,Santhapanaselvam,,0
5,340,2017-08-31,Jaipur Pink Panthers,109,Somvir Shekhar,Defender,0
5,340,2017-08-31,Jaipur Pink Panthers,721,Abhishek N,All Rounder,0
5,341,2017-09-01,Bengal Warriors,143,Maninder Singh,,13
5,341,2017-09-01,Bengal Warriors,12,Jang Kun Lee,,6
5,341,2017-09-01,Bengal Warriors,387,Vinod Kumar,,5
5,341,2017-09-01,Bengal Warriors,34,Bhupender Singh,,4
5,341,2017-09-01,Bengal Warriors,160,Ran Singh,,4
5,341,2017-09-01,Bengal Warriors,107,Shrikant Tewthia,,3
5,341,2017-09-01,Bengal Warriors,322,Surjeet Singh,,1
5,341,2017-09-01,Bengal Warriors,288,Rahul Kumar,Defender,0
5,341,2017-09-01,Patna Pirates,197,Pardeep Narwal,,11
5,341,2017-09-01,Patna Pirates,764,Vinod Kumar,,8
5,341,2017-09-01,Patna Pirates,388,Monu Goyat,,5
5,341,2017-09-01,Patna Pirates,579,Jaideep,,3
5,341,2017-09-01,Patna Pirates,745,Vijay,,3
5,341,2017-09-01,Patna Pirates,123,Vishal Mane,,2
5,341,2017-09-01,Patna Pirates,165,Sachin Shingade,,0
5,341,2017-09-01,Patna Pirates,121,Vikas Jaglan,,0
5,341,2017-09-01,Patna Pirates,728,Manish,,0
5,341,2017-09-01,Patna Pirates,790,Satish,Defender,0
5,342,2017-09-02,Gujarat Giants,757,Sachin,,13
5,342,2017-09-02,Gujarat Giants,163,Mahendra Ganesh Rajput,,4
5,342,2017-09-02,Gujarat Giants,111,Sukesh Hegde,,4
5,342,2017-09-02,Gujarat Giants,357,Parvesh Bhainswal,,3
5,342,2017-09-02,Gujarat Giants,368,Sunil Kumar,Defender,3
5,342,2017-09-02,Gujarat Giants,686,Rohit Gulia,,3
5,342,2017-09-02,Gujarat Giants,489,Abozar Mohajermighani,,2
5,342,2017-09-02,Gujarat Giants,259,Fazel Atrachali,,0
5,342,2017-09-02,Haryana Steelers,155,Prashanth Kumar Rai,,16
5,342,2017-09-02,Haryana Steelers,124,Wazir Singh,,9
5,342,2017-09-02,Haryana Steelers,71,Mohit Chhillar,,5
5,342,2017-09-02,Haryana Steelers,146,Surender Nada,Defender - Left Corner,2
5,342,2017-09-02,Haryana Steelers,119,Surjeet Singh,,2
5,342,2017-09-02,Haryana Steelers,734,Vikas,Defender,2
5,342,2017-09-02,Haryana Steelers,174,Deepak Kumar Dahiya,,0
5,342,2017-09-02,Haryana Steelers,637,Neeraj Kumar,,0
5,342,2017-09-02,Haryana Steelers,158,Rakesh Singh Kumar,Defender,0
5,343,2017-09-02,Bengal Warriors,143,Maninder Singh,,8
5,343,2017-09-02,Bengal Warriors,12,Jang Kun Lee,,5
5,343,2017-09-02,Bengal Warriors,322,Surjeet Singh,,5
5,343,2017-09-02,Bengal Warriors,387,Vinod Kumar,,3
5,343,2017-09-02,Bengal Warriors,288,Rahul Kumar,Defender,1
5,343,2017-09-02,Bengal Warriors,160,Ran Singh,,1
5,343,2017-09-02,Bengal Warriors,107,Shrikant Tewthia,,1
5,343,2017-09-02,Bengal Warriors,34,Bhupender Singh,,0
5,343,2017-09-02,U.P. Yoddhas,320,Nitin Tomar,,10
5,343,2017-09-02,U.P. Yoddhas,234,Surender Singh,,4
5,343,2017-09-02,U.P. Yoddhas,66,Mahesh Goud,,3
5,343,2017-09-02,U.P. Yoddhas,94,Rishank Devadiga,,2
5,343,2017-09-02,U.P. Yoddhas,54,Jeeva Kumar,,2
5,343,2017-09-02,U.P. Yoddhas,301,Hadi Tajik,,1
5,343,2017-09-02,U.P. Yoddhas,347,Sagar B. Krishna,,1
5,343,2017-09-02,U.P. Yoddhas,665,Pankaj,,1
5,343,2017-09-02,U.P. Yoddhas,725,Nitesh Kumar,,0
5,343,2017-09-02,U.P. Yoddhas,86,Rajesh Narwal,,0
5,344,2017-09-03,Gujarat Giants,757,Sachin,,7
5,344,2017-09-03,Gujarat Giants,489,Abozar Mohajermighani,,4
5,344,2017-09-03,Gujarat Giants,163,Mahendra Ganesh Rajput,,4
5,344,2017-09-03,Gujarat Giants,111,Sukesh Hegde,,3
5,344,2017-09-03,Gujarat Giants,259,Fazel Atrachali,,2
5,344,2017-09-03,Gujarat Giants,318,Pawan Kumar Sehrawat,,1
5,344,2017-09-03,Gujarat Giants,357,Parvesh Bhainswal,,1
5,344,2017-09-03,Gujarat Giants,70,Manoj Kumar,Defender,1
5,344,2017-09-03,Gujarat Giants,368,Sunil Kumar,Defender,0
5,344,2017-09-03,Gujarat Giants,686,Rohit Gulia,,0
5,344,2017-09-03,Jaipur Pink Panthers,52,Jasvir Singh,,6
5,344,2017-09-03,Jaipur Pink Panthers,109,Somvir Shekhar,Defender,4
5,344,2017-09-03,Jaipur Pink Panthers,156,Pawan Kumar Kadian,,4
5,344,2017-09-03,Jaipur Pink Panthers,233,Manoj Dhull,,3
5,344,2017-09-03,Jaipur Pink Panthers,648,Ajit Singh,,2
5,344,2017-09-03,Jaipur Pink Panthers,791,Nitin Rawal,,2
5,344,2017-09-03,Jaipur Pink Panthers,611,Sidharth,All Rounder,1
5,344,2017-09-03,Jaipur Pink Panthers,613,Sunil Siddhgavali,,1
5,344,2017-09-03,Jaipur Pink Panthers,676,Santhapanaselvam,,0
5,345,2017-09-03,Bengal Warriors,143,Maninder Singh,,6
5,345,2017-09-03,Bengal Warriors,12,Jang Kun Lee,,4
5,345,2017-09-03,Bengal Warriors,322,Surjeet Singh,,4
5,345,2017-09-03,Bengal Warriors,387,Vinod Kumar,,3
5,345,2017-09-03,Bengal Warriors,160,Ran Singh,,3
5,345,2017-09-03,Bengal Warriors,34,Bhupender Singh,,2
5,345,2017-09-03,Bengal Warriors,279,Shashank Wankhede,All Rounder,2
5,345,2017-09-03,Bengal Warriors,107,Shrikant Tewthia,,0
5,345,2017-09-03,Tamil Thalaivas,212,Amit Hooda,,4
5,345,2017-09-03,Tamil Thalaivas,219,K. Prapanjan,,3
5,345,2017-09-03,Tamil Thalaivas,26,Ajay Thakur,,3
5,345,2017-09-03,Tamil Thalaivas,522,Dong Geon Lee,,3
5,345,2017-09-03,Tamil Thalaivas,696,M. Thivakaran,Raider,3
5,345,2017-09-03,Tamil Thalaivas,724,Darshan J.,,3
5,345,2017-09-03,Tamil Thalaivas,722,D. Pradap,,2
5,345,2017-09-03,Tamil Thalaivas,191,C. Arun,,2
5,345,2017-09-03,Tamil Thalaivas,268,Vineet Sharma,,0
5,346,2017-09-05,Patna Pirates,197,Pardeep Narwal,,21
5,346,2017-09-05,Patna Pirates,388,Monu Goyat,,10
5,346,2017-09-05,Patna Pirates,579,Jaideep,,3
5,346,2017-09-05,Patna Pirates,165,Sachin Shingade,,3
5,346,2017-09-05,Patna Pirates,764,Vinod Kumar,,1
5,346,2017-09-05,Patna Pirates,766,Virender Singh,Defender,0
5,346,2017-09-05,Patna Pirates,728,Manish,,0
5,346,2017-09-05,Patna Pirates,121,Vikas Jaglan,,0
5,346,2017-09-05,Patna Pirates,123,Vishal Mane,,0
5,346,2017-09-05,Jaipur Pink Panthers,648,Ajit Singh,,8
5,346,2017-09-05,Jaipur Pink Panthers,156,Pawan Kumar Kadian,,7
5,346,2017-09-05,Jaipur Pink Panthers,109,Somvir Shekhar,Defender,2
5,346,2017-09-05,Jaipur Pink Panthers,613,Sunil Siddhgavali,,1
5,346,2017-09-05,Jaipur Pink Panthers,676,Santhapanaselvam,,1
5,346,2017-09-05,Jaipur Pink Panthers,791,Nitin Rawal,,1
5,346,2017-09-05,Jaipur Pink Panthers,638,Kamal Kishor Jat,,0
5,346,2017-09-05,Jaipur Pink Panthers,611,Sidharth,All Rounder,0
5,346,2017-09-05,Jaipur Pink Panthers,233,Manoj Dhull,,0
5,346,2017-09-05,Jaipur Pink Panthers,72,Navneet Gautam,Defender,0
5,347,2017-09-05,Bengal Warriors,143,Maninder Singh,,14
5,347,2017-09-05,Bengal Warriors,12,Jang Kun Lee,,5
5,347,2017-09-05,Bengal Warriors,387,Vinod Kumar,,4
5,347,2017-09-05,Bengal Warriors,322,Surjeet Singh,,2
5,347,2017-09-05,Bengal Warriors,107,Shrikant Tewthia,,1
5,347,2017-09-05,Bengal Warriors,160,Ran Singh,,1
5,347,2017-09-05,Bengal Warriors,34,Bhupender Singh,,0
5,347,2017-09-05,Bengal Warriors,519,Young Chang Ko,,0
5,347,2017-09-05,Bengal Warriors,279,Shashank Wankhede,All Rounder,0
5,347,2017-09-05,Haryana Steelers,124,Wazir Singh,,11
5,347,2017-09-05,Haryana Steelers,119,Surjeet Singh,,8
5,347,2017-09-05,Haryana Steelers,71,Mohit Chhillar,,4
5,347,2017-09-05,Haryana Steelers,146,Surender Nada,Defender - Left Corner,2
5,347,2017-09-05,Haryana Steelers,275,Deepak Kumar Rathee,Defender,1
5,347,2017-09-05,Haryana Steelers,155,Prashanth Kumar Rai,,1
5,347,2017-09-05,Haryana Steelers,158,Rakesh Singh Kumar,Defender,1
5,347,2017-09-05,Haryana Steelers,150,Parmod Narwal,All Rounder,0
5,347,2017-09-05,Haryana Steelers,734,Vikas,Defender,0
5,348,2017-09-06,Dabang Delhi,251,Meraj Sheykh,,14
5,348,2017-09-06,Dabang Delhi,300,Abolfazl Maghsodloumahali,,8
5,348,2017-09-06,Dabang Delhi,261,Rohit Baliyan,,3
5,348,2017-09-06,Dabang Delhi,207,Sunil,,2
5,348,2017-09-06,Dabang Delhi,773,Satpal,,2
5,348,2017-09-06,Dabang Delhi,576,Anand Patil,,1
5,348,2017-09-06,Dabang Delhi,164,Bajirao Hodage,,1
5,348,2017-09-06,Dabang Delhi,170,Swapnil Dilip Shinde,Defender,1
5,348,2017-09-06,Dabang Delhi,73,Nilesh Shinde,Defender,0
5,348,2017-09-06,Dabang Delhi,784,Viraj Vishnu Landge,,0
5,348,2017-09-06,Bengaluru Bulls,326,Rohit Kumar,,13
5,348,2017-09-06,Bengaluru Bulls,141,Sunil Jaipal,Raider,6
5,348,2017-09-06,Bengaluru Bulls,389,Ajay Kumar,,5
5,348,2017-09-06,Bengaluru Bulls,202,Ashish Kumar,,2
5,348,2017-09-06,Bengaluru Bulls,769,Mahender Singh,,1
5,348,2017-09-06,Bengaluru Bulls,777,Pardeep Kandola,Defender,0
5,348,2017-09-06,Bengaluru Bulls,794,Amit Sheoran,,0
5,348,2017-09-06,Bengaluru Bulls,372,Harish Naik,,0
5,348,2017-09-06,Bengaluru Bulls,61,Kuldeep Singh,Defender,0
5,349,2017-09-06,Bengal Warriors,143,Maninder Singh,,12
5,349,2017-09-06,Bengal Warriors,34,Bhupender Singh,,4
5,349,2017-09-06,Bengal Warriors,387,Vinod Kumar,,4
5,349,2017-09-06,Bengal Warriors,160,Ran Singh,,2
5,349,2017-09-06,Bengal Warriors,322,Surjeet Singh,,1
5,349,2017-09-06,Bengal Warriors,12,Jang Kun Lee,,1
5,349,2017-09-06,Bengal Warriors,107,Shrikant Tewthia,,0
5,349,2017-09-06,Bengal Warriors,519,Young Chang Ko,,0
5,349,2017-09-06,U Mumba,29,Anup Kumar,,11
5,349,2017-09-06,U Mumba,106,Shrikant Jadhav,,8
5,349,2017-09-06,U Mumba,58,Kashiling Adake,,8
5,349,2017-09-06,U Mumba,324,Darshan Kadian,,2
5,349,2017-09-06,U Mumba,733,Surinder Singh,,2
5,349,2017-09-06,U Mumba,252,Kuldeep Singh,,2
5,349,2017-09-06,U Mumba,710,N. Renjith,Defender,0
5,349,2017-09-06,U Mumba,249,Hadi Oshtorak,,0
5,349,2017-09-06,U Mumba,75,Nitin Madane,Raider,0
5,350,2017-09-07,Telugu Titans,81,Rahul Chaudhari,,9
5,350,2017-09-07,Telugu Titans,567,Mohsen Maghsoudloujafari,,6
5,350,2017-09-07,Telugu Titans,667,Elangeshwaran R,All Rounder,4
5,350,2017-09-07,Telugu Titans,361,Sombir,,4
5,350,2017-09-07,Telugu Titans,358,Vishal Bhardwaj,,3
5,350,2017-09-07,Telugu Titans,482,Farhad Rahimi Milaghardan,,2
5,350,2017-09-07,Telugu Titans,96,Rohit Rana,,2
5,350,2017-09-07,Telugu Titans,172,Vinoth Kumar,,0
5,350,2017-09-07,Telugu Titans,88,Rakesh Kumar,Raider,0
5,350,2017-09-07,Telugu Titans,762,Vikas Kumar,Raider,0
5,350,2017-09-07,Telugu Titans,774,Munish,Raider,0
5,350,2017-09-07,Puneri Paltan,41,Deepak Niwas Hooda,,9
5,350,2017-09-07,Puneri Paltan,142,Sandeep Narwal,,7
5,350,2017-09-07,Puneri Paltan,161,Girish Maruti Ernak,,7
5,350,2017-09-07,Puneri Paltan,795,Monu,,5
5,350,2017-09-07,Puneri Paltan,85,Rajesh Mondal,,3
5,350,2017-09-07,Puneri Paltan,240,Ravi Kumar,,2
5,350,2017-09-07,Puneri Paltan,272,Umesh Mhatre,Raider,0
5,350,2017-09-07,Puneri Paltan,42,Dharmaraj Cheralathan,,0
5,351,2017-09-07,Bengal Warriors,143,Maninder Singh,,13
5,351,2017-09-07,Bengal Warriors,160,Ran Singh,,3
5,351,2017-09-07,Bengal Warriors,387,Vinod Kumar,,3
5,351,2017-09-07,Bengal Warriors,322,Surjeet Singh,,2
5,351,2017-09-07,Bengal Warriors,107,Shrikant Tewthia,,2
5,351,2017-09-07,Bengal Warriors,34,Bhupender Singh,,2
5,351,2017-09-07,Bengal Warriors,519,Young Chang Ko,,1
5,351,2017-09-07,Bengal Warriors,765,Anil Kumar,,0
5,351,2017-09-07,Dabang Delhi,576,Anand Patil,,9
5,351,2017-09-07,Dabang Delhi,261,Rohit Baliyan,,7
5,351,2017-09-07,Dabang Delhi,251,Meraj Sheykh,,5
5,351,2017-09-07,Dabang Delhi,207,Sunil,,3
5,351,2017-09-07,Dabang Delhi,605,Shubham Ashok Palkar,,2
5,351,2017-09-07,Dabang Delhi,773,Satpal,,1
5,351,2017-09-07,Dabang Delhi,300,Abolfazl Maghsodloumahali,,1
5,351,2017-09-07,Dabang Delhi,170,Swapnil Dilip Shinde,Defender,0
5,351,2017-09-07,Dabang Delhi,73,Nilesh Shinde,Defender,0
5,351,2017-09-07,Dabang Delhi,784,Viraj Vishnu Landge,,0
5,352,2017-09-08,Haryana Steelers,124,Wazir Singh,,12
5,352,2017-09-08,Haryana Steelers,119,Surjeet Singh,,9
5,352,2017-09-08,Haryana Steelers,71,Mohit Chhillar,,5
5,352,2017-09-08,Haryana Steelers,155,Prashanth Kumar Rai,,5
5,352,2017-09-08,Haryana Steelers,146,Surender Nada,Defender - Left Corner,4
5,352,2017-09-08,Haryana Steelers,158,Rakesh Singh Kumar,Defender,1
5,352,2017-09-08,Haryana Steelers,637,Neeraj Kumar,,0
5,352,2017-09-08,Patna Pirates,197,Pardeep Narwal,,13
5,352,2017-09-08,Patna Pirates,388,Monu Goyat,,11
5,352,2017-09-08,Patna Pirates,745,Vijay,,5
5,352,2017-09-08,Patna Pirates,579,Jaideep,,3
5,352,2017-09-08,Patna Pirates,165,Sachin Shingade,,2
5,352,2017-09-08,Patna Pirates,123,Vishal Mane,,2
5,352,2017-09-08,Patna Pirates,764,Vinod Kumar,,1
5,352,2017-09-08,Patna Pirates,766,Virender Singh,Defender,0
5,352,2017-09-08,Patna Pirates,790,Satish,Defender,0
5,352,2017-09-08,Patna Pirates,728,Manish,,0
5,352,2017-09-08,Patna Pirates,121,Vikas Jaglan,,0
5,353,2017-09-08,Gujarat Giants,111,Sukesh Hegde,,5
5,353,2017-09-08,Gujarat Giants,36,Chandran Ranjit,,4
5,353,2017-09-08,Gujarat Giants,368,Sunil Kumar,Defender,3
5,353,2017-09-08,Gujarat Giants,489,Abozar Mohajermighani,,3
5,353,2017-09-08,Gujarat Giants,318,Pawan Kumar Sehrawat,,3
5,353,2017-09-08,Gujarat Giants,259,Fazel Atrachali,,2
5,353,2017-09-08,Gujarat Giants,357,Parvesh Bhainswal,,2
5,353,2017-09-08,Gujarat Giants,163,Mahendra Ganesh Rajput,,1
5,353,2017-09-08,Gujarat Giants,757,Sachin,,0
5,353,2017-09-08,U.P. Yoddhas,320,Nitin Tomar,,8
5,353,2017-09-08,U.P. Yoddhas,94,Rishank Devadiga,,6
5,353,2017-09-08,U.P. Yoddhas,54,Jeeva Kumar,,5
5,353,2017-09-08,U.P. Yoddhas,725,Nitesh Kumar,,5
5,353,2017-09-08,U.P. Yoddhas,234,Surender Singh,,2
5,353,2017-09-08,U.P. Yoddhas,66,Mahesh Goud,,1
5,353,2017-09-08,U.P. Yoddhas,665,Pankaj,,1
5,353,2017-09-08,U.P. Yoddhas,86,Rajesh Narwal,,0
5,353,2017-09-08,U.P. Yoddhas,347,Sagar B. Krishna,,0
5,354,2017-09-09,Patna Pirates,197,Pardeep Narwal,,21
5,354,2017-09-09,Patna Pirates,388,Monu Goyat,,9
5,354,2017-09-09,Patna Pirates,579,Jaideep,,2
5,354,2017-09-09,Patna Pirates,121,Vikas Jaglan,,2
5,354,2017-09-09,Patna Pirates,745,Vijay,,1
5,354,2017-09-09,Patna Pirates,764,Vinod Kumar,,1
5,354,2017-09-09,Patna Pirates,728,Manish,,1
5,354,2017-09-09,Patna Pirates,790,Satish,Defender,0
5,354,2017-09-09,Patna Pirates,123,Vishal Mane,,0
5,354,2017-09-09,Patna Pirates,165,Sachin Shingade,,0
5,354,2017-09-09,U Mumba,58,Kashiling Adake,,15
5,354,2017-09-09,U Mumba,106,Shrikant Jadhav,,13
5,354,2017-09-09,U Mumba,324,Darshan Kadian,,8
5,354,2017-09-09,U Mumba,733,Surinder Singh,,4
5,354,2017-09-09,U Mumba,29,Anup Kumar,,2
5,354,2017-09-09,U Mumba,249,Hadi Oshtorak,,1
5,354,2017-09-09,U Mumba,252,Kuldeep Singh,,1
5,354,2017-09-09,U Mumba,710,N. Renjith,Defender,0
5,355,2017-09-09,Haryana Steelers,155,Prashanth Kumar Rai,,16
5,355,2017-09-09,Haryana Steelers,174,Deepak Kumar Dahiya,,8
5,355,2017-09-09,Haryana Steelers,158,Rakesh Singh Kumar,Defender,2
5,355,2017-09-09,Haryana Steelers,146,Surender Nada,Defender - Left Corner,2
5,355,2017-09-09,Haryana Steelers,150,Parmod Narwal,All Rounder,2
5,355,2017-09-09,Haryana Steelers,124,Wazir Singh,,2
5,355,2017-09-09,Haryana Steelers,71,Mohit Chhillar,,1
5,355,2017-09-09,Haryana Steelers,119,Surjeet Singh,,0
5,355,2017-09-09,Haryana Steelers,734,Vikas,Defender,0
5,355,2017-09-09,Bengaluru Bulls,389,Ajay Kumar,,13
5,355,2017-09-09,Bengaluru Bulls,141,Sunil Jaipal,Raider,9
5,355,2017-09-09,Bengaluru Bulls,326,Rohit Kumar,,5
5,355,2017-09-09,Bengaluru Bulls,61,Kuldeep Singh,Defender,2
5,355,2017-09-09,Bengaluru Bulls,769,Mahender Singh,,1
5,355,2017-09-09,Bengaluru Bulls,372,Harish Naik,,0
5,355,2017-09-09,Bengaluru Bulls,202,Ashish Kumar,,0
5,355,2017-09-09,Bengaluru Bulls,167,Preetam Chhillar,All Rounder,0
5,356,2017-09-10,Bengaluru Bulls,61,Kuldeep Singh,Defender,5
5,356,2017-09-10,Bengaluru Bulls,141,Sunil Jaipal,Raider,4
5,356,2017-09-10,Bengaluru Bulls,769,Mahender Singh,,4
5,356,2017-09-10,Bengaluru Bulls,326,Rohit Kumar,,3
5,356,2017-09-10,Bengaluru Bulls,389,Ajay Kumar,,3
5,356,2017-09-10,Bengaluru Bulls,157,Ravinder Pahal,,1
5,356,2017-09-10,Bengaluru Bulls,167,Preetam Chhillar,All Rounder,1
5,356,2017-09-10,Bengaluru Bulls,46,Gurvinder Singh,,0
5,356,2017-09-10,Puneri Paltan,42,Dharmaraj Cheralathan,,4
5,356,2017-09-10,Puneri Paltan,142,Sandeep Narwal,,3
5,356,2017-09-10,Puneri Paltan,41,Deepak Niwas Hooda,,3
5,356,2017-09-10,Puneri Paltan,536,Ziaur Rahman,,2
5,356,2017-09-10,Puneri Paltan,85,Rajesh Mondal,,2
5,356,2017-09-10,Puneri Paltan,240,Ravi Kumar,,1
5,356,2017-09-10,Puneri Paltan,272,Umesh Mhatre,Raider,1
5,356,2017-09-10,Puneri Paltan,771,Suresh Kumar,Raider,1
5,356,2017-09-10,Puneri Paltan,795,Monu,,1
5,357,2017-09-10,Haryana Steelers,124,Wazir Singh,,6
5,357,2017-09-10,Haryana Steelers,155,Prashanth Kumar Rai,,2
5,357,2017-09-10,Haryana Steelers,578,Mayur Shivtarkar,,2
5,357,2017-09-10,Haryana Steelers,734,Vikas,Defender,2
5,357,2017-09-10,Haryana Steelers,71,Mohit Chhillar,,2
5,357,2017-09-10,Haryana Steelers,174,Deepak Kumar Dahiya,,1
5,357,2017-09-10,Haryana Steelers,146,Surender Nada,Defender - Left Corner,1
5,357,2017-09-10,Haryana Steelers,150,Parmod Narwal,All Rounder,0
5,357,2017-09-10,Haryana Steelers,275,Deepak Kumar Rathee,Defender,0
5,357,2017-09-10,Haryana Steelers,158,Rakesh Singh Kumar,Defender,0
5,357,2017-09-10,Telugu Titans,81,Rahul Chaudhari,,10
5,357,2017-09-10,Telugu Titans,358,Vishal Bhardwaj,,6
5,357,2017-09-10,Telugu Titans,293,Nilesh Salunke,,5
5,357,2017-09-10,Telugu Titans,361,Sombir,,3
5,357,2017-09-10,Telugu Titans,567,Mohsen Maghsoudloujafari,,3
5,357,2017-09-10,Telugu Titans,482,Farhad Rahimi Milaghardan,,1
5,357,2017-09-10,Telugu Titans,96,Rohit Rana,,1
5,357,2017-09-10,Telugu Titans,746,Vikrant,Raider,0
5,358,2017-09-12,Bengal Warriors,12,Jang Kun Lee,,9
5,358,2017-09-12,Bengal Warriors,143,Maninder Singh,,7
5,358,2017-09-12,Bengal Warriors,322,Surjeet Singh,,5
5,358,2017-09-12,Bengal Warriors,387,Vinod Kumar,,3
5,358,2017-09-12,Bengal Warriors,160,Ran Singh,,2
5,358,2017-09-12,Bengal Warriors,34,Bhupender Singh,,1
5,358,2017-09-12,Bengal Warriors,107,Shrikant Tewthia,,0
5,358,2017-09-12,Bengal Warriors,519,Young Chang Ko,,0
5,358,2017-09-12,Telugu Titans,293,Nilesh Salunke,,10
5,358,2017-09-12,Telugu Titans,358,Vishal Bhardwaj,,4
5,358,2017-09-12,Telugu Titans,81,Rahul Chaudhari,,4
5,358,2017-09-12,Telugu Titans,96,Rohit Rana,,2
5,358,2017-09-12,Telugu Titans,482,Farhad Rahimi Milaghardan,,2
5,358,2017-09-12,Telugu Titans,762,Vikas Kumar,Raider,2
5,358,2017-09-12,Telugu Titans,567,Mohsen Maghsoudloujafari,,1
5,358,2017-09-12,Telugu Titans,361,Sombir,,0
5,359,2017-09-12,Haryana Steelers,124,Wazir Singh,,10
5,359,2017-09-12,Haryana Steelers,146,Surender Nada,Defender - Left Corner,4
5,359,2017-09-12,Haryana Steelers,174,Deepak Kumar Dahiya,,4
5,359,2017-09-12,Haryana Steelers,53,Jeeva Gopal,Defender,2
5,359,2017-09-12,Haryana Steelers,119,Surjeet Singh,,2
5,359,2017-09-12,Haryana Steelers,637,Neeraj Kumar,,1
5,359,2017-09-12,Haryana Steelers,71,Mohit Chhillar,,1
5,359,2017-09-12,Haryana Steelers,155,Prashanth Kumar Rai,,0
5,359,2017-09-12,Haryana Steelers,734,Vikas,Defender,0
5,359,2017-09-12,Dabang Delhi,261,Rohit Baliyan,,7
5,359,2017-09-12,Dabang Delhi,300,Abolfazl Maghsodloumahali,,4
5,359,2017-09-12,Dabang Delhi,576,Anand Patil,,4
5,359,2017-09-12,Dabang Delhi,773,Satpal,,2
5,359,2017-09-12,Dabang Delhi,784,Viraj Vishnu Landge,,1
5,359,2017-09-12,Dabang Delhi,207,Sunil,,1
5,359,2017-09-12,Dabang Delhi,792,Tushar Balaram Bhoir,,0
5,359,2017-09-12,Dabang Delhi,605,Shubham Ashok Palkar,,0
5,359,2017-09-12,Dabang Delhi,170,Swapnil Dilip Shinde,Defender,0
5,360,2017-09-13,Tamil Thalaivas,26,Ajay Thakur,,8
5,360,2017-09-13,Tamil Thalaivas,219,K. Prapanjan,,8
5,360,2017-09-13,Tamil Thalaivas,212,Amit Hooda,,4
5,360,2017-09-13,Tamil Thalaivas,268,Vineet Sharma,,3
5,360,2017-09-13,Tamil Thalaivas,191,C. Arun,,2
5,360,2017-09-13,Tamil Thalaivas,722,D. Pradap,,2
5,360,2017-09-13,Tamil Thalaivas,660,Bhavani Rajput,Raider,1
5,360,2017-09-13,Tamil Thalaivas,522,Dong Geon Lee,,0
5,360,2017-09-13,Tamil Thalaivas,768,Vijay Kumar,,0
5,360,2017-09-13,Tamil Thalaivas,724,Darshan J.,,0
5,360,2017-09-13,Tamil Thalaivas,696,M. Thivakaran,Raider,0
5,360,2017-09-13,U.P. Yoddhas,320,Nitin Tomar,,14
5,360,2017-09-13,U.P. Yoddhas,94,Rishank Devadiga,,8
5,360,2017-09-13,U.P. Yoddhas,725,Nitesh Kumar,,5
5,360,2017-09-13,U.P. Yoddhas,54,Jeeva Kumar,,2
5,360,2017-09-13,U.P. Yoddhas,347,Sagar B. Krishna,,1
5,360,2017-09-13,U.P. Yoddhas,234,Surender Singh,,1
5,360,2017-09-13,U.P. Yoddhas,66,Mahesh Goud,,0
5,360,2017-09-13,U.P. Yoddhas,86,Rajesh Narwal,,0
5,360,2017-09-13,U.P. Yoddhas,665,Pankaj,,0
5,361,2017-09-13,Haryana Steelers,174,Deepak Kumar Dahiya,,11
5,361,2017-09-13,Haryana Steelers,124,Wazir Singh,,3
5,361,2017-09-13,Haryana Steelers,146,Surender Nada,Defender - Left Corner,2
5,361,2017-09-13,Haryana Steelers,53,Jeeva Gopal,Defender,2
5,361,2017-09-13,Haryana Steelers,71,Mohit Chhillar,,2
5,361,2017-09-13,Haryana Steelers,275,Deepak Kumar Rathee,Defender,2
5,361,2017-09-13,Haryana Steelers,637,Neeraj Kumar,,0
5,361,2017-09-13,Haryana Steelers,726,Babu M,Defender - Left Cover,0
5,361,2017-09-13,Haryana Steelers,734,Vikas,Defender,0
5,361,2017-09-13,Haryana Steelers,155,Prashanth Kumar Rai,,0
5,361,2017-09-13,Haryana Steelers,195,Ashish Chhokar,,0
5,361,2017-09-13,Puneri Paltan,41,Deepak Niwas Hooda,,13
5,361,2017-09-13,Puneri Paltan,142,Sandeep Narwal,,8
5,361,2017-09-13,Puneri Paltan,161,Girish Maruti Ernak,,2
5,361,2017-09-13,Puneri Paltan,85,Rajesh Mondal,,2
5,361,2017-09-13,Puneri Paltan,240,Ravi Kumar,,2
5,361,2017-09-13,Puneri Paltan,795,Monu,,2
5,361,2017-09-13,Puneri Paltan,365,Akshay Jadhav,,1
5,361,2017-09-13,Puneri Paltan,536,Ziaur Rahman,,0
5,361,2017-09-13,Puneri Paltan,42,Dharmaraj Cheralathan,,0
5,362,2017-09-14,Haryana Steelers,174,Deepak Kumar Dahiya,,7
5,362,2017-09-14,Haryana Steelers,119,Surjeet Singh,,6
5,362,2017-09-14,Haryana Steelers,734,Vikas,Defender,4
5,362,2017-09-14,Haryana Steelers,578,Mayur Shivtarkar,,3
5,362,2017-09-14,Haryana Steelers,732,Kuldeep Singh,,2
5,362,2017-09-14,Haryana Steelers,637,Neeraj Kumar,,1
5,362,2017-09-14,Haryana Steelers,124,Wazir Singh,,1
5,362,2017-09-14,Haryana Steelers,158,Rakesh Singh Kumar,Defender,1
5,362,2017-09-14,Haryana Steelers,53,Jeeva Gopal,Defender,0
5,362,2017-09-14,Jaipur Pink Panthers,791,Nitin Rawal,,12
5,362,2017-09-14,Jaipur Pink Panthers,156,Pawan Kumar Kadian,,4
5,362,2017-09-14,Jaipur Pink Panthers,69,Manjeet Chhillar,,2
5,362,2017-09-14,Jaipur Pink Panthers,52,Jasvir Singh,,2
5,362,2017-09-14,Jaipur Pink Panthers,611,Sidharth,All Rounder,2
5,362,2017-09-14,Jaipur Pink Panthers,242,Tushar Patil,,1
5,362,2017-09-14,Jaipur Pink Panthers,648,Ajit Singh,,1
5,362,2017-09-14,Jaipur Pink Panthers,676,Santhapanaselvam,,1
5,362,2017-09-14,Jaipur Pink Panthers,109,Somvir Shekhar,Defender,0
5,363,2017-09-15,Patna Pirates,197,Pardeep Narwal,,14
5,363,2017-09-15,Patna Pirates,388,Monu Goyat,,10
5,363,2017-09-15,Patna Pirates,579,Jaideep,,4
5,363,2017-09-15,Patna Pirates,390,Jawahar Dagar,,3
5,363,2017-09-15,Patna Pirates,123,Vishal Mane,,3
5,363,2017-09-15,Patna Pirates,165,Sachin Shingade,,2
5,363,2017-09-15,Patna Pirates,580,Vishnu Uthaman,Raider,0
5,363,2017-09-15,Patna Pirates,745,Vijay,,0
5,363,2017-09-15,Patna Pirates,764,Vinod Kumar,,0
5,363,2017-09-15,Telugu Titans,81,Rahul Chaudhari,,7
5,363,2017-09-15,Telugu Titans,762,Vikas Kumar,Raider,5
5,363,2017-09-15,Telugu Titans,293,Nilesh Salunke,,3
5,363,2017-09-15,Telugu Titans,482,Farhad Rahimi Milaghardan,,3
5,363,2017-09-15,Telugu Titans,361,Sombir,,3
5,363,2017-09-15,Telugu Titans,96,Rohit Rana,,2
5,363,2017-09-15,Telugu Titans,358,Vishal Bhardwaj,,1
5,363,2017-09-15,Telugu Titans,667,Elangeshwaran R,All Rounder,1
5,363,2017-09-15,Telugu Titans,746,Vikrant,Raider,0
5,363,2017-09-15,Telugu Titans,567,Mohsen Maghsoudloujafari,,0
5,364,2017-09-15,U Mumba,58,Kashiling Adake,,10
5,364,2017-09-15,U Mumba,106,Shrikant Jadhav,,6
5,364,2017-09-15,U Mumba,29,Anup Kumar,,3
5,364,2017-09-15,U Mumba,689,Mohan Raman G,Raider,2
5,364,2017-09-15,U Mumba,733,Surinder Singh,,2
5,364,2017-09-15,U Mumba,710,N. Renjith,Defender,1
5,364,2017-09-15,U Mumba,249,Hadi Oshtorak,,0
5,364,2017-09-15,U Mumba,252,Kuldeep Singh,,0
5,364,2017-09-15,U Mumba,324,Darshan Kadian,,0
5,364,2017-09-15,Gujarat Giants,757,Sachin,,14
5,364,2017-09-15,Gujarat Giants,357,Parvesh Bhainswal,,5
5,364,2017-09-15,Gujarat Giants,111,Sukesh Hegde,,5
5,364,2017-09-15,Gujarat Giants,163,Mahendra Ganesh Rajput,,5
5,364,2017-09-15,Gujarat Giants,259,Fazel Atrachali,,2
5,364,2017-09-15,Gujarat Giants,489,Abozar Mohajermighani,,2
5,364,2017-09-15,Gujarat Giants,368,Sunil Kumar,Defender,1
5,365,2017-09-16,Bengaluru Bulls,326,Rohit Kumar,,8
5,365,2017-09-16,Bengaluru Bulls,389,Ajay Kumar,,5
5,365,2017-09-16,Bengaluru Bulls,157,Ravinder Pahal,,4
5,365,2017-09-16,Bengaluru Bulls,61,Kuldeep Singh,Defender,3
5,365,2017-09-16,Bengaluru Bulls,769,Mahender Singh,,2
5,365,2017-09-16,Bengaluru Bulls,202,Ashish Kumar,,1
5,365,2017-09-16,Bengaluru Bulls,141,Sunil Jaipal,Raider,1
5,365,2017-09-16,Telugu Titans,81,Rahul Chaudhari,,8
5,365,2017-09-16,Telugu Titans,358,Vishal Bhardwaj,,7
5,365,2017-09-16,Telugu Titans,293,Nilesh Salunke,,4
5,365,2017-09-16,Telugu Titans,667,Elangeshwaran R,All Rounder,4
5,365,2017-09-16,Telugu Titans,482,Farhad Rahimi Milaghardan,,1
5,365,2017-09-16,Telugu Titans,361,Sombir,,1
5,365,2017-09-16,Telugu Titans,567,Mohsen Maghsoudloujafari,,0
5,365,2017-09-16,Telugu Titans,96,Rohit Rana,,0
5,366,2017-09-16,Patna Pirates,197,Pardeep Narwal,,15
5,366,2017-09-16,Patna Pirates,388,Monu Goyat,,8
5,366,2017-09-16,Patna Pirates,745,Vijay,,5
5,366,2017-09-16,Patna Pirates,123,Vishal Mane,,2
5,366,2017-09-16,Patna Pirates,121,Vikas Jaglan,,1
5,366,2017-09-16,Patna Pirates,764,Vinod Kumar,,1
5,366,2017-09-16,Patna Pirates,390,Jawahar Dagar,,1
5,366,2017-09-16,Patna Pirates,579,Jaideep,,1
5,366,2017-09-16,Patna Pirates,165,Sachin Shingade,,0
5,366,2017-09-16,U.P. Yoddhas,320,Nitin Tomar,,14
5,366,2017-09-16,U.P. Yoddhas,234,Surender Singh,,7
5,366,2017-09-16,U.P. Yoddhas,94,Rishank Devadiga,,5
5,366,2017-09-16,U.P. Yoddhas,725,Nitesh Kumar,,3
5,366,2017-09-16,U.P. Yoddhas,347,Sagar B. Krishna,,2
5,366,2017-09-16,U.P. Yoddhas,54,Jeeva Kumar,,2
5,366,2017-09-16,U.P. Yoddhas,301,Hadi Tajik,,1
5,366,2017-09-16,U.P. Yoddhas,665,Pankaj,,1
5,366,2017-09-16,U.P. Yoddhas,66,Mahesh Goud,,0
5,367,2017-09-17,Jaipur Pink Panthers,791,Nitin Rawal,,6
5,367,2017-09-17,Jaipur Pink Panthers,611,Sidharth,All Rounder,6
5,367,2017-09-17,Jaipur Pink Panthers,156,Pawan Kumar Kadian,,6
5,367,2017-09-17,Jaipur Pink Panthers,648,Ajit Singh,,5
5,367,2017-09-17,Jaipur Pink Panthers,69,Manjeet Chhillar,,3
5,367,2017-09-17,Jaipur Pink Panthers,109,Somvir Shekhar,Defender,2
5,367,2017-09-17,Jaipur Pink Panthers,676,Santhapanaselvam,,2
5,367,2017-09-17,Jaipur Pink Panthers,233,Manoj Dhull,,0
5,367,2017-09-17,Jaipur Pink Panthers,638,Kamal Kishor Jat,,0
5,367,2017-09-17,Dabang Delhi,300,Abolfazl Maghsodloumahali,,6
5,367,2017-09-17,Dabang Delhi,251,Meraj Sheykh,,4
5,367,2017-09-17,Dabang Delhi,718,R. Sriram,,3
5,367,2017-09-17,Dabang Delhi,661,Tapas Pal,,3
5,367,2017-09-17,Dabang Delhi,773,Satpal,,2
5,367,2017-09-17,Dabang Delhi,576,Anand Patil,,2
5,367,2017-09-17,Dabang Delhi,261,Rohit Baliyan,,2
5,367,2017-09-17,Dabang Delhi,207,Sunil,,1
5,367,2017-09-17,Dabang Delhi,784,Viraj Vishnu Landge,,1
5,367,2017-09-17,Dabang Delhi,792,Tushar Balaram Bhoir,,0
5,368,2017-09-17,Patna Pirates,197,Pardeep Narwal,,13
5,368,2017-09-17,Patna Pirates,388,Monu Goyat,,11
5,368,2017-09-17,Patna Pirates,390,Jawahar Dagar,,3
5,368,2017-09-17,Patna Pirates,745,Vijay,,2
5,368,2017-09-17,Patna Pirates,728,Manish,,1
5,368,2017-09-17,Patna Pirates,165,Sachin Shingade,,1
5,368,2017-09-17,Patna Pirates,123,Vishal Mane,,1
5,368,2017-09-17,Patna Pirates,579,Jaideep,,0
5,368,2017-09-17,Bengal Warriors,143,Maninder Singh,,15
5,368,2017-09-17,Bengal Warriors,211,Deepak Narwal,,10
5,368,2017-09-17,Bengal Warriors,322,Surjeet Singh,,3
5,368,2017-09-17,Bengal Warriors,107,Shrikant Tewthia,,3
5,368,2017-09-17,Bengal Warriors,160,Ran Singh,,1
5,368,2017-09-17,Bengal Warriors,12,Jang Kun Lee,,1
5,368,2017-09-17,Bengal Warriors,392,Kuldeep,Raider,1
5,368,2017-09-17,Bengal Warriors,519,Young Chang Ko,,0
5,368,2017-09-17,Bengal Warriors,387,Vinod Kumar,,0
5,368,2017-09-17,Bengal Warriors,288,Rahul Kumar,Defender,0
5,369,2017-09-19,Puneri Paltan,142,Sandeep Narwal,,9
5,369,2017-09-19,Puneri Paltan,85,Rajesh Mondal,,7
5,369,2017-09-19,Puneri Paltan,795,Monu,,5
5,369,2017-09-19,Puneri Paltan,41,Deepak Niwas Hooda,,4
5,369,2017-09-19,Puneri Paltan,536,Ziaur Rahman,,4
5,369,2017-09-19,Puneri Paltan,161,Girish Maruti Ernak,,3
5,369,2017-09-19,Puneri Paltan,240,Ravi Kumar,,1
5,369,2017-09-19,Puneri Paltan,217,Rohit Kumar Choudary,,0
5,369,2017-09-19,Puneri Paltan,796,Rinku Narwal,,0
5,369,2017-09-19,Haryana Steelers,119,Surjeet Singh,,10
5,369,2017-09-19,Haryana Steelers,732,Kuldeep Singh,,6
5,369,2017-09-19,Haryana Steelers,734,Vikas,Defender,4
5,369,2017-09-19,Haryana Steelers,124,Wazir Singh,,3
5,369,2017-09-19,Haryana Steelers,155,Prashanth Kumar Rai,,1
5,369,2017-09-19,Haryana Steelers,174,Deepak Kumar Dahiya,,1
5,369,2017-09-19,Haryana Steelers,302,Khomsan Thongkham,,0
5,369,2017-09-19,Haryana Steelers,578,Mayur Shivtarkar,,0
5,369,2017-09-19,Haryana Steelers,637,Neeraj Kumar,,0
5,369,2017-09-19,Haryana Steelers,53,Jeeva Gopal,Defender,0
5,370,2017-09-19,Patna Pirates,388,Monu Goyat,,12
5,370,2017-09-19,Patna Pirates,197,Pardeep Narwal,,11
5,370,2017-09-19,Patna Pirates,579,Jaideep,,3
5,370,2017-09-19,Patna Pirates,745,Vijay,,2
5,370,2017-09-19,Patna Pirates,165,Sachin Shingade,,1
5,370,2017-09-19,Patna Pirates,123,Vishal Mane,,0
5,370,2017-09-19,Patna Pirates,390,Jawahar Dagar,,0
5,370,2017-09-19,Patna Pirates,728,Manish,,0
5,370,2017-09-19,Bengaluru Bulls,326,Rohit Kumar,,15
5,370,2017-09-19,Bengaluru Bulls,389,Ajay Kumar,,3
5,370,2017-09-19,Bengaluru Bulls,730,Rohit,Raider,3
5,370,2017-09-19,Bengaluru Bulls,157,Ravinder Pahal,,2
5,370,2017-09-19,Bengaluru Bulls,61,Kuldeep Singh,Defender,2
5,370,2017-09-19,Bengaluru Bulls,141,Sunil Jaipal,Raider,1
5,370,2017-09-19,Bengaluru Bulls,202,Ashish Kumar,,1
5,370,2017-09-19,Bengaluru Bulls,167,Preetam Chhillar,All Rounder,0
5,370,2017-09-19,Bengaluru Bulls,363,Sumit Singh,,0
5,370,2017-09-19,Bengaluru Bulls,769,Mahender Singh,,0
5,337,2017-09-20,U Mumba,29,Anup Kumar,,7
5,337,2017-09-20,U Mumba,106,Shrikant Jadhav,,5
5,337,2017-09-20,U Mumba,58,Kashiling Adake,,3
5,337,2017-09-20,U Mumba,324,Darshan Kadian,,3
5,337,2017-09-20,U Mumba,690,E Subash,,3
5,337,2017-09-20,U Mumba,252,Kuldeep Singh,,2
5,337,2017-09-20,U Mumba,75,Nitin Madane,Raider,0
5,337,2017-09-20,U Mumba,689,Mohan Raman G,Raider,0
5,337,2017-09-20,U Mumba,694,Deepak Yadav,,0
5,337,2017-09-20,U Mumba,710,N. Renjith,Defender,0
5,337,2017-09-20,U Mumba,733,Surinder Singh,,0
5,337,2017-09-20,Gujarat Giants,36,Chandran Ranjit,,11
5,337,2017-09-20,Gujarat Giants,757,Sachin,,10
5,337,2017-09-20,Gujarat Giants,259,Fazel Atrachali,,6
5,337,2017-09-20,Gujarat Giants,489,Abozar Mohajermighani,,3
5,337,2017-09-20,Gujarat Giants,163,Mahendra Ganesh Rajput,,3
5,337,2017-09-20,Gujarat Giants,368,Sunil Kumar,Defender,2
5,337,2017-09-20,Gujarat Giants,357,Parvesh Bhainswal,,1
5,337,2017-09-20,Gujarat Giants,318,Pawan Kumar Sehrawat,,0
5,337,2017-09-20,Gujarat Giants,179,Vikas Kale,,0
5,337,2017-09-20,Gujarat Giants,70,Manoj Kumar,Defender,0
5,371,2017-09-20,Patna Pirates,388,Monu Goyat,,12
5,371,2017-09-20,Patna Pirates,197,Pardeep Narwal,,9
5,371,2017-09-20,Patna Pirates,745,Vijay,,5
5,371,2017-09-20,Patna Pirates,764,Vinod Kumar,,2
5,371,2017-09-20,Patna Pirates,579,Jaideep,,2
5,371,2017-09-20,Patna Pirates,123,Vishal Mane,,2
5,371,2017-09-20,Patna Pirates,165,Sachin Shingade,,1
5,371,2017-09-20,Patna Pirates,390,Jawahar Dagar,,1
5,371,2017-09-20,Patna Pirates,728,Manish,,0
5,371,2017-09-20,Tamil Thalaivas,26,Ajay Thakur,,12
5,371,2017-09-20,Tamil Thalaivas,219,K. Prapanjan,,8
5,371,2017-09-20,Tamil Thalaivas,522,Dong Geon Lee,,5
5,371,2017-09-20,Tamil Thalaivas,191,C. Arun,,4
5,371,2017-09-20,Tamil Thalaivas,696,M. Thivakaran,Raider,4
5,371,2017-09-20,Tamil Thalaivas,212,Amit Hooda,,3
5,371,2017-09-20,Tamil Thalaivas,724,Darshan J.,,1
5,371,2017-09-20,Tamil Thalaivas,722,D. Pradap,,0
5,371,2017-09-20,Tamil Thalaivas,614,T. Prabhakaran,Defender,0
5,371,2017-09-20,Tamil Thalaivas,185,Vijin Thangadurai,,0
5,372,2017-09-21,Jaipur Pink Panthers,242,Tushar Patil,,8
5,372,2017-09-21,Jaipur Pink Panthers,156,Pawan Kumar Kadian,,7
5,372,2017-09-21,Jaipur Pink Panthers,69,Manjeet Chhillar,,4
5,372,2017-09-21,Jaipur Pink Panthers,109,Somvir Shekhar,Defender,2
5,372,2017-09-21,Jaipur Pink Panthers,611,Sidharth,All Rounder,2
5,372,2017-09-21,Jaipur Pink Panthers,648,Ajit Singh,,1
5,372,2017-09-21,Jaipur Pink Panthers,791,Nitin Rawal,,1
5,372,2017-09-21,Jaipur Pink Panthers,638,Kamal Kishor Jat,,0
5,372,2017-09-21,Jaipur Pink Panthers,233,Manoj Dhull,,0
5,372,2017-09-21,Haryana Steelers,124,Wazir Singh,,10
5,372,2017-09-21,Haryana Steelers,146,Surender Nada,Defender - Left Corner,5
5,372,2017-09-21,Haryana Steelers,195,Ashish Chhokar,,4
5,372,2017-09-21,Haryana Steelers,734,Vikas,Defender,4
5,372,2017-09-21,Haryana Steelers,275,Deepak Kumar Rathee,Defender,2
5,372,2017-09-21,Haryana Steelers,71,Mohit Chhillar,,2
5,372,2017-09-21,Haryana Steelers,158,Rakesh Singh Kumar,Defender,1
5,372,2017-09-21,Haryana Steelers,119,Surjeet Singh,,0
5,372,2017-09-21,Haryana Steelers,323,Mahendra Singh Dhaka,Defender,0
5,373,2017-09-21,Patna Pirates,197,Pardeep Narwal,,13
5,373,2017-09-21,Patna Pirates,745,Vijay,,5
5,373,2017-09-21,Patna Pirates,764,Vinod Kumar,,4
5,373,2017-09-21,Patna Pirates,388,Monu Goyat,,4
5,373,2017-09-21,Patna Pirates,390,Jawahar Dagar,,3
5,373,2017-09-21,Patna Pirates,579,Jaideep,,3
5,373,2017-09-21,Patna Pirates,123,Vishal Mane,,2
5,373,2017-09-21,Patna Pirates,165,Sachin Shingade,,1
5,373,2017-09-21,Patna Pirates,121,Vikas Jaglan,,1
5,373,2017-09-21,U.P. Yoddhas,320,Nitin Tomar,,18
5,373,2017-09-21,U.P. Yoddhas,94,Rishank Devadiga,,11
5,373,2017-09-21,U.P. Yoddhas,234,Surender Singh,,5
5,373,2017-09-21,U.P. Yoddhas,54,Jeeva Kumar,,3
5,373,2017-09-21,U.P. Yoddhas,725,Nitesh Kumar,,2
5,373,2017-09-21,U.P. Yoddhas,347,Sagar B. Krishna,,1
5,373,2017-09-21,U.P. Yoddhas,66,Mahesh Goud,,0
5,373,2017-09-21,U.P. Yoddhas,712,Rohit Kumar,Defender,0
5,374,2017-09-22,Dabang Delhi,300,Abolfazl Maghsodloumahali,,6
5,374,2017-09-22,Dabang Delhi,261,Rohit Baliyan,,4
5,374,2017-09-22,Dabang Delhi,207,Sunil,,4
5,374,2017-09-22,Dabang Delhi,251,Meraj Sheykh,,4
5,374,2017-09-22,Dabang Delhi,576,Anand Patil,,2
5,374,2017-09-22,Dabang Delhi,661,Tapas Pal,,1
5,374,2017-09-22,Dabang Delhi,784,Viraj Vishnu Landge,,1
5,374,2017-09-22,Dabang Delhi,164,Bajirao Hodage,,1
5,374,2017-09-22,U Mumba,106,Shrikant Jadhav,,11
5,374,2017-09-22,U Mumba,58,Kashiling Adake,,7
5,374,2017-09-22,U Mumba,29,Anup Kumar,,3
5,374,2017-09-22,U Mumba,105,Shabeer Bappu,,1
5,374,2017-09-22,U Mumba,252,Kuldeep Singh,,1
5,374,2017-09-22,U Mumba,249,Hadi Oshtorak,,1
5,374,2017-09-22,U Mumba,733,Surinder Singh,,1
5,374,2017-09-22,U Mumba,11,Dong Ju Hong,All Rounder,0
5,375,2017-09-23,Bengaluru Bulls,372,Harish Naik,,11
5,375,2017-09-23,Bengaluru Bulls,769,Mahender Singh,,5
5,375,2017-09-23,Bengaluru Bulls,157,Ravinder Pahal,,5
5,375,2017-09-23,Bengaluru Bulls,326,Rohit Kumar,,2
5,375,2017-09-23,Bengaluru Bulls,389,Ajay Kumar,,1
5,375,2017-09-23,Bengaluru Bulls,141,Sunil Jaipal,Raider,1
5,375,2017-09-23,Bengaluru Bulls,61,Kuldeep Singh,Defender,1
5,375,2017-09-23,Bengaluru Bulls,202,Ashish Kumar,,0
5,375,2017-09-23,Bengaluru Bulls,218,Sachin Kumar,,0
5,375,2017-09-23,Bengal Warriors,143,Maninder Singh,,9
5,375,2017-09-23,Bengal Warriors,211,Deepak Narwal,,7
5,375,2017-09-23,Bengal Warriors,322,Surjeet Singh,,6
5,375,2017-09-23,Bengal Warriors,160,Ran Singh,,4
5,375,2017-09-23,Bengal Warriors,107,Shrikant Tewthia,,2
5,375,2017-09-23,Bengal Warriors,12,Jang Kun Lee,,1
5,375,2017-09-23,Bengal Warriors,392,Kuldeep,Raider,1
5,375,2017-09-23,Bengal Warriors,519,Young Chang Ko,,0
5,375,2017-09-23,Bengal Warriors,387,Vinod Kumar,,0
5,375,2017-09-23,Bengal Warriors,34,Bhupender Singh,,0
5,376,2017-09-23,Dabang Delhi,251,Meraj Sheykh,,7
5,376,2017-09-23,Dabang Delhi,261,Rohit Baliyan,,6
5,376,2017-09-23,Dabang Delhi,300,Abolfazl Maghsodloumahali,,5
5,376,2017-09-23,Dabang Delhi,73,Nilesh Shinde,Defender,3
5,376,2017-09-23,Dabang Delhi,736,Yatharth Deshwal,All Rounder,2
5,376,2017-09-23,Dabang Delhi,170,Swapnil Dilip Shinde,Defender,2
5,376,2017-09-23,Dabang Delhi,576,Anand Patil,,0
5,376,2017-09-23,Dabang Delhi,784,Viraj Vishnu Landge,,0
5,376,2017-09-23,Dabang Delhi,164,Bajirao Hodage,,0
5,376,2017-09-23,Puneri Paltan,41,Deepak Niwas Hooda,,10
5,376,2017-09-23,Puneri Paltan,795,Monu,,6
5,376,2017-09-23,Puneri Paltan,161,Girish Maruti Ernak,,5
5,376,2017-09-23,Puneri Paltan,85,Rajesh Mondal,,5
5,376,2017-09-23,Puneri Paltan,142,Sandeep Narwal,,2
5,376,2017-09-23,Puneri Paltan,536,Ziaur Rahman,,1
5,376,2017-09-23,Puneri Paltan,217,Rohit Kumar Choudary,,1
5,376,2017-09-23,Puneri Paltan,240,Ravi Kumar,,0
5,376,2017-09-23,Puneri Paltan,796,Rinku Narwal,,0
5,376,2017-09-23,Puneri Paltan,797,Vikash Khatri,Defender,0
5,377,2017-09-24,Bengal Warriors,143,Maninder Singh,,13
5,377,2017-09-24,Bengal Warriors,322,Surjeet Singh,,5
5,377,2017-09-24,Bengal Warriors,211,Deepak Narwal,,4
5,377,2017-09-24,Bengal Warriors,12,Jang Kun Lee,,4
5,377,2017-09-24,Bengal Warriors,160,Ran Singh,,2
5,377,2017-09-24,Bengal Warriors,387,Vinod Kumar,,0
5,377,2017-09-24,Bengal Warriors,392,Kuldeep,Raider,0
5,377,2017-09-24,Bengal Warriors,519,Young Chang Ko,,0
5,377,2017-09-24,Bengal Warriors,107,Shrikant Tewthia,,0
5,377,2017-09-24,Tamil Thalaivas,26,Ajay Thakur,,8
5,377,2017-09-24,Tamil Thalaivas,191,C. Arun,,8
5,377,2017-09-24,Tamil Thalaivas,696,M. Thivakaran,Raider,5
5,377,2017-09-24,Tamil Thalaivas,724,Darshan J.,,3
5,377,2017-09-24,Tamil Thalaivas,360,Sanket Chavan,Defender,2
5,377,2017-09-24,Tamil Thalaivas,722,D. Pradap,,1
5,377,2017-09-24,Tamil Thalaivas,212,Amit Hooda,,1
5,377,2017-09-24,Tamil Thalaivas,219,K. Prapanjan,,1
5,377,2017-09-24,Tamil Thalaivas,522,Dong Geon Lee,,0
5,377,2017-09-24,Tamil Thalaivas,768,Vijay Kumar,,0
5,378,2017-09-24,Dabang Delhi,773,Satpal,,6
5,378,2017-09-24,Dabang Delhi,261,Rohit Baliyan,,5
5,378,2017-09-24,Dabang Delhi,251,Meraj Sheykh,,4
5,378,2017-09-24,Dabang Delhi,576,Anand Patil,,2
5,378,2017-09-24,Dabang Delhi,173,Suresu Kumar,Raider,2
5,378,2017-09-24,Dabang Delhi,207,Sunil,,1
5,378,2017-09-24,Dabang Delhi,300,Abolfazl Maghsodloumahali,,1
5,378,2017-09-24,Dabang Delhi,784,Viraj Vishnu Landge,,1
5,378,2017-09-24,Dabang Delhi,736,Yatharth Deshwal,All Rounder,0
5,378,2017-09-24,Dabang Delhi,164,Bajirao Hodage,,0
5,378,2017-09-24,Dabang Delhi,170,Swapnil Dilip Shinde,Defender,0
5,378,2017-09-24,Dabang Delhi,73,Nilesh Shinde,Defender,0
5,378,2017-09-24,Haryana Steelers,158,Rakesh Singh Kumar,Defender,7
5,378,2017-09-24,Haryana Steelers,174,Deepak Kumar Dahiya,,6
5,378,2017-09-24,Haryana Steelers,146,Surender Nada,Defender - Left Corner,5
5,378,2017-09-24,Haryana Steelers,155,Prashanth Kumar Rai,,5
5,378,2017-09-24,Haryana Steelers,637,Neeraj Kumar,,4
5,378,2017-09-24,Haryana Steelers,266,David Shilisia J Mosambayi,,2
5,378,2017-09-24,Haryana Steelers,124,Wazir Singh,,2
5,378,2017-09-24,Haryana Steelers,71,Mohit Chhillar,,2
5,378,2017-09-24,Haryana Steelers,734,Vikas,Defender,0
5,379,2017-09-26,Gujarat Giants,757,Sachin,,11
5,379,2017-09-26,Gujarat Giants,259,Fazel Atrachali,,5
5,379,2017-09-26,Gujarat Giants,36,Chandran Ranjit,,5
5,379,2017-09-26,Gujarat Giants,111,Sukesh Hegde,,3
5,379,2017-09-26,Gujarat Giants,368,Sunil Kumar,Defender,2
5,379,2017-09-26,Gujarat Giants,489,Abozar Mohajermighani,,2
5,379,2017-09-26,Gujarat Giants,686,Rohit Gulia,,1
5,379,2017-09-26,Gujarat Giants,357,Parvesh Bhainswal,,0
5,379,2017-09-26,Gujarat Giants,67,Mahipal Narwal,Defender,0
5,379,2017-09-26,Gujarat Giants,70,Manoj Kumar,Defender,0
5,379,2017-09-26,Tamil Thalaivas,26,Ajay Thakur,,14
5,379,2017-09-26,Tamil Thalaivas,219,K. Prapanjan,,9
5,379,2017-09-26,Tamil Thalaivas,722,D. Pradap,,3
5,379,2017-09-26,Tamil Thalaivas,191,C. Arun,,2
5,379,2017-09-26,Tamil Thalaivas,212,Amit Hooda,,2
5,379,2017-09-26,Tamil Thalaivas,268,Vineet Sharma,,1
5,379,2017-09-26,Tamil Thalaivas,360,Sanket Chavan,Defender,1
5,379,2017-09-26,Tamil Thalaivas,522,Dong Geon Lee,,1
5,379,2017-09-26,Tamil Thalaivas,185,Vijin Thangadurai,,0
5,379,2017-09-26,Tamil Thalaivas,724,Darshan J.,,0
5,380,2017-09-26,Dabang Delhi,251,Meraj Sheykh,,8
5,380,2017-09-26,Dabang Delhi,735,Vishal,,7
5,380,2017-09-26,Dabang Delhi,773,Satpal,,4
5,380,2017-09-26,Dabang Delhi,300,Abolfazl Maghsodloumahali,,4
5,380,2017-09-26,Dabang Delhi,261,Rohit Baliyan,,3
5,380,2017-09-26,Dabang Delhi,207,Sunil,,1
5,380,2017-09-26,Dabang Delhi,792,Tushar Balaram Bhoir,,0
5,380,2017-09-26,Dabang Delhi,576,Anand Patil,,0
5,380,2017-09-26,Dabang Delhi,605,Shubham Ashok Palkar,,0
5,380,2017-09-26,Patna Pirates,197,Pardeep Narwal,,14
5,380,2017-09-26,Patna Pirates,579,Jaideep,,6
5,380,2017-09-26,Patna Pirates,388,Monu Goyat,,4
5,380,2017-09-26,Patna Pirates,390,Jawahar Dagar,,3
5,380,2017-09-26,Patna Pirates,745,Vijay,,2
5,380,2017-09-26,Patna Pirates,764,Vinod Kumar,,1
5,380,2017-09-26,Patna Pirates,728,Manish,,0
5,380,2017-09-26,Patna Pirates,123,Vishal Mane,,0
5,380,2017-09-26,Patna Pirates,165,Sachin Shingade,,0
5,381,2017-09-27,Telugu Titans,81,Rahul Chaudhari,,17
5,381,2017-09-27,Telugu Titans,293,Nilesh Salunke,,7
5,381,2017-09-27,Telugu Titans,358,Vishal Bhardwaj,,5
5,381,2017-09-27,Telugu Titans,361,Sombir,,4
5,381,2017-09-27,Telugu Titans,567,Mohsen Maghsoudloujafari,,4
5,381,2017-09-27,Telugu Titans,667,Elangeshwaran R,All Rounder,1
5,381,2017-09-27,Telugu Titans,601,Ankit Malik,Raider,0
5,381,2017-09-27,Telugu Titans,482,Farhad Rahimi Milaghardan,,0
5,381,2017-09-27,Telugu Titans,96,Rohit Rana,,0
5,381,2017-09-27,Jaipur Pink Panthers,156,Pawan Kumar Kadian,,17
5,381,2017-09-27,Jaipur Pink Panthers,791,Nitin Rawal,,4
5,381,2017-09-27,Jaipur Pink Panthers,242,Tushar Patil,,2
5,381,2017-09-27,Jaipur Pink Panthers,264,Selvamani K,,2
5,381,2017-09-27,Jaipur Pink Panthers,109,Somvir Shekhar,Defender,1
5,381,2017-09-27,Jaipur Pink Panthers,69,Manjeet Chhillar,,1
5,381,2017-09-27,Jaipur Pink Panthers,611,Sidharth,All Rounder,1
5,381,2017-09-27,Jaipur Pink Panthers,233,Manoj Dhull,,0
5,381,2017-09-27,Jaipur Pink Panthers,52,Jasvir Singh,,0
5,382,2017-09-27,Dabang Delhi,261,Rohit Baliyan,,7
5,382,2017-09-27,Dabang Delhi,773,Satpal,,5
5,382,2017-09-27,Dabang Delhi,300,Abolfazl Maghsodloumahali,,2
5,382,2017-09-27,Dabang Delhi,251,Meraj Sheykh,,1
5,382,2017-09-27,Dabang Delhi,735,Vishal,,1
5,382,2017-09-27,Dabang Delhi,669,Vipin Malik,Raider,0
5,382,2017-09-27,Dabang Delhi,576,Anand Patil,,0
5,382,2017-09-27,Dabang Delhi,792,Tushar Balaram Bhoir,,0
5,382,2017-09-27,Dabang Delhi,164,Bajirao Hodage,,0
5,382,2017-09-27,Dabang Delhi,207,Sunil,,0
5,382,2017-09-27,U.P. Yoddhas,320,Nitin Tomar,,15
5,382,2017-09-27,U.P. Yoddhas,347,Sagar B. Krishna,,5
5,382,2017-09-27,U.P. Yoddhas,234,Surender Singh,,5
5,382,2017-09-27,U.P. Yoddhas,94,Rishank Devadiga,,5
5,382,2017-09-27,U.P. Yoddhas,725,Nitesh Kumar,,4
5,382,2017-09-27,U.P. Yoddhas,647,Gulveer Singh,,2
5,382,2017-09-27,U.P. Yoddhas,640,Sanoj Kumar,Defender,1
5,382,2017-09-27,U.P. Yoddhas,705,Ajvender Singh,Raider,1
5,382,2017-09-27,U.P. Yoddhas,712,Rohit Kumar,Defender,0
5,382,2017-09-27,U.P. Yoddhas,665,Pankaj,,0
5,382,2017-09-27,U.P. Yoddhas,54,Jeeva Kumar,,0
5,383,2017-09-28,Bengaluru Bulls,326,Rohit Kumar,,12
5,383,2017-09-28,Bengaluru Bulls,372,Harish Naik,,3
5,383,2017-09-28,Bengaluru Bulls,46,Gurvinder Singh,,3
5,383,2017-09-28,Bengaluru Bulls,141,Sunil Jaipal,Raider,3
5,383,2017-09-28,Bengaluru Bulls,157,Ravinder Pahal,,2
5,383,2017-09-28,Bengaluru Bulls,769,Mahender Singh,,2
5,383,2017-09-28,Bengaluru Bulls,730,Rohit,Raider,1
5,383,2017-09-28,Bengaluru Bulls,389,Ajay Kumar,,0
5,383,2017-09-28,Bengaluru Bulls,363,Sumit Singh,,0
5,383,2017-09-28,Bengaluru Bulls,202,Ashish Kumar,,0
5,383,2017-09-28,Bengaluru Bulls,61,Kuldeep Singh,Defender,0
5,383,2017-09-28,U Mumba,58,Kashiling Adake,,17
5,383,2017-09-28,U Mumba,733,Surinder Singh,,6
5,383,2017-09-28,U Mumba,29,Anup Kumar,,5
5,383,2017-09-28,U Mumba,252,Kuldeep Singh,,3
5,383,2017-09-28,U Mumba,194,Joginder Singh Narwal,,2
5,383,2017-09-28,U Mumba,249,Hadi Oshtorak,,2
5,383,2017-09-28,U Mumba,105,Shabeer Bappu,,1
5,383,2017-09-28,U Mumba,106,Shrikant Jadhav,,0
5,384,2017-09-28,Dabang Delhi,300,Abolfazl Maghsodloumahali,,7
5,384,2017-09-28,Dabang Delhi,773,Satpal,,4
5,384,2017-09-28,Dabang Delhi,170,Swapnil Dilip Shinde,Defender,4
5,384,2017-09-28,Dabang Delhi,261,Rohit Baliyan,,4
5,384,2017-09-28,Dabang Delhi,735,Vishal,,2
5,384,2017-09-28,Dabang Delhi,92,Ravi Dalal,Raider,1
5,384,2017-09-28,Dabang Delhi,207,Sunil,,0
5,384,2017-09-28,Dabang Delhi,251,Meraj Sheykh,,0
5,384,2017-09-28,Dabang Delhi,576,Anand Patil,,0
5,384,2017-09-28,Telugu Titans,81,Rahul Chaudhari,,16
5,384,2017-09-28,Telugu Titans,567,Mohsen Maghsoudloujafari,,7
5,384,2017-09-28,Telugu Titans,293,Nilesh Salunke,,5
5,384,2017-09-28,Telugu Titans,358,Vishal Bhardwaj,,4
5,384,2017-09-28,Telugu Titans,482,Farhad Rahimi Milaghardan,,3
5,384,2017-09-28,Telugu Titans,96,Rohit Rana,,2
5,384,2017-09-28,Telugu Titans,361,Sombir,,1
5,385,2017-09-29,Tamil Thalaivas,522,Dong Geon Lee,,4
5,385,2017-09-29,Tamil Thalaivas,26,Ajay Thakur,,4
5,385,2017-09-29,Tamil Thalaivas,191,C. Arun,,3
5,385,2017-09-29,Tamil Thalaivas,212,Amit Hooda,,2
5,385,2017-09-29,Tamil Thalaivas,219,K. Prapanjan,,2
5,385,2017-09-29,Tamil Thalaivas,185,Vijin Thangadurai,,2
5,385,2017-09-29,Tamil Thalaivas,722,D. Pradap,,2
5,385,2017-09-29,Tamil Thalaivas,724,Darshan J.,,0
5,385,2017-09-29,Tamil Thalaivas,268,Vineet Sharma,,0
5,385,2017-09-29,Tamil Thalaivas,360,Sanket Chavan,Defender,0
5,385,2017-09-29,Puneri Paltan,41,Deepak Niwas Hooda,,6
5,385,2017-09-29,Puneri Paltan,85,Rajesh Mondal,,5
5,385,2017-09-29,Puneri Paltan,795,Monu,,4
5,385,2017-09-29,Puneri Paltan,142,Sandeep Narwal,,3
5,385,2017-09-29,Puneri Paltan,240,Ravi Kumar,,3
5,385,2017-09-29,Puneri Paltan,796,Rinku Narwal,,2
5,385,2017-09-29,Puneri Paltan,161,Girish Maruti Ernak,,1
5,385,2017-09-29,Puneri Paltan,536,Ziaur Rahman,,0
5,386,2017-09-29,Gujarat Giants,36,Chandran Ranjit,,7
5,386,2017-09-29,Gujarat Giants,489,Abozar Mohajermighani,,5
5,386,2017-09-29,Gujarat Giants,357,Parvesh Bhainswal,,5
5,386,2017-09-29,Gujarat Giants,686,Rohit Gulia,,5
5,386,2017-09-29,Gujarat Giants,259,Fazel Atrachali,,2
5,386,2017-09-29,Gujarat Giants,368,Sunil Kumar,Defender,1
5,386,2017-09-29,Gujarat Giants,163,Mahendra Ganesh Rajput,,1
5,386,2017-09-29,Gujarat Giants,757,Sachin,,1
5,386,2017-09-29,Gujarat Giants,318,Pawan Kumar Sehrawat,,0
5,386,2017-09-29,Patna Pirates,579,Jaideep,,6
5,386,2017-09-29,Patna Pirates,745,Vijay,,5
5,386,2017-09-29,Patna Pirates,197,Pardeep Narwal,,5
5,386,2017-09-29,Patna Pirates,388,Monu Goyat,,4
5,386,2017-09-29,Patna Pirates,390,Jawahar Dagar,,3
5,386,2017-09-29,Patna Pirates,165,Sachin Shingade,,1
5,386,2017-09-29,Patna Pirates,123,Vishal Mane,,1
5,386,2017-09-29,Patna Pirates,764,Vinod Kumar,,1
5,386,2017-09-29,Patna Pirates,728,Manish,,0
5,386,2017-09-29,Patna Pirates,121,Vikas Jaglan,,0
5,387,2017-09-30,Puneri Paltan,41,Deepak Niwas Hooda,,17
5,387,2017-09-30,Puneri Paltan,795,Monu,,4
5,387,2017-09-30,Puneri Paltan,142,Sandeep Narwal,,3
5,387,2017-09-30,Puneri Paltan,161,Girish Maruti Ernak,,2
5,387,2017-09-30,Puneri Paltan,771,Suresh Kumar,Raider,2
5,387,2017-09-30,Puneri Paltan,217,Rohit Kumar Choudary,,1
5,387,2017-09-30,Puneri Paltan,536,Ziaur Rahman,,1
5,387,2017-09-30,Puneri Paltan,240,Ravi Kumar,,0
5,387,2017-09-30,Puneri Paltan,272,Umesh Mhatre,Raider,0
5,387,2017-09-30,Puneri Paltan,85,Rajesh Mondal,,0
5,387,2017-09-30,U.P. Yoddhas,94,Rishank Devadiga,,9
5,387,2017-09-30,U.P. Yoddhas,320,Nitin Tomar,,8
5,387,2017-09-30,U.P. Yoddhas,347,Sagar B. Krishna,,6
5,387,2017-09-30,U.P. Yoddhas,234,Surender Singh,,3
5,387,2017-09-30,U.P. Yoddhas,725,Nitesh Kumar,,3
5,387,2017-09-30,U.P. Yoddhas,751,Gurvinder Singh,All Rounder,1
5,387,2017-09-30,U.P. Yoddhas,744,Sunil,All Rounder,0
5,387,2017-09-30,U.P. Yoddhas,647,Gulveer Singh,,0
5,387,2017-09-30,U.P. Yoddhas,712,Rohit Kumar,Defender,0
5,387,2017-09-30,U.P. Yoddhas,54,Jeeva Kumar,,0
5,388,2017-09-30,Tamil Thalaivas,26,Ajay Thakur,,13
5,388,2017-09-30,Tamil Thalaivas,768,Vijay Kumar,,3
5,388,2017-09-30,Tamil Thalaivas,722,D. Pradap,,2
5,388,2017-09-30,Tamil Thalaivas,212,Amit Hooda,,2
5,388,2017-09-30,Tamil Thalaivas,219,K. Prapanjan,,1
5,388,2017-09-30,Tamil Thalaivas,185,Vijin Thangadurai,,1
5,388,2017-09-30,Tamil Thalaivas,360,Sanket Chavan,Defender,1
5,388,2017-09-30,Tamil Thalaivas,522,Dong Geon Lee,,0
5,388,2017-09-30,Tamil Thalaivas,724,Darshan J.,,0
5,388,2017-09-30,Tamil Thalaivas,191,C. Arun,,0
5,388,2017-09-30,Tamil Thalaivas,268,Vineet Sharma,,0
5,388,2017-09-30,Jaipur Pink Panthers,242,Tushar Patil,,7
5,388,2017-09-30,Jaipur Pink Panthers,69,Manjeet Chhillar,,5
5,388,2017-09-30,Jaipur Pink Panthers,156,Pawan Kumar Kadian,,5
5,388,2017-09-30,Jaipur Pink Panthers,613,Sunil Siddhgavali,,2
5,388,2017-09-30,Jaipur Pink Panthers,648,Ajit Singh,,1
5,388,2017-09-30,Jaipur Pink Panthers,611,Sidharth,All Rounder,1
5,388,2017-09-30,Jaipur Pink Panthers,791,Nitin Rawal,,1
5,388,2017-09-30,Jaipur Pink Panthers,109,Somvir Shekhar,Defender,1
5,388,2017-09-30,Jaipur Pink Panthers,264,Selvamani K,,0
5,389,2017-10-01,Jaipur Pink Panthers,156,Pawan Kumar Kadian,,13
5,389,2017-10-01,Jaipur Pink Panthers,242,Tushar Patil,,6
5,389,2017-10-01,Jaipur Pink Panthers,611,Sidharth,All Rounder,3
5,389,2017-10-01,Jaipur Pink Panthers,791,Nitin Rawal,,3
5,389,2017-10-01,Jaipur Pink Panthers,69,Manjeet Chhillar,,2
5,389,2017-10-01,Jaipur Pink Panthers,109,Somvir Shekhar,Defender,1
5,389,2017-10-01,Jaipur Pink Panthers,648,Ajit Singh,,1
5,389,2017-10-01,Jaipur Pink Panthers,613,Sunil Siddhgavali,,0
5,389,2017-10-01,Jaipur Pink Panthers,638,Kamal Kishor Jat,,0
5,389,2017-10-01,Jaipur Pink Panthers,233,Manoj Dhull,,0
5,389,2017-10-01,Bengal Warriors,143,Maninder Singh,,16
5,389,2017-10-01,Bengal Warriors,160,Ran Singh,,4
5,389,2017-10-01,Bengal Warriors,211,Deepak Narwal,,4
5,389,2017-10-01,Bengal Warriors,107,Shrikant Tewthia,,3
5,389,2017-10-01,Bengal Warriors,12,Jang Kun Lee,,1
5,389,2017-10-01,Bengal Warriors,34,Bhupender Singh,,1
5,389,2017-10-01,Bengal Warriors,322,Surjeet Singh,,0
5,389,2017-10-01,Bengal Warriors,387,Vinod Kumar,,0
5,389,2017-10-01,Bengal Warriors,519,Young Chang Ko,,0
5,390,2017-10-01,Tamil Thalaivas,26,Ajay Thakur,,10
5,390,2017-10-01,Tamil Thalaivas,219,K. Prapanjan,,8
5,390,2017-10-01,Tamil Thalaivas,212,Amit Hooda,,4
5,390,2017-10-01,Tamil Thalaivas,191,C. Arun,,2
5,390,2017-10-01,Tamil Thalaivas,522,Dong Geon Lee,,1
5,390,2017-10-01,Tamil Thalaivas,722,D. Pradap,,1
5,390,2017-10-01,Tamil Thalaivas,724,Darshan J.,,0
5,390,2017-10-01,Tamil Thalaivas,360,Sanket Chavan,Defender,0
5,390,2017-10-01,Tamil Thalaivas,768,Vijay Kumar,,0
5,390,2017-10-01,Tamil Thalaivas,185,Vijin Thangadurai,,0
5,390,2017-10-01,U Mumba,29,Anup Kumar,,8
5,390,2017-10-01,U Mumba,106,Shrikant Jadhav,,5
5,390,2017-10-01,U Mumba,252,Kuldeep Singh,,5
5,390,2017-10-01,U Mumba,58,Kashiling Adake,,4
5,390,2017-10-01,U Mumba,733,Surinder Singh,,3
5,390,2017-10-01,U Mumba,105,Shabeer Bappu,,2
5,390,2017-10-01,U Mumba,194,Joginder Singh Narwal,,1
5,390,2017-10-01,U Mumba,249,Hadi Oshtorak,,1
5,391,2017-10-03,Dabang Delhi,300,Abolfazl Maghsodloumahali,,7
5,391,2017-10-03,Dabang Delhi,718,R. Sriram,,6
5,391,2017-10-03,Dabang Delhi,661,Tapas Pal,,2
5,391,2017-10-03,Dabang Delhi,261,Rohit Baliyan,,2
5,391,2017-10-03,Dabang Delhi,735,Vishal,,1
5,391,2017-10-03,Dabang Delhi,773,Satpal,,1
5,391,2017-10-03,Dabang Delhi,792,Tushar Balaram Bhoir,,1
5,391,2017-10-03,Dabang Delhi,784,Viraj Vishnu Landge,,0
5,391,2017-10-03,Dabang Delhi,576,Anand Patil,,0
5,391,2017-10-03,Dabang Delhi,170,Swapnil Dilip Shinde,Defender,0
5,391,2017-10-03,Dabang Delhi,207,Sunil,,0
5,391,2017-10-03,Dabang Delhi,251,Meraj Sheykh,,0
5,391,2017-10-03,Gujarat Giants,757,Sachin,,11
5,391,2017-10-03,Gujarat Giants,36,Chandran Ranjit,,9
5,391,2017-10-03,Gujarat Giants,368,Sunil Kumar,Defender,6
5,391,2017-10-03,Gujarat Giants,204,Rakesh Narwal,,6
5,391,2017-10-03,Gujarat Giants,489,Abozar Mohajermighani,,1
5,391,2017-10-03,Gujarat Giants,620,C Kalai Arasan,,0
5,391,2017-10-03,Gujarat Giants,318,Pawan Kumar Sehrawat,,0
5,391,2017-10-03,Gujarat Giants,357,Parvesh Bhainswal,,0
5,391,2017-10-03,Gujarat Giants,686,Rohit Gulia,,0
5,391,2017-10-03,Gujarat Giants,163,Mahendra Ganesh Rajput,,0
5,391,2017-10-03,Gujarat Giants,259,Fazel Atrachali,,0
5,391,2017-10-03,Gujarat Giants,179,Vikas Kale,,0
5,392,2017-10-03,Tamil Thalaivas,26,Ajay Thakur,,20
5,392,2017-10-03,Tamil Thalaivas,522,Dong Geon Lee,,5
5,392,2017-10-03,Tamil Thalaivas,219,K. Prapanjan,,3
5,392,2017-10-03,Tamil Thalaivas,268,Vineet Sharma,,1
5,392,2017-10-03,Tamil Thalaivas,191,C. Arun,,1
5,392,2017-10-03,Tamil Thalaivas,768,Vijay Kumar,,1
5,392,2017-10-03,Tamil Thalaivas,776,Muruthu M,Defender,0
5,392,2017-10-03,Tamil Thalaivas,212,Amit Hooda,,0
5,392,2017-10-03,Tamil Thalaivas,185,Vijin Thangadurai,,0
5,392,2017-10-03,Tamil Thalaivas,360,Sanket Chavan,Defender,0
5,392,2017-10-03,Tamil Thalaivas,645,Sujit Maharana,All Rounder,0
5,392,2017-10-03,Tamil Thalaivas,724,Darshan J.,,0
5,392,2017-10-03,Telugu Titans,81,Rahul Chaudhari,,16
5,392,2017-10-03,Telugu Titans,567,Mohsen Maghsoudloujafari,,12
5,392,2017-10-03,Telugu Titans,293,Nilesh Salunke,,11
5,392,2017-10-03,Telugu Titans,358,Vishal Bhardwaj,,3
5,392,2017-10-03,Telugu Titans,96,Rohit Rana,,3
5,392,2017-10-03,Telugu Titans,482,Farhad Rahimi Milaghardan,,2
5,392,2017-10-03,Telugu Titans,837,Rakshith,,0
5,392,2017-10-03,Telugu Titans,361,Sombir,,0
5,393,2017-10-04,U Mumba,29,Anup Kumar,,10
5,393,2017-10-04,U Mumba,106,Shrikant Jadhav,,5
5,393,2017-10-04,U Mumba,105,Shabeer Bappu,,3
5,393,2017-10-04,U Mumba,58,Kashiling Adake,,3
5,393,2017-10-04,U Mumba,249,Hadi Oshtorak,,2
5,393,2017-10-04,U Mumba,252,Kuldeep Singh,,2
5,393,2017-10-04,U Mumba,733,Surinder Singh,,1
5,393,2017-10-04,U Mumba,324,Darshan Kadian,,0
5,393,2017-10-04,U Mumba,194,Joginder Singh Narwal,,0
5,393,2017-10-04,Haryana Steelers,174,Deepak Kumar Dahiya,,8
5,393,2017-10-04,Haryana Steelers,366,Vikash Khandola,,8
5,393,2017-10-04,Haryana Steelers,124,Wazir Singh,,7
5,393,2017-10-04,Haryana Steelers,146,Surender Nada,Defender - Left Corner,5
5,393,2017-10-04,Haryana Steelers,71,Mohit Chhillar,,4
5,393,2017-10-04,Haryana Steelers,734,Vikas,Defender,2
5,393,2017-10-04,Haryana Steelers,155,Prashanth Kumar Rai,,1
5,393,2017-10-04,Haryana Steelers,158,Rakesh Singh Kumar,Defender,0
5,393,2017-10-04,Haryana Steelers,637,Neeraj Kumar,,0
5,394,2017-10-04,Tamil Thalaivas,26,Ajay Thakur,,15
5,394,2017-10-04,Tamil Thalaivas,219,K. Prapanjan,,11
5,394,2017-10-04,Tamil Thalaivas,776,Muruthu M,Defender,3
5,394,2017-10-04,Tamil Thalaivas,724,Darshan J.,,2
5,394,2017-10-04,Tamil Thalaivas,268,Vineet Sharma,,1
5,394,2017-10-04,Tamil Thalaivas,212,Amit Hooda,,0
5,394,2017-10-04,Tamil Thalaivas,386,Anil Kumar,,0
5,394,2017-10-04,Tamil Thalaivas,514,Chan Sik Park,,0
5,394,2017-10-04,Tamil Thalaivas,614,T. Prabhakaran,Defender,0
5,394,2017-10-04,U.P. Yoddhas,320,Nitin Tomar,,12
5,394,2017-10-04,U.P. Yoddhas,94,Rishank Devadiga,,9
5,394,2017-10-04,U.P. Yoddhas,101,Santhosh B.S,Defender,3
5,394,2017-10-04,U.P. Yoddhas,66,Mahesh Goud,,3
5,394,2017-10-04,U.P. Yoddhas,54,Jeeva Kumar,,2
5,394,2017-10-04,U.P. Yoddhas,301,Hadi Tajik,,1
5,394,2017-10-04,U.P. Yoddhas,347,Sagar B. Krishna,,1
5,394,2017-10-04,U.P. Yoddhas,725,Nitesh Kumar,,0
5,394,2017-10-04,U.P. Yoddhas,751,Gurvinder Singh,All Rounder,0
5,394,2017-10-04,U.P. Yoddhas,712,Rohit Kumar,Defender,0
5,395,2017-10-05,Tamil Thalaivas,26,Ajay Thakur,,15
5,395,2017-10-05,Tamil Thalaivas,219,K. Prapanjan,,8
5,395,2017-10-05,Tamil Thalaivas,724,Darshan J.,,6
5,395,2017-10-05,Tamil Thalaivas,268,Vineet Sharma,,2
5,395,2017-10-05,Tamil Thalaivas,386,Anil Kumar,,0
5,395,2017-10-05,Tamil Thalaivas,645,Sujit Maharana,All Rounder,0
5,395,2017-10-05,Tamil Thalaivas,660,Bhavani Rajput,Raider,0
5,395,2017-10-05,Tamil Thalaivas,212,Amit Hooda,,0
5,395,2017-10-05,Tamil Thalaivas,185,Vijin Thangadurai,,0
5,395,2017-10-05,Bengaluru Bulls,326,Rohit Kumar,,17
5,395,2017-10-05,Bengaluru Bulls,389,Ajay Kumar,,6
5,395,2017-10-05,Bengaluru Bulls,218,Sachin Kumar,,5
5,395,2017-10-05,Bengaluru Bulls,157,Ravinder Pahal,,3
5,395,2017-10-05,Bengaluru Bulls,769,Mahender Singh,,2
5,395,2017-10-05,Bengaluru Bulls,372,Harish Naik,,1
5,395,2017-10-05,Bengaluru Bulls,141,Sunil Jaipal,Raider,1
5,395,2017-10-05,Bengaluru Bulls,61,Kuldeep Singh,Defender,0
5,395,2017-10-05,Bengaluru Bulls,167,Preetam Chhillar,All Rounder,0
5,395,2017-10-05,Bengaluru Bulls,202,Ashish Kumar,,0
5,396,2017-10-06,Jaipur Pink Panthers,52,Jasvir Singh,,5
5,396,2017-10-06,Jaipur Pink Panthers,156,Pawan Kumar Kadian,,4
5,396,2017-10-06,Jaipur Pink Panthers,242,Tushar Patil,,3
5,396,2017-10-06,Jaipur Pink Panthers,791,Nitin Rawal,,3
5,396,2017-10-06,Jaipur Pink Panthers,611,Sidharth,All Rounder,2
5,396,2017-10-06,Jaipur Pink Panthers,69,Manjeet Chhillar,,2
5,396,2017-10-06,Jaipur Pink Panthers,109,Somvir Shekhar,Defender,0
5,396,2017-10-06,Jaipur Pink Panthers,648,Ajit Singh,,0
5,396,2017-10-06,Gujarat Giants,36,Chandran Ranjit,,7
5,396,2017-10-06,Gujarat Giants,757,Sachin,,6
5,396,2017-10-06,Gujarat Giants,357,Parvesh Bhainswal,,4
5,396,2017-10-06,Gujarat Giants,259,Fazel Atrachali,,3
5,396,2017-10-06,Gujarat Giants,686,Rohit Gulia,,2
5,396,2017-10-06,Gujarat Giants,489,Abozar Mohajermighani,,2
5,396,2017-10-06,Gujarat Giants,368,Sunil Kumar,Defender,1
5,396,2017-10-06,Gujarat Giants,163,Mahendra Ganesh Rajput,,1
5,397,2017-10-06,Puneri Paltan,41,Deepak Niwas Hooda,,7
5,397,2017-10-06,Puneri Paltan,142,Sandeep Narwal,,4
5,397,2017-10-06,Puneri Paltan,161,Girish Maruti Ernak,,3
5,397,2017-10-06,Puneri Paltan,795,Monu,,3
5,397,2017-10-06,Puneri Paltan,365,Akshay Jadhav,,1
5,397,2017-10-06,Puneri Paltan,217,Rohit Kumar Choudary,,0
5,397,2017-10-06,Puneri Paltan,240,Ravi Kumar,,0
5,397,2017-10-06,Puneri Paltan,796,Rinku Narwal,,0
5,397,2017-10-06,Puneri Paltan,536,Ziaur Rahman,,0
5,397,2017-10-06,Puneri Paltan,85,Rajesh Mondal,,0
5,397,2017-10-06,Bengal Warriors,107,Shrikant Tewthia,,6
5,397,2017-10-06,Bengal Warriors,322,Surjeet Singh,,5
5,397,2017-10-06,Bengal Warriors,143,Maninder Singh,,5
5,397,2017-10-06,Bengal Warriors,387,Vinod Kumar,,3
5,397,2017-10-06,Bengal Warriors,741,Vikash,All Rounder,2
5,397,2017-10-06,Bengal Warriors,34,Bhupender Singh,,1
5,397,2017-10-06,Bengal Warriors,519,Young Chang Ko,,0
5,398,2017-10-07,Haryana Steelers,124,Wazir Singh,,14
5,398,2017-10-07,Haryana Steelers,174,Deepak Kumar Dahiya,,5
5,398,2017-10-07,Haryana Steelers,119,Surjeet Singh,,4
5,398,2017-10-07,Haryana Steelers,155,Prashanth Kumar Rai,,2
5,398,2017-10-07,Haryana Steelers,146,Surender Nada,Defender - Left Corner,1
5,398,2017-10-07,Haryana Steelers,158,Rakesh Singh Kumar,Defender,0
5,398,2017-10-07,Haryana Steelers,637,Neeraj Kumar,,0
5,398,2017-10-07,Haryana Steelers,732,Kuldeep Singh,,0
5,398,2017-10-07,Haryana Steelers,734,Vikas,Defender,0
5,398,2017-10-07,Haryana Steelers,71,Mohit Chhillar,,0
5,398,2017-10-07,Telugu Titans,81,Rahul Chaudhari,,11
5,398,2017-10-07,Telugu Titans,293,Nilesh Salunke,,10
5,398,2017-10-07,Telugu Titans,358,Vishal Bhardwaj,,2
5,398,2017-10-07,Telugu Titans,96,Rohit Rana,,2
5,398,2017-10-07,Telugu Titans,361,Sombir,,1
5,398,2017-10-07,Telugu Titans,567,Mohsen Maghsoudloujafari,,1
5,398,2017-10-07,Telugu Titans,482,Farhad Rahimi Milaghardan,,0
5,399,2017-10-07,Jaipur Pink Panthers,52,Jasvir Singh,,9
5,399,2017-10-07,Jaipur Pink Panthers,69,Manjeet Chhillar,,6
5,399,2017-10-07,Jaipur Pink Panthers,156,Pawan Kumar Kadian,,6
5,399,2017-10-07,Jaipur Pink Panthers,109,Somvir Shekhar,Defender,4
5,399,2017-10-07,Jaipur Pink Panthers,242,Tushar Patil,,2
5,399,2017-10-07,Jaipur Pink Panthers,611,Sidharth,All Rounder,1
5,399,2017-10-07,Jaipur Pink Panthers,613,Sunil Siddhgavali,,1
5,399,2017-10-07,Jaipur Pink Panthers,791,Nitin Rawal,,1
5,399,2017-10-07,U Mumba,58,Kashiling Adake,,7
5,399,2017-10-07,U Mumba,29,Anup Kumar,,6
5,399,2017-10-07,U Mumba,249,Hadi Oshtorak,,4
5,399,2017-10-07,U Mumba,106,Shrikant Jadhav,,3
5,399,2017-10-07,U Mumba,694,Deepak Yadav,,2
5,399,2017-10-07,U Mumba,733,Surinder Singh,,2
5,399,2017-10-07,U Mumba,252,Kuldeep Singh,,1
5,399,2017-10-07,U Mumba,324,Darshan Kadian,,0
5,399,2017-10-07,U Mumba,105,Shabeer Bappu,,0
5,400,2017-10-08,Gujarat Giants,163,Mahendra Ganesh Rajput,,6
5,400,2017-10-08,Gujarat Giants,259,Fazel Atrachali,,5
5,400,2017-10-08,Gujarat Giants,757,Sachin,,5
5,400,2017-10-08,Gujarat Giants,368,Sunil Kumar,Defender,4
5,400,2017-10-08,Gujarat Giants,489,Abozar Mohajermighani,,4
5,400,2017-10-08,Gujarat Giants,36,Chandran Ranjit,,2
5,400,2017-10-08,Gujarat Giants,686,Rohit Gulia,,1
5,400,2017-10-08,Gujarat Giants,357,Parvesh Bhainswal,,1
5,400,2017-10-08,Patna Pirates,388,Monu Goyat,,6
5,400,2017-10-08,Patna Pirates,745,Vijay,,6
5,400,2017-10-08,Patna Pirates,197,Pardeep Narwal,,4
5,400,2017-10-08,Patna Pirates,728,Manish,,3
5,400,2017-10-08,Patna Pirates,390,Jawahar Dagar,,2
5,400,2017-10-08,Patna Pirates,121,Vikas Jaglan,,2
5,400,2017-10-08,Patna Pirates,123,Vishal Mane,,1
5,400,2017-10-08,Patna Pirates,165,Sachin Shingade,,1
5,400,2017-10-08,Patna Pirates,764,Vinod Kumar,,1
5,400,2017-10-08,Patna Pirates,579,Jaideep,,0
5,401,2017-10-08,Jaipur Pink Panthers,791,Nitin Rawal,,7
5,401,2017-10-08,Jaipur Pink Panthers,738,Rahul Choudhary,Raider,3
5,401,2017-10-08,Jaipur Pink Panthers,156,Pawan Kumar Kadian,,3
5,401,2017-10-08,Jaipur Pink Panthers,109,Somvir Shekhar,Defender,3
5,401,2017-10-08,Jaipur Pink Panthers,52,Jasvir Singh,,2
5,401,2017-10-08,Jaipur Pink Panthers,69,Manjeet Chhillar,,2
5,401,2017-10-08,Jaipur Pink Panthers,242,Tushar Patil,,2
5,401,2017-10-08,Jaipur Pink Panthers,613,Sunil Siddhgavali,,2
5,401,2017-10-08,Jaipur Pink Panthers,611,Sidharth,All Rounder,0
5,401,2017-10-08,Puneri Paltan,85,Rajesh Mondal,,10
5,401,2017-10-08,Puneri Paltan,41,Deepak Niwas Hooda,,8
5,401,2017-10-08,Puneri Paltan,161,Girish Maruti Ernak,,5
5,401,2017-10-08,Puneri Paltan,240,Ravi Kumar,,4
5,401,2017-10-08,Puneri Paltan,142,Sandeep Narwal,,3
5,401,2017-10-08,Puneri Paltan,796,Rinku Narwal,,2
5,401,2017-10-08,Puneri Paltan,795,Monu,,0
5,401,2017-10-08,Puneri Paltan,365,Akshay Jadhav,,0
5,401,2017-10-08,Puneri Paltan,536,Ziaur Rahman,,0
5,402,2017-10-10,U Mumba,324,Darshan Kadian,,8
5,402,2017-10-10,U Mumba,106,Shrikant Jadhav,,7
5,402,2017-10-10,U Mumba,733,Surinder Singh,,6
5,402,2017-10-10,U Mumba,689,Mohan Raman G,Raider,5
5,402,2017-10-10,U Mumba,694,Deepak Yadav,,2
5,402,2017-10-10,U Mumba,105,Shabeer Bappu,,2
5,402,2017-10-10,U Mumba,194,Joginder Singh Narwal,,1
5,402,2017-10-10,U Mumba,249,Hadi Oshtorak,,0
5,402,2017-10-10,U Mumba,75,Nitin Madane,Raider,0
5,402,2017-10-10,Tamil Thalaivas,26,Ajay Thakur,,16
5,402,2017-10-10,Tamil Thalaivas,219,K. Prapanjan,,6
5,402,2017-10-10,Tamil Thalaivas,212,Amit Hooda,,3
5,402,2017-10-10,Tamil Thalaivas,724,Darshan J.,,3
5,402,2017-10-10,Tamil Thalaivas,268,Vineet Sharma,,2
5,402,2017-10-10,Tamil Thalaivas,660,Bhavani Rajput,Raider,1
5,402,2017-10-10,Tamil Thalaivas,185,Vijin Thangadurai,,1
5,402,2017-10-10,Tamil Thalaivas,191,C. Arun,,1
5,402,2017-10-10,Tamil Thalaivas,729,Rajesh Manokaran,Defender,0
5,403,2017-10-10,Jaipur Pink Panthers,791,Nitin Rawal,,14
5,403,2017-10-10,Jaipur Pink Panthers,156,Pawan Kumar Kadian,,5
5,403,2017-10-10,Jaipur Pink Panthers,242,Tushar Patil,,4
5,403,2017-10-10,Jaipur Pink Panthers,233,Manoj Dhull,,2
5,403,2017-10-10,Jaipur Pink Panthers,109,Somvir Shekhar,Defender,2
5,403,2017-10-10,Jaipur Pink Panthers,52,Jasvir Singh,,0
5,403,2017-10-10,Jaipur Pink Panthers,738,Rahul Choudhary,Raider,0
5,403,2017-10-10,Jaipur Pink Panthers,611,Sidharth,All Rounder,0
5,403,2017-10-10,Jaipur Pink Panthers,613,Sunil Siddhgavali,,0
5,403,2017-10-10,Dabang Delhi,251,Meraj Sheykh,,7
5,403,2017-10-10,Dabang Delhi,718,R. Sriram,,7
5,403,2017-10-10,Dabang Delhi,300,Abolfazl Maghsodloumahali,,4
5,403,2017-10-10,Dabang Delhi,736,Yatharth Deshwal,All Rounder,2
5,403,2017-10-10,Dabang Delhi,784,Viraj Vishnu Landge,,2
5,403,2017-10-10,Dabang Delhi,792,Tushar Balaram Bhoir,,2
5,403,2017-10-10,Dabang Delhi,576,Anand Patil,,1
5,403,2017-10-10,Dabang Delhi,73,Nilesh Shinde,Defender,1
5,403,2017-10-10,Dabang Delhi,170,Swapnil Dilip Shinde,Defender,0
5,404,2017-10-11,Dabang Delhi,261,Rohit Baliyan,,11
5,404,2017-10-11,Dabang Delhi,718,R. Sriram,,5
5,404,2017-10-11,Dabang Delhi,170,Swapnil Dilip Shinde,Defender,3
5,404,2017-10-11,Dabang Delhi,736,Yatharth Deshwal,All Rounder,2
5,404,2017-10-11,Dabang Delhi,251,Meraj Sheykh,,2
5,404,2017-10-11,Dabang Delhi,773,Satpal,,1
5,404,2017-10-11,Dabang Delhi,784,Viraj Vishnu Landge,,0
5,404,2017-10-11,Dabang Delhi,792,Tushar Balaram Bhoir,,0
5,404,2017-10-11,Dabang Delhi,576,Anand Patil,,0
5,404,2017-10-11,Dabang Delhi,73,Nilesh Shinde,Defender,0
5,404,2017-10-11,Bengaluru Bulls,326,Rohit Kumar,,12
5,404,2017-10-11,Bengaluru Bulls,389,Ajay Kumar,,10
5,404,2017-10-11,Bengaluru Bulls,157,Ravinder Pahal,,5
5,404,2017-10-11,Bengaluru Bulls,769,Mahender Singh,,2
5,404,2017-10-11,Bengaluru Bulls,141,Sunil Jaipal,Raider,1
5,404,2017-10-11,Bengaluru Bulls,167,Preetam Chhillar,All Rounder,0
5,404,2017-10-11,Bengaluru Bulls,372,Harish Naik,,0
5,404,2017-10-11,Bengaluru Bulls,202,Ashish Kumar,,0
5,404,2017-10-11,Bengaluru Bulls,218,Sachin Kumar,,0
5,405,2017-10-11,Jaipur Pink Panthers,242,Tushar Patil,,7
5,405,2017-10-11,Jaipur Pink Panthers,791,Nitin Rawal,,5
5,405,2017-10-11,Jaipur Pink Panthers,156,Pawan Kumar Kadian,,3
5,405,2017-10-11,Jaipur Pink Panthers,738,Rahul Choudhary,Raider,3
5,405,2017-10-11,Jaipur Pink Panthers,611,Sidharth,All Rounder,2
5,405,2017-10-11,Jaipur Pink Panthers,69,Manjeet Chhillar,,1
5,405,2017-10-11,Jaipur Pink Panthers,109,Somvir Shekhar,Defender,1
5,405,2017-10-11,Jaipur Pink Panthers,613,Sunil Siddhgavali,,0
5,405,2017-10-11,Jaipur Pink Panthers,721,Abhishek N,All Rounder,0
5,405,2017-10-11,Haryana Steelers,146,Surender Nada,Defender - Left Corner,8
5,405,2017-10-11,Haryana Steelers,174,Deepak Kumar Dahiya,,8
5,405,2017-10-11,Haryana Steelers,155,Prashanth Kumar Rai,,7
5,405,2017-10-11,Haryana Steelers,124,Wazir Singh,,6
5,405,2017-10-11,Haryana Steelers,53,Jeeva Gopal,Defender,1
5,405,2017-10-11,Haryana Steelers,158,Rakesh Singh Kumar,Defender,1
5,405,2017-10-11,Haryana Steelers,734,Vikas,Defender,1
5,405,2017-10-11,Haryana Steelers,302,Khomsan Thongkham,,0
5,405,2017-10-11,Haryana Steelers,323,Mahendra Singh Dhaka,Defender,0
5,405,2017-10-11,Haryana Steelers,71,Mohit Chhillar,,0
5,406,2017-10-12,Jaipur Pink Panthers,242,Tushar Patil,,8
5,406,2017-10-12,Jaipur Pink Panthers,791,Nitin Rawal,,8
5,406,2017-10-12,Jaipur Pink Panthers,156,Pawan Kumar Kadian,,6
5,406,2017-10-12,Jaipur Pink Panthers,648,Ajit Singh,,3
5,406,2017-10-12,Jaipur Pink Panthers,611,Sidharth,All Rounder,2
5,406,2017-10-12,Jaipur Pink Panthers,613,Sunil Siddhgavali,,1
5,406,2017-10-12,Jaipur Pink Panthers,233,Manoj Dhull,,1
5,406,2017-10-12,Jaipur Pink Panthers,109,Somvir Shekhar,Defender,1
5,406,2017-10-12,Jaipur Pink Panthers,638,Kamal Kishor Jat,,0
5,406,2017-10-12,Jaipur Pink Panthers,738,Rahul Choudhary,Raider,0
5,406,2017-10-12,Jaipur Pink Panthers,72,Navneet Gautam,Defender,0
5,406,2017-10-12,U.P. Yoddhas,94,Rishank Devadiga,,28
5,406,2017-10-12,U.P. Yoddhas,751,Gurvinder Singh,All Rounder,3
5,406,2017-10-12,U.P. Yoddhas,234,Surender Singh,,3
5,406,2017-10-12,U.P. Yoddhas,725,Nitesh Kumar,,3
5,406,2017-10-12,U.P. Yoddhas,665,Pankaj,,1
5,406,2017-10-12,U.P. Yoddhas,712,Rohit Kumar,Defender,1
5,406,2017-10-12,U.P. Yoddhas,54,Jeeva Kumar,,1
5,406,2017-10-12,U.P. Yoddhas,66,Mahesh Goud,,1
5,406,2017-10-12,U.P. Yoddhas,101,Santhosh B.S,Defender,0
5,406,2017-10-12,U.P. Yoddhas,347,Sagar B. Krishna,,0
5,407,2017-10-13,Puneri Paltan,771,Suresh Kumar,Raider,6
5,407,2017-10-13,Puneri Paltan,795,Monu,,3
5,407,2017-10-13,Puneri Paltan,85,Rajesh Mondal,,3
5,407,2017-10-13,Puneri Paltan,536,Ziaur Rahman,,2
5,407,2017-10-13,Puneri Paltan,365,Akshay Jadhav,,1
5,407,2017-10-13,Puneri Paltan,142,Sandeep Narwal,,0
5,407,2017-10-13,Puneri Paltan,161,Girish Maruti Ernak,,0
5,407,2017-10-13,Puneri Paltan,217,Rohit Kumar Choudary,,0
5,407,2017-10-13,Puneri Paltan,240,Ravi Kumar,,0
5,407,2017-10-13,Puneri Paltan,796,Rinku Narwal,,0
5,407,2017-10-13,Puneri Paltan,41,Deepak Niwas Hooda,,0
5,407,2017-10-13,Puneri Paltan,42,Dharmaraj Cheralathan,,0
5,407,2017-10-13,Gujarat Giants,111,Sukesh Hegde,,15
5,407,2017-10-13,Gujarat Giants,368,Sunil Kumar,Defender,7
5,407,2017-10-13,Gujarat Giants,757,Sachin,,4
5,407,2017-10-13,Gujarat Giants,686,Rohit Gulia,,3
5,407,2017-10-13,Gujarat Giants,489,Abozar Mohajermighani,,2
5,407,2017-10-13,Gujarat Giants,259,Fazel Atrachali,,2
5,407,2017-10-13,Gujarat Giants,357,Parvesh Bhainswal,,2
5,407,2017-10-13,Gujarat Giants,36,Chandran Ranjit,,2
5,408,2017-10-13,Bengal Warriors,143,Maninder Singh,,12
5,408,2017-10-13,Bengal Warriors,322,Surjeet Singh,,6
5,408,2017-10-13,Bengal Warriors,34,Bhupender Singh,,4
5,408,2017-10-13,Bengal Warriors,107,Shrikant Tewthia,,3
5,408,2017-10-13,Bengal Warriors,211,Deepak Narwal,,3
5,408,2017-10-13,Bengal Warriors,387,Vinod Kumar,,2
5,408,2017-10-13,Bengal Warriors,519,Young Chang Ko,,0
5,408,2017-10-13,Bengal Warriors,160,Ran Singh,,0
5,408,2017-10-13,Tamil Thalaivas,26,Ajay Thakur,,14
5,408,2017-10-13,Tamil Thalaivas,219,K. Prapanjan,,10
5,408,2017-10-13,Tamil Thalaivas,212,Amit Hooda,,3
5,408,2017-10-13,Tamil Thalaivas,724,Darshan J.,,2
5,408,2017-10-13,Tamil Thalaivas,268,Vineet Sharma,,1
5,408,2017-10-13,Tamil Thalaivas,729,Rajesh Manokaran,Defender,0
5,408,2017-10-13,Tamil Thalaivas,185,Vijin Thangadurai,,0
5,408,2017-10-13,Tamil Thalaivas,191,C. Arun,,0
5,409,2017-10-14,Tamil Thalaivas,26,Ajay Thakur,,14
5,409,2017-10-14,Tamil Thalaivas,219,K. Prapanjan,,11
5,409,2017-10-14,Tamil Thalaivas,212,Amit Hooda,,4
5,409,2017-10-14,Tamil Thalaivas,724,Darshan J.,,3
5,409,2017-10-14,Tamil Thalaivas,268,Vineet Sharma,,2
5,409,2017-10-14,Tamil Thalaivas,386,Anil Kumar,,2
5,409,2017-10-14,Tamil Thalaivas,185,Vijin Thangadurai,,0
5,409,2017-10-14,Tamil Thalaivas,191,C. Arun,,0
5,409,2017-10-14,Patna Pirates,197,Pardeep Narwal,,20
5,409,2017-10-14,Patna Pirates,388,Monu Goyat,,7
5,409,2017-10-14,Patna Pirates,390,Jawahar Dagar,,4
5,409,2017-10-14,Patna Pirates,579,Jaideep,,1
5,409,2017-10-14,Patna Pirates,728,Manish,,1
5,409,2017-10-14,Patna Pirates,745,Vijay,,1
5,409,2017-10-14,Patna Pirates,764,Vinod Kumar,,1
5,409,2017-10-14,Patna Pirates,121,Vikas Jaglan,,0
5,409,2017-10-14,Patna Pirates,123,Vishal Mane,,0
5,409,2017-10-14,Patna Pirates,165,Sachin Shingade,,0
5,410,2017-10-14,Puneri Paltan,41,Deepak Niwas Hooda,,16
5,410,2017-10-14,Puneri Paltan,161,Girish Maruti Ernak,,8
5,410,2017-10-14,Puneri Paltan,85,Rajesh Mondal,,6
5,410,2017-10-14,Puneri Paltan,795,Monu,,2
5,410,2017-10-14,Puneri Paltan,42,Dharmaraj Cheralathan,,2
5,410,2017-10-14,Puneri Paltan,796,Rinku Narwal,,1
5,410,2017-10-14,Puneri Paltan,771,Suresh Kumar,Raider,1
5,410,2017-10-14,Puneri Paltan,536,Ziaur Rahman,,0
5,410,2017-10-14,Puneri Paltan,142,Sandeep Narwal,,0
5,410,2017-10-14,Puneri Paltan,272,Umesh Mhatre,Raider,0
5,410,2017-10-14,Puneri Paltan,240,Ravi Kumar,,0
5,410,2017-10-14,U Mumba,106,Shrikant Jadhav,,6
5,410,2017-10-14,U Mumba,694,Deepak Yadav,,4
5,410,2017-10-14,U Mumba,29,Anup Kumar,,4
5,410,2017-10-14,U Mumba,75,Nitin Madane,Raider,3
5,410,2017-10-14,U Mumba,194,Joginder Singh Narwal,,2
5,410,2017-10-14,U Mumba,324,Darshan Kadian,,2
5,410,2017-10-14,U Mumba,513,Yong Joo Ok,All Rounder,1
5,410,2017-10-14,U Mumba,11,Dong Ju Hong,All Rounder,1
5,410,2017-10-14,U Mumba,733,Surinder Singh,,0
5,410,2017-10-14,U Mumba,249,Hadi Oshtorak,,0
5,411,2017-10-15,Bengaluru Bulls,326,Rohit Kumar,,13
5,411,2017-10-15,Bengaluru Bulls,769,Mahender Singh,,10
5,411,2017-10-15,Bengaluru Bulls,389,Ajay Kumar,,4
5,411,2017-10-15,Bengaluru Bulls,157,Ravinder Pahal,,2
5,411,2017-10-15,Bengaluru Bulls,61,Kuldeep Singh,Defender,2
5,411,2017-10-15,Bengaluru Bulls,372,Harish Naik,,1
5,411,2017-10-15,Bengaluru Bulls,141,Sunil Jaipal,Raider,0
5,411,2017-10-15,Bengaluru Bulls,167,Preetam Chhillar,All Rounder,0
5,411,2017-10-15,Bengaluru Bulls,202,Ashish Kumar,,0
5,411,2017-10-15,U.P. Yoddhas,234,Surender Singh,,10
5,411,2017-10-15,U.P. Yoddhas,94,Rishank Devadiga,,5
5,411,2017-10-15,U.P. Yoddhas,86,Rajesh Narwal,,4
5,411,2017-10-15,U.P. Yoddhas,725,Nitesh Kumar,,4
5,411,2017-10-15,U.P. Yoddhas,66,Mahesh Goud,,3
5,411,2017-10-15,U.P. Yoddhas,751,Gurvinder Singh,All Rounder,1
5,411,2017-10-15,U.P. Yoddhas,347,Sagar B. Krishna,,0
5,411,2017-10-15,U.P. Yoddhas,101,Santhosh B.S,Defender,0
5,411,2017-10-15,U.P. Yoddhas,54,Jeeva Kumar,,0
5,412,2017-10-15,Puneri Paltan,41,Deepak Niwas Hooda,,10
5,412,2017-10-15,Puneri Paltan,85,Rajesh Mondal,,7
5,412,2017-10-15,Puneri Paltan,771,Suresh Kumar,Raider,4
5,412,2017-10-15,Puneri Paltan,42,Dharmaraj Cheralathan,,3
5,412,2017-10-15,Puneri Paltan,240,Ravi Kumar,,2
5,412,2017-10-15,Puneri Paltan,365,Akshay Jadhav,,1
5,412,2017-10-15,Puneri Paltan,795,Monu,,1
5,412,2017-10-15,Puneri Paltan,796,Rinku Narwal,,1
5,412,2017-10-15,Puneri Paltan,737,Ajay,All Rounder,0
5,412,2017-10-15,Dabang Delhi,300,Abolfazl Maghsodloumahali,,9
5,412,2017-10-15,Dabang Delhi,261,Rohit Baliyan,,7
5,412,2017-10-15,Dabang Delhi,736,Yatharth Deshwal,All Rounder,4
5,412,2017-10-15,Dabang Delhi,718,R. Sriram,,3
5,412,2017-10-15,Dabang Delhi,784,Viraj Vishnu Landge,,2
5,412,2017-10-15,Dabang Delhi,576,Anand Patil,,1
5,412,2017-10-15,Dabang Delhi,73,Nilesh Shinde,Defender,1
5,412,2017-10-15,Dabang Delhi,170,Swapnil Dilip Shinde,Defender,1
5,412,2017-10-15,Dabang Delhi,661,Tapas Pal,,0
5,412,2017-10-15,Dabang Delhi,792,Tushar Balaram Bhoir,,0
5,336,2017-10-17,Bengaluru Bulls,326,Rohit Kumar,,32
5,336,2017-10-17,Bengaluru Bulls,157,Ravinder Pahal,,7
5,336,2017-10-17,Bengaluru Bulls,46,Gurvinder Singh,,5
5,336,2017-10-17,Bengaluru Bulls,167,Preetam Chhillar,All Rounder,4
5,336,2017-10-17,Bengaluru Bulls,769,Mahender Singh,,3
5,336,2017-10-17,Bengaluru Bulls,389,Ajay Kumar,,1
5,336,2017-10-17,Bengaluru Bulls,61,Kuldeep Singh,Defender,1
5,336,2017-10-17,Bengaluru Bulls,202,Ashish Kumar,,0
5,336,2017-10-17,U.P. Yoddhas,234,Surender Singh,,11
5,336,2017-10-17,U.P. Yoddhas,66,Mahesh Goud,,6
5,336,2017-10-17,U.P. Yoddhas,640,Sanoj Kumar,Defender,2
5,336,2017-10-17,U.P. Yoddhas,101,Santhosh B.S,Defender,2
5,336,2017-10-17,U.P. Yoddhas,301,Hadi Tajik,,1
5,336,2017-10-17,U.P. Yoddhas,647,Gulveer Singh,,0
5,336,2017-10-17,U.P. Yoddhas,665,Pankaj,,0
5,336,2017-10-17,U.P. Yoddhas,705,Ajvender Singh,Raider,0
5,336,2017-10-17,U.P. Yoddhas,744,Sunil,All Rounder,0
5,336,2017-10-17,U.P. Yoddhas,258,Sulieman Kabir,Raider,0
5,336,2017-10-17,U.P. Yoddhas,86,Rajesh Narwal,,0
5,413,2017-10-17,Puneri Paltan,41,Deepak Niwas Hooda,,8
5,413,2017-10-17,Puneri Paltan,161,Girish Maruti Ernak,,5
5,413,2017-10-17,Puneri Paltan,365,Akshay Jadhav,,4
5,413,2017-10-17,Puneri Paltan,796,Rinku Narwal,,4
5,413,2017-10-17,Puneri Paltan,795,Monu,,2
5,413,2017-10-17,Puneri Paltan,85,Rajesh Mondal,,2
5,413,2017-10-17,Puneri Paltan,771,Suresh Kumar,Raider,0
5,413,2017-10-17,Puneri Paltan,240,Ravi Kumar,,0
5,413,2017-10-17,Puneri Paltan,42,Dharmaraj Cheralathan,,0
5,413,2017-10-17,Haryana Steelers,155,Prashanth Kumar Rai,,12
5,413,2017-10-17,Haryana Steelers,146,Surender Nada,Defender - Left Corner,4
5,413,2017-10-17,Haryana Steelers,734,Vikas,Defender,3
5,413,2017-10-17,Haryana Steelers,726,Babu M,Defender - Left Cover,2
5,413,2017-10-17,Haryana Steelers,195,Ashish Chhokar,,2
5,413,2017-10-17,Haryana Steelers,578,Mayur Shivtarkar,,1
5,413,2017-10-17,Haryana Steelers,637,Neeraj Kumar,,1
5,413,2017-10-17,Haryana Steelers,266,David Shilisia J Mosambayi,,0
5,413,2017-10-17,Haryana Steelers,150,Parmod Narwal,All Rounder,0
5,413,2017-10-17,Haryana Steelers,119,Surjeet Singh,,0
5,414,2017-10-18,Patna Pirates,388,Monu Goyat,,11
5,414,2017-10-18,Patna Pirates,197,Pardeep Narwal,,7
5,414,2017-10-18,Patna Pirates,390,Jawahar Dagar,,3
5,414,2017-10-18,Patna Pirates,579,Jaideep,,2
5,414,2017-10-18,Patna Pirates,745,Vijay,,2
5,414,2017-10-18,Patna Pirates,165,Sachin Shingade,,2
5,414,2017-10-18,Patna Pirates,728,Manish,,1
5,414,2017-10-18,Patna Pirates,123,Vishal Mane,,1
5,414,2017-10-18,Patna Pirates,764,Vinod Kumar,,0
5,414,2017-10-18,Patna Pirates,121,Vikas Jaglan,,0
5,414,2017-10-18,Bengaluru Bulls,326,Rohit Kumar,,9
5,414,2017-10-18,Bengaluru Bulls,389,Ajay Kumar,,6
5,414,2017-10-18,Bengaluru Bulls,141,Sunil Jaipal,Raider,4
5,414,2017-10-18,Bengaluru Bulls,61,Kuldeep Singh,Defender,3
5,414,2017-10-18,Bengaluru Bulls,769,Mahender Singh,,3
5,414,2017-10-18,Bengaluru Bulls,157,Ravinder Pahal,,2
5,414,2017-10-18,Bengaluru Bulls,167,Preetam Chhillar,All Rounder,0
5,414,2017-10-18,Bengaluru Bulls,46,Gurvinder Singh,,0
5,415,2017-10-18,Puneri Paltan,41,Deepak Niwas Hooda,,14
5,415,2017-10-18,Puneri Paltan,365,Akshay Jadhav,,5
5,415,2017-10-18,Puneri Paltan,536,Ziaur Rahman,,4
5,415,2017-10-18,Puneri Paltan,796,Rinku Narwal,,4
5,415,2017-10-18,Puneri Paltan,85,Rajesh Mondal,,3
5,415,2017-10-18,Puneri Paltan,42,Dharmaraj Cheralathan,,2
5,415,2017-10-18,Puneri Paltan,240,Ravi Kumar,,1
5,415,2017-10-18,Puneri Paltan,771,Suresh Kumar,Raider,0
5,415,2017-10-18,Puneri Paltan,272,Umesh Mhatre,Raider,0
5,415,2017-10-18,Jaipur Pink Panthers,69,Manjeet Chhillar,,3
5,415,2017-10-18,Jaipur Pink Panthers,156,Pawan Kumar Kadian,,3
5,415,2017-10-18,Jaipur Pink Panthers,611,Sidharth,All Rounder,3
5,415,2017-10-18,Jaipur Pink Panthers,242,Tushar Patil,,2
5,415,2017-10-18,Jaipur Pink Panthers,791,Nitin Rawal,,2
5,415,2017-10-18,Jaipur Pink Panthers,384,Ravinder Kumar,,1
5,415,2017-10-18,Jaipur Pink Panthers,52,Jasvir Singh,,1
5,415,2017-10-18,Jaipur Pink Panthers,738,Rahul Choudhary,Raider,0
5,415,2017-10-18,Jaipur Pink Panthers,109,Somvir Shekhar,Defender,0
5,416,2017-10-20,Telugu Titans,293,Nilesh Salunke,,7
5,416,2017-10-20,Telugu Titans,667,Elangeshwaran R,All Rounder,6
5,416,2017-10-20,Telugu Titans,81,Rahul Chaudhari,,5
5,416,2017-10-20,Telugu Titans,358,Vishal Bhardwaj,,4
5,416,2017-10-20,Telugu Titans,567,Mohsen Maghsoudloujafari,,3
5,416,2017-10-20,Telugu Titans,746,Vikrant,Raider,3
5,416,2017-10-20,Telugu Titans,837,Rakshith,,2
5,416,2017-10-20,Telugu Titans,482,Farhad Rahimi Milaghardan,,2
5,416,2017-10-20,Telugu Titans,361,Sombir,,0
5,416,2017-10-20,Bengal Warriors,12,Jang Kun Lee,,8
5,416,2017-10-20,Bengal Warriors,211,Deepak Narwal,,5
5,416,2017-10-20,Bengal Warriors,322,Surjeet Singh,,5
5,416,2017-10-20,Bengal Warriors,160,Ran Singh,,4
5,416,2017-10-20,Bengal Warriors,370,Ravindra Ramesh Kumawat,,2
5,416,2017-10-20,Bengal Warriors,519,Young Chang Ko,,1
5,416,2017-10-20,Bengal Warriors,313,Virender Wazir Singh,Defender,1
5,416,2017-10-20,Bengal Warriors,107,Shrikant Tewthia,,1
5,416,2017-10-20,Bengal Warriors,765,Anil Kumar,,1
5,416,2017-10-20,Bengal Warriors,741,Vikash,All Rounder,0
5,417,2017-10-20,Puneri Paltan,796,Rinku Narwal,,7
5,417,2017-10-20,Puneri Paltan,41,Deepak Niwas Hooda,,3
5,417,2017-10-20,Puneri Paltan,85,Rajesh Mondal,,2
5,417,2017-10-20,Puneri Paltan,365,Akshay Jadhav,,2
5,417,2017-10-20,Puneri Paltan,771,Suresh Kumar,Raider,2
5,417,2017-10-20,Puneri Paltan,142,Sandeep Narwal,,1
5,417,2017-10-20,Puneri Paltan,161,Girish Maruti Ernak,,1
5,417,2017-10-20,Puneri Paltan,42,Dharmaraj Cheralathan,,1
5,417,2017-10-20,Puneri Paltan,240,Ravi Kumar,,0
5,417,2017-10-20,Puneri Paltan,536,Ziaur Rahman,,0
5,417,2017-10-20,Puneri Paltan,795,Monu,,0
5,417,2017-10-20,Gujarat Giants,757,Sachin,,7
5,417,2017-10-20,Gujarat Giants,368,Sunil Kumar,Defender,7
5,417,2017-10-20,Gujarat Giants,163,Mahendra Ganesh Rajput,,4
5,417,2017-10-20,Gujarat Giants,111,Sukesh Hegde,,2
5,417,2017-10-20,Gujarat Giants,357,Parvesh Bhainswal,,2
5,417,2017-10-20,Gujarat Giants,36,Chandran Ranjit,,0
5,417,2017-10-20,Gujarat Giants,259,Fazel Atrachali,,0
5,417,2017-10-20,Gujarat Giants,489,Abozar Mohajermighani,,0
5,417,2017-10-20,Gujarat Giants,686,Rohit Gulia,,0
5,418,2017-10-23,Puneri Paltan,41,Deepak Niwas Hooda,,10
5,418,2017-10-23,Puneri Paltan,161,Girish Maruti Ernak,,7
5,418,2017-10-23,Puneri Paltan,365,Akshay Jadhav,,6
5,418,2017-10-23,Puneri Paltan,85,Rajesh Mondal,,5
5,418,2017-10-23,Puneri Paltan,142,Sandeep Narwal,,3
5,418,2017-10-23,Puneri Paltan,240,Ravi Kumar,,2
5,418,2017-10-23,Puneri Paltan,771,Suresh Kumar,Raider,2
5,418,2017-10-23,Puneri Paltan,795,Monu,,0
5,418,2017-10-23,Puneri Paltan,796,Rinku Narwal,,0
5,418,2017-10-23,Puneri Paltan,42,Dharmaraj Cheralathan,,0
5,418,2017-10-23,U.P. Yoddhas,94,Rishank Devadiga,,15
5,418,2017-10-23,U.P. Yoddhas,320,Nitin Tomar,,9
5,418,2017-10-23,U.P. Yoddhas,347,Sagar B. Krishna,,2
5,418,2017-10-23,U.P. Yoddhas,54,Jeeva Kumar,,2
5,418,2017-10-23,U.P. Yoddhas,234,Surender Singh,,1
5,418,2017-10-23,U.P. Yoddhas,101,Santhosh B.S,Defender,1
5,418,2017-10-23,U.P. Yoddhas,725,Nitesh Kumar,,1
5,418,2017-10-23,U.P. Yoddhas,751,Gurvinder Singh,All Rounder,0
5,418,2017-10-23,U.P. Yoddhas,86,Rajesh Narwal,,0
5,418,2017-10-23,U.P. Yoddhas,66,Mahesh Goud,,0
5,419,2017-10-23,Patna Pirates,197,Pardeep Narwal,,34
5,419,2017-10-23,Patna Pirates,388,Monu Goyat,,10
5,419,2017-10-23,Patna Pirates,579,Jaideep,,7
5,419,2017-10-23,Patna Pirates,745,Vijay,,5
5,419,2017-10-23,Patna Pirates,390,Jawahar Dagar,,1
5,419,2017-10-23,Patna Pirates,165,Sachin Shingade,,1
5,419,2017-10-23,Patna Pirates,342,Md. Zakir Hossain,All Rounder,0
5,419,2017-10-23,Patna Pirates,123,Vishal Mane,,0
5,419,2017-10-23,Patna Pirates,728,Manish,,0
5,419,2017-10-23,Haryana Steelers,155,Prashanth Kumar Rai,,8
5,419,2017-10-23,Haryana Steelers,174,Deepak Kumar Dahiya,,6
5,419,2017-10-23,Haryana Steelers,366,Vikash Khandola,,6
5,419,2017-10-23,Haryana Steelers,124,Wazir Singh,,3
5,419,2017-10-23,Haryana Steelers,146,Surender Nada,Defender - Left Corner,3
5,419,2017-10-23,Haryana Steelers,637,Neeraj Kumar,,1
5,419,2017-10-23,Haryana Steelers,734,Vikas,Defender,1
5,419,2017-10-23,Haryana Steelers,732,Kuldeep Singh,,0
5,419,2017-10-23,Haryana Steelers,71,Mohit Chhillar,,0
5,419,2017-10-23,Haryana Steelers,158,Rakesh Singh Kumar,Defender,0
5,420,2017-10-24,Gujarat Giants,757,Sachin,,9
5,420,2017-10-24,Gujarat Giants,163,Mahendra Ganesh Rajput,,8
5,420,2017-10-24,Gujarat Giants,204,Rakesh Narwal,,4
5,420,2017-10-24,Gujarat Giants,357,Parvesh Bhainswal,,4
5,420,2017-10-24,Gujarat Giants,368,Sunil Kumar,Defender,4
5,420,2017-10-24,Gujarat Giants,489,Abozar Mohajermighani,,4
5,420,2017-10-24,Gujarat Giants,259,Fazel Atrachali,,2
5,420,2017-10-24,Bengal Warriors,211,Deepak Narwal,,5
5,420,2017-10-24,Bengal Warriors,107,Shrikant Tewthia,,4
5,420,2017-10-24,Bengal Warriors,143,Maninder Singh,,1
5,420,2017-10-24,Bengal Warriors,160,Ran Singh,,1
5,420,2017-10-24,Bengal Warriors,322,Surjeet Singh,,1
5,420,2017-10-24,Bengal Warriors,12,Jang Kun Lee,,1
5,420,2017-10-24,Bengal Warriors,34,Bhupender Singh,,1
5,420,2017-10-24,Bengal Warriors,741,Vikash,All Rounder,1
5,420,2017-10-24,Bengal Warriors,387,Vinod Kumar,,0
5,420,2017-10-24,Bengal Warriors,519,Young Chang Ko,,0
5,421,2017-10-24,Puneri Paltan,41,Deepak Niwas Hooda,,9
5,421,2017-10-24,Puneri Paltan,42,Dharmaraj Cheralathan,,3
5,421,2017-10-24,Puneri Paltan,85,Rajesh Mondal,,3
5,421,2017-10-24,Puneri Paltan,142,Sandeep Narwal,,3
5,421,2017-10-24,Puneri Paltan,771,Suresh Kumar,Raider,3
5,421,2017-10-24,Puneri Paltan,161,Girish Maruti Ernak,,2
5,421,2017-10-24,Puneri Paltan,240,Ravi Kumar,,2
5,421,2017-10-24,Puneri Paltan,796,Rinku Narwal,,1
5,421,2017-10-24,Puneri Paltan,365,Akshay Jadhav,,0
5,421,2017-10-24,Patna Pirates,197,Pardeep Narwal,,19
5,421,2017-10-24,Patna Pirates,388,Monu Goyat,,3
5,421,2017-10-24,Patna Pirates,579,Jaideep,,3
5,421,2017-10-24,Patna Pirates,745,Vijay,,3
5,421,2017-10-24,Patna Pirates,390,Jawahar Dagar,,2
5,421,2017-10-24,Patna Pirates,123,Vishal Mane,,1
5,421,2017-10-24,Patna Pirates,728,Manish,,0
5,421,2017-10-24,Patna Pirates,165,Sachin Shingade,,0
5,421,2017-10-24,Patna Pirates,764,Vinod Kumar,,0
5,422,2017-10-26,Bengal Warriors,143,Maninder Singh,,17
5,422,2017-10-26,Bengal Warriors,211,Deepak Narwal,,10
5,422,2017-10-26,Bengal Warriors,160,Ran Singh,,5
5,422,2017-10-26,Bengal Warriors,107,Shrikant Tewthia,,3
5,422,2017-10-26,Bengal Warriors,322,Surjeet Singh,,2
5,422,2017-10-26,Bengal Warriors,741,Vikash,All Rounder,2
5,422,2017-10-26,Bengal Warriors,387,Vinod Kumar,,0
5,422,2017-10-26,Bengal Warriors,12,Jang Kun Lee,,0
5,422,2017-10-26,Bengal Warriors,519,Young Chang Ko,,0
5,422,2017-10-26,Patna Pirates,197,Pardeep Narwal,,23
5,422,2017-10-26,Patna Pirates,388,Monu Goyat,,4
5,422,2017-10-26,Patna Pirates,745,Vijay,,4
5,422,2017-10-26,Patna Pirates,123,Vishal Mane,,3
5,422,2017-10-26,Patna Pirates,579,Jaideep,,2
5,422,2017-10-26,Patna Pirates,165,Sachin Shingade,,1
5,422,2017-10-26,Patna Pirates,390,Jawahar Dagar,,1
5,422,2017-10-26,Patna Pirates,728,Manish,,0
5,423,2017-10-28,Gujarat Giants,757,Sachin,,11
5,423,2017-10-28,Gujarat Giants,163,Mahendra Ganesh Rajput,,5
5,423,2017-10-28,Gujarat Giants,36,Chandran Ranjit,,4
5,423,2017-10-28,Gujarat Giants,204,Rakesh Narwal,,3
5,423,2017-10-28,Gujarat Giants,111,Sukesh Hegde,,2
5,423,2017-10-28,Gujarat Giants,368,Sunil Kumar,Defender,2
5,423,2017-10-28,Gujarat Giants,489,Abozar Mohajermighani,,2
5,423,2017-10-28,Gujarat Giants,686,Rohit Gulia,,1
5,423,2017-10-28,Gujarat Giants,318,Pawan Kumar Sehrawat,,1
5,423,2017-10-28,Gujarat Giants,357,Parvesh Bhainswal,,1
5,423,2017-10-28,Gujarat Giants,259,Fazel Atrachali,,0
5,423,2017-10-28,Gujarat Giants,70,Manoj Kumar,Defender,0
5,423,2017-10-28,Patna Pirates,197,Pardeep Narwal,,19
5,423,2017-10-28,Patna Pirates,388,Monu Goyat,,9
5,423,2017-10-28,Patna Pirates,745,Vijay,,7
5,423,2017-10-28,Patna Pirates,579,Jaideep,,5
5,423,2017-10-28,Patna Pirates,390,Jawahar Dagar,,2
5,423,2017-10-28,Patna Pirates,728,Manish,,2
5,423,2017-10-28,Patna Pirates,764,Vinod Kumar,,1
5,423,2017-10-28,Patna Pirates,165,Sachin Shingade,,0
5,423,2017-10-28,Patna Pirates,123,Vishal Mane,,0
6,625,2018-10-07,Tamil Thalaivas,52,Jasvir Singh,Defender,3
6,625,2018-10-07,Tamil Thalaivas,69,Manjeet Chhillar,All Rounder,3
6,625,2018-10-07,Tamil Thalaivas,26,Ajay Thakur,Raider,14
6,625,2018-10-07,Tamil Thalaivas,207,Sunil ,All Rounder,0
6,625,2018-10-07,Tamil Thalaivas,724,Darshan J.,Defender,2
6,625,2018-10-07,Tamil Thalaivas,191,C.Arun ,Defender,0
6,625,2018-10-07,Patna Pirates,3081,Vijay ,all-rounder,1
6,625,2018-10-07,Patna Pirates,763,Manjeet ,raider,8
6,625,2018-10-07,Patna Pirates,728,Manish ,Defender,0
6,625,2018-10-07,Patna Pirates,179,Vikas kale,Defender,1
6,625,2018-10-07,Patna Pirates,579,Jaideep ,Defender,1
6,625,2018-10-07,Patna Pirates,197,Pardeep Narwal,Raider,11
6,625,2018-10-07,Patna Pirates,768,Vijay Kumar,Defender,0
6,626,2018-10-07,Puneri Paltan,3102,Sandeep , ,2
6,626,2018-10-07,Puneri Paltan,772,More G B,Raider,0
6,626,2018-10-07,Puneri Paltan,161,Girish Maruti Ernak,Defender,5
6,626,2018-10-07,Puneri Paltan,142,Sandeep Narwal,all-rounder,2
6,626,2018-10-07,Puneri Paltan,240,Ravi Kumar,Defender,2
6,626,2018-10-07,Puneri Paltan,3082,Monu ,Raider,5
6,626,2018-10-07,U Mumba,764,Vinod Kumar,Raider,0
6,626,2018-10-07,U Mumba,42,Dharmaraj Cheralathan,Defender,4
6,626,2018-10-07,U Mumba,261,Rohit Baliyan,Raider,3
6,626,2018-10-07,U Mumba,3086,Surinder Singh,Defender,1
6,627,2018-10-08,Puneri Paltan,320,Nitin Tomar,raider,7
6,627,2018-10-08,Puneri Paltan,772,More G B,Raider,6
6,627,2018-10-08,Puneri Paltan,161,Girish Maruti Ernak,Defender,2
6,627,2018-10-08,Puneri Paltan,142,Sandeep Narwal,all-rounder,2
6,627,2018-10-08,Puneri Paltan,240,Ravi Kumar,Defender,3
6,627,2018-10-08,Haryana Steelers,644,Anand Tomar, ,2
6,627,2018-10-08,Haryana Steelers,3045,Mayur Shivtarkar,All Rounder,1
6,627,2018-10-08,Haryana Steelers,165,Sachin Shingade,Defender,0
6,627,2018-10-08,Haryana Steelers,732,Kuldeep Singh (732),All Rounder,0
6,627,2018-10-08,Haryana Steelers,3106,Sunil ,Defender - Right Corner,3
6,627,2018-10-08,Haryana Steelers,366,Vikash Khandola,raider,8
6,628,2018-10-08,Tamil Thalaivas,52,Jasvir Singh,Defender,2
6,628,2018-10-08,Tamil Thalaivas,69,Manjeet Chhillar,All Rounder,4
6,628,2018-10-08,Tamil Thalaivas,376,Athul M S,Raider,7
6,628,2018-10-08,Tamil Thalaivas,26,Ajay Thakur,Raider,11
6,628,2018-10-08,Tamil Thalaivas,212,Amit Hooda,Defender,1
6,628,2018-10-08,Tamil Thalaivas,724,Darshan J.,Defender,1
6,628,2018-10-08,Tamil Thalaivas,191,C.Arun ,Defender,0
6,628,2018-10-08,U.P. Yoddha,778,Narender , ,5
6,628,2018-10-08,U.P. Yoddha,155,Prashanth Rai,raider,8
6,628,2018-10-08,U.P. Yoddha,94,Rishank Devadiga,Raider,5
6,628,2018-10-08,U.P. Yoddha,218,Sachin Kumar,Defender,0
6,628,2018-10-08,U.P. Yoddha,106,Shrikant Jadhav,raider,5
6,629,2018-10-09,Dabang Delhi K.C.,156,Pawan Kumar,Raider,3
6,629,2018-10-09,Dabang Delhi K.C.,194,Joginder Narwal,Defender,3
6,629,2018-10-09,Dabang Delhi K.C.,784,Viraj Vishnu Landge,Defender,1
6,629,2018-10-09,Dabang Delhi K.C.,123,Vishal Mane,Defender,0
6,629,2018-10-09,Dabang Delhi K.C.,2296,Naveen Kumar,Raider,5
6,629,2018-10-09,Dabang Delhi K.C.,36,Chandran Ranjit,Raider,10
6,629,2018-10-09,Gujarat Giants,620,C Kalai Arasan,Defender,0
6,629,2018-10-09,Gujarat Giants,357,Parvesh Bhainswal,defender,2
6,629,2018-10-09,Gujarat Giants,163,Mahendra Rajput,raider,2
6,629,2018-10-09,Gujarat Giants,3023,Rohit Gulia,All Rounder,5
6,629,2018-10-09,Gujarat Giants,368,Sunil Kumar,Defender,4
6,629,2018-10-09,Gujarat Giants,757,Sachin ,Raider,7
6,630,2018-10-09,Tamil Thalaivas,69,Manjeet Chhillar,All Rounder,4
6,630,2018-10-09,Tamil Thalaivas,212,Amit Hooda,Defender,6
6,630,2018-10-09,Tamil Thalaivas,207,Sunil ,All Rounder,1
6,630,2018-10-09,Tamil Thalaivas,191,C.Arun ,Defender,0
6,630,2018-10-09,Telugu Titans,293,Nilesh Salunke,Defender,5
6,630,2018-10-09,Telugu Titans,482,Farhad Milaghardan,Defender,1
6,630,2018-10-09,Telugu Titans,311,Anil Kumar, ,3
6,630,2018-10-09,Telugu Titans,81,Rahul Chaudhari,Raider,9
6,630,2018-10-09,Telugu Titans,489,Abozar Mighani,Defender,3
6,630,2018-10-09,Telugu Titans,567,Mohsen Maghsoudlou,all-rounder,7
6,631,2018-10-10,U Mumba,764,Vinod Kumar,Raider,3
6,631,2018-10-10,U Mumba,42,Dharmaraj Cheralathan,Defender,1
6,631,2018-10-10,U Mumba,2026,Siddharth Desai,Raider,13
6,631,2018-10-10,U Mumba,84,Rajaguru Subramanian,Defender,2
6,631,2018-10-10,U Mumba,261,Rohit Baliyan,Raider,7
6,631,2018-10-10,U Mumba,3086,Surinder Singh,Defender,2
6,631,2018-10-10,Jaipur Pink Panthers,29,Anup Kumar,Raider,4
6,631,2018-10-10,Jaipur Pink Panthers,71,Mohit Chhillar,Defender,3
6,631,2018-10-10,Jaipur Pink Panthers,41,Deepak Hooda,all-rounder,2
6,631,2018-10-10,Jaipur Pink Panthers,3133,Amit Kumar, ,3
6,631,2018-10-10,Jaipur Pink Panthers,3065,Nitin Rawal,all-rounder,8
6,631,2018-10-10,Jaipur Pink Panthers,3097,Ajinkya Ashok Pawar,Raider,0
6,631,2018-10-10,Jaipur Pink Panthers,290,Sandeep Dhull,Defender,3
6,632,2018-10-10,Tamil Thalaivas,2335,Vimal Raj V, ,2
6,632,2018-10-10,Tamil Thalaivas,376,Athul M S,Raider,8
6,632,2018-10-10,Tamil Thalaivas,212,Amit Hooda,Defender,0
6,632,2018-10-10,Tamil Thalaivas,207,Sunil ,All Rounder,1
6,632,2018-10-10,Bengaluru Bulls,326,Rohit Kumar,raider,0
6,632,2018-10-10,Bengaluru Bulls,2272,Jawahar Vivek,All Rounder,0
6,632,2018-10-10,Bengaluru Bulls,769,Mahender Singh,Defender,3
6,632,2018-10-10,Bengaluru Bulls,202,Ashish Kumar,all-rounder,7
6,632,2018-10-10,Bengaluru Bulls,58,Kashiling Adake,Raider,9
6,632,2018-10-10,Bengaluru Bulls,3104,Sumit Singh,raider,3
6,677,2018-10-11,U.P. Yoddha,3088,Nitesh Kumar,Defender,4
6,677,2018-10-11,U.P. Yoddha,778,Narender , ,1
6,677,2018-10-11,U.P. Yoddha,155,Prashanth Rai,raider,6
6,677,2018-10-11,U.P. Yoddha,94,Rishank Devadiga,Raider,8
6,677,2018-10-11,U.P. Yoddha,3126,Amit ,defender,0
6,677,2018-10-11,U.P. Yoddha,347,Sagar B Krishna,All Rounder,2
6,677,2018-10-11,Patna Pirates,3081,Vijay ,all-rounder,0
6,677,2018-10-11,Patna Pirates,179,Vikas kale,Defender,2
6,677,2018-10-11,Patna Pirates,211,Deepak Narwal,Raider,7
6,677,2018-10-11,Patna Pirates,579,Jaideep ,Defender,3
6,677,2018-10-11,Patna Pirates,197,Pardeep Narwal,Raider,16
6,677,2018-10-11,Patna Pirates,390,Jawahar Dagar, ,5
6,634,2018-10-11,Tamil Thalaivas,69,Manjeet Chhillar,All Rounder,5
6,634,2018-10-11,Tamil Thalaivas,212,Amit Hooda,Defender,1
6,634,2018-10-11,Tamil Thalaivas,207,Sunil ,All Rounder,2
6,634,2018-10-11,Tamil Thalaivas,191,C.Arun ,Defender,1
6,634,2018-10-11,Bengal Warriors,66,Mahesh Goud,Raider,5
6,634,2018-10-11,Bengal Warriors,322,Surjeet Singh,Defender,2
6,634,2018-10-11,Bengal Warriors,143,Maninder Singh,raider,9
6,634,2018-10-11,Bengal Warriors,107,Shrikant Tewthia,All Rounder,2
6,634,2018-10-11,Bengal Warriors,160,Ran Singh,All Rounder,4
6,634,2018-10-11,Bengal Warriors,185,Vijin Thangadurai,Defender,1
6,636,2018-10-12,Haryana Steelers,388,Monu Goyat,Raider,7
6,636,2018-10-12,Haryana Steelers,165,Sachin Shingade,Defender,2
6,636,2018-10-12,Haryana Steelers,732,Kuldeep Singh (732),All Rounder,6
6,636,2018-10-12,Haryana Steelers,3106,Sunil ,Defender - Right Corner,5
6,636,2018-10-12,Haryana Steelers,2357,Naveen ,Raider,6
6,636,2018-10-12,Haryana Steelers,366,Vikash Khandola,raider,1
6,636,2018-10-12,Gujarat Giants,2023,Ruturaj Koravi,Defender,2
6,636,2018-10-12,Gujarat Giants,219,K.Prapanjan ,raider,9
6,636,2018-10-12,Gujarat Giants,389,Ajay Kumar,Raider,1
6,638,2018-10-12,Puneri Paltan,320,Nitin Tomar,raider,20
6,638,2018-10-12,Puneri Paltan,772,More G B,Raider,3
6,638,2018-10-12,Puneri Paltan,161,Girish Maruti Ernak,Defender,4
6,638,2018-10-12,Puneri Paltan,240,Ravi Kumar,Defender,0
6,638,2018-10-12,Puneri Paltan,215,Vinod Kumar,Defender,0
6,638,2018-10-12,Dabang Delhi K.C.,156,Pawan Kumar,Raider,7
6,638,2018-10-12,Dabang Delhi K.C.,157,Ravinder Pahal,Defender,2
6,638,2018-10-12,Dabang Delhi K.C.,194,Joginder Narwal,Defender,2
6,638,2018-10-12,Dabang Delhi K.C.,123,Vishal Mane,Defender,5
6,638,2018-10-12,Dabang Delhi K.C.,2296,Naveen Kumar,Raider,7
6,640,2018-10-13,Telugu Titans,293,Nilesh Salunke,Defender,5
6,640,2018-10-13,Telugu Titans,3083,Vishal Bharadwaj,defender,4
6,640,2018-10-13,Telugu Titans,311,Anil Kumar, ,1
6,640,2018-10-13,Telugu Titans,81,Rahul Chaudhari,Raider,11
6,640,2018-10-13,Telugu Titans,489,Abozar Mighani,Defender,5
6,640,2018-10-13,Telugu Titans,567,Mohsen Maghsoudlou,all-rounder,3
6,640,2018-10-13,U.P. Yoddha,155,Prashanth Rai,raider,9
6,640,2018-10-13,U.P. Yoddha,94,Rishank Devadiga,Raider,7
6,640,2018-10-13,U.P. Yoddha,347,Sagar B Krishna,All Rounder,5
6,639,2018-10-13,Haryana Steelers,644,Anand Tomar, ,4
6,639,2018-10-13,Haryana Steelers,3100,Parveen ,Defender - Left Cover,0
6,639,2018-10-13,Haryana Steelers,732,Kuldeep Singh (732),All Rounder,1
6,639,2018-10-13,Haryana Steelers,3106,Sunil ,Defender - Right Corner,0
6,639,2018-10-13,Haryana Steelers,366,Vikash Khandola,raider,9
6,639,2018-10-13,U Mumba,259,Fazel Atrachali,defender,7
6,639,2018-10-13,U Mumba,2313,Gaurav Kumar, ,2
6,639,2018-10-13,U Mumba,42,Dharmaraj Cheralathan,Defender,1
6,639,2018-10-13,U Mumba,84,Rajaguru Subramanian,Defender,2
6,639,2018-10-13,U Mumba,2028,Abhishek Singh,Raider,13
6,639,2018-10-13,U Mumba,261,Rohit Baliyan,Raider,8
6,639,2018-10-13,U Mumba,3086,Surinder Singh,Defender,3
6,637,2018-10-14,Patna Pirates,3081,Vijay ,all-rounder,5
6,637,2018-10-14,Patna Pirates,179,Vikas kale,Defender,1
6,637,2018-10-14,Patna Pirates,211,Deepak Narwal,Raider,10
6,637,2018-10-14,Patna Pirates,579,Jaideep ,Defender,3
6,637,2018-10-14,Patna Pirates,197,Pardeep Narwal,Raider,14
6,637,2018-10-14,Patna Pirates,390,Jawahar Dagar, ,0
6,637,2018-10-14,Patna Pirates,14,Taedeok Eom, ,1
6,637,2018-10-14,U.P. Yoddha,3088,Nitesh Kumar,Defender,1
6,637,2018-10-14,U.P. Yoddha,3126,Amit ,defender,1
6,637,2018-10-14,U.P. Yoddha,106,Shrikant Jadhav,raider,17
6,637,2018-10-14,U.P. Yoddha,347,Sagar B Krishna,All Rounder,1
6,641,2018-10-14,Haryana Steelers,644,Anand Tomar, ,0
6,641,2018-10-14,Haryana Steelers,3106,Sunil ,Defender - Right Corner,1
6,641,2018-10-14,Haryana Steelers,2357,Naveen ,Raider,2
6,641,2018-10-14,Haryana Steelers,366,Vikash Khandola,raider,11
6,641,2018-10-14,Puneri Paltan,365,Akshay Jadhav,Raider,7
6,641,2018-10-14,Puneri Paltan,85,Rajesh Mondal,Raider,7
6,641,2018-10-14,Puneri Paltan,320,Nitin Tomar,raider,10
6,641,2018-10-14,Puneri Paltan,772,More G B,Raider,4
6,641,2018-10-14,Puneri Paltan,161,Girish Maruti Ernak,Defender,6
6,641,2018-10-14,Puneri Paltan,142,Sandeep Narwal,all-rounder,2
6,641,2018-10-14,Puneri Paltan,240,Ravi Kumar,Defender,0
6,642,2018-10-16,Bengal Warriors,66,Mahesh Goud,Raider,3
6,642,2018-10-16,Bengal Warriors,322,Surjeet Singh,Defender,2
6,642,2018-10-16,Bengal Warriors,107,Shrikant Tewthia,All Rounder,4
6,642,2018-10-16,Bengal Warriors,160,Ran Singh,All Rounder,1
6,642,2018-10-16,Bengal Warriors,204,Rakesh Narwal,Raider,0
6,642,2018-10-16,Telugu Titans,2274,C Manoj Kumar , ,1
6,642,2018-10-16,Telugu Titans,293,Nilesh Salunke,Defender,6
6,642,2018-10-16,Telugu Titans,482,Farhad Milaghardan,Defender,1
6,642,2018-10-16,Telugu Titans,3083,Vishal Bharadwaj,defender,4
6,642,2018-10-16,Telugu Titans,489,Abozar Mighani,Defender,5
6,643,2018-10-16,Haryana Steelers,388,Monu Goyat,Raider,3
6,643,2018-10-16,Haryana Steelers,165,Sachin Shingade,Defender,0
6,643,2018-10-16,Haryana Steelers,2328,Sudhanshu Tyagi, ,1
6,643,2018-10-16,Haryana Steelers,732,Kuldeep Singh (732),All Rounder,2
6,643,2018-10-16,Haryana Steelers,3106,Sunil ,Defender - Right Corner,1
6,643,2018-10-16,Haryana Steelers,366,Vikash Khandola,raider,3
6,643,2018-10-16,Jaipur Pink Panthers,264,Selvamani K ,raider,3
6,643,2018-10-16,Jaipur Pink Panthers,3133,Amit Kumar, ,2
6,644,2018-10-17,Bengaluru Bulls,2272,Jawahar Vivek,All Rounder,0
6,644,2018-10-17,Bengaluru Bulls,769,Mahender Singh,Defender,3
6,644,2018-10-17,Bengaluru Bulls,51,Jasmer Gulia, ,2
6,644,2018-10-17,Bengaluru Bulls,202,Ashish Kumar,all-rounder,4
6,644,2018-10-17,Bengaluru Bulls,58,Kashiling Adake,Raider,12
6,644,2018-10-17,Bengaluru Bulls,318,Pawan Kumar,raider,16
6,644,2018-10-17,Bengaluru Bulls,2021,Anand V,Raider,1
6,644,2018-10-17,Tamil Thalaivas,69,Manjeet Chhillar,All Rounder,3
6,644,2018-10-17,Tamil Thalaivas,152,Gopu D,Defender,3
6,644,2018-10-17,Tamil Thalaivas,191,C.Arun ,Defender,0
6,645,2018-10-17,Haryana Steelers,388,Monu Goyat,Raider,15
6,645,2018-10-17,Haryana Steelers,3045,Mayur Shivtarkar,All Rounder,1
6,645,2018-10-17,Haryana Steelers,3100,Parveen ,Defender - Left Cover,4
6,645,2018-10-17,Haryana Steelers,732,Kuldeep Singh (732),All Rounder,2
6,645,2018-10-17,Haryana Steelers,3106,Sunil ,Defender - Right Corner,2
6,645,2018-10-17,Haryana Steelers,2357,Naveen ,Raider,2
6,645,2018-10-17,Haryana Steelers,366,Vikash Khandola,raider,4
6,645,2018-10-17,U Mumba,42,Dharmaraj Cheralathan,Defender,2
6,645,2018-10-17,U Mumba,2026,Siddharth Desai,Raider,15
6,645,2018-10-17,U Mumba,84,Rajaguru Subramanian,Defender,1
6,645,2018-10-17,U Mumba,261,Rohit Baliyan,Raider,7
6,646,2018-10-18,Haryana Steelers,388,Monu Goyat,Raider,7
6,646,2018-10-18,Haryana Steelers,732,Kuldeep Singh (732),All Rounder,2
6,646,2018-10-18,Haryana Steelers,2357,Naveen ,Raider,4
6,646,2018-10-18,Haryana Steelers,366,Vikash Khandola,raider,9
6,646,2018-10-18,Dabang Delhi K.C.,251,Meraj Sheykh,All Rounder,2
6,646,2018-10-18,Dabang Delhi K.C.,105,Shabeer Bappu,Defender,1
6,646,2018-10-18,Dabang Delhi K.C.,156,Pawan Kumar,Raider,7
6,646,2018-10-18,Dabang Delhi K.C.,157,Ravinder Pahal,Defender,5
6,646,2018-10-18,Dabang Delhi K.C.,123,Vishal Mane,Defender,1
6,646,2018-10-18,Dabang Delhi K.C.,36,Chandran Ranjit,Raider,8
6,647,2018-10-18,Puneri Paltan,3084,Rinku Narwal,Defender,0
6,647,2018-10-18,Puneri Paltan,161,Girish Maruti Ernak,Defender,6
6,647,2018-10-18,Puneri Paltan,240,Ravi Kumar,Defender,0
6,647,2018-10-18,Gujarat Giants,357,Parvesh Bhainswal,defender,4
6,647,2018-10-18,Gujarat Giants,163,Mahendra Rajput,raider,0
6,647,2018-10-18,Gujarat Giants,232,Sachin Vittala,Defender - Left Corner,1
6,647,2018-10-18,Gujarat Giants,368,Sunil Kumar,Defender,1
6,647,2018-10-18,Gujarat Giants,2023,Ruturaj Koravi,Defender,2
6,647,2018-10-18,Gujarat Giants,757,Sachin ,Raider,12
6,648,2018-10-19,Patna Pirates,121,Vikash Jaglan,all-rounder,2
6,648,2018-10-19,Patna Pirates,179,Vikas kale,Defender,1
6,648,2018-10-19,Patna Pirates,579,Jaideep ,Defender,3
6,648,2018-10-19,Telugu Titans,2274,C Manoj Kumar , ,0
6,648,2018-10-19,Telugu Titans,293,Nilesh Salunke,Defender,5
6,648,2018-10-19,Telugu Titans,482,Farhad Milaghardan,Defender,1
6,648,2018-10-19,Telugu Titans,3083,Vishal Bharadwaj,defender,6
6,648,2018-10-19,Telugu Titans,489,Abozar Mighani,Defender,5
6,648,2018-10-19,Telugu Titans,567,Mohsen Maghsoudlou,all-rounder,4
6,649,2018-10-19,Puneri Paltan,365,Akshay Jadhav,Raider,3
6,649,2018-10-19,Puneri Paltan,320,Nitin Tomar,raider,2
6,649,2018-10-19,Puneri Paltan,161,Girish Maruti Ernak,Defender,2
6,649,2018-10-19,Puneri Paltan,142,Sandeep Narwal,all-rounder,3
6,649,2018-10-19,Puneri Paltan,240,Ravi Kumar,Defender,6
6,649,2018-10-19,Puneri Paltan,3082,Monu ,Raider,7
6,649,2018-10-19,Jaipur Pink Panthers,29,Anup Kumar,Raider,2
6,649,2018-10-19,Jaipur Pink Panthers,71,Mohit Chhillar,Defender,4
6,649,2018-10-19,Jaipur Pink Panthers,264,Selvamani K ,raider,1
6,649,2018-10-19,Jaipur Pink Panthers,3065,Nitin Rawal,all-rounder,3
6,650,2018-10-20,U.P. Yoddha,778,Narender , ,1
6,650,2018-10-20,U.P. Yoddha,155,Prashanth Rai,raider,13
6,650,2018-10-20,U.P. Yoddha,94,Rishank Devadiga,Raider,9
6,650,2018-10-20,U.P. Yoddha,3126,Amit ,defender,2
6,650,2018-10-20,U.P. Yoddha,347,Sagar B Krishna,All Rounder,4
6,650,2018-10-20,Bengal Warriors,536,Ziaur Rahman,Defender,1
6,650,2018-10-20,Bengal Warriors,12,Jang Lee,Raider,7
6,650,2018-10-20,Bengal Warriors,322,Surjeet Singh,Defender,6
6,650,2018-10-20,Bengal Warriors,143,Maninder Singh,raider,16
6,650,2018-10-20,Bengal Warriors,107,Shrikant Tewthia,All Rounder,2
6,650,2018-10-20,Bengal Warriors,160,Ran Singh,All Rounder,2
6,650,2018-10-20,Bengal Warriors,204,Rakesh Narwal,Raider,3
6,651,2018-10-20,Puneri Paltan,3084,Rinku Narwal,Defender,0
6,651,2018-10-20,Puneri Paltan,240,Ravi Kumar,Defender,2
6,651,2018-10-20,Puneri Paltan,3082,Monu ,Raider,3
6,651,2018-10-20,U Mumba,259,Fazel Atrachali,defender,3
6,651,2018-10-20,U Mumba,764,Vinod Kumar,Raider,2
6,651,2018-10-20,U Mumba,42,Dharmaraj Cheralathan,Defender,2
6,651,2018-10-20,U Mumba,2026,Siddharth Desai,Raider,15
6,651,2018-10-20,U Mumba,300,Abolfazel Maghsodlo,Raider,3
6,651,2018-10-20,U Mumba,84,Rajaguru Subramanian,Defender,2
6,651,2018-10-20,U Mumba,2028,Abhishek Singh,Raider,1
6,652,2018-10-21,Dabang Delhi K.C.,123,Vishal Mane,Defender,1
6,652,2018-10-21,Dabang Delhi K.C.,2296,Naveen Kumar,Raider,11
6,652,2018-10-21,Bengal Warriors,12,Jang Lee,Raider,10
6,652,2018-10-21,Bengal Warriors,322,Surjeet Singh,Defender,2
6,652,2018-10-21,Bengal Warriors,143,Maninder Singh,raider,6
6,652,2018-10-21,Bengal Warriors,3095,Adarsh T,Defender - Left Corner,0
6,652,2018-10-21,Bengal Warriors,107,Shrikant Tewthia,All Rounder,1
6,652,2018-10-21,Bengal Warriors,160,Ran Singh,All Rounder,3
6,652,2018-10-21,Bengal Warriors,185,Vijin Thangadurai,Defender,0
6,653,2018-10-21,Puneri Paltan,365,Akshay Jadhav,Raider,5
6,653,2018-10-21,Puneri Paltan,320,Nitin Tomar,raider,3
6,653,2018-10-21,Puneri Paltan,3084,Rinku Narwal,Defender,2
6,653,2018-10-21,Puneri Paltan,161,Girish Maruti Ernak,Defender,0
6,653,2018-10-21,Puneri Paltan,240,Ravi Kumar,Defender,3
6,653,2018-10-21,Puneri Paltan,3082,Monu ,Raider,4
6,653,2018-10-21,Puneri Paltan,3103,Shubham Shinde,Defender - Right corner,3
6,653,2018-10-21,Bengaluru Bulls,769,Mahender Singh,Defender,1
6,653,2018-10-21,Bengaluru Bulls,51,Jasmer Gulia, ,0
6,654,2018-10-23,U Mumba,259,Fazel Atrachali,defender,4
6,654,2018-10-23,U Mumba,96,Rohit Rana,All Rounder,2
6,654,2018-10-23,U Mumba,718,R. Sriram ,All Rounder,0
6,654,2018-10-23,U Mumba,3087,Subash E,All Rounder,0
6,654,2018-10-23,U Mumba,2028,Abhishek Singh,Raider,1
6,654,2018-10-23,U Mumba,3086,Surinder Singh,Defender,2
6,654,2018-10-23,U Mumba,324,DARSHAN ,Raider,3
6,654,2018-10-23,Telugu Titans,482,Farhad Milaghardan,Defender,4
6,654,2018-10-23,Telugu Titans,3083,Vishal Bharadwaj,defender,1
6,654,2018-10-23,Telugu Titans,311,Anil Kumar, ,2
6,654,2018-10-23,Telugu Titans,567,Mohsen Maghsoudlou,all-rounder,2
6,655,2018-10-23,Puneri Paltan,3084,Rinku Narwal,Defender,1
6,655,2018-10-23,Puneri Paltan,772,More G B,Raider,10
6,655,2018-10-23,Puneri Paltan,161,Girish Maruti Ernak,Defender,0
6,655,2018-10-23,Puneri Paltan,240,Ravi Kumar,Defender,4
6,655,2018-10-23,Puneri Paltan,3103,Shubham Shinde,Defender - Right corner,2
6,655,2018-10-23,Tamil Thalaivas,52,Jasvir Singh,Defender,8
6,655,2018-10-23,Tamil Thalaivas,69,Manjeet Chhillar,All Rounder,4
6,655,2018-10-23,Tamil Thalaivas,26,Ajay Thakur,Raider,12
6,655,2018-10-23,Tamil Thalaivas,212,Amit Hooda,Defender,2
6,655,2018-10-23,Tamil Thalaivas,111,Sukesh Hegde,Raider,4
6,655,2018-10-23,Tamil Thalaivas,207,Sunil ,All Rounder,1
6,655,2018-10-23,Tamil Thalaivas,724,Darshan J.,Defender,1
6,656,2018-10-24,Bengaluru Bulls,769,Mahender Singh,Defender,2
6,656,2018-10-24,Bengaluru Bulls,51,Jasmer Gulia, ,1
6,656,2018-10-24,Bengaluru Bulls,326,Rohit Kumar,raider,8
6,656,2018-10-24,Bengaluru Bulls,58,Kashiling Adake,Raider,2
6,656,2018-10-24,Bengaluru Bulls,3115,Amit Sheoran,Defender,0
6,656,2018-10-24,Bengaluru Bulls,318,Pawan Kumar,raider,20
6,656,2018-10-24,Haryana Steelers,388,Monu Goyat,Raider,11
6,656,2018-10-24,Haryana Steelers,2357,Naveen ,Raider,1
6,657,2018-10-24,Puneri Paltan,3110,Amit Kumar, ,1
6,657,2018-10-24,Puneri Paltan,3084,Rinku Narwal,Defender,0
6,657,2018-10-24,Puneri Paltan,240,Ravi Kumar,Defender,3
6,657,2018-10-24,Puneri Paltan,3082,Monu ,Raider,7
6,657,2018-10-24,Puneri Paltan,3103,Shubham Shinde,Defender - Right corner,1
6,657,2018-10-24,U.P. Yoddha,3088,Nitesh Kumar,Defender,3
6,657,2018-10-24,U.P. Yoddha,155,Prashanth Rai,raider,8
6,657,2018-10-24,U.P. Yoddha,217,Rohit Chaudhary,Raider,0
6,657,2018-10-24,U.P. Yoddha,3126,Amit ,defender,1
6,657,2018-10-24,U.P. Yoddha,347,Sagar B Krishna,All Rounder,3
6,658,2018-10-26,Patna Pirates,3081,Vijay ,all-rounder,3
6,658,2018-10-26,Patna Pirates,728,Manish ,Defender,0
6,658,2018-10-26,Patna Pirates,179,Vikas kale,Defender,5
6,658,2018-10-26,Patna Pirates,579,Jaideep ,Defender,5
6,658,2018-10-26,Jaipur Pink Panthers,29,Anup Kumar,Raider,8
6,658,2018-10-26,Jaipur Pink Panthers,3056,Ajit Singh,Raider,4
6,658,2018-10-26,Jaipur Pink Panthers,264,Selvamani K ,raider,1
6,658,2018-10-26,Jaipur Pink Panthers,613,Sunil Siddhgavali,defender,3
6,658,2018-10-26,Jaipur Pink Panthers,290,Sandeep Dhull,Defender,1
6,659,2018-10-26,Gujarat Giants,357,Parvesh Bhainswal,defender,4
6,659,2018-10-26,Gujarat Giants,163,Mahendra Rajput,raider,4
6,659,2018-10-26,Gujarat Giants,232,Sachin Vittala,Defender - Left Corner,2
6,659,2018-10-26,Gujarat Giants,368,Sunil Kumar,Defender,2
6,659,2018-10-26,Gujarat Giants,2023,Ruturaj Koravi,Defender,3
6,659,2018-10-26,Gujarat Giants,389,Ajay Kumar,Raider,7
6,659,2018-10-26,Tamil Thalaivas,52,Jasvir Singh,Defender,4
6,659,2018-10-26,Tamil Thalaivas,26,Ajay Thakur,Raider,7
6,659,2018-10-26,Tamil Thalaivas,3085,Prathap ,All Rounder,0
6,659,2018-10-26,Tamil Thalaivas,111,Sukesh Hegde,Raider,6
6,660,2018-10-27,Jaipur Pink Panthers,29,Anup Kumar,Raider,5
6,660,2018-10-27,Jaipur Pink Panthers,71,Mohit Chhillar,Defender,2
6,660,2018-10-27,Jaipur Pink Panthers,41,Deepak Hooda,all-rounder,9
6,660,2018-10-27,Jaipur Pink Panthers,613,Sunil Siddhgavali,defender,0
6,660,2018-10-27,Bengal Warriors,12,Jang Lee,Raider,6
6,660,2018-10-27,Bengal Warriors,322,Surjeet Singh,Defender,5
6,660,2018-10-27,Bengal Warriors,3095,Adarsh T,Defender - Left Corner,2
6,660,2018-10-27,Bengal Warriors,160,Ran Singh,All Rounder,5
6,660,2018-10-27,Bengal Warriors,185,Vijin Thangadurai,Defender,0
6,661,2018-10-27,Patna Pirates,3081,Vijay ,all-rounder,2
6,661,2018-10-27,Patna Pirates,179,Vikas kale,Defender,2
6,661,2018-10-27,Patna Pirates,197,Pardeep Narwal,Raider,17
6,661,2018-10-27,Patna Pirates,390,Jawahar Dagar, ,0
6,661,2018-10-27,U Mumba,96,Rohit Rana,All Rounder,0
6,661,2018-10-27,U Mumba,42,Dharmaraj Cheralathan,Defender,2
6,661,2018-10-27,U Mumba,2026,Siddharth Desai,Raider,15
6,661,2018-10-27,U Mumba,2028,Abhishek Singh,Raider,1
6,661,2018-10-27,U Mumba,261,Rohit Baliyan,Raider,11
6,661,2018-10-27,U Mumba,3086,Surinder Singh,Defender,1
6,662,2018-10-28,Dabang Delhi K.C.,245,Yogesh Hooda,Raider,3
6,662,2018-10-28,Dabang Delhi K.C.,86,Rajesh Narwal,All Rounder,3
6,662,2018-10-28,Dabang Delhi K.C.,123,Vishal Mane,Defender,1
6,662,2018-10-28,Dabang Delhi K.C.,36,Chandran Ranjit,Raider,10
6,662,2018-10-28,U.P. Yoddha,3088,Nitesh Kumar,Defender,4
6,662,2018-10-28,U.P. Yoddha,778,Narender , ,3
6,662,2018-10-28,U.P. Yoddha,155,Prashanth Rai,raider,11
6,662,2018-10-28,U.P. Yoddha,3126,Amit ,defender,0
6,662,2018-10-28,U.P. Yoddha,106,Shrikant Jadhav,raider,12
6,662,2018-10-28,U.P. Yoddha,347,Sagar B Krishna,All Rounder,0
6,663,2018-10-28,Patna Pirates,3081,Vijay ,all-rounder,7
6,663,2018-10-28,Patna Pirates,121,Vikash Jaglan,all-rounder,0
6,663,2018-10-28,Patna Pirates,179,Vikas kale,Defender,4
6,663,2018-10-28,Patna Pirates,579,Jaideep ,Defender,3
6,663,2018-10-28,Patna Pirates,197,Pardeep Narwal,Raider,14
6,663,2018-10-28,Patna Pirates,390,Jawahar Dagar, ,0
6,663,2018-10-28,Patna Pirates,242,Tushar Patil,Raider,2
6,663,2018-10-28,Haryana Steelers,732,Kuldeep Singh (732),All Rounder,5
6,663,2018-10-28,Haryana Steelers,366,Vikash Khandola,raider,10
6,664,2018-10-30,Puneri Paltan,365,Akshay Jadhav,Raider,2
6,664,2018-10-30,Puneri Paltan,3110,Amit Kumar, ,0
6,664,2018-10-30,Puneri Paltan,3084,Rinku Narwal,Defender,3
6,664,2018-10-30,Puneri Paltan,786,Parvesh , ,5
6,664,2018-10-30,Puneri Paltan,142,Sandeep Narwal,all-rounder,3
6,664,2018-10-30,Puneri Paltan,240,Ravi Kumar,Defender,4
6,664,2018-10-30,Puneri Paltan,3082,Monu ,Raider,2
6,664,2018-10-30,Gujarat Giants,357,Parvesh Bhainswal,defender,3
6,664,2018-10-30,Gujarat Giants,163,Mahendra Rajput,raider,6
6,664,2018-10-30,Gujarat Giants,3023,Rohit Gulia,All Rounder,0
6,664,2018-10-30,Gujarat Giants,232,Sachin Vittala,Defender - Left Corner,2
6,664,2018-10-30,Gujarat Giants,2023,Ruturaj Koravi,Defender,4
6,664,2018-10-30,Gujarat Giants,757,Sachin ,Raider,10
6,665,2018-10-30,Patna Pirates,3081,Vijay ,all-rounder,6
6,665,2018-10-30,Patna Pirates,728,Manish ,Defender,2
6,665,2018-10-30,Patna Pirates,234,Surender Singh,Defender,0
6,665,2018-10-30,Patna Pirates,579,Jaideep ,Defender,2
6,665,2018-10-30,Patna Pirates,292,Ravinder Kumar,Defender,1
6,665,2018-10-30,Telugu Titans,293,Nilesh Salunke,Defender,7
6,665,2018-10-30,Telugu Titans,3083,Vishal Bharadwaj,defender,9
6,665,2018-10-30,Telugu Titans,311,Anil Kumar, ,3
6,665,2018-10-30,Telugu Titans,81,Rahul Chaudhari,Raider,18
6,665,2018-10-30,Telugu Titans,567,Mohsen Maghsoudlou,all-rounder,3
6,666,2018-10-31,Dabang Delhi K.C.,251,Meraj Sheykh,All Rounder,2
6,666,2018-10-31,Dabang Delhi K.C.,157,Ravinder Pahal,Defender,2
6,666,2018-10-31,Dabang Delhi K.C.,194,Joginder Narwal,Defender,4
6,666,2018-10-31,Dabang Delhi K.C.,86,Rajesh Narwal,All Rounder,1
6,666,2018-10-31,Dabang Delhi K.C.,123,Vishal Mane,Defender,1
6,666,2018-10-31,Dabang Delhi K.C.,2296,Naveen Kumar,Raider,7
6,666,2018-10-31,Dabang Delhi K.C.,36,Chandran Ranjit,Raider,3
6,666,2018-10-31,Puneri Paltan,365,Akshay Jadhav,Raider,2
6,666,2018-10-31,Puneri Paltan,3084,Rinku Narwal,Defender,4
6,666,2018-10-31,Puneri Paltan,142,Sandeep Narwal,all-rounder,4
6,667,2018-10-31,Patna Pirates,3081,Vijay ,all-rounder,1
6,667,2018-10-31,Patna Pirates,579,Jaideep ,Defender,3
6,667,2018-10-31,Patna Pirates,292,Ravinder Kumar,Defender,2
6,667,2018-10-31,Bengaluru Bulls,326,Rohit Kumar,raider,7
6,667,2018-10-31,Bengaluru Bulls,202,Ashish Kumar,all-rounder,1
6,667,2018-10-31,Bengaluru Bulls,58,Kashiling Adake,Raider,11
6,667,2018-10-31,Bengaluru Bulls,3096,Ajay , ,1
6,667,2018-10-31,Bengaluru Bulls,318,Pawan Kumar,raider,15
6,667,2018-10-31,Bengaluru Bulls,3099,Ankit ,Defender,1
6,667,2018-10-31,Bengaluru Bulls,299,Sandeep ,Defender,1
6,668,2018-11-01,Patna Pirates,3081,Vijay ,all-rounder,4
6,668,2018-11-01,Patna Pirates,728,Manish ,Defender,1
6,668,2018-11-01,Patna Pirates,211,Deepak Narwal,Raider,7
6,668,2018-11-01,Patna Pirates,579,Jaideep ,Defender,5
6,668,2018-11-01,Bengal Warriors,12,Jang Lee,Raider,5
6,668,2018-11-01,Bengal Warriors,322,Surjeet Singh,Defender,2
6,668,2018-11-01,Bengal Warriors,107,Shrikant Tewthia,All Rounder,0
6,668,2018-11-01,Bengal Warriors,160,Ran Singh,All Rounder,7
6,668,2018-11-01,Bengal Warriors,267,Amit Kumar,Defender,3
6,668,2018-11-01,Bengal Warriors,185,Vijin Thangadurai,Defender,1
6,669,2018-11-02,U.P. Yoddha,155,Prashanth Rai,raider,7
6,669,2018-11-02,U.P. Yoddha,54,Jeeva Kumar,Defender,3
6,669,2018-11-02,U.P. Yoddha,217,Rohit Chaudhary,Raider,0
6,669,2018-11-02,U.P. Yoddha,3126,Amit ,defender,0
6,669,2018-11-02,U.P. Yoddha,106,Shrikant Jadhav,raider,3
6,669,2018-11-02,Tamil Thalaivas,52,Jasvir Singh,Defender,2
6,669,2018-11-02,Tamil Thalaivas,26,Ajay Thakur,Raider,9
6,669,2018-11-02,Tamil Thalaivas,212,Amit Hooda,Defender,6
6,669,2018-11-02,Tamil Thalaivas,3085,Prathap ,All Rounder,3
6,669,2018-11-02,Tamil Thalaivas,111,Sukesh Hegde,Raider,9
6,669,2018-11-02,Tamil Thalaivas,3101,Ponparthiban Subramanian, ,1
6,670,2018-11-02,Jaipur Pink Panthers,71,Mohit Chhillar,Defender,4
6,670,2018-11-02,Jaipur Pink Panthers,519,Young Chang Ko,Defender,5
6,670,2018-11-02,Gujarat Giants,357,Parvesh Bhainswal,defender,2
6,670,2018-11-02,Gujarat Giants,3023,Rohit Gulia,All Rounder,6
6,670,2018-11-02,Gujarat Giants,232,Sachin Vittala,Defender - Left Corner,1
6,670,2018-11-02,Gujarat Giants,368,Sunil Kumar,Defender,8
6,670,2018-11-02,Gujarat Giants,2023,Ruturaj Koravi,Defender,4
6,670,2018-11-02,Gujarat Giants,605,Shubham Ashok Palkar,Raider,1
6,670,2018-11-02,Gujarat Giants,757,Sachin ,Raider,6
6,671,2018-11-03,U Mumba,259,Fazel Atrachali,defender,4
6,671,2018-11-03,U Mumba,764,Vinod Kumar,Raider,4
6,671,2018-11-03,U Mumba,96,Rohit Rana,All Rounder,1
6,671,2018-11-03,U Mumba,42,Dharmaraj Cheralathan,Defender,2
6,671,2018-11-03,U Mumba,2028,Abhishek Singh,Raider,7
6,671,2018-11-03,U Mumba,324,DARSHAN ,Raider,3
6,671,2018-11-03,Puneri Paltan,365,Akshay Jadhav,Raider,5
6,671,2018-11-03,Puneri Paltan,85,Rajesh Mondal,Raider,0
6,671,2018-11-03,Puneri Paltan,3084,Rinku Narwal,Defender,0
6,671,2018-11-03,Puneri Paltan,772,More G B,Raider,4
6,671,2018-11-03,Puneri Paltan,161,Girish Maruti Ernak,Defender,1
6,671,2018-11-03,Puneri Paltan,142,Sandeep Narwal,all-rounder,3
6,671,2018-11-03,Puneri Paltan,240,Ravi Kumar,Defender,0
6,672,2018-11-03,U.P. Yoddha,54,Jeeva Kumar,Defender,1
6,672,2018-11-03,U.P. Yoddha,218,Sachin Kumar,Defender,4
6,672,2018-11-03,Bengaluru Bulls,769,Mahender Singh,Defender,2
6,672,2018-11-03,Bengaluru Bulls,326,Rohit Kumar,raider,14
6,672,2018-11-03,Bengaluru Bulls,202,Ashish Kumar,all-rounder,2
6,672,2018-11-03,Bengaluru Bulls,3115,Amit Sheoran,Defender,1
6,672,2018-11-03,Bengaluru Bulls,318,Pawan Kumar,raider,6
6,672,2018-11-03,Bengaluru Bulls,87,Raju Choudhary,All Rounder,2
6,673,2018-11-04,Dabang Delhi K.C.,157,Ravinder Pahal,Defender,1
6,673,2018-11-04,Dabang Delhi K.C.,245,Yogesh Hooda,Raider,2
6,673,2018-11-04,Dabang Delhi K.C.,194,Joginder Narwal,Defender,2
6,673,2018-11-04,Dabang Delhi K.C.,123,Vishal Mane,Defender,0
6,673,2018-11-04,Dabang Delhi K.C.,3159,Vishal ,defender,2
6,673,2018-11-04,Gujarat Giants,357,Parvesh Bhainswal,defender,6
6,673,2018-11-04,Gujarat Giants,3023,Rohit Gulia,All Rounder,7
6,673,2018-11-04,Gujarat Giants,232,Sachin Vittala,Defender - Left Corner,2
6,673,2018-11-04,Gujarat Giants,368,Sunil Kumar,Defender,1
6,673,2018-11-04,Gujarat Giants,2023,Ruturaj Koravi,Defender,2
6,674,2018-11-04,U.P. Yoddha,3088,Nitesh Kumar,Defender,4
6,674,2018-11-04,U.P. Yoddha,778,Narender , ,1
6,674,2018-11-04,U.P. Yoddha,54,Jeeva Kumar,Defender,2
6,674,2018-11-04,U.P. Yoddha,94,Rishank Devadiga,Raider,10
6,674,2018-11-04,U.P. Yoddha,218,Sachin Kumar,Defender,2
6,674,2018-11-04,U.P. Yoddha,106,Shrikant Jadhav,raider,4
6,674,2018-11-04,U.P. Yoddha,2316,Azad Singh, ,4
6,674,2018-11-04,Bengal Warriors,621,Baldev Singh,Defender - Right Corner,0
6,674,2018-11-04,Bengal Warriors,536,Ziaur Rahman,Defender,1
6,674,2018-11-04,Bengal Warriors,322,Surjeet Singh,Defender,1
6,674,2018-11-04,Bengal Warriors,3095,Adarsh T,Defender - Left Corner,1
6,675,2018-11-06,Jaipur Pink Panthers,29,Anup Kumar,Raider,2
6,675,2018-11-06,Jaipur Pink Panthers,71,Mohit Chhillar,Defender,4
6,675,2018-11-06,Jaipur Pink Panthers,41,Deepak Hooda,all-rounder,12
6,675,2018-11-06,Jaipur Pink Panthers,613,Sunil Siddhgavali,defender,3
6,675,2018-11-06,Jaipur Pink Panthers,3065,Nitin Rawal,all-rounder,4
6,675,2018-11-06,Jaipur Pink Panthers,519,Young Chang Ko,Defender,3
6,675,2018-11-06,Jaipur Pink Panthers,290,Sandeep Dhull,Defender,0
6,675,2018-11-06,Haryana Steelers,388,Monu Goyat,Raider,4
6,675,2018-11-06,Haryana Steelers,3045,Mayur Shivtarkar,All Rounder,3
6,675,2018-11-06,Haryana Steelers,732,Kuldeep Singh (732),All Rounder,2
6,675,2018-11-06,Haryana Steelers,2357,Naveen ,Raider,8
6,675,2018-11-06,Haryana Steelers,366,Vikash Khandola,raider,10
6,676,2018-11-06,U.P. Yoddha,54,Jeeva Kumar,Defender,1
6,676,2018-11-06,U.P. Yoddha,94,Rishank Devadiga,Raider,4
6,676,2018-11-06,U.P. Yoddha,218,Sachin Kumar,Defender,5
6,676,2018-11-06,U.P. Yoddha,106,Shrikant Jadhav,raider,4
6,676,2018-11-06,Telugu Titans,2274,C Manoj Kumar , ,3
6,676,2018-11-06,Telugu Titans,293,Nilesh Salunke,Defender,4
6,676,2018-11-06,Telugu Titans,482,Farhad Milaghardan,Defender,0
6,676,2018-11-06,Telugu Titans,81,Rahul Chaudhari,Raider,3
6,676,2018-11-06,Telugu Titans,489,Abozar Mighani,Defender,4
6,676,2018-11-06,Telugu Titans,567,Mohsen Maghsoudlou,all-rounder,4
6,676,2018-11-06,Telugu Titans,274,Krushna Madane,Defender,2
6,678,2018-11-08,Haryana Steelers,165,Sachin Shingade,Defender,1
6,678,2018-11-08,Haryana Steelers,732,Kuldeep Singh (732),All Rounder,1
6,678,2018-11-08,Haryana Steelers,3106,Sunil ,Defender - Right Corner,4
6,678,2018-11-08,Haryana Steelers,2357,Naveen ,Raider,3
6,678,2018-11-08,Haryana Steelers,366,Vikash Khandola,raider,4
6,678,2018-11-08,Dabang Delhi K.C.,157,Ravinder Pahal,Defender,6
6,678,2018-11-08,Dabang Delhi K.C.,194,Joginder Narwal,Defender,1
6,678,2018-11-08,Dabang Delhi K.C.,86,Rajesh Narwal,All Rounder,3
6,678,2018-11-08,Dabang Delhi K.C.,123,Vishal Mane,Defender,3
6,678,2018-11-08,Dabang Delhi K.C.,2296,Naveen Kumar,Raider,9
6,679,2018-11-08,U.P. Yoddha,2278,Bhanu Tomar, ,3
6,679,2018-11-08,U.P. Yoddha,3088,Nitesh Kumar,Defender,6
6,679,2018-11-08,U.P. Yoddha,54,Jeeva Kumar,Defender,1
6,679,2018-11-08,U.P. Yoddha,218,Sachin Kumar,Defender,5
6,679,2018-11-08,U.P. Yoddha,3126,Amit ,defender,0
6,679,2018-11-08,U.P. Yoddha,106,Shrikant Jadhav,raider,1
6,679,2018-11-08,U.P. Yoddha,2316,Azad Singh, ,2
6,679,2018-11-08,Bengaluru Bulls,326,Rohit Kumar,raider,7
6,679,2018-11-08,Bengaluru Bulls,202,Ashish Kumar,all-rounder,1
6,679,2018-11-08,Bengaluru Bulls,87,Raju Choudhary,All Rounder,3
6,680,2018-11-09,U Mumba,96,Rohit Rana,All Rounder,3
6,680,2018-11-09,U Mumba,2345,Anil , ,0
6,680,2018-11-09,U Mumba,2028,Abhishek Singh,Raider,12
6,680,2018-11-09,U Mumba,261,Rohit Baliyan,Raider,0
6,680,2018-11-09,Jaipur Pink Panthers,576,Anand Patil,Raider,3
6,680,2018-11-09,Jaipur Pink Panthers,29,Anup Kumar,Raider,5
6,680,2018-11-09,Jaipur Pink Panthers,41,Deepak Hooda,all-rounder,6
6,680,2018-11-09,Jaipur Pink Panthers,3133,Amit Kumar, ,1
6,680,2018-11-09,Jaipur Pink Panthers,519,Young Chang Ko,Defender,2
6,680,2018-11-09,Jaipur Pink Panthers,290,Sandeep Dhull,Defender,3
6,680,2018-11-09,Jaipur Pink Panthers,3076,Santhapanaselvam ,All Rounder,0
6,681,2018-11-09,Bengal Warriors,621,Baldev Singh,Defender - Right Corner,5
6,681,2018-11-09,Bengal Warriors,536,Ziaur Rahman,Defender,0
6,681,2018-11-09,Bengal Warriors,143,Maninder Singh,raider,6
6,681,2018-11-09,Bengal Warriors,3095,Adarsh T,Defender - Left Corner,2
6,681,2018-11-09,Bengal Warriors,160,Ran Singh,All Rounder,4
6,681,2018-11-09,Telugu Titans,2274,C Manoj Kumar , ,1
6,681,2018-11-09,Telugu Titans,293,Nilesh Salunke,Defender,3
6,681,2018-11-09,Telugu Titans,482,Farhad Milaghardan,Defender,5
6,681,2018-11-09,Telugu Titans,489,Abozar Mighani,Defender,3
6,682,2018-11-10,Patna Pirates,3081,Vijay ,all-rounder,6
6,682,2018-11-10,Patna Pirates,728,Manish ,Defender,0
6,682,2018-11-10,Patna Pirates,179,Vikas kale,Defender,3
6,682,2018-11-10,Patna Pirates,211,Deepak Narwal,Raider,13
6,682,2018-11-10,Patna Pirates,292,Ravinder Kumar,Defender,3
6,682,2018-11-10,Bengal Warriors,322,Surjeet Singh,Defender,0
6,682,2018-11-10,Bengal Warriors,143,Maninder Singh,raider,6
6,682,2018-11-10,Bengal Warriors,3095,Adarsh T,Defender - Left Corner,3
6,682,2018-11-10,Bengal Warriors,160,Ran Singh,All Rounder,3
6,682,2018-11-10,Bengal Warriors,371,Amit Nagar,raider,7
6,682,2018-11-10,Bengal Warriors,204,Rakesh Narwal,Raider,3
6,683,2018-11-10,U Mumba,259,Fazel Atrachali,defender,3
6,683,2018-11-10,U Mumba,764,Vinod Kumar,Raider,5
6,683,2018-11-10,U Mumba,96,Rohit Rana,All Rounder,2
6,683,2018-11-10,U Mumba,2026,Siddharth Desai,Raider,13
6,683,2018-11-10,U Mumba,3086,Surinder Singh,Defender,1
6,683,2018-11-10,U Mumba,324,DARSHAN ,Raider,1
6,683,2018-11-10,Gujarat Giants,232,Sachin Vittala,Defender - Left Corner,0
6,683,2018-11-10,Gujarat Giants,2023,Ruturaj Koravi,Defender,2
6,683,2018-11-10,Gujarat Giants,389,Ajay Kumar,Raider,1
6,633,2018-11-11,Jaipur Pink Panthers,576,Anand Patil,Raider,0
6,633,2018-11-11,Jaipur Pink Panthers,29,Anup Kumar,Raider,6
6,633,2018-11-11,Jaipur Pink Panthers,71,Mohit Chhillar,Defender,1
6,633,2018-11-11,Jaipur Pink Panthers,41,Deepak Hooda,all-rounder,15
6,633,2018-11-11,Jaipur Pink Panthers,3133,Amit Kumar, ,0
6,633,2018-11-11,Jaipur Pink Panthers,164,Bajirao Hodage,Defender,0
6,633,2018-11-11,Jaipur Pink Panthers,290,Sandeep Dhull,Defender,3
6,633,2018-11-11,Dabang Delhi K.C.,251,Meraj Sheykh,All Rounder,9
6,633,2018-11-11,Dabang Delhi K.C.,194,Joginder Narwal,Defender,5
6,633,2018-11-11,Dabang Delhi K.C.,86,Rajesh Narwal,All Rounder,1
6,633,2018-11-11,Dabang Delhi K.C.,2296,Naveen Kumar,Raider,10
6,633,2018-11-11,Dabang Delhi K.C.,36,Chandran Ranjit,Raider,8
6,684,2018-11-11,U Mumba,96,Rohit Rana,All Rounder,1
6,684,2018-11-11,U Mumba,2028,Abhishek Singh,Raider,2
6,684,2018-11-11,Haryana Steelers,388,Monu Goyat,Raider,2
6,684,2018-11-11,Haryana Steelers,3100,Parveen ,Defender - Left Cover,2
6,684,2018-11-11,Haryana Steelers,2328,Sudhanshu Tyagi, ,1
6,684,2018-11-11,Haryana Steelers,732,Kuldeep Singh (732),All Rounder,2
6,684,2018-11-11,Haryana Steelers,3106,Sunil ,Defender - Right Corner,5
6,684,2018-11-11,Haryana Steelers,2357,Naveen ,Raider,5
6,684,2018-11-11,Haryana Steelers,366,Vikash Khandola,raider,15
6,685,2018-11-13,Puneri Paltan,365,Akshay Jadhav,Raider,5
6,685,2018-11-13,Puneri Paltan,3084,Rinku Narwal,Defender,0
6,685,2018-11-13,Puneri Paltan,772,More G B,Raider,1
6,685,2018-11-13,Puneri Paltan,161,Girish Maruti Ernak,Defender,1
6,685,2018-11-13,Puneri Paltan,240,Ravi Kumar,Defender,1
6,685,2018-11-13,Puneri Paltan,3082,Monu ,Raider,5
6,685,2018-11-13,Telugu Titans,293,Nilesh Salunke,Defender,6
6,685,2018-11-13,Telugu Titans,482,Farhad Milaghardan,Defender,1
6,685,2018-11-13,Telugu Titans,311,Anil Kumar, ,1
6,685,2018-11-13,Telugu Titans,81,Rahul Chaudhari,Raider,8
6,685,2018-11-13,Telugu Titans,489,Abozar Mighani,Defender,3
6,685,2018-11-13,Telugu Titans,567,Mohsen Maghsoudlou,all-rounder,1
6,685,2018-11-13,Telugu Titans,274,Krushna Madane,Defender,4
6,686,2018-11-13,U Mumba,259,Fazel Atrachali,defender,6
6,686,2018-11-13,U Mumba,764,Vinod Kumar,Raider,3
6,686,2018-11-13,U Mumba,96,Rohit Rana,All Rounder,1
6,686,2018-11-13,U Mumba,2313,Gaurav Kumar, ,0
6,686,2018-11-13,U Mumba,42,Dharmaraj Cheralathan,Defender,2
6,686,2018-11-13,U Mumba,3086,Surinder Singh,Defender,7
6,686,2018-11-13,U Mumba,324,DARSHAN ,Raider,7
6,686,2018-11-13,U.P. Yoddha,778,Narender , ,5
6,686,2018-11-13,U.P. Yoddha,54,Jeeva Kumar,Defender,2
6,686,2018-11-13,U.P. Yoddha,94,Rishank Devadiga,Raider,2
6,686,2018-11-13,U.P. Yoddha,218,Sachin Kumar,Defender,5
6,686,2018-11-13,U.P. Yoddha,106,Shrikant Jadhav,raider,4
6,687,2018-11-14,Tamil Thalaivas,52,Jasvir Singh,Defender,4
6,687,2018-11-14,Tamil Thalaivas,26,Ajay Thakur,Raider,6
6,687,2018-11-14,Tamil Thalaivas,212,Amit Hooda,Defender,2
6,687,2018-11-14,Tamil Thalaivas,3085,Prathap ,All Rounder,3
6,687,2018-11-14,Tamil Thalaivas,3101,Ponparthiban Subramanian, ,2
6,687,2018-11-14,Haryana Steelers,3045,Mayur Shivtarkar,All Rounder,0
6,687,2018-11-14,Haryana Steelers,3100,Parveen ,Defender - Left Cover,2
6,687,2018-11-14,Haryana Steelers,165,Sachin Shingade,Defender,0
6,687,2018-11-14,Haryana Steelers,732,Kuldeep Singh (732),All Rounder,3
6,687,2018-11-14,Haryana Steelers,3106,Sunil ,Defender - Right Corner,2
6,687,2018-11-14,Haryana Steelers,2357,Naveen ,Raider,5
6,687,2018-11-14,Haryana Steelers,366,Vikash Khandola,raider,14
6,688,2018-11-14,U Mumba,42,Dharmaraj Cheralathan,Defender,2
6,688,2018-11-14,U Mumba,324,DARSHAN ,Raider,9
6,688,2018-11-14,Bengaluru Bulls,769,Mahender Singh,Defender,1
6,688,2018-11-14,Bengaluru Bulls,2266,Mahesh Magdum, ,3
6,688,2018-11-14,Bengaluru Bulls,326,Rohit Kumar,raider,6
6,688,2018-11-14,Bengaluru Bulls,202,Ashish Kumar,all-rounder,1
6,688,2018-11-14,Bengaluru Bulls,58,Kashiling Adake,Raider,4
6,688,2018-11-14,Bengaluru Bulls,318,Pawan Kumar,raider,8
6,688,2018-11-14,Bengaluru Bulls,299,Sandeep ,Defender,2
6,689,2018-11-15,Patna Pirates,3081,Vijay ,all-rounder,0
6,689,2018-11-15,Patna Pirates,728,Manish ,Defender,1
6,689,2018-11-15,Patna Pirates,179,Vikas kale,Defender,1
6,689,2018-11-15,Patna Pirates,579,Jaideep ,Defender,4
6,689,2018-11-15,Patna Pirates,197,Pardeep Narwal,Raider,16
6,689,2018-11-15,Patna Pirates,252,Kuldeep Singh,Defender,1
6,689,2018-11-15,Dabang Delhi K.C.,105,Shabeer Bappu,Defender,0
6,689,2018-11-15,Dabang Delhi K.C.,157,Ravinder Pahal,Defender,0
6,689,2018-11-15,Dabang Delhi K.C.,194,Joginder Narwal,Defender,3
6,689,2018-11-15,Dabang Delhi K.C.,86,Rajesh Narwal,All Rounder,5
6,689,2018-11-15,Dabang Delhi K.C.,123,Vishal Mane,Defender,3
6,689,2018-11-15,Dabang Delhi K.C.,2296,Naveen Kumar,Raider,15
6,689,2018-11-15,Dabang Delhi K.C.,36,Chandran Ranjit,Raider,6
6,690,2018-11-15,U Mumba,764,Vinod Kumar,Raider,5
6,690,2018-11-15,U Mumba,96,Rohit Rana,All Rounder,3
6,690,2018-11-15,U Mumba,42,Dharmaraj Cheralathan,Defender,1
6,690,2018-11-15,U Mumba,300,Abolfazel Maghsodlo,Raider,3
6,690,2018-11-15,U Mumba,3086,Surinder Singh,Defender,3
6,690,2018-11-15,U Mumba,324,DARSHAN ,Raider,6
6,690,2018-11-15,Tamil Thalaivas,26,Ajay Thakur,Raider,7
6,690,2018-11-15,Tamil Thalaivas,3085,Prathap ,All Rounder,3
6,690,2018-11-15,Tamil Thalaivas,3101,Ponparthiban Subramanian, ,2
6,691,2018-11-16,Gujarat Giants,357,Parvesh Bhainswal,defender,4
6,691,2018-11-16,Gujarat Giants,3023,Rohit Gulia,All Rounder,1
6,691,2018-11-16,Gujarat Giants,2314,Dharmender , ,0
6,691,2018-11-16,Gujarat Giants,232,Sachin Vittala,Defender - Left Corner,2
6,691,2018-11-16,Gujarat Giants,368,Sunil Kumar,Defender,2
6,691,2018-11-16,Gujarat Giants,2023,Ruturaj Koravi,Defender,1
6,691,2018-11-16,Bengal Warriors,621,Baldev Singh,Defender - Right Corner,1
6,691,2018-11-16,Bengal Warriors,12,Jang Lee,Raider,5
6,691,2018-11-16,Bengal Warriors,160,Ran Singh,All Rounder,3
6,692,2018-11-16,Jaipur Pink Panthers,29,Anup Kumar,Raider,5
6,692,2018-11-16,Jaipur Pink Panthers,71,Mohit Chhillar,Defender,3
6,692,2018-11-16,Jaipur Pink Panthers,613,Sunil Siddhgavali,defender,5
6,692,2018-11-16,Jaipur Pink Panthers,3133,Amit Kumar, ,2
6,692,2018-11-16,Jaipur Pink Panthers,3097,Ajinkya Ashok Pawar,Raider,9
6,692,2018-11-16,Jaipur Pink Panthers,290,Sandeep Dhull,Defender,5
6,693,2018-11-17,Puneri Paltan,3084,Rinku Narwal,Defender,1
6,693,2018-11-17,Puneri Paltan,772,More G B,Raider,9
6,693,2018-11-17,Puneri Paltan,161,Girish Maruti Ernak,Defender,3
6,693,2018-11-17,Puneri Paltan,786,Parvesh , ,0
6,693,2018-11-17,Puneri Paltan,142,Sandeep Narwal,all-rounder,0
6,693,2018-11-17,Puneri Paltan,3082,Monu ,Raider,3
6,693,2018-11-17,Bengal Warriors,621,Baldev Singh,Defender - Right Corner,1
6,693,2018-11-17,Bengal Warriors,66,Mahesh Goud,Raider,3
6,693,2018-11-17,Bengal Warriors,322,Surjeet Singh,Defender,1
6,693,2018-11-17,Bengal Warriors,3094,Ravindra Kumavat,raider,5
6,693,2018-11-17,Bengal Warriors,143,Maninder Singh,raider,6
6,693,2018-11-17,Bengal Warriors,160,Ran Singh,All Rounder,2
6,693,2018-11-17,Bengal Warriors,185,Vijin Thangadurai,Defender,3
6,694,2018-11-17,Gujarat Giants,232,Sachin Vittala,Defender - Left Corner,0
6,694,2018-11-17,Gujarat Giants,2023,Ruturaj Koravi,Defender,1
6,694,2018-11-17,Bengaluru Bulls,769,Mahender Singh,Defender,3
6,694,2018-11-17,Bengaluru Bulls,326,Rohit Kumar,raider,6
6,694,2018-11-17,Bengaluru Bulls,58,Kashiling Adake,Raider,2
6,694,2018-11-17,Bengaluru Bulls,3096,Ajay , ,0
6,694,2018-11-17,Bengaluru Bulls,318,Pawan Kumar,raider,10
6,694,2018-11-17,Bengaluru Bulls,3099,Ankit ,Defender,1
6,694,2018-11-17,Bengaluru Bulls,299,Sandeep ,Defender,4
6,695,2018-11-18,Jaipur Pink Panthers,71,Mohit Chhillar,Defender,2
6,695,2018-11-18,Jaipur Pink Panthers,613,Sunil Siddhgavali,defender,1
6,695,2018-11-18,Jaipur Pink Panthers,3133,Amit Kumar, ,1
6,695,2018-11-18,Jaipur Pink Panthers,266,David Mosambayi,Raider,3
6,695,2018-11-18,Bengaluru Bulls,769,Mahender Singh,Defender,5
6,695,2018-11-18,Bengaluru Bulls,326,Rohit Kumar,raider,3
6,695,2018-11-18,Bengaluru Bulls,58,Kashiling Adake,Raider,5
6,695,2018-11-18,Bengaluru Bulls,299,Sandeep ,Defender,2
6,695,2018-11-18,Bengaluru Bulls,87,Raju Choudhary,All Rounder,1
6,696,2018-11-18,Gujarat Giants,357,Parvesh Bhainswal,defender,2
6,696,2018-11-18,Gujarat Giants,163,Mahendra Rajput,raider,1
6,696,2018-11-18,Gujarat Giants,3023,Rohit Gulia,All Rounder,3
6,696,2018-11-18,Gujarat Giants,232,Sachin Vittala,Defender - Left Corner,1
6,696,2018-11-18,Gujarat Giants,368,Sunil Kumar,Defender,5
6,696,2018-11-18,Gujarat Giants,2023,Ruturaj Koravi,Defender,4
6,696,2018-11-18,Gujarat Giants,757,Sachin ,Raider,8
6,696,2018-11-18,U.P. Yoddha,3088,Nitesh Kumar,Defender,5
6,696,2018-11-18,U.P. Yoddha,778,Narender , ,1
6,696,2018-11-18,U.P. Yoddha,218,Sachin Kumar,Defender,1
6,696,2018-11-18,U.P. Yoddha,2316,Azad Singh, ,2
6,696,2018-11-18,U.P. Yoddha,347,Sagar B Krishna,All Rounder,0
6,697,2018-11-20,Tamil Thalaivas,69,Manjeet Chhillar,All Rounder,3
6,697,2018-11-20,Tamil Thalaivas,26,Ajay Thakur,Raider,8
6,697,2018-11-20,Tamil Thalaivas,152,Gopu D,Defender,1
6,697,2018-11-20,Tamil Thalaivas,3085,Prathap ,All Rounder,1
6,697,2018-11-20,Tamil Thalaivas,111,Sukesh Hegde,Raider,5
6,697,2018-11-20,Telugu Titans,293,Nilesh Salunke,Defender,4
6,697,2018-11-20,Telugu Titans,482,Farhad Milaghardan,Defender,3
6,697,2018-11-20,Telugu Titans,311,Anil Kumar, ,1
6,697,2018-11-20,Telugu Titans,489,Abozar Mighani,Defender,1
6,697,2018-11-20,Telugu Titans,567,Mohsen Maghsoudlou,all-rounder,3
6,697,2018-11-20,Telugu Titans,274,Krushna Madane,Defender,2
6,698,2018-11-20,Gujarat Giants,357,Parvesh Bhainswal,defender,6
6,698,2018-11-20,Gujarat Giants,163,Mahendra Rajput,raider,1
6,698,2018-11-20,Gujarat Giants,232,Sachin Vittala,Defender - Left Corner,1
6,698,2018-11-20,Gujarat Giants,368,Sunil Kumar,Defender,3
6,698,2018-11-20,Gujarat Giants,2023,Ruturaj Koravi,Defender,0
6,698,2018-11-20,Gujarat Giants,249,Hadi Oshtorak,All Rounder,1
6,698,2018-11-20,Dabang Delhi K.C.,251,Meraj Sheykh,All Rounder,7
6,698,2018-11-20,Dabang Delhi K.C.,157,Ravinder Pahal,Defender,4
6,698,2018-11-20,Dabang Delhi K.C.,194,Joginder Narwal,Defender,2
6,698,2018-11-20,Dabang Delhi K.C.,2296,Naveen Kumar,Raider,5
6,699,2018-11-21,Patna Pirates,579,Jaideep ,Defender,1
6,699,2018-11-21,Patna Pirates,197,Pardeep Narwal,Raider,13
6,699,2018-11-21,Patna Pirates,763,Manjeet ,raider,8
6,699,2018-11-21,Patna Pirates,179,Vikas kale,Defender,3
6,699,2018-11-21,Patna Pirates,211,Deepak Narwal,Raider,10
6,699,2018-11-21,Patna Pirates,390,Jawahar Dagar, ,2
6,699,2018-11-21,Patna Pirates,14,Taedeok Eom, ,0
6,699,2018-11-21,Tamil Thalaivas,52,Jasvir Singh,Defender,3
6,699,2018-11-21,Tamil Thalaivas,119,Surjeet Singh,Raider,4
6,699,2018-11-21,Tamil Thalaivas,376,Athul M S,Raider,2
6,699,2018-11-21,Tamil Thalaivas,26,Ajay Thakur,Raider,8
6,699,2018-11-21,Tamil Thalaivas,152,Gopu D,Defender,1
6,700,2018-11-21,Gujarat Giants,163,Mahendra Rajput,raider,5
6,700,2018-11-21,Gujarat Giants,232,Sachin Vittala,Defender - Left Corner,1
6,700,2018-11-21,Gujarat Giants,368,Sunil Kumar,Defender,3
6,700,2018-11-21,Gujarat Giants,2023,Ruturaj Koravi,Defender,1
6,700,2018-11-21,Gujarat Giants,219,K.Prapanjan ,raider,10
6,700,2018-11-21,Gujarat Giants,757,Sachin ,Raider,7
6,700,2018-11-21,U Mumba,259,Fazel Atrachali,defender,1
6,700,2018-11-21,U Mumba,42,Dharmaraj Cheralathan,Defender,2
6,700,2018-11-21,U Mumba,2026,Siddharth Desai,Raider,13
6,700,2018-11-21,U Mumba,300,Abolfazel Maghsodlo,Raider,0
6,700,2018-11-21,U Mumba,261,Rohit Baliyan,Raider,6
6,700,2018-11-21,U Mumba,324,DARSHAN ,Raider,1
6,701,2018-11-22,Gujarat Giants,357,Parvesh Bhainswal,defender,6
6,701,2018-11-22,Gujarat Giants,3023,Rohit Gulia,All Rounder,1
6,701,2018-11-22,Gujarat Giants,232,Sachin Vittala,Defender - Left Corner,1
6,701,2018-11-22,Gujarat Giants,368,Sunil Kumar,Defender,4
6,701,2018-11-22,Gujarat Giants,219,K.Prapanjan ,raider,5
6,701,2018-11-22,Gujarat Giants,249,Hadi Oshtorak,All Rounder,3
6,701,2018-11-22,Gujarat Giants,757,Sachin ,Raider,10
6,701,2018-11-22,Haryana Steelers,2328,Sudhanshu Tyagi, ,0
6,701,2018-11-22,Haryana Steelers,732,Kuldeep Singh (732),All Rounder,3
6,701,2018-11-22,Haryana Steelers,3106,Sunil ,Defender - Right Corner,0
6,702,2018-11-23,Bengaluru Bulls,769,Mahender Singh,Defender,0
6,702,2018-11-23,Bengaluru Bulls,326,Rohit Kumar,raider,9
6,702,2018-11-23,Bengaluru Bulls,202,Ashish Kumar,all-rounder,2
6,702,2018-11-23,Bengaluru Bulls,58,Kashiling Adake,Raider,5
6,702,2018-11-23,Bengaluru Bulls,299,Sandeep ,Defender,0
6,702,2018-11-23,Bengal Warriors,621,Baldev Singh,Defender - Right Corner,1
6,702,2018-11-23,Bengal Warriors,3094,Ravindra Kumavat,raider,3
6,702,2018-11-23,Bengal Warriors,143,Maninder Singh,raider,14
6,702,2018-11-23,Bengal Warriors,185,Vijin Thangadurai,Defender,1
6,703,2018-11-23,Jaipur Pink Panthers,71,Mohit Chhillar,Defender,2
6,703,2018-11-23,Jaipur Pink Panthers,41,Deepak Hooda,all-rounder,12
6,703,2018-11-23,Jaipur Pink Panthers,3056,Ajit Singh,Raider,2
6,703,2018-11-23,Jaipur Pink Panthers,3133,Amit Kumar, ,4
6,703,2018-11-23,Jaipur Pink Panthers,3065,Nitin Rawal,all-rounder,0
6,703,2018-11-23,Jaipur Pink Panthers,3097,Ajinkya Ashok Pawar,Raider,1
6,703,2018-11-23,Puneri Paltan,365,Akshay Jadhav,Raider,0
6,703,2018-11-23,Puneri Paltan,772,More G B,Raider,5
6,703,2018-11-23,Puneri Paltan,142,Sandeep Narwal,all-rounder,2
6,703,2018-11-23,Puneri Paltan,240,Ravi Kumar,Defender,1
6,703,2018-11-23,Puneri Paltan,174,Deepak Dahiya,Defender,5
6,704,2018-11-24,U Mumba,84,Rajaguru Subramanian,Defender,0
6,704,2018-11-24,U Mumba,42,Dharmaraj Cheralathan,Defender,1
6,704,2018-11-24,U Mumba,2028,Abhishek Singh,Raider,4
6,704,2018-11-24,U Mumba,261,Rohit Baliyan,Raider,8
6,704,2018-11-24,Dabang Delhi K.C.,156,Pawan Kumar,Raider,4
6,704,2018-11-24,Dabang Delhi K.C.,157,Ravinder Pahal,Defender,1
6,704,2018-11-24,Dabang Delhi K.C.,123,Vishal Mane,Defender,1
6,704,2018-11-24,Dabang Delhi K.C.,36,Chandran Ranjit,Raider,7
6,705,2018-11-24,Bengaluru Bulls,769,Mahender Singh,Defender,4
6,705,2018-11-24,Bengaluru Bulls,326,Rohit Kumar,raider,11
6,705,2018-11-24,Bengaluru Bulls,202,Ashish Kumar,all-rounder,2
6,705,2018-11-24,Bengaluru Bulls,58,Kashiling Adake,Raider,2
6,705,2018-11-24,Bengaluru Bulls,3115,Amit Sheoran,Defender,4
6,705,2018-11-24,Bengaluru Bulls,318,Pawan Kumar,raider,6
6,705,2018-11-24,Bengaluru Bulls,87,Raju Choudhary,All Rounder,2
6,705,2018-11-24,Tamil Thalaivas,52,Jasvir Singh,Defender,3
6,705,2018-11-24,Tamil Thalaivas,69,Manjeet Chhillar,All Rounder,3
6,705,2018-11-24,Tamil Thalaivas,376,Athul M S,Raider,2
6,705,2018-11-24,Tamil Thalaivas,765,Anil Kumar,Defender,6
6,707,2018-11-25,Dabang Delhi K.C.,251,Meraj Sheykh,All Rounder,1
6,707,2018-11-25,Dabang Delhi K.C.,157,Ravinder Pahal,Defender,5
6,707,2018-11-25,Dabang Delhi K.C.,194,Joginder Narwal,Defender,2
6,707,2018-11-25,Dabang Delhi K.C.,123,Vishal Mane,Defender,0
6,707,2018-11-25,Dabang Delhi K.C.,2296,Naveen Kumar,Raider,10
6,707,2018-11-25,Dabang Delhi K.C.,36,Chandran Ranjit,Raider,5
6,707,2018-11-25,Haryana Steelers,165,Sachin Shingade,Defender,4
6,707,2018-11-25,Haryana Steelers,732,Kuldeep Singh (732),All Rounder,3
6,707,2018-11-25,Haryana Steelers,3106,Sunil ,Defender - Right Corner,2
6,707,2018-11-25,Haryana Steelers,2357,Naveen ,Raider,5
6,706,2018-11-25,Bengaluru Bulls,74,Nithesh B R, ,1
6,706,2018-11-25,Bengaluru Bulls,326,Rohit Kumar,raider,13
6,706,2018-11-25,Bengaluru Bulls,58,Kashiling Adake,Raider,3
6,706,2018-11-25,Bengaluru Bulls,3115,Amit Sheoran,Defender,3
6,706,2018-11-25,Bengaluru Bulls,3096,Ajay , ,1
6,706,2018-11-25,Bengaluru Bulls,318,Pawan Kumar,raider,6
6,706,2018-11-25,Bengaluru Bulls,3099,Ankit ,Defender,1
6,706,2018-11-25,Patna Pirates,3081,Vijay ,all-rounder,0
6,706,2018-11-25,Patna Pirates,763,Manjeet ,raider,4
6,706,2018-11-25,Patna Pirates,728,Manish ,Defender,0
6,706,2018-11-25,Patna Pirates,179,Vikas kale,Defender,2
6,706,2018-11-25,Patna Pirates,211,Deepak Narwal,Raider,4
6,706,2018-11-25,Patna Pirates,579,Jaideep ,Defender,2
6,706,2018-11-25,Patna Pirates,390,Jawahar Dagar, ,5
6,708,2018-11-26,Tamil Thalaivas,69,Manjeet Chhillar,All Rounder,7
6,708,2018-11-26,Tamil Thalaivas,376,Athul M S,Raider,1
6,708,2018-11-26,Tamil Thalaivas,765,Anil Kumar,Defender,1
6,708,2018-11-26,Tamil Thalaivas,111,Sukesh Hegde,Raider,4
6,708,2018-11-26,Tamil Thalaivas,3101,Ponparthiban Subramanian, ,7
6,708,2018-11-26,Telugu Titans,3083,Vishal Bharadwaj,defender,5
6,708,2018-11-26,Telugu Titans,81,Rahul Chaudhari,Raider,6
6,708,2018-11-26,Telugu Titans,489,Abozar Mighani,Defender,1
6,635,2018-11-26,Bengaluru Bulls,769,Mahender Singh,Defender,5
6,635,2018-11-26,Bengaluru Bulls,326,Rohit Kumar,raider,7
6,635,2018-11-26,Bengaluru Bulls,58,Kashiling Adake,Raider,4
6,635,2018-11-26,Bengaluru Bulls,3115,Amit Sheoran,Defender,4
6,635,2018-11-26,Bengaluru Bulls,87,Raju Choudhary,All Rounder,3
6,635,2018-11-26,U.P. Yoddha,218,Sachin Kumar,Defender,3
6,635,2018-11-26,U.P. Yoddha,106,Shrikant Jadhav,raider,12
6,635,2018-11-26,U.P. Yoddha,698,Vishav Chaudhary,Defender - Left Cover,1
6,635,2018-11-26,U.P. Yoddha,3088,Nitesh Kumar,Defender,4
6,635,2018-11-26,U.P. Yoddha,778,Narender , ,2
6,635,2018-11-26,U.P. Yoddha,54,Jeeva Kumar,Defender,2
6,709,2018-11-28,Haryana Steelers,388,Monu Goyat,Raider,11
6,709,2018-11-28,Haryana Steelers,2328,Sudhanshu Tyagi, ,1
6,709,2018-11-28,Haryana Steelers,732,Kuldeep Singh (732),All Rounder,2
6,709,2018-11-28,Haryana Steelers,3106,Sunil ,Defender - Right Corner,3
6,709,2018-11-28,Haryana Steelers,2357,Naveen ,Raider,3
6,709,2018-11-28,Haryana Steelers,366,Vikash Khandola,raider,8
6,709,2018-11-28,Puneri Paltan,365,Akshay Jadhav,Raider,3
6,709,2018-11-28,Puneri Paltan,772,More G B,Raider,6
6,709,2018-11-28,Puneri Paltan,786,Parvesh , ,3
6,709,2018-11-28,Puneri Paltan,142,Sandeep Narwal,all-rounder,7
6,709,2018-11-28,Puneri Paltan,240,Ravi Kumar,Defender,2
6,709,2018-11-28,Puneri Paltan,3082,Monu ,Raider,6
6,710,2018-11-28,Bengaluru Bulls,769,Mahender Singh,Defender,1
6,710,2018-11-28,Bengaluru Bulls,2266,Mahesh Magdum, ,3
6,710,2018-11-28,Bengaluru Bulls,326,Rohit Kumar,raider,8
6,710,2018-11-28,Bengaluru Bulls,202,Ashish Kumar,all-rounder,4
6,710,2018-11-28,Bengaluru Bulls,3115,Amit Sheoran,Defender,5
6,710,2018-11-28,Bengaluru Bulls,87,Raju Choudhary,All Rounder,3
6,710,2018-11-28,Telugu Titans,2274,C Manoj Kumar , ,1
6,710,2018-11-28,Telugu Titans,482,Farhad Milaghardan,Defender,2
6,710,2018-11-28,Telugu Titans,3083,Vishal Bharadwaj,defender,6
6,710,2018-11-28,Telugu Titans,81,Rahul Chaudhari,Raider,6
6,710,2018-11-28,Telugu Titans,567,Mohsen Maghsoudlou,all-rounder,1
6,711,2018-11-29,Puneri Paltan,365,Akshay Jadhav,Raider,2
6,711,2018-11-29,Puneri Paltan,85,Rajesh Mondal,Raider,0
6,711,2018-11-29,Puneri Paltan,161,Girish Maruti Ernak,Defender,4
6,711,2018-11-29,Puneri Paltan,786,Parvesh , ,1
6,711,2018-11-29,Puneri Paltan,142,Sandeep Narwal,all-rounder,7
6,711,2018-11-29,Puneri Paltan,240,Ravi Kumar,Defender,0
6,711,2018-11-29,Gujarat Giants,357,Parvesh Bhainswal,defender,2
6,711,2018-11-29,Gujarat Giants,232,Sachin Vittala,Defender - Left Corner,1
6,711,2018-11-29,Gujarat Giants,2023,Ruturaj Koravi,Defender,4
6,711,2018-11-29,Gujarat Giants,3001,Amit ,Defender,0
6,711,2018-11-29,Gujarat Giants,219,K.Prapanjan ,raider,5
6,711,2018-11-29,Gujarat Giants,389,Ajay Kumar,Raider,0
6,712,2018-11-29,Bengaluru Bulls,769,Mahender Singh,Defender,0
6,712,2018-11-29,Bengaluru Bulls,74,Nithesh B R, ,0
6,712,2018-11-29,Bengaluru Bulls,3091,Harish Naik,All Rounder,9
6,712,2018-11-29,Bengaluru Bulls,326,Rohit Kumar,raider,9
6,712,2018-11-29,Bengaluru Bulls,202,Ashish Kumar,all-rounder,4
6,712,2018-11-29,Bengaluru Bulls,3115,Amit Sheoran,Defender,2
6,712,2018-11-29,Bengaluru Bulls,318,Pawan Kumar,raider,7
6,712,2018-11-29,Bengal Warriors,621,Baldev Singh,Defender - Right Corner,1
6,712,2018-11-29,Bengal Warriors,160,Ran Singh,All Rounder,4
6,713,2018-11-30,Dabang Delhi K.C.,251,Meraj Sheykh,All Rounder,15
6,713,2018-11-30,Dabang Delhi K.C.,157,Ravinder Pahal,Defender,5
6,713,2018-11-30,Dabang Delhi K.C.,194,Joginder Narwal,Defender,2
6,713,2018-11-30,Dabang Delhi K.C.,86,Rajesh Narwal,All Rounder,0
6,713,2018-11-30,Dabang Delhi K.C.,123,Vishal Mane,Defender,0
6,713,2018-11-30,Dabang Delhi K.C.,2296,Naveen Kumar,Raider,9
6,713,2018-11-30,Dabang Delhi K.C.,36,Chandran Ranjit,Raider,9
6,713,2018-11-30,Jaipur Pink Panthers,3097,Ajinkya Ashok Pawar,Raider,6
6,714,2018-11-30,Tamil Thalaivas,52,Jasvir Singh,Defender,3
6,714,2018-11-30,Tamil Thalaivas,26,Ajay Thakur,Raider,16
6,714,2018-11-30,Tamil Thalaivas,765,Anil Kumar,Defender,0
6,714,2018-11-30,Tamil Thalaivas,3085,Prathap ,All Rounder,4
6,714,2018-11-30,Tamil Thalaivas,111,Sukesh Hegde,Raider,4
6,714,2018-11-30,Tamil Thalaivas,3101,Ponparthiban Subramanian, ,1
6,714,2018-11-30,Patna Pirates,3081,Vijay ,all-rounder,2
6,714,2018-11-30,Patna Pirates,763,Manjeet ,raider,7
6,714,2018-11-30,Patna Pirates,179,Vikas kale,Defender,2
6,714,2018-11-30,Patna Pirates,579,Jaideep ,Defender,3
6,714,2018-11-30,Patna Pirates,197,Pardeep Narwal,Raider,11
6,714,2018-11-30,Patna Pirates,14,Taedeok Eom, ,0
6,715,2018-12-01,Dabang Delhi K.C.,157,Ravinder Pahal,Defender,1
6,715,2018-12-01,Dabang Delhi K.C.,245,Yogesh Hooda,Raider,2
6,715,2018-12-01,Dabang Delhi K.C.,2296,Naveen Kumar,Raider,12
6,715,2018-12-01,U Mumba,259,Fazel Atrachali,defender,3
6,715,2018-12-01,U Mumba,96,Rohit Rana,All Rounder,2
6,715,2018-12-01,U Mumba,42,Dharmaraj Cheralathan,Defender,0
6,715,2018-12-01,U Mumba,2026,Siddharth Desai,Raider,19
6,715,2018-12-01,U Mumba,300,Abolfazel Maghsodlo,Raider,1
6,715,2018-12-01,U Mumba,261,Rohit Baliyan,Raider,5
6,715,2018-12-01,U Mumba,3086,Surinder Singh,Defender,3
6,716,2018-12-02,U Mumba,96,Rohit Rana,All Rounder,6
6,716,2018-12-02,U Mumba,42,Dharmaraj Cheralathan,Defender,6
6,716,2018-12-02,U Mumba,300,Abolfazel Maghsodlo,Raider,3
6,716,2018-12-02,U Mumba,84,Rajaguru Subramanian,Defender,1
6,716,2018-12-02,U Mumba,261,Rohit Baliyan,Raider,6
6,716,2018-12-02,Gujarat Giants,357,Parvesh Bhainswal,defender,3
6,716,2018-12-02,Gujarat Giants,232,Sachin Vittala,Defender - Left Corner,2
6,716,2018-12-02,Gujarat Giants,2023,Ruturaj Koravi,Defender,3
6,716,2018-12-02,Gujarat Giants,757,Sachin ,Raider,8
6,717,2018-12-02,Dabang Delhi K.C.,251,Meraj Sheykh,All Rounder,7
6,717,2018-12-02,Dabang Delhi K.C.,157,Ravinder Pahal,Defender,3
6,717,2018-12-02,Dabang Delhi K.C.,194,Joginder Narwal,Defender,2
6,717,2018-12-02,Dabang Delhi K.C.,86,Rajesh Narwal,All Rounder,0
6,717,2018-12-02,Dabang Delhi K.C.,123,Vishal Mane,Defender,4
6,717,2018-12-02,Dabang Delhi K.C.,36,Chandran Ranjit,Raider,3
6,717,2018-12-02,Puneri Paltan,85,Rajesh Mondal,Raider,1
6,717,2018-12-02,Puneri Paltan,3084,Rinku Narwal,Defender,3
6,717,2018-12-02,Puneri Paltan,786,Parvesh , ,0
6,717,2018-12-02,Puneri Paltan,142,Sandeep Narwal,all-rounder,4
6,717,2018-12-02,Puneri Paltan,240,Ravi Kumar,Defender,0
6,718,2018-12-04,Patna Pirates,3081,Vijay ,all-rounder,3
6,718,2018-12-04,Patna Pirates,121,Vikash Jaglan,all-rounder,4
6,718,2018-12-04,Patna Pirates,763,Manjeet ,raider,4
6,718,2018-12-04,Patna Pirates,728,Manish ,Defender,4
6,718,2018-12-04,Patna Pirates,211,Deepak Narwal,Raider,4
6,718,2018-12-04,Patna Pirates,579,Jaideep ,Defender,1
6,718,2018-12-04,Patna Pirates,390,Jawahar Dagar, ,5
6,718,2018-12-04,Gujarat Giants,357,Parvesh Bhainswal,defender,8
6,718,2018-12-04,Gujarat Giants,232,Sachin Vittala,Defender - Left Corner,1
6,718,2018-12-04,Gujarat Giants,368,Sunil Kumar,Defender,3
6,718,2018-12-04,Gujarat Giants,757,Sachin ,Raider,10
6,719,2018-12-04,Dabang Delhi K.C.,251,Meraj Sheykh,All Rounder,9
6,719,2018-12-04,Dabang Delhi K.C.,157,Ravinder Pahal,Defender,0
6,719,2018-12-04,Dabang Delhi K.C.,194,Joginder Narwal,Defender,0
6,719,2018-12-04,Dabang Delhi K.C.,386,Anil Kumar,Raider,0
6,719,2018-12-04,Dabang Delhi K.C.,2296,Naveen Kumar,Raider,3
6,719,2018-12-04,Dabang Delhi K.C.,773,Satpal ,Defender,2
6,719,2018-12-04,Dabang Delhi K.C.,36,Chandran Ranjit,Raider,5
6,719,2018-12-04,Telugu Titans,2274,C Manoj Kumar , ,1
6,719,2018-12-04,Telugu Titans,3083,Vishal Bharadwaj,defender,1
6,719,2018-12-04,Telugu Titans,81,Rahul Chaudhari,Raider,8
6,719,2018-12-04,Telugu Titans,489,Abozar Mighani,Defender,2
6,719,2018-12-04,Telugu Titans,567,Mohsen Maghsoudlou,all-rounder,2
6,719,2018-12-04,Telugu Titans,2336,Anuj Kumar, ,1
6,719,2018-12-04,Telugu Titans,3090,Rakshith ,All Rounder,4
6,720,2018-12-05,Haryana Steelers,388,Monu Goyat,Raider,12
6,720,2018-12-05,Haryana Steelers,3045,Mayur Shivtarkar,All Rounder,2
6,720,2018-12-05,Haryana Steelers,2328,Sudhanshu Tyagi, ,0
6,720,2018-12-05,Haryana Steelers,732,Kuldeep Singh (732),All Rounder,1
6,720,2018-12-05,Haryana Steelers,3106,Sunil ,Defender - Right Corner,3
6,720,2018-12-05,Haryana Steelers,366,Vikash Khandola,raider,5
6,720,2018-12-05,Bengal Warriors,621,Baldev Singh,Defender - Right Corner,2
6,720,2018-12-05,Bengal Warriors,3094,Ravindra Kumavat,raider,7
6,720,2018-12-05,Bengal Warriors,143,Maninder Singh,raider,11
6,720,2018-12-05,Bengal Warriors,160,Ran Singh,All Rounder,2
6,721,2018-12-05,Dabang Delhi K.C.,194,Joginder Narwal,Defender,1
6,721,2018-12-05,Dabang Delhi K.C.,123,Vishal Mane,Defender,1
6,721,2018-12-05,Dabang Delhi K.C.,773,Satpal ,Defender,2
6,721,2018-12-05,Dabang Delhi K.C.,36,Chandran Ranjit,Raider,9
6,721,2018-12-05,Bengaluru Bulls,769,Mahender Singh,Defender,0
6,721,2018-12-05,Bengaluru Bulls,326,Rohit Kumar,raider,12
6,721,2018-12-05,Bengaluru Bulls,3115,Amit Sheoran,Defender,2
6,721,2018-12-05,Bengaluru Bulls,3096,Ajay , ,0
6,721,2018-12-05,Bengaluru Bulls,318,Pawan Kumar,raider,10
6,721,2018-12-05,Bengaluru Bulls,2021,Anand V,Raider,2
6,721,2018-12-05,Bengaluru Bulls,87,Raju Choudhary,All Rounder,1
6,722,2018-12-06,U.P. Yoddha,3088,Nitesh Kumar,Defender,4
6,722,2018-12-06,U.P. Yoddha,778,Narender , ,0
6,722,2018-12-06,U.P. Yoddha,54,Jeeva Kumar,Defender,2
6,722,2018-12-06,U.P. Yoddha,218,Sachin Kumar,Defender,6
6,722,2018-12-06,U.P. Yoddha,347,Sagar B Krishna,All Rounder,0
6,722,2018-12-06,Haryana Steelers,3100,Parveen ,Defender - Left Cover,1
6,722,2018-12-06,Haryana Steelers,2328,Sudhanshu Tyagi, ,0
6,722,2018-12-06,Haryana Steelers,732,Kuldeep Singh (732),All Rounder,3
6,722,2018-12-06,Haryana Steelers,3106,Sunil ,Defender - Right Corner,0
6,722,2018-12-06,Haryana Steelers,366,Vikash Khandola,raider,7
6,723,2018-12-06,Dabang Delhi K.C.,2296,Naveen Kumar,Raider,8
6,723,2018-12-06,Dabang Delhi K.C.,36,Chandran Ranjit,Raider,1
6,723,2018-12-06,Tamil Thalaivas,52,Jasvir Singh,Defender,0
6,723,2018-12-06,Tamil Thalaivas,69,Manjeet Chhillar,All Rounder,2
6,723,2018-12-06,Tamil Thalaivas,26,Ajay Thakur,Raider,14
6,723,2018-12-06,Tamil Thalaivas,765,Anil Kumar,Defender,1
6,723,2018-12-06,Tamil Thalaivas,212,Amit Hooda,Defender,0
6,723,2018-12-06,Tamil Thalaivas,111,Sukesh Hegde,Raider,5
6,723,2018-12-06,Tamil Thalaivas,191,C.Arun ,Defender,0
6,724,2018-12-07,Telugu Titans,482,Farhad Milaghardan,Defender,3
6,724,2018-12-07,Telugu Titans,567,Mohsen Maghsoudlou,all-rounder,1
6,724,2018-12-07,Gujarat Giants,357,Parvesh Bhainswal,defender,3
6,724,2018-12-07,Gujarat Giants,232,Sachin Vittala,Defender - Left Corner,1
6,724,2018-12-07,Gujarat Giants,368,Sunil Kumar,Defender,1
6,724,2018-12-07,Gujarat Giants,2023,Ruturaj Koravi,Defender,0
6,724,2018-12-07,Gujarat Giants,219,K.Prapanjan ,raider,10
6,724,2018-12-07,Gujarat Giants,389,Ajay Kumar,Raider,1
6,724,2018-12-07,Gujarat Giants,757,Sachin ,Raider,9
6,725,2018-12-07,Patna Pirates,3081,Vijay ,all-rounder,4
6,725,2018-12-07,Patna Pirates,728,Manish ,Defender,2
6,725,2018-12-07,Patna Pirates,242,Tushar Patil,Raider,0
6,725,2018-12-07,Puneri Paltan,3102,Sandeep , ,4
6,725,2018-12-07,Puneri Paltan,772,More G B,Raider,13
6,725,2018-12-07,Puneri Paltan,161,Girish Maruti Ernak,Defender,0
6,725,2018-12-07,Puneri Paltan,142,Sandeep Narwal,all-rounder,7
6,725,2018-12-07,Puneri Paltan,3103,Shubham Shinde,Defender - Right corner,2
6,726,2018-12-08,U Mumba,259,Fazel Atrachali,defender,4
6,726,2018-12-08,U Mumba,96,Rohit Rana,All Rounder,1
6,726,2018-12-08,U Mumba,42,Dharmaraj Cheralathan,Defender,3
6,726,2018-12-08,U Mumba,261,Rohit Baliyan,Raider,4
6,726,2018-12-08,U Mumba,3086,Surinder Singh,Defender,4
6,726,2018-12-08,Bengal Warriors,536,Ziaur Rahman,Defender,0
6,726,2018-12-08,Bengal Warriors,233,Manoj Dhull,Defender,1
6,726,2018-12-08,Bengal Warriors,322,Surjeet Singh,Defender,1
6,726,2018-12-08,Bengal Warriors,3094,Ravindra Kumavat,raider,2
6,726,2018-12-08,Bengal Warriors,143,Maninder Singh,raider,5
6,726,2018-12-08,Bengal Warriors,160,Ran Singh,All Rounder,4
6,727,2018-12-08,Telugu Titans,3083,Vishal Bharadwaj,defender,2
6,727,2018-12-08,Telugu Titans,311,Anil Kumar, ,4
6,727,2018-12-08,Telugu Titans,81,Rahul Chaudhari,Raider,8
6,727,2018-12-08,Telugu Titans,2336,Anuj Kumar, ,2
6,727,2018-12-08,Jaipur Pink Panthers,41,Deepak Hooda,all-rounder,10
6,727,2018-12-08,Jaipur Pink Panthers,599,Lokesh Kaushik, ,2
6,727,2018-12-08,Jaipur Pink Panthers,3065,Nitin Rawal,all-rounder,0
6,727,2018-12-08,Jaipur Pink Panthers,519,Young Chang Ko,Defender,0
6,727,2018-12-08,Jaipur Pink Panthers,3097,Ajinkya Ashok Pawar,Raider,6
6,727,2018-12-08,Jaipur Pink Panthers,290,Sandeep Dhull,Defender,5
6,728,2018-12-09,Tamil Thalaivas,2335,Vimal Raj V, ,0
6,728,2018-12-09,Tamil Thalaivas,212,Amit Hooda,Defender,3
6,728,2018-12-09,Tamil Thalaivas,111,Sukesh Hegde,Raider,6
6,728,2018-12-09,Tamil Thalaivas,207,Sunil ,All Rounder,3
6,728,2018-12-09,Tamil Thalaivas,191,C.Arun ,Defender,1
6,728,2018-12-09,Jaipur Pink Panthers,708,N. Shiva Ramakrishna, ,2
6,728,2018-12-09,Jaipur Pink Panthers,613,Sunil Siddhgavali,defender,6
6,728,2018-12-09,Jaipur Pink Panthers,3133,Amit Kumar, ,1
6,728,2018-12-09,Jaipur Pink Panthers,290,Sandeep Dhull,Defender,3
6,729,2018-12-09,Telugu Titans,293,Nilesh Salunke,Defender,7
6,729,2018-12-09,Telugu Titans,482,Farhad Milaghardan,Defender,0
6,729,2018-12-09,Telugu Titans,3083,Vishal Bharadwaj,defender,6
6,729,2018-12-09,Telugu Titans,311,Anil Kumar, ,3
6,729,2018-12-09,Telugu Titans,81,Rahul Chaudhari,Raider,12
6,729,2018-12-09,Telugu Titans,489,Abozar Mighani,Defender,2
6,729,2018-12-09,Haryana Steelers,165,Sachin Shingade,Defender,0
6,729,2018-12-09,Haryana Steelers,732,Kuldeep Singh (732),All Rounder,3
6,729,2018-12-09,Haryana Steelers,2357,Naveen ,Raider,1
6,729,2018-12-09,Haryana Steelers,366,Vikash Khandola,raider,7
6,730,2018-12-11,Dabang Delhi K.C.,105,Shabeer Bappu,Defender,5
6,730,2018-12-11,Dabang Delhi K.C.,792,Tushar Bhoir,Defender,0
6,730,2018-12-11,Dabang Delhi K.C.,773,Satpal ,Defender,5
6,730,2018-12-11,U Mumba,259,Fazel Atrachali,defender,5
6,730,2018-12-11,U Mumba,2024,Arjun Deshwal,Raider,4
6,730,2018-12-11,U Mumba,96,Rohit Rana,All Rounder,0
6,730,2018-12-11,U Mumba,2026,Siddharth Desai,Raider,12
6,730,2018-12-11,U Mumba,3087,Subash E,All Rounder,1
6,730,2018-12-11,U Mumba,261,Rohit Baliyan,Raider,8
6,730,2018-12-11,U Mumba,3086,Surinder Singh,Defender,4
6,731,2018-12-11,Telugu Titans,3083,Vishal Bharadwaj,defender,1
6,731,2018-12-11,Telugu Titans,81,Rahul Chaudhari,Raider,6
6,731,2018-12-11,Telugu Titans,489,Abozar Mighani,Defender,6
6,731,2018-12-11,Telugu Titans,2307,Kamal Singh , ,0
6,731,2018-12-11,Telugu Titans,3090,Rakshith ,All Rounder,1
6,731,2018-12-11,U.P. Yoddha,3088,Nitesh Kumar,Defender,5
6,731,2018-12-11,U.P. Yoddha,778,Narender , ,2
6,731,2018-12-11,U.P. Yoddha,155,Prashanth Rai,raider,8
6,731,2018-12-11,U.P. Yoddha,54,Jeeva Kumar,Defender,2
6,731,2018-12-11,U.P. Yoddha,106,Shrikant Jadhav,raider,3
6,731,2018-12-11,U.P. Yoddha,347,Sagar B Krishna,All Rounder,0
6,732,2018-12-12,Haryana Steelers,388,Monu Goyat,Raider,11
6,732,2018-12-12,Haryana Steelers,3100,Parveen ,Defender - Left Cover,2
6,732,2018-12-12,Haryana Steelers,732,Kuldeep Singh (732),All Rounder,2
6,732,2018-12-12,Haryana Steelers,2357,Naveen ,Raider,7
6,732,2018-12-12,Gujarat Giants,357,Parvesh Bhainswal,defender,4
6,732,2018-12-12,Gujarat Giants,232,Sachin Vittala,Defender - Left Corner,2
6,732,2018-12-12,Gujarat Giants,2023,Ruturaj Koravi,Defender,1
6,732,2018-12-12,Gujarat Giants,219,K.Prapanjan ,raider,12
6,732,2018-12-12,Gujarat Giants,249,Hadi Oshtorak,All Rounder,3
6,733,2018-12-12,Telugu Titans,2274,C Manoj Kumar , ,2
6,733,2018-12-12,Telugu Titans,81,Rahul Chaudhari,Raider,4
6,733,2018-12-12,Telugu Titans,2307,Kamal Singh , ,4
6,733,2018-12-12,Bengaluru Bulls,769,Mahender Singh,Defender,5
6,733,2018-12-12,Bengaluru Bulls,3091,Harish Naik,All Rounder,4
6,733,2018-12-12,Bengaluru Bulls,326,Rohit Kumar,raider,2
6,733,2018-12-12,Bengaluru Bulls,202,Ashish Kumar,all-rounder,1
6,733,2018-12-12,Bengaluru Bulls,3115,Amit Sheoran,Defender,4
6,733,2018-12-12,Bengaluru Bulls,318,Pawan Kumar,raider,13
6,733,2018-12-12,Bengaluru Bulls,87,Raju Choudhary,All Rounder,2
6,734,2018-12-13,Telugu Titans,293,Nilesh Salunke,Defender,9
6,734,2018-12-13,Telugu Titans,3083,Vishal Bharadwaj,defender,4
6,734,2018-12-13,Telugu Titans,81,Rahul Chaudhari,Raider,13
6,734,2018-12-13,Telugu Titans,489,Abozar Mighani,Defender,1
6,734,2018-12-13,Telugu Titans,567,Mohsen Maghsoudlou,all-rounder,5
6,734,2018-12-13,Patna Pirates,3081,Vijay ,all-rounder,6
6,734,2018-12-13,Patna Pirates,728,Manish ,Defender,2
6,734,2018-12-13,Patna Pirates,179,Vikas kale,Defender,3
6,734,2018-12-13,Patna Pirates,579,Jaideep ,Defender,4
6,734,2018-12-13,Patna Pirates,768,Vijay Kumar,Defender,2
6,735,2018-12-14,Jaipur Pink Panthers,576,Anand Patil,Raider,2
6,735,2018-12-14,Jaipur Pink Panthers,41,Deepak Hooda,all-rounder,8
6,735,2018-12-14,Jaipur Pink Panthers,3133,Amit Kumar, ,5
6,735,2018-12-14,Jaipur Pink Panthers,3097,Ajinkya Ashok Pawar,Raider,4
6,735,2018-12-14,Jaipur Pink Panthers,290,Sandeep Dhull,Defender,2
6,735,2018-12-14,Jaipur Pink Panthers,3076,Santhapanaselvam ,All Rounder,2
6,735,2018-12-14,Puneri Paltan,3102,Sandeep , ,4
6,735,2018-12-14,Puneri Paltan,772,More G B,Raider,5
6,735,2018-12-14,Puneri Paltan,161,Girish Maruti Ernak,Defender,3
6,735,2018-12-14,Puneri Paltan,240,Ravi Kumar,Defender,2
6,736,2018-12-14,Bengal Warriors,536,Ziaur Rahman,Defender,1
6,736,2018-12-14,Bengal Warriors,12,Jang Lee,Raider,2
6,736,2018-12-14,Bengal Warriors,322,Surjeet Singh,Defender,6
6,736,2018-12-14,Bengal Warriors,143,Maninder Singh,raider,7
6,736,2018-12-14,Bengal Warriors,34,Bhupender Singh,All Rounder,5
6,736,2018-12-14,Bengal Warriors,160,Ran Singh,All Rounder,3
6,736,2018-12-14,Tamil Thalaivas,52,Jasvir Singh,Defender,0
6,736,2018-12-14,Tamil Thalaivas,26,Ajay Thakur,Raider,5
6,736,2018-12-14,Tamil Thalaivas,212,Amit Hooda,Defender,8
6,736,2018-12-14,Tamil Thalaivas,111,Sukesh Hegde,Raider,4
6,736,2018-12-14,Tamil Thalaivas,207,Sunil ,All Rounder,1
6,736,2018-12-14,Tamil Thalaivas,191,C.Arun ,Defender,2
6,737,2018-12-15,U.P. Yoddha,3088,Nitesh Kumar,Defender,5
6,737,2018-12-15,U.P. Yoddha,778,Narender , ,0
6,737,2018-12-15,U.P. Yoddha,155,Prashanth Rai,raider,12
6,737,2018-12-15,Tamil Thalaivas,69,Manjeet Chhillar,All Rounder,1
6,737,2018-12-15,Tamil Thalaivas,376,Athul M S,Raider,3
6,737,2018-12-15,Tamil Thalaivas,26,Ajay Thakur,Raider,6
6,737,2018-12-15,Tamil Thalaivas,212,Amit Hooda,Defender,5
6,737,2018-12-15,Tamil Thalaivas,3085,Prathap ,All Rounder,3
6,737,2018-12-15,Tamil Thalaivas,111,Sukesh Hegde,Raider,2
6,737,2018-12-15,Tamil Thalaivas,191,C.Arun ,Defender,0
6,738,2018-12-15,Jaipur Pink Panthers,41,Deepak Hooda,all-rounder,13
6,738,2018-12-15,Jaipur Pink Panthers,44,Gangadhari Mallesh,All Rounder,0
6,738,2018-12-15,Jaipur Pink Panthers,613,Sunil Siddhgavali,defender,0
6,738,2018-12-15,Jaipur Pink Panthers,3097,Ajinkya Ashok Pawar,Raider,3
6,738,2018-12-15,Jaipur Pink Panthers,290,Sandeep Dhull,Defender,3
6,738,2018-12-15,Jaipur Pink Panthers,3076,Santhapanaselvam ,All Rounder,2
6,738,2018-12-15,U Mumba,259,Fazel Atrachali,defender,1
6,738,2018-12-15,U Mumba,42,Dharmaraj Cheralathan,Defender,1
6,738,2018-12-15,U Mumba,2026,Siddharth Desai,Raider,14
6,738,2018-12-15,U Mumba,718,R. Sriram ,All Rounder,0
6,738,2018-12-15,U Mumba,261,Rohit Baliyan,Raider,7
6,738,2018-12-15,U Mumba,3086,Surinder Singh,Defender,3
6,739,2018-12-16,Patna Pirates,3081,Vijay ,all-rounder,1
6,739,2018-12-16,Patna Pirates,121,Vikash Jaglan,all-rounder,5
6,739,2018-12-16,Patna Pirates,763,Manjeet ,raider,10
6,739,2018-12-16,Patna Pirates,728,Manish ,Defender,2
6,739,2018-12-16,Patna Pirates,579,Jaideep ,Defender,1
6,739,2018-12-16,Patna Pirates,197,Pardeep Narwal,Raider,2
6,739,2018-12-16,Patna Pirates,242,Tushar Patil,Raider,4
6,739,2018-12-16,U.P. Yoddha,3088,Nitesh Kumar,Defender,2
6,739,2018-12-16,U.P. Yoddha,155,Prashanth Rai,raider,11
6,739,2018-12-16,U.P. Yoddha,54,Jeeva Kumar,Defender,4
6,739,2018-12-16,U.P. Yoddha,2316,Azad Singh, ,8
6,740,2018-12-16,Jaipur Pink Panthers,3133,Amit Kumar, ,0
6,740,2018-12-16,Jaipur Pink Panthers,3097,Ajinkya Ashok Pawar,Raider,8
6,740,2018-12-16,Jaipur Pink Panthers,3076,Santhapanaselvam ,All Rounder,2
6,740,2018-12-16,Gujarat Giants,357,Parvesh Bhainswal,defender,4
6,740,2018-12-16,Gujarat Giants,3023,Rohit Gulia,All Rounder,3
6,740,2018-12-16,Gujarat Giants,232,Sachin Vittala,Defender - Left Corner,1
6,740,2018-12-16,Gujarat Giants,368,Sunil Kumar,Defender,3
6,740,2018-12-16,Gujarat Giants,219,K.Prapanjan ,raider,5
6,740,2018-12-16,Gujarat Giants,757,Sachin ,Raider,7
6,741,2018-12-18,Bengaluru Bulls,326,Rohit Kumar,raider,7
6,741,2018-12-18,Bengaluru Bulls,202,Ashish Kumar,all-rounder,4
6,741,2018-12-18,Bengaluru Bulls,58,Kashiling Adake,Raider,3
6,741,2018-12-18,Bengaluru Bulls,3115,Amit Sheoran,Defender,5
6,741,2018-12-18,Bengaluru Bulls,318,Pawan Kumar,raider,13
6,741,2018-12-18,Bengaluru Bulls,87,Raju Choudhary,All Rounder,0
6,741,2018-12-18,Telugu Titans,2274,C Manoj Kumar , ,0
6,741,2018-12-18,Telugu Titans,3083,Vishal Bharadwaj,defender,2
6,741,2018-12-18,Telugu Titans,81,Rahul Chaudhari,Raider,13
6,741,2018-12-18,Telugu Titans,2336,Anuj Kumar, ,0
6,741,2018-12-18,Telugu Titans,3090,Rakshith ,All Rounder,0
6,742,2018-12-18,Jaipur Pink Panthers,41,Deepak Hooda,all-rounder,12
6,742,2018-12-18,Jaipur Pink Panthers,264,Selvamani K ,raider,7
6,742,2018-12-18,Jaipur Pink Panthers,613,Sunil Siddhgavali,defender,5
6,742,2018-12-18,Jaipur Pink Panthers,519,Young Chang Ko,Defender,1
6,742,2018-12-18,Jaipur Pink Panthers,3097,Ajinkya Ashok Pawar,Raider,5
6,742,2018-12-18,Jaipur Pink Panthers,290,Sandeep Dhull,Defender,4
6,742,2018-12-18,Jaipur Pink Panthers,3076,Santhapanaselvam ,All Rounder,0
6,742,2018-12-18,Haryana Steelers,3045,Mayur Shivtarkar,All Rounder,2
6,742,2018-12-18,Haryana Steelers,3100,Parveen ,Defender - Left Cover,0
6,742,2018-12-18,Haryana Steelers,2357,Naveen ,Raider,6
6,742,2018-12-18,Haryana Steelers,366,Vikash Khandola,raider,7
6,743,2018-12-19,Patna Pirates,121,Vikash Jaglan,all-rounder,4
6,743,2018-12-19,Patna Pirates,763,Manjeet ,raider,2
6,743,2018-12-19,Patna Pirates,179,Vikas kale,Defender,3
6,743,2018-12-19,Patna Pirates,579,Jaideep ,Defender,0
6,743,2018-12-19,Patna Pirates,390,Jawahar Dagar, ,0
6,743,2018-12-19,Bengaluru Bulls,769,Mahender Singh,Defender,6
6,743,2018-12-19,Bengaluru Bulls,326,Rohit Kumar,raider,16
6,743,2018-12-19,Bengaluru Bulls,202,Ashish Kumar,all-rounder,0
6,743,2018-12-19,Bengaluru Bulls,3115,Amit Sheoran,Defender,1
6,743,2018-12-19,Bengaluru Bulls,87,Raju Choudhary,All Rounder,1
6,744,2018-12-19,Jaipur Pink Panthers,41,Deepak Hooda,all-rounder,4
6,744,2018-12-19,Jaipur Pink Panthers,599,Lokesh Kaushik, ,0
6,744,2018-12-19,Jaipur Pink Panthers,613,Sunil Siddhgavali,defender,2
6,744,2018-12-19,Jaipur Pink Panthers,519,Young Chang Ko,Defender,0
6,744,2018-12-19,Jaipur Pink Panthers,3097,Ajinkya Ashok Pawar,Raider,9
6,744,2018-12-19,Jaipur Pink Panthers,290,Sandeep Dhull,Defender,6
6,744,2018-12-19,Gujarat Giants,357,Parvesh Bhainswal,defender,4
6,744,2018-12-19,Gujarat Giants,3023,Rohit Gulia,All Rounder,1
6,744,2018-12-19,Gujarat Giants,757,Sachin ,Raider,8
6,745,2018-12-20,Jaipur Pink Panthers,41,Deepak Hooda,all-rounder,8
6,745,2018-12-20,Jaipur Pink Panthers,44,Gangadhari Mallesh,All Rounder,1
6,745,2018-12-20,Jaipur Pink Panthers,264,Selvamani K ,raider,11
6,745,2018-12-20,Jaipur Pink Panthers,613,Sunil Siddhgavali,defender,0
6,745,2018-12-20,Jaipur Pink Panthers,3097,Ajinkya Ashok Pawar,Raider,7
6,745,2018-12-20,Jaipur Pink Panthers,290,Sandeep Dhull,Defender,6
6,745,2018-12-20,Jaipur Pink Panthers,3076,Santhapanaselvam ,All Rounder,0
6,745,2018-12-20,Dabang Delhi K.C.,386,Anil Kumar,Raider,4
6,745,2018-12-20,Dabang Delhi K.C.,792,Tushar Bhoir,Defender,0
6,745,2018-12-20,Dabang Delhi K.C.,3159,Vishal ,defender,2
6,745,2018-12-20,Dabang Delhi K.C.,251,Meraj Sheykh,All Rounder,6
6,745,2018-12-20,Dabang Delhi K.C.,156,Pawan Kumar,Raider,9
6,749,2018-12-23,Bengal Warriors,12,Jang Lee,Raider,4
6,749,2018-12-23,Bengal Warriors,233,Manoj Dhull,Defender,2
6,749,2018-12-23,Bengal Warriors,322,Surjeet Singh,Defender,2
6,749,2018-12-23,Bengal Warriors,34,Bhupender Singh,All Rounder,5
6,749,2018-12-23,Bengal Warriors,160,Ran Singh,All Rounder,3
6,749,2018-12-23,Bengal Warriors,185,Vijin Thangadurai,Defender,0
6,749,2018-12-23,Dabang Delhi K.C.,251,Meraj Sheykh,All Rounder,13
6,749,2018-12-23,Dabang Delhi K.C.,157,Ravinder Pahal,Defender,2
6,749,2018-12-23,Dabang Delhi K.C.,194,Joginder Narwal,Defender,2
6,749,2018-12-23,Dabang Delhi K.C.,123,Vishal Mane,Defender,1
6,749,2018-12-23,Dabang Delhi K.C.,2296,Naveen Kumar,Raider,6
6,749,2018-12-23,Dabang Delhi K.C.,773,Satpal ,Defender,1
6,749,2018-12-23,Dabang Delhi K.C.,36,Chandran Ranjit,Raider,4
6,747,2018-12-22,U Mumba,259,Fazel Atrachali,defender,2
6,747,2018-12-22,U Mumba,300,Abolfazel Maghsodlo,Raider,5
6,747,2018-12-22,U Mumba,261,Rohit Baliyan,Raider,10
6,747,2018-12-22,U Mumba,3086,Surinder Singh,Defender,4
6,747,2018-12-22,U Mumba,324,DARSHAN ,Raider,3
6,747,2018-12-22,U.P. Yoddha,778,Narender , ,2
6,747,2018-12-22,U.P. Yoddha,155,Prashanth Rai,raider,8
6,747,2018-12-22,U.P. Yoddha,94,Rishank Devadiga,Raider,7
6,747,2018-12-22,U.P. Yoddha,347,Sagar B Krishna,All Rounder,0
6,748,2018-12-22,Bengal Warriors,12,Jang Lee,Raider,3
6,748,2018-12-22,Bengal Warriors,322,Surjeet Singh,Defender,4
6,748,2018-12-22,Bengal Warriors,34,Bhupender Singh,All Rounder,0
6,748,2018-12-22,Bengal Warriors,160,Ran Singh,All Rounder,4
6,748,2018-12-22,Patna Pirates,3081,Vijay ,all-rounder,8
6,748,2018-12-22,Patna Pirates,121,Vikash Jaglan,all-rounder,3
6,748,2018-12-22,Patna Pirates,728,Manish ,Defender,0
6,748,2018-12-22,Patna Pirates,179,Vikas kale,Defender,0
6,748,2018-12-22,Patna Pirates,579,Jaideep ,Defender,2
6,748,2018-12-22,Patna Pirates,197,Pardeep Narwal,Raider,7
6,748,2018-12-22,Patna Pirates,390,Jawahar Dagar, ,1
6,750,2018-12-21,Bengal Warriors,621,Baldev Singh,Defender - Right Corner,2
6,750,2018-12-21,Bengal Warriors,3094,Ravindra Kumavat,raider,0
6,750,2018-12-21,Bengal Warriors,143,Maninder Singh,raider,7
6,750,2018-12-21,Bengal Warriors,160,Ran Singh,All Rounder,4
6,750,2018-12-21,Bengal Warriors,185,Vijin Thangadurai,Defender,1
6,750,2018-12-21,Tamil Thalaivas,376,Athul M S,Raider,4
6,750,2018-12-21,Tamil Thalaivas,212,Amit Hooda,Defender,2
6,750,2018-12-21,Tamil Thalaivas,3085,Prathap ,All Rounder,0
6,750,2018-12-21,Tamil Thalaivas,191,C.Arun ,Defender,2
6,746,2018-12-21,Puneri Paltan,85,Rajesh Mondal,Raider,2
6,746,2018-12-21,Puneri Paltan,772,More G B,Raider,10
6,746,2018-12-21,Puneri Paltan,161,Girish Maruti Ernak,Defender,3
6,746,2018-12-21,Puneri Paltan,142,Sandeep Narwal,all-rounder,4
6,746,2018-12-21,Puneri Paltan,240,Ravi Kumar,Defender,5
6,746,2018-12-21,Telugu Titans,2274,C Manoj Kumar , ,3
6,746,2018-12-21,Telugu Titans,293,Nilesh Salunke,Defender,3
6,746,2018-12-21,Telugu Titans,482,Farhad Milaghardan,Defender,5
6,746,2018-12-21,Telugu Titans,3083,Vishal Bharadwaj,defender,3
6,746,2018-12-21,Telugu Titans,311,Anil Kumar, ,0
6,746,2018-12-21,Telugu Titans,81,Rahul Chaudhari,Raider,1
6,751,2018-12-25,Haryana Steelers,388,Monu Goyat,Raider,17
6,751,2018-12-25,Haryana Steelers,3045,Mayur Shivtarkar,All Rounder,0
6,751,2018-12-25,Haryana Steelers,3100,Parveen ,Defender - Left Cover,4
6,751,2018-12-25,Haryana Steelers,732,Kuldeep Singh (732),All Rounder,1
6,751,2018-12-25,Haryana Steelers,3106,Sunil ,Defender - Right Corner,2
6,751,2018-12-25,Haryana Steelers,2357,Naveen ,Raider,3
6,751,2018-12-25,Haryana Steelers,366,Vikash Khandola,raider,10
6,751,2018-12-25,Tamil Thalaivas,212,Amit Hooda,Defender,4
6,751,2018-12-25,Tamil Thalaivas,3085,Prathap ,All Rounder,2
6,751,2018-12-25,Tamil Thalaivas,2325,Anand , ,8
6,751,2018-12-25,Tamil Thalaivas,191,C.Arun ,Defender,1
6,752,2018-12-25,Bengal Warriors,12,Jang Lee,Raider,5
6,752,2018-12-25,Bengal Warriors,233,Manoj Dhull,Defender,0
6,752,2018-12-25,Bengal Warriors,322,Surjeet Singh,Defender,7
6,752,2018-12-25,Bengal Warriors,195,Ashish Chhokar,Defender,0
6,752,2018-12-25,Bengal Warriors,3095,Adarsh T,Defender - Left Corner,0
6,752,2018-12-25,Bengal Warriors,371,Amit Nagar,raider,3
6,752,2018-12-25,Bengal Warriors,185,Vijin Thangadurai,Defender,0
6,752,2018-12-25,Telugu Titans,2274,C Manoj Kumar , ,0
6,752,2018-12-25,Telugu Titans,2290,Rajnish ,Raider,5
6,752,2018-12-25,Telugu Titans,2298,Armaan , ,13
6,752,2018-12-25,Telugu Titans,348,Mahender Reddy, ,0
6,753,2018-12-26,Gujarat Giants,2306,Lalit Chaudhary, ,5
6,753,2018-12-26,Gujarat Giants,357,Parvesh Bhainswal,defender,2
6,753,2018-12-26,Gujarat Giants,368,Sunil Kumar,Defender,5
6,753,2018-12-26,Gujarat Giants,3001,Amit ,Defender,2
6,753,2018-12-26,Gujarat Giants,389,Ajay Kumar,Raider,8
6,753,2018-12-26,Patna Pirates,3081,Vijay ,all-rounder,1
6,753,2018-12-26,Patna Pirates,121,Vikash Jaglan,all-rounder,5
6,753,2018-12-26,Patna Pirates,579,Jaideep ,Defender,0
6,753,2018-12-26,Patna Pirates,768,Vijay Kumar,Defender,1
6,754,2018-12-26,Bengal Warriors,621,Baldev Singh,Defender - Right Corner,1
6,754,2018-12-26,Bengal Warriors,536,Ziaur Rahman,Defender,0
6,754,2018-12-26,Bengal Warriors,322,Surjeet Singh,Defender,2
6,754,2018-12-26,Bengal Warriors,371,Amit Nagar,raider,1
6,754,2018-12-26,Bengal Warriors,2302,Mithin Kumar, ,0
6,754,2018-12-26,Bengaluru Bulls,769,Mahender Singh,Defender,2
6,754,2018-12-26,Bengaluru Bulls,3091,Harish Naik,All Rounder,4
6,754,2018-12-26,Bengaluru Bulls,326,Rohit Kumar,raider,6
6,754,2018-12-26,Bengaluru Bulls,202,Ashish Kumar,all-rounder,1
6,754,2018-12-26,Bengaluru Bulls,3115,Amit Sheoran,Defender,2
6,754,2018-12-26,Bengaluru Bulls,87,Raju Choudhary,All Rounder,0
6,755,2018-12-27,Jaipur Pink Panthers,41,Deepak Hooda,all-rounder,13
6,755,2018-12-27,Jaipur Pink Panthers,599,Lokesh Kaushik, ,2
6,755,2018-12-27,Jaipur Pink Panthers,44,Gangadhari Mallesh,All Rounder,0
6,755,2018-12-27,Jaipur Pink Panthers,264,Selvamani K ,raider,8
6,755,2018-12-27,Jaipur Pink Panthers,613,Sunil Siddhgavali,defender,0
6,755,2018-12-27,Jaipur Pink Panthers,3133,Amit Kumar, ,3
6,755,2018-12-27,Jaipur Pink Panthers,290,Sandeep Dhull,Defender,4
6,755,2018-12-27,Bengaluru Bulls,769,Mahender Singh,Defender,3
6,755,2018-12-27,Bengaluru Bulls,202,Ashish Kumar,all-rounder,3
6,755,2018-12-27,Bengaluru Bulls,3115,Amit Sheoran,Defender,4
6,755,2018-12-27,Bengaluru Bulls,3104,Sumit Singh,raider,4
6,756,2018-12-27,Bengal Warriors,621,Baldev Singh,Defender - Right Corner,1
6,756,2018-12-27,Bengal Warriors,233,Manoj Dhull,Defender,1
6,756,2018-12-27,Bengal Warriors,34,Bhupender Singh,All Rounder,3
6,756,2018-12-27,Bengal Warriors,3095,Adarsh T,Defender - Left Corner,4
6,756,2018-12-27,Bengal Warriors,160,Ran Singh,All Rounder,1
6,756,2018-12-27,Bengal Warriors,371,Amit Nagar,raider,3
6,756,2018-12-27,Bengal Warriors,3092,Amaresh Mondal, ,0
6,756,2018-12-27,U.P. Yoddha,778,Narender , ,2
6,756,2018-12-27,U.P. Yoddha,106,Shrikant Jadhav,raider,6
6,757,2018-12-30,U Mumba,42,Dharmaraj Cheralathan,Defender,3
6,757,2018-12-30,U Mumba,2026,Siddharth Desai,Raider,7
6,757,2018-12-30,U Mumba,300,Abolfazel Maghsodlo,Raider,3
6,757,2018-12-30,U Mumba,261,Rohit Baliyan,Raider,5
6,757,2018-12-30,U Mumba,3086,Surinder Singh,Defender,1
6,757,2018-12-30,U.P. Yoddha,778,Narender , ,2
6,757,2018-12-30,U.P. Yoddha,155,Prashanth Rai,raider,4
6,757,2018-12-30,U.P. Yoddha,54,Jeeva Kumar,Defender,5
6,757,2018-12-30,U.P. Yoddha,94,Rishank Devadiga,Raider,5
6,757,2018-12-30,U.P. Yoddha,218,Sachin Kumar,Defender,1
6,758,2018-12-30,Dabang Delhi K.C.,156,Pawan Kumar,Raider,2
6,758,2018-12-30,Dabang Delhi K.C.,157,Ravinder Pahal,Defender,4
6,758,2018-12-30,Dabang Delhi K.C.,194,Joginder Narwal,Defender,3
6,758,2018-12-30,Dabang Delhi K.C.,123,Vishal Mane,Defender,2
6,758,2018-12-30,Dabang Delhi K.C.,2296,Naveen Kumar,Raider,11
6,758,2018-12-30,Dabang Delhi K.C.,3159,Vishal ,defender,3
6,758,2018-12-30,Dabang Delhi K.C.,36,Chandran Ranjit,Raider,8
6,758,2018-12-30,Bengal Warriors,621,Baldev Singh,Defender - Right Corner,0
6,758,2018-12-30,Bengal Warriors,536,Ziaur Rahman,Defender,2
6,758,2018-12-30,Bengal Warriors,12,Jang Lee,Raider,2
6,758,2018-12-30,Bengal Warriors,160,Ran Singh,All Rounder,5
6,759,2018-12-31,Gujarat Giants,2306,Lalit Chaudhary, ,1
6,759,2018-12-31,Gujarat Giants,357,Parvesh Bhainswal,defender,1
6,759,2018-12-31,Gujarat Giants,368,Sunil Kumar,Defender,0
6,759,2018-12-31,Gujarat Giants,2023,Ruturaj Koravi,Defender,2
6,759,2018-12-31,Gujarat Giants,249,Hadi Oshtorak,All Rounder,5
6,759,2018-12-31,Gujarat Giants,757,Sachin ,Raider,10
6,759,2018-12-31,Bengaluru Bulls,769,Mahender Singh,Defender,6
6,759,2018-12-31,Bengaluru Bulls,326,Rohit Kumar,raider,11
6,759,2018-12-31,Bengaluru Bulls,202,Ashish Kumar,all-rounder,0
6,759,2018-12-31,Bengaluru Bulls,3115,Amit Sheoran,Defender,0
6,759,2018-12-31,Bengaluru Bulls,318,Pawan Kumar,raider,13
6,759,2018-12-31,Bengaluru Bulls,87,Raju Choudhary,All Rounder,0
6,759,2018-12-31,Bengaluru Bulls,3104,Sumit Singh,raider,2
6,760,2018-12-31,U.P. Yoddha,155,Prashanth Rai,raider,13
6,760,2018-12-31,Dabang Delhi K.C.,156,Pawan Kumar,Raider,5
6,760,2018-12-31,Dabang Delhi K.C.,157,Ravinder Pahal,Defender,2
6,760,2018-12-31,Dabang Delhi K.C.,194,Joginder Narwal,Defender,1
6,760,2018-12-31,Dabang Delhi K.C.,784,Viraj Vishnu Landge,Defender,0
6,760,2018-12-31,Dabang Delhi K.C.,123,Vishal Mane,Defender,0
6,760,2018-12-31,Dabang Delhi K.C.,2296,Naveen Kumar,Raider,10
6,760,2018-12-31,Dabang Delhi K.C.,36,Chandran Ranjit,Raider,7
6,761,2019-01-03,Gujarat Giants,3023,Rohit Gulia,All Rounder,5
6,761,2019-01-03,Gujarat Giants,232,Sachin Vittala,Defender - Left Corner,3
6,761,2019-01-03,Gujarat Giants,368,Sunil Kumar,Defender,3
6,761,2019-01-03,Gujarat Giants,389,Ajay Kumar,Raider,1
6,761,2019-01-03,Gujarat Giants,249,Hadi Oshtorak,All Rounder,3
6,761,2019-01-03,Gujarat Giants,757,Sachin ,Raider,10
6,761,2019-01-03,U.P. Yoddha,778,Narender , ,0
6,761,2019-01-03,U.P. Yoddha,54,Jeeva Kumar,Defender,2
6,761,2019-01-03,U.P. Yoddha,106,Shrikant Jadhav,raider,7
6,761,2019-01-03,U.P. Yoddha,2316,Azad Singh, ,1
6,761,2019-01-03,U.P. Yoddha,347,Sagar B Krishna,All Rounder,0
6,762,2019-01-05,Bengaluru Bulls,769,Mahender Singh,Defender,2
6,762,2019-01-05,Bengaluru Bulls,326,Rohit Kumar,raider,1
6,762,2019-01-05,Bengaluru Bulls,3115,Amit Sheoran,Defender,1
6,762,2019-01-05,Bengaluru Bulls,3096,Ajay , ,0
6,762,2019-01-05,Bengaluru Bulls,318,Pawan Kumar,raider,22
6,762,2019-01-05,Gujarat Giants,357,Parvesh Bhainswal,defender,2
6,762,2019-01-05,Gujarat Giants,3023,Rohit Gulia,All Rounder,5
6,762,2019-01-05,Gujarat Giants,368,Sunil Kumar,Defender,4
6,762,2019-01-05,Gujarat Giants,2023,Ruturaj Koravi,Defender,0
6,762,2019-01-05,Gujarat Giants,249,Hadi Oshtorak,All Rounder,1
6,762,2019-01-05,Gujarat Giants,757,Sachin ,Raider,10
7,1685,2019-07-20,Telugu Titans,3046,Rakesh Gowda,Raider,4
7,1685,2019-07-20,Telugu Titans,2290,Rajnish ,Raider,8
7,1685,2019-07-20,Telugu Titans,482,Farhad Milaghardan,Defender,3
7,1685,2019-07-20,Telugu Titans,3083,Vishal Bharadwaj,defender,2
7,1685,2019-07-20,Telugu Titans,2026,Siddharth Desai,Raider,5
7,1685,2019-07-20,Telugu Titans,191,C.Arun ,Defender,1
7,1685,2019-07-20,U Mumba,259,Fazel Atrachali,defender,4
7,1685,2019-07-20,U Mumba,2028,Abhishek Singh,Raider,10
7,1685,2019-07-20,U Mumba,261,Rohit Baliyan,Raider,4
7,1686,2019-07-20,Bengaluru Bulls,3104,Sumit Singh,raider,4
7,1686,2019-07-20,Bengaluru Bulls,326,Rohit Kumar,raider,4
7,1686,2019-07-20,Bengaluru Bulls,768,Vijay Kumar,Defender,0
7,1686,2019-07-20,Bengaluru Bulls,3115,Amit Sheoran,Defender,5
7,1686,2019-07-20,Bengaluru Bulls,318,Pawan Kumar,raider,9
7,1686,2019-07-20,Patna Pirates,121,Vikash Jaglan,all-rounder,4
7,1686,2019-07-20,Patna Pirates,12,Jang Lee,Raider,1
7,1686,2019-07-20,Patna Pirates,3107,Neeraj Kumar,Defender,2
7,1686,2019-07-20,Patna Pirates,249,Hadi Oshtorak,All Rounder,3
7,1686,2019-07-20,Patna Pirates,3175,Mohammad Mahalli,Raider,9
7,1686,2019-07-20,Patna Pirates,579,Jaideep ,Defender,1
7,1686,2019-07-20,Patna Pirates,197,Pardeep Narwal,Raider,10
7,1687,2019-07-21,Bengaluru Bulls,769,Mahender Singh,Defender,4
7,1687,2019-07-21,Bengaluru Bulls,326,Rohit Kumar,raider,4
7,1687,2019-07-21,Bengaluru Bulls,318,Pawan Kumar,raider,8
7,1687,2019-07-21,Gujarat Giants,3227,Ankit ,Defender,0
7,1687,2019-07-21,Gujarat Giants,300,Abolfazel Maghsodlo,Raider,0
7,1687,2019-07-21,Gujarat Giants,368,Sunil Kumar,Defender,6
7,1687,2019-07-21,Gujarat Giants,3128,Sonu GFG,Raider,5
7,1687,2019-07-21,Gujarat Giants,772,More G B,Raider,6
7,1688,2019-07-21,Telugu Titans,2307,Kamal Singh , ,2
7,1688,2019-07-21,Telugu Titans,482,Farhad Milaghardan,Defender,3
7,1688,2019-07-21,Telugu Titans,3083,Vishal Bharadwaj,defender,2
7,1688,2019-07-21,Telugu Titans,2026,Siddharth Desai,Raider,6
7,1688,2019-07-21,Telugu Titans,489,Abozar Mighani,Defender,2
7,1688,2019-07-21,Telugu Titans,3062,Palle Mallikarjun,Raider,1
7,1688,2019-07-21,Telugu Titans,191,C.Arun ,Defender,2
7,1688,2019-07-21,Tamil Thalaivas,81,Rahul Chaudhari,Raider,12
7,1688,2019-07-21,Tamil Thalaivas,71,Mohit Chhillar,Defender,4
7,1688,2019-07-21,Tamil Thalaivas,3053,V Ajith Kumar,Raider,3
7,1688,2019-07-21,Tamil Thalaivas,26,Ajay Thakur,Raider,4
7,1688,2019-07-21,Tamil Thalaivas,3111,Ajeet ,Defender,2
7,1688,2019-07-21,Tamil Thalaivas,160,Ran Singh,All Rounder,1
7,1689,2019-07-22,U Mumba,376,Athul M S,Raider,2
7,1689,2019-07-22,U Mumba,2028,Abhishek Singh,Raider,7
7,1689,2019-07-22,U Mumba,142,Sandeep Narwal,all-rounder,1
7,1689,2019-07-22,U Mumba,3138,Harendra Kumar,Defender,0
7,1689,2019-07-22,U Mumba,522,Dong Geon Lee,Raider,6
7,1689,2019-07-22,Jaipur Pink Panthers,3159,Vishal ,defender,3
7,1689,2019-07-22,Jaipur Pink Panthers,290,Sandeep Dhull,Defender,1
7,1689,2019-07-22,Jaipur Pink Panthers,41,Deepak Hooda,all-rounder,11
7,1689,2019-07-22,Jaipur Pink Panthers,211,Deepak Narwal,Raider,6
7,1689,2019-07-22,Jaipur Pink Panthers,3154,Sachin Narwal,All Rounder,2
7,1689,2019-07-22,Jaipur Pink Panthers,212,Amit Hooda,Defender,5
7,1689,2019-07-22,Jaipur Pink Panthers,3065,Nitin Rawal,all-rounder,7
7,1690,2019-07-22,Puneri Paltan,301,Hadi Tajik,defender,0
7,1690,2019-07-22,Puneri Paltan,3011,Jadhav Shahaji,Defender,3
7,1690,2019-07-22,Puneri Paltan,161,Girish Maruti Ernak,Defender,1
7,1690,2019-07-22,Puneri Paltan,3103,Shubham Shinde,Defender - Right corner,3
7,1690,2019-07-22,Puneri Paltan,156,Pawan Kumar,Raider,10
7,1690,2019-07-22,Puneri Paltan,324,DARSHAN ,Raider,0
7,1690,2019-07-22,Haryana Steelers,3100,Parveen ,Defender - Left Cover,4
7,1690,2019-07-22,Haryana Steelers,264,Selvamani K ,raider,3
7,1690,2019-07-22,Haryana Steelers,732,Kuldeep Singh (732),All Rounder,3
7,1690,2019-07-22,Haryana Steelers,2357,Naveen ,Raider,14
7,1691,2019-07-24,U.P. Yoddha,3088,Nitesh Kumar,Defender,3
7,1691,2019-07-24,U.P. Yoddha,3240,Sumit ,Defender,0
7,1691,2019-07-24,U.P. Yoddha,3126,Amit ,defender,2
7,1691,2019-07-24,U.P. Yoddha,388,Monu Goyat,Raider,6
7,1691,2019-07-24,Bengal Warriors,621,Baldev Singh,Defender - Right Corner,7
7,1691,2019-07-24,Bengal Warriors,3176,Mohammad Nabibakhsh,All Rounder,10
7,1691,2019-07-24,Bengal Warriors,3220,Naveen Narwal,Defender,0
7,1691,2019-07-24,Bengal Warriors,54,Jeeva Kumar,Defender,3
7,1691,2019-07-24,Bengal Warriors,143,Maninder Singh,raider,9
7,1691,2019-07-24,Bengal Warriors,219,K.Prapanjan ,raider,5
7,1691,2019-07-24,Bengal Warriors,3084,Rinku Narwal,Defender,4
7,1692,2019-07-24,Telugu Titans,482,Farhad Milaghardan,Defender,1
7,1692,2019-07-24,Telugu Titans,3083,Vishal Bharadwaj,defender,4
7,1692,2019-07-24,Telugu Titans,3058,Suraj Desai,All Rounder,18
7,1692,2019-07-24,Telugu Titans,489,Abozar Mighani,Defender,0
7,1692,2019-07-24,Telugu Titans,191,C.Arun ,Defender,0
7,1692,2019-07-24,Dabang Delhi K.C.,3081,Vijay ,all-rounder,1
7,1692,2019-07-24,Dabang Delhi K.C.,311,Anil Kumar, ,0
7,1692,2019-07-24,Dabang Delhi K.C.,194,Joginder Narwal,Defender,4
7,1692,2019-07-24,Dabang Delhi K.C.,2296,Naveen Kumar,Raider,14
7,1692,2019-07-24,Dabang Delhi K.C.,123,Vishal Mane,Defender,0
7,1693,2019-07-25,Dabang Delhi K.C.,3000,Sombir ,Defender,0
7,1693,2019-07-25,Dabang Delhi K.C.,194,Joginder Narwal,Defender,4
7,1693,2019-07-25,Dabang Delhi K.C.,2296,Naveen Kumar,Raider,8
7,1693,2019-07-25,Dabang Delhi K.C.,123,Vishal Mane,Defender,2
7,1693,2019-07-25,Dabang Delhi K.C.,36,Chandran Ranjit,Raider,1
7,1693,2019-07-25,Dabang Delhi K.C.,3178,Saeid Ghaffari,Defender,1
7,1693,2019-07-25,Dabang Delhi K.C.,251,Meraj Sheykh,All Rounder,6
7,1693,2019-07-25,Tamil Thalaivas,81,Rahul Chaudhari,Raider,7
7,1693,2019-07-25,Tamil Thalaivas,71,Mohit Chhillar,Defender,2
7,1693,2019-07-25,Tamil Thalaivas,105,Shabeer Bappu,Defender,0
7,1693,2019-07-25,Tamil Thalaivas,160,Ran Singh,All Rounder,1
7,1694,2019-07-26,U.P. Yoddha,567,Mohsen Maghsoudlou,all-rounder,0
7,1694,2019-07-26,U.P. Yoddha,106,Shrikant Jadhav,raider,5
7,1694,2019-07-26,Gujarat Giants,764,Vinod Kumar,Raider,0
7,1694,2019-07-26,Gujarat Giants,357,Parvesh Bhainswal,defender,6
7,1694,2019-07-26,Gujarat Giants,300,Abolfazel Maghsodlo,Raider,0
7,1694,2019-07-26,Gujarat Giants,368,Sunil Kumar,Defender,2
7,1694,2019-07-26,Gujarat Giants,2023,Ruturaj Koravi,Defender,0
7,1694,2019-07-26,Gujarat Giants,3001,Amit ,Defender,0
7,1694,2019-07-26,Gujarat Giants,3128,Sonu GFG,Raider,4
7,1695,2019-07-26,Telugu Titans,482,Farhad Milaghardan,Defender,1
7,1695,2019-07-26,Telugu Titans,3058,Suraj Desai,All Rounder,1
7,1695,2019-07-26,Telugu Titans,2026,Siddharth Desai,Raider,6
7,1695,2019-07-26,Telugu Titans,489,Abozar Mighani,Defender,2
7,1695,2019-07-26,Telugu Titans,274,Krushna Madane,Defender,2
7,1695,2019-07-26,Telugu Titans,191,C.Arun ,Defender,1
7,1695,2019-07-26,Telugu Titans,2322,Ankit Beniwal,Raider,2
7,1695,2019-07-26,Patna Pirates,12,Jang Lee,Raider,4
7,1695,2019-07-26,Patna Pirates,249,Hadi Oshtorak,All Rounder,2
7,1695,2019-07-26,Patna Pirates,3082,Monu ,Raider,4
7,1696,2019-07-27,U Mumba,259,Fazel Atrachali,defender,4
7,1696,2019-07-27,U Mumba,3086,Surinder Singh,Defender,4
7,1696,2019-07-27,U Mumba,142,Sandeep Narwal,all-rounder,4
7,1696,2019-07-27,U Mumba,519,Young Chang Ko,Defender,0
7,1696,2019-07-27,U Mumba,261,Rohit Baliyan,Raider,4
7,1696,2019-07-27,U Mumba,3138,Harendra Kumar,Defender,0
7,1696,2019-07-27,Puneri Paltan,322,Surjeet Singh,Defender,6
7,1696,2019-07-27,Puneri Paltan,3103,Shubham Shinde,Defender - Right corner,3
7,1696,2019-07-27,Puneri Paltan,3235,Sushant Sail,Raider,3
7,1696,2019-07-27,Puneri Paltan,3234,Sanket Sawant,Defender,3
7,1697,2019-07-27,Jaipur Pink Panthers,3159,Vishal ,defender,0
7,1697,2019-07-27,Jaipur Pink Panthers,290,Sandeep Dhull,Defender,8
7,1697,2019-07-27,Jaipur Pink Panthers,41,Deepak Hooda,all-rounder,6
7,1697,2019-07-27,Jaipur Pink Panthers,211,Deepak Narwal,Raider,4
7,1697,2019-07-27,Jaipur Pink Panthers,3154,Sachin Narwal,All Rounder,2
7,1697,2019-07-27,Jaipur Pink Panthers,212,Amit Hooda,Defender,2
7,1697,2019-07-27,Jaipur Pink Panthers,613,Sunil Siddhgavali,defender,0
7,1697,2019-07-27,Bengal Warriors,3176,Mohammad Nabibakhsh,All Rounder,2
7,1697,2019-07-27,Bengal Warriors,3177,Mohammad Taghi Paein Mahali ,raider,1
7,1697,2019-07-27,Bengal Warriors,54,Jeeva Kumar,Defender,0
7,1697,2019-07-27,Bengal Warriors,143,Maninder Singh,raider,6
7,1697,2019-07-27,Bengal Warriors,219,K.Prapanjan ,raider,7
7,1697,2019-07-27,Bengal Warriors,3084,Rinku Narwal,Defender,2
7,1698,2019-07-28,Dabang Delhi K.C.,157,Ravinder Pahal,Defender,0
7,1698,2019-07-28,Dabang Delhi K.C.,194,Joginder Narwal,Defender,3
7,1698,2019-07-28,Dabang Delhi K.C.,2296,Naveen Kumar,Raider,10
7,1698,2019-07-28,Dabang Delhi K.C.,3098,Aman Kadian, ,1
7,1698,2019-07-28,Dabang Delhi K.C.,36,Chandran Ranjit,Raider,11
7,1698,2019-07-28,Dabang Delhi K.C.,3178,Saeid Ghaffari,Defender,4
7,1698,2019-07-28,Haryana Steelers,3100,Parveen ,Defender - Left Cover,0
7,1698,2019-07-28,Haryana Steelers,179,Vikas kale,Defender,0
7,1698,2019-07-28,Haryana Steelers,3054,Vinay ,Raider,5
7,1698,2019-07-28,Haryana Steelers,2351,Vikram Kandola, ,0
7,1699,2019-07-28,U Mumba,259,Fazel Atrachali,defender,3
7,1699,2019-07-28,U Mumba,2024,Arjun Deshwal,Raider,6
7,1699,2019-07-28,U Mumba,3086,Surinder Singh,Defender,2
7,1699,2019-07-28,U Mumba,84,Rajaguru Subramanian,Defender,0
7,1699,2019-07-28,U Mumba,519,Young Chang Ko,Defender,0
7,1699,2019-07-28,U Mumba,261,Rohit Baliyan,Raider,3
7,1699,2019-07-28,Bengaluru Bulls,769,Mahender Singh,Defender,4
7,1699,2019-07-28,Bengaluru Bulls,326,Rohit Kumar,raider,1
7,1699,2019-07-28,Bengaluru Bulls,768,Vijay Kumar,Defender,0
7,1699,2019-07-28,Bengaluru Bulls,3115,Amit Sheoran,Defender,1
7,1699,2019-07-28,Bengaluru Bulls,318,Pawan Kumar,raider,11
7,1699,2019-07-28,Bengaluru Bulls,3228,Saurabh Nandal,Defender,2
7,1700,2019-07-29,Tamil Thalaivas,26,Ajay Thakur,Raider,3
7,1700,2019-07-29,Tamil Thalaivas,3111,Ajeet ,Defender,3
7,1700,2019-07-29,Tamil Thalaivas,71,Mohit Chhillar,Defender,1
7,1700,2019-07-29,Tamil Thalaivas,3053,V Ajith Kumar,Raider,0
7,1700,2019-07-29,Patna Pirates,121,Vikash Jaglan,all-rounder,1
7,1700,2019-07-29,Patna Pirates,3107,Neeraj Kumar,Defender,1
7,1700,2019-07-29,Patna Pirates,3175,Mohammad Mahalli,Raider,2
7,1700,2019-07-29,Patna Pirates,579,Jaideep ,Defender,7
7,1700,2019-07-29,Patna Pirates,3082,Monu ,Raider,5
7,1702,2019-07-31,Haryana Steelers,3106,Sunil ,Defender - Right Corner,6
7,1702,2019-07-31,Haryana Steelers,42,Dharmaraj Cheralathan,Defender,0
7,1702,2019-07-31,Haryana Steelers,3100,Parveen ,Defender - Left Cover,0
7,1702,2019-07-31,Haryana Steelers,264,Selvamani K ,raider,5
7,1702,2019-07-31,Haryana Steelers,179,Vikas kale,Defender,1
7,1702,2019-07-31,Haryana Steelers,3054,Vinay ,Raider,6
7,1702,2019-07-31,Haryana Steelers,2357,Naveen ,Raider,3
7,1702,2019-07-31,Jaipur Pink Panthers,3159,Vishal ,defender,4
7,1702,2019-07-31,Jaipur Pink Panthers,290,Sandeep Dhull,Defender,6
7,1702,2019-07-31,Jaipur Pink Panthers,41,Deepak Hooda,all-rounder,14
7,1702,2019-07-31,Jaipur Pink Panthers,613,Sunil Siddhgavali,defender,2
7,1702,2019-07-31,Jaipur Pink Panthers,3097,Ajinkya Ashok Pawar,Raider,2
7,1703,2019-07-31,U Mumba,2024,Arjun Deshwal,Raider,0
7,1703,2019-07-31,U Mumba,376,Athul M S,Raider,1
7,1703,2019-07-31,U Mumba,2028,Abhishek Singh,Raider,3
7,1703,2019-07-31,U.P. Yoddha,3088,Nitesh Kumar,Defender,2
7,1703,2019-07-31,U.P. Yoddha,94,Rishank Devadiga,Raider,2
7,1703,2019-07-31,U.P. Yoddha,3240,Sumit ,Defender,6
7,1703,2019-07-31,U.P. Yoddha,218,Sachin Kumar,Defender,0
7,1703,2019-07-31,U.P. Yoddha,3126,Amit ,defender,1
7,1703,2019-07-31,U.P. Yoddha,3239,Ashu Singh,Defender,4
7,1703,2019-07-31,U.P. Yoddha,388,Monu Goyat,Raider,6
7,1704,2019-08-01,Gujarat Giants,357,Parvesh Bhainswal,defender,2
7,1704,2019-08-01,Gujarat Giants,3227,Ankit ,Defender,1
7,1704,2019-08-01,Gujarat Giants,368,Sunil Kumar,Defender,1
7,1704,2019-08-01,Gujarat Giants,3226,Sumit ,Defender,1
7,1704,2019-08-01,Gujarat Giants,772,More G B,Raider,9
7,1704,2019-08-01,Gujarat Giants,757,Sachin ,Raider,4
7,1704,2019-08-01,Dabang Delhi K.C.,3081,Vijay ,all-rounder,0
7,1704,2019-08-01,Dabang Delhi K.C.,157,Ravinder Pahal,Defender,2
7,1704,2019-08-01,Dabang Delhi K.C.,194,Joginder Narwal,Defender,2
7,1704,2019-08-01,Dabang Delhi K.C.,2296,Naveen Kumar,Raider,10
7,1704,2019-08-01,Dabang Delhi K.C.,123,Vishal Mane,Defender,1
7,1704,2019-08-01,Dabang Delhi K.C.,3178,Saeid Ghaffari,Defender,2
7,1705,2019-08-02,Telugu Titans,3046,Rakesh Gowda,Raider,0
7,1705,2019-08-02,Telugu Titans,482,Farhad Milaghardan,Defender,4
7,1705,2019-08-02,Telugu Titans,3083,Vishal Bharadwaj,defender,1
7,1705,2019-08-02,Telugu Titans,2026,Siddharth Desai,Raider,5
7,1705,2019-08-02,Telugu Titans,489,Abozar Mighani,Defender,4
7,1705,2019-08-02,Telugu Titans,191,C.Arun ,Defender,2
7,1705,2019-08-02,U.P. Yoddha,3088,Nitesh Kumar,Defender,4
7,1705,2019-08-02,U.P. Yoddha,218,Sachin Kumar,Defender,1
7,1705,2019-08-02,U.P. Yoddha,3126,Amit ,defender,4
7,1705,2019-08-02,U.P. Yoddha,3239,Ashu Singh,Defender,1
7,1706,2019-08-02,U Mumba,3086,Surinder Singh,Defender,9
7,1706,2019-08-02,U Mumba,142,Sandeep Narwal,all-rounder,0
7,1706,2019-08-02,U Mumba,519,Young Chang Ko,Defender,4
7,1706,2019-08-02,U Mumba,261,Rohit Baliyan,Raider,3
7,1706,2019-08-02,U Mumba,522,Dong Geon Lee,Raider,2
7,1706,2019-08-02,Gujarat Giants,2023,Ruturaj Koravi,Defender,0
7,1706,2019-08-02,Gujarat Giants,3225,Harmanjit Singh,Raider,4
7,1706,2019-08-02,Gujarat Giants,3226,Sumit ,Defender,0
7,1706,2019-08-02,Gujarat Giants,3128,Sonu GFG,Raider,3
7,1706,2019-08-02,Gujarat Giants,772,More G B,Raider,3
7,1707,2019-08-03,Patna Pirates,121,Vikash Jaglan,all-rounder,0
7,1707,2019-08-03,Patna Pirates,12,Jang Lee,Raider,0
7,1707,2019-08-03,Patna Pirates,3107,Neeraj Kumar,Defender,2
7,1707,2019-08-03,Patna Pirates,249,Hadi Oshtorak,All Rounder,1
7,1707,2019-08-03,Jaipur Pink Panthers,3159,Vishal ,defender,2
7,1707,2019-08-03,Jaipur Pink Panthers,290,Sandeep Dhull,Defender,8
7,1707,2019-08-03,Jaipur Pink Panthers,211,Deepak Narwal,Raider,9
7,1707,2019-08-03,Jaipur Pink Panthers,3154,Sachin Narwal,All Rounder,1
7,1707,2019-08-03,Jaipur Pink Panthers,212,Amit Hooda,Defender,5
7,1707,2019-08-03,Jaipur Pink Panthers,293,Nilesh Salunke,Defender,0
7,1708,2019-08-03,Bengal Warriors,621,Baldev Singh,Defender - Right Corner,0
7,1708,2019-08-03,Bengal Warriors,3176,Mohammad Nabibakhsh,All Rounder,8
7,1708,2019-08-03,Bengal Warriors,3095,Adarsh T,Defender - Left Corner,1
7,1708,2019-08-03,Bengal Warriors,143,Maninder Singh,raider,11
7,1708,2019-08-03,Bengaluru Bulls,3019,Mohit Sehrawat,Defender,1
7,1708,2019-08-03,Bengaluru Bulls,3096,Ajay , ,0
7,1708,2019-08-03,Bengaluru Bulls,326,Rohit Kumar,raider,1
7,1708,2019-08-03,Bengaluru Bulls,3115,Amit Sheoran,Defender,2
7,1708,2019-08-03,Bengaluru Bulls,318,Pawan Kumar,raider,29
7,1708,2019-08-03,Bengaluru Bulls,3228,Saurabh Nandal,Defender,6
7,1709,2019-08-04,Haryana Steelers,240,Ravi Kumar,Defender,0
7,1709,2019-08-04,Tamil Thalaivas,81,Rahul Chaudhari,Raider,14
7,1709,2019-08-04,Tamil Thalaivas,71,Mohit Chhillar,Defender,2
7,1709,2019-08-04,Tamil Thalaivas,69,Manjeet Chhillar,All Rounder,3
7,1709,2019-08-04,Tamil Thalaivas,26,Ajay Thakur,Raider,5
7,1709,2019-08-04,Tamil Thalaivas,3111,Ajeet ,Defender,1
7,1709,2019-08-04,Tamil Thalaivas,105,Shabeer Bappu,Defender,2
7,1709,2019-08-04,Tamil Thalaivas,160,Ran Singh,All Rounder,3
7,1710,2019-08-04,Patna Pirates,121,Vikash Jaglan,all-rounder,0
7,1710,2019-08-04,Puneri Paltan,763,Manjeet ,raider,6
7,1710,2019-08-04,Puneri Paltan,322,Surjeet Singh,Defender,3
7,1710,2019-08-04,Puneri Paltan,161,Girish Maruti Ernak,Defender,4
7,1710,2019-08-04,Puneri Paltan,3103,Shubham Shinde,Defender - Right corner,1
7,1710,2019-08-04,Puneri Paltan,3233,Pankaj Mohite,Raider,8
7,1710,2019-08-04,Puneri Paltan,3234,Sanket Sawant,Defender,2
7,1710,2019-08-04,Puneri Paltan,3110,Amit Kumar, ,9
7,1711,2019-08-05,Dabang Delhi K.C.,157,Ravinder Pahal,Defender,3
7,1711,2019-08-05,Dabang Delhi K.C.,194,Joginder Narwal,Defender,1
7,1711,2019-08-05,Dabang Delhi K.C.,2296,Naveen Kumar,Raider,12
7,1711,2019-08-05,Dabang Delhi K.C.,123,Vishal Mane,Defender,1
7,1711,2019-08-05,Dabang Delhi K.C.,36,Chandran Ranjit,Raider,10
7,1711,2019-08-05,Dabang Delhi K.C.,3178,Saeid Ghaffari,Defender,1
7,1711,2019-08-05,Jaipur Pink Panthers,3159,Vishal ,defender,0
7,1711,2019-08-05,Jaipur Pink Panthers,290,Sandeep Dhull,Defender,0
7,1711,2019-08-05,Jaipur Pink Panthers,41,Deepak Hooda,all-rounder,11
7,1711,2019-08-05,Jaipur Pink Panthers,211,Deepak Narwal,Raider,5
7,1711,2019-08-05,Jaipur Pink Panthers,293,Nilesh Salunke,Defender,2
7,1712,2019-08-05,Gujarat Giants,357,Parvesh Bhainswal,defender,1
7,1712,2019-08-05,Gujarat Giants,3023,Rohit Gulia,All Rounder,6
7,1712,2019-08-05,Gujarat Giants,368,Sunil Kumar,Defender,1
7,1712,2019-08-05,Gujarat Giants,2023,Ruturaj Koravi,Defender,1
7,1712,2019-08-05,Gujarat Giants,3226,Sumit ,Defender,2
7,1712,2019-08-05,Gujarat Giants,3128,Sonu GFG,Raider,2
7,1712,2019-08-05,Puneri Paltan,763,Manjeet ,raider,5
7,1712,2019-08-05,Puneri Paltan,161,Girish Maruti Ernak,Defender,6
7,1712,2019-08-05,Puneri Paltan,3233,Pankaj Mohite,Raider,3
7,1712,2019-08-05,Puneri Paltan,3234,Sanket Sawant,Defender,1
7,1713,2019-08-07,U.P. Yoddha,94,Rishank Devadiga,Raider,5
7,1713,2019-08-07,U.P. Yoddha,3240,Sumit ,Defender,4
7,1713,2019-08-07,U.P. Yoddha,3126,Amit ,defender,2
7,1713,2019-08-07,U.P. Yoddha,3239,Ashu Singh,Defender,2
7,1713,2019-08-07,U.P. Yoddha,388,Monu Goyat,Raider,3
7,1713,2019-08-07,Tamil Thalaivas,81,Rahul Chaudhari,Raider,5
7,1713,2019-08-07,Tamil Thalaivas,71,Mohit Chhillar,Defender,3
7,1713,2019-08-07,Tamil Thalaivas,69,Manjeet Chhillar,All Rounder,4
7,1713,2019-08-07,Tamil Thalaivas,26,Ajay Thakur,Raider,3
7,1713,2019-08-07,Tamil Thalaivas,3111,Ajeet ,Defender,0
7,1713,2019-08-07,Tamil Thalaivas,160,Ran Singh,All Rounder,3
7,1714,2019-08-07,Patna Pirates,121,Vikash Jaglan,all-rounder,0
7,1714,2019-08-07,Patna Pirates,3107,Neeraj Kumar,Defender,1
7,1714,2019-08-07,Patna Pirates,249,Hadi Oshtorak,All Rounder,2
7,1714,2019-08-07,Patna Pirates,579,Jaideep ,Defender,2
7,1714,2019-08-07,Patna Pirates,3082,Monu ,Raider,1
7,1714,2019-08-07,Haryana Steelers,3106,Sunil ,Defender - Right Corner,4
7,1714,2019-08-07,Haryana Steelers,42,Dharmaraj Cheralathan,Defender,3
7,1714,2019-08-07,Haryana Steelers,179,Vikas kale,Defender,1
7,1714,2019-08-07,Haryana Steelers,240,Ravi Kumar,Defender,4
7,1714,2019-08-07,Haryana Steelers,3054,Vinay ,Raider,6
7,1714,2019-08-07,Haryana Steelers,2357,Naveen ,Raider,2
7,1714,2019-08-07,Haryana Steelers,366,Vikash Khandola,raider,10
7,1715,2019-08-08,Telugu Titans,482,Farhad Milaghardan,Defender,1
7,1715,2019-08-08,Telugu Titans,3083,Vishal Bharadwaj,defender,6
7,1715,2019-08-08,Telugu Titans,3058,Suraj Desai,All Rounder,1
7,1715,2019-08-08,Telugu Titans,489,Abozar Mighani,Defender,0
7,1715,2019-08-08,Bengaluru Bulls,769,Mahender Singh,Defender,7
7,1715,2019-08-08,Bengaluru Bulls,326,Rohit Kumar,raider,8
7,1715,2019-08-08,Bengaluru Bulls,768,Vijay Kumar,Defender,3
7,1715,2019-08-08,Bengaluru Bulls,3115,Amit Sheoran,Defender,2
7,1715,2019-08-08,Bengaluru Bulls,318,Pawan Kumar,raider,17
7,1716,2019-08-09,Bengal Warriors,621,Baldev Singh,Defender - Right Corner,5
7,1716,2019-08-09,Bengal Warriors,3176,Mohammad Nabibakhsh,All Rounder,3
7,1716,2019-08-09,Bengal Warriors,3177,Mohammad Taghi Paein Mahali ,raider,0
7,1716,2019-08-09,Bengal Warriors,54,Jeeva Kumar,Defender,4
7,1716,2019-08-09,Bengal Warriors,219,K.Prapanjan ,raider,6
7,1716,2019-08-09,Bengal Warriors,3084,Rinku Narwal,Defender,1
7,1716,2019-08-09,U Mumba,259,Fazel Atrachali,defender,2
7,1716,2019-08-09,U Mumba,3086,Surinder Singh,Defender,4
7,1716,2019-08-09,U Mumba,376,Athul M S,Raider,1
7,1716,2019-08-09,U Mumba,142,Sandeep Narwal,all-rounder,3
7,1716,2019-08-09,U Mumba,519,Young Chang Ko,Defender,0
7,1716,2019-08-09,U Mumba,261,Rohit Baliyan,Raider,2
7,1717,2019-08-09,Patna Pirates,121,Vikash Jaglan,all-rounder,3
7,1717,2019-08-09,Patna Pirates,12,Jang Lee,Raider,5
7,1717,2019-08-09,Patna Pirates,3107,Neeraj Kumar,Defender,8
7,1717,2019-08-09,Patna Pirates,249,Hadi Oshtorak,All Rounder,0
7,1717,2019-08-09,Patna Pirates,3082,Monu ,Raider,2
7,1717,2019-08-09,U.P. Yoddha,3088,Nitesh Kumar,Defender,0
7,1717,2019-08-09,U.P. Yoddha,567,Mohsen Maghsoudlou,all-rounder,1
7,1717,2019-08-09,U.P. Yoddha,3240,Sumit ,Defender,5
7,1717,2019-08-09,U.P. Yoddha,3241,Surender Gill,Raider,3
7,1717,2019-08-09,U.P. Yoddha,3126,Amit ,defender,0
7,1717,2019-08-09,U.P. Yoddha,2316,Azad Singh, ,3
7,1717,2019-08-09,U.P. Yoddha,388,Monu Goyat,Raider,4
7,1718,2019-08-10,Gujarat Giants,357,Parvesh Bhainswal,defender,1
7,1718,2019-08-10,Gujarat Giants,3227,Ankit ,Defender,1
7,1718,2019-08-10,Gujarat Giants,3023,Rohit Gulia,All Rounder,9
7,1718,2019-08-10,Gujarat Giants,368,Sunil Kumar,Defender,6
7,1718,2019-08-10,Gujarat Giants,3226,Sumit ,Defender,1
7,1718,2019-08-10,Gujarat Giants,772,More G B,Raider,0
7,1718,2019-08-10,Gujarat Giants,757,Sachin ,Raider,5
7,1718,2019-08-10,Tamil Thalaivas,81,Rahul Chaudhari,Raider,4
7,1718,2019-08-10,Tamil Thalaivas,26,Ajay Thakur,Raider,9
7,1718,2019-08-10,Tamil Thalaivas,3111,Ajeet ,Defender,0
7,1718,2019-08-10,Tamil Thalaivas,105,Shabeer Bappu,Defender,3
7,1718,2019-08-10,Tamil Thalaivas,160,Ran Singh,All Rounder,2
7,1719,2019-08-10,Puneri Paltan,301,Hadi Tajik,defender,1
7,1719,2019-08-10,Puneri Paltan,322,Surjeet Singh,Defender,2
7,1719,2019-08-10,Puneri Paltan,161,Girish Maruti Ernak,Defender,4
7,1719,2019-08-10,Puneri Paltan,3233,Pankaj Mohite,Raider,7
7,1719,2019-08-10,Puneri Paltan,3234,Sanket Sawant,Defender,0
7,1719,2019-08-10,Dabang Delhi K.C.,3081,Vijay ,all-rounder,2
7,1719,2019-08-10,Dabang Delhi K.C.,311,Anil Kumar, ,1
7,1719,2019-08-10,Dabang Delhi K.C.,194,Joginder Narwal,Defender,1
7,1719,2019-08-10,Dabang Delhi K.C.,2296,Naveen Kumar,Raider,11
7,1719,2019-08-10,Dabang Delhi K.C.,157,Ravinder Pahal,Defender,3
7,1720,2019-08-11,Bengaluru Bulls,3104,Sumit Singh,raider,2
7,1720,2019-08-11,Bengaluru Bulls,326,Rohit Kumar,raider,12
7,1720,2019-08-11,Haryana Steelers,42,Dharmaraj Cheralathan,Defender,3
7,1720,2019-08-11,Haryana Steelers,179,Vikas kale,Defender,6
7,1720,2019-08-11,Haryana Steelers,240,Ravi Kumar,Defender,0
7,1720,2019-08-11,Haryana Steelers,3054,Vinay ,Raider,5
7,1720,2019-08-11,Haryana Steelers,732,Kuldeep Singh (732),All Rounder,2
7,1720,2019-08-11,Haryana Steelers,2357,Naveen ,Raider,2
7,1720,2019-08-11,Haryana Steelers,366,Vikash Khandola,raider,12
7,1721,2019-08-11,Gujarat Giants,357,Parvesh Bhainswal,defender,7
7,1721,2019-08-11,Gujarat Giants,368,Sunil Kumar,Defender,0
7,1721,2019-08-11,Gujarat Giants,3226,Sumit ,Defender,0
7,1721,2019-08-11,Gujarat Giants,772,More G B,Raider,3
7,1721,2019-08-11,Telugu Titans,482,Farhad Milaghardan,Defender,4
7,1721,2019-08-11,Telugu Titans,3083,Vishal Bharadwaj,defender,7
7,1721,2019-08-11,Telugu Titans,3058,Suraj Desai,All Rounder,2
7,1721,2019-08-11,Telugu Titans,2026,Siddharth Desai,Raider,7
7,1721,2019-08-11,Telugu Titans,489,Abozar Mighani,Defender,3
7,1721,2019-08-11,Telugu Titans,191,C.Arun ,Defender,1
7,1721,2019-08-11,Telugu Titans,267,Amit Kumar,Defender,3
7,1722,2019-08-12,Bengal Warriors,621,Baldev Singh,Defender - Right Corner,2
7,1722,2019-08-12,Bengal Warriors,3176,Mohammad Nabibakhsh,All Rounder,8
7,1722,2019-08-12,Bengal Warriors,54,Jeeva Kumar,Defender,2
7,1722,2019-08-12,Bengal Warriors,143,Maninder Singh,raider,5
7,1722,2019-08-12,Bengal Warriors,219,K.Prapanjan ,raider,4
7,1722,2019-08-12,Bengal Warriors,3084,Rinku Narwal,Defender,3
7,1722,2019-08-12,Bengal Warriors,784,Viraj Vishnu Landge,Defender,0
7,1722,2019-08-12,Telugu Titans,482,Farhad Milaghardan,Defender,3
7,1722,2019-08-12,Telugu Titans,3083,Vishal Bharadwaj,defender,2
7,1722,2019-08-12,Telugu Titans,3058,Suraj Desai,All Rounder,7
7,1722,2019-08-12,Telugu Titans,489,Abozar Mighani,Defender,1
7,1722,2019-08-12,Telugu Titans,191,C.Arun ,Defender,2
7,1723,2019-08-12,U.P. Yoddha,3088,Nitesh Kumar,Defender,2
7,1723,2019-08-12,U.P. Yoddha,3240,Sumit ,Defender,5
7,1723,2019-08-12,U.P. Yoddha,218,Sachin Kumar,Defender,0
7,1723,2019-08-12,U.P. Yoddha,3126,Amit ,defender,3
7,1723,2019-08-12,U.P. Yoddha,106,Shrikant Jadhav,raider,9
7,1723,2019-08-12,Bengaluru Bulls,3019,Mohit Sehrawat,Defender,0
7,1723,2019-08-12,Bengaluru Bulls,3104,Sumit Singh,raider,5
7,1723,2019-08-12,Bengaluru Bulls,326,Rohit Kumar,raider,4
7,1723,2019-08-12,Bengaluru Bulls,3115,Amit Sheoran,Defender,2
7,1723,2019-08-12,Bengaluru Bulls,318,Pawan Kumar,raider,15
7,1723,2019-08-12,Bengaluru Bulls,3228,Saurabh Nandal,Defender,2
7,1724,2019-08-14,U.P. Yoddha,3088,Nitesh Kumar,Defender,3
7,1724,2019-08-14,U.P. Yoddha,234,Surender Singh,Defender,5
7,1724,2019-08-14,U.P. Yoddha,567,Mohsen Maghsoudlou,all-rounder,2
7,1724,2019-08-14,U.P. Yoddha,3240,Sumit ,Defender,4
7,1724,2019-08-14,U.P. Yoddha,106,Shrikant Jadhav,raider,9
7,1724,2019-08-14,U.P. Yoddha,388,Monu Goyat,Raider,5
7,1724,2019-08-14,Haryana Steelers,3106,Sunil ,Defender - Right Corner,6
7,1724,2019-08-14,Haryana Steelers,42,Dharmaraj Cheralathan,Defender,2
7,1724,2019-08-14,Haryana Steelers,179,Vikas kale,Defender,1
7,1724,2019-08-14,Haryana Steelers,240,Ravi Kumar,Defender,2
7,1724,2019-08-14,Haryana Steelers,3054,Vinay ,Raider,3
7,1724,2019-08-14,Haryana Steelers,2357,Naveen ,Raider,3
7,1724,2019-08-14,Haryana Steelers,366,Vikash Khandola,raider,12
7,1725,2019-08-14,Gujarat Giants,357,Parvesh Bhainswal,defender,2
7,1725,2019-08-14,Gujarat Giants,368,Sunil Kumar,Defender,6
7,1725,2019-08-14,Bengal Warriors,621,Baldev Singh,Defender - Right Corner,1
7,1725,2019-08-14,Bengal Warriors,3176,Mohammad Nabibakhsh,All Rounder,5
7,1725,2019-08-14,Bengal Warriors,143,Maninder Singh,raider,5
7,1725,2019-08-14,Bengal Warriors,219,K.Prapanjan ,raider,8
7,1725,2019-08-14,Bengal Warriors,3084,Rinku Narwal,Defender,2
7,1725,2019-08-14,Bengal Warriors,185,Vijin Thangadurai,Defender,1
7,1725,2019-08-14,Bengal Warriors,784,Viraj Vishnu Landge,Defender,1
7,1726,2019-08-15,Jaipur Pink Panthers,3021,Pavan TR,Defender,1
7,1726,2019-08-15,Jaipur Pink Panthers,211,Deepak Narwal,Raider,0
7,1726,2019-08-15,Puneri Paltan,763,Manjeet ,raider,5
7,1726,2019-08-15,Puneri Paltan,301,Hadi Tajik,defender,2
7,1726,2019-08-15,Puneri Paltan,322,Surjeet Singh,Defender,3
7,1726,2019-08-15,Puneri Paltan,161,Girish Maruti Ernak,Defender,0
7,1726,2019-08-15,Puneri Paltan,320,Nitin Tomar,raider,3
7,1726,2019-08-15,Puneri Paltan,3235,Sushant Sail,Raider,1
7,1726,2019-08-15,Puneri Paltan,3233,Pankaj Mohite,Raider,8
7,1727,2019-08-16,U Mumba,259,Fazel Atrachali,defender,3
7,1727,2019-08-16,U Mumba,376,Athul M S,Raider,8
7,1727,2019-08-16,U Mumba,261,Rohit Baliyan,Raider,9
7,1727,2019-08-16,U Mumba,3138,Harendra Kumar,Defender,0
7,1727,2019-08-16,Patna Pirates,121,Vikash Jaglan,all-rounder,1
7,1727,2019-08-16,Patna Pirates,3175,Mohammad Mahalli,Raider,6
7,1727,2019-08-16,Patna Pirates,579,Jaideep ,Defender,2
7,1727,2019-08-16,Patna Pirates,3082,Monu ,Raider,0
7,1728,2019-08-16,Gujarat Giants,3089,Pankaj ,All Rounder,6
7,1728,2019-08-16,Gujarat Giants,357,Parvesh Bhainswal,defender,0
7,1728,2019-08-16,Gujarat Giants,368,Sunil Kumar,Defender,2
7,1728,2019-08-16,Gujarat Giants,2023,Ruturaj Koravi,Defender,0
7,1728,2019-08-16,Gujarat Giants,772,More G B,Raider,2
7,1728,2019-08-16,Jaipur Pink Panthers,3021,Pavan TR,Defender,2
7,1728,2019-08-16,Jaipur Pink Panthers,3159,Vishal ,defender,3
7,1728,2019-08-16,Jaipur Pink Panthers,290,Sandeep Dhull,Defender,3
7,1728,2019-08-16,Jaipur Pink Panthers,41,Deepak Hooda,all-rounder,7
7,1728,2019-08-16,Jaipur Pink Panthers,211,Deepak Narwal,Raider,1
7,1728,2019-08-16,Jaipur Pink Panthers,3154,Sachin Narwal,All Rounder,0
7,1729,2019-08-17,Tamil Thalaivas,71,Mohit Chhillar,Defender,1
7,1729,2019-08-17,Tamil Thalaivas,69,Manjeet Chhillar,All Rounder,1
7,1729,2019-08-17,Tamil Thalaivas,26,Ajay Thakur,Raider,4
7,1729,2019-08-17,Tamil Thalaivas,3111,Ajeet ,Defender,2
7,1729,2019-08-17,Tamil Thalaivas,105,Shabeer Bappu,Defender,3
7,1729,2019-08-17,Tamil Thalaivas,160,Ran Singh,All Rounder,4
7,1729,2019-08-17,Bengaluru Bulls,3029,Banty ,Raider,2
7,1729,2019-08-17,Bengaluru Bulls,3096,Ajay , ,1
7,1729,2019-08-17,Bengaluru Bulls,3099,Ankit ,Defender,2
7,1729,2019-08-17,Bengaluru Bulls,326,Rohit Kumar,raider,2
7,1729,2019-08-17,Bengaluru Bulls,318,Pawan Kumar,raider,11
7,1729,2019-08-17,Bengaluru Bulls,3228,Saurabh Nandal,Defender,5
7,1730,2019-08-17,Bengal Warriors,621,Baldev Singh,Defender - Right Corner,0
7,1730,2019-08-17,Bengal Warriors,54,Jeeva Kumar,Defender,4
7,1730,2019-08-17,Bengal Warriors,111,Sukesh Hegde,Raider,3
7,1730,2019-08-17,Bengal Warriors,185,Vijin Thangadurai,Defender,0
7,1730,2019-08-17,Dabang Delhi K.C.,3081,Vijay ,all-rounder,1
7,1730,2019-08-17,Dabang Delhi K.C.,194,Joginder Narwal,Defender,4
7,1730,2019-08-17,Dabang Delhi K.C.,2296,Naveen Kumar,Raider,11
7,1730,2019-08-17,Dabang Delhi K.C.,123,Vishal Mane,Defender,0
7,1730,2019-08-17,Dabang Delhi K.C.,157,Ravinder Pahal,Defender,2
7,1730,2019-08-17,Dabang Delhi K.C.,36,Chandran Ranjit,Raider,6
7,1730,2019-08-17,Dabang Delhi K.C.,3178,Saeid Ghaffari,Defender,0
7,1731,2019-08-18,Haryana Steelers,3221,Chand Singh,Defender,1
7,1731,2019-08-18,Haryana Steelers,3100,Parveen ,Defender - Left Cover,0
7,1731,2019-08-18,Haryana Steelers,179,Vikas kale,Defender,0
7,1731,2019-08-18,Haryana Steelers,3054,Vinay ,Raider,4
7,1731,2019-08-18,Haryana Steelers,2357,Naveen ,Raider,6
7,1731,2019-08-18,Haryana Steelers,366,Vikash Khandola,raider,9
7,1731,2019-08-18,Telugu Titans,2290,Rajnish ,Raider,0
7,1731,2019-08-18,Telugu Titans,482,Farhad Milaghardan,Defender,2
7,1732,2019-08-18,Tamil Thalaivas,26,Ajay Thakur,Raider,1
7,1732,2019-08-18,Tamil Thalaivas,105,Shabeer Bappu,Defender,0
7,1732,2019-08-18,Tamil Thalaivas,160,Ran Singh,All Rounder,4
7,1732,2019-08-18,Tamil Thalaivas,3236,Sagar ,Defender,1
7,1732,2019-08-18,Tamil Thalaivas,268,Vineet Sharma,Raider,3
7,1732,2019-08-18,Puneri Paltan,347,Sagar B Krishna,All Rounder,1
7,1732,2019-08-18,Puneri Paltan,322,Surjeet Singh,Defender,7
7,1732,2019-08-18,Puneri Paltan,161,Girish Maruti Ernak,Defender,1
7,1733,2019-08-19,U Mumba,259,Fazel Atrachali,defender,4
7,1733,2019-08-19,U Mumba,2024,Arjun Deshwal,Raider,3
7,1733,2019-08-19,U Mumba,3086,Surinder Singh,Defender,1
7,1733,2019-08-19,U Mumba,142,Sandeep Narwal,all-rounder,5
7,1733,2019-08-19,U Mumba,3138,Harendra Kumar,Defender,2
7,1733,2019-08-19,Haryana Steelers,3221,Chand Singh,Defender,3
7,1733,2019-08-19,Haryana Steelers,3106,Sunil ,Defender - Right Corner,3
7,1733,2019-08-19,Haryana Steelers,264,Selvamani K ,raider,3
7,1733,2019-08-19,Haryana Steelers,3054,Vinay ,Raider,1
7,1733,2019-08-19,Haryana Steelers,2357,Naveen ,Raider,1
7,1733,2019-08-19,Haryana Steelers,366,Vikash Khandola,raider,9
7,1734,2019-08-19,U.P. Yoddha,3088,Nitesh Kumar,Defender,2
7,1734,2019-08-19,U.P. Yoddha,3240,Sumit ,Defender,4
7,1734,2019-08-19,U.P. Yoddha,3241,Surender Gill,Raider,8
7,1734,2019-08-19,U.P. Yoddha,218,Sachin Kumar,Defender,0
7,1734,2019-08-19,U.P. Yoddha,3126,Amit ,defender,1
7,1734,2019-08-19,U.P. Yoddha,106,Shrikant Jadhav,raider,7
7,1734,2019-08-19,Jaipur Pink Panthers,290,Sandeep Dhull,Defender,1
7,1734,2019-08-19,Jaipur Pink Panthers,3154,Sachin Narwal,All Rounder,0
7,1734,2019-08-19,Jaipur Pink Panthers,293,Nilesh Salunke,Defender,1
7,1735,2019-08-21,Puneri Paltan,3103,Shubham Shinde,Defender - Right corner,1
7,1735,2019-08-21,Puneri Paltan,2291,Amit Kumar Pun,All Rounder,5
7,1735,2019-08-21,Puneri Paltan,3110,Amit Kumar, ,2
7,1735,2019-08-21,Bengaluru Bulls,3029,Banty ,Raider,4
7,1735,2019-08-21,Bengaluru Bulls,3096,Ajay , ,0
7,1735,2019-08-21,Bengaluru Bulls,3099,Ankit ,Defender,0
7,1735,2019-08-21,Bengaluru Bulls,326,Rohit Kumar,raider,7
7,1735,2019-08-21,Bengaluru Bulls,3115,Amit Sheoran,Defender,4
7,1735,2019-08-21,Bengaluru Bulls,318,Pawan Kumar,raider,5
7,1735,2019-08-21,Bengaluru Bulls,3228,Saurabh Nandal,Defender,1
7,1736,2019-08-21,Tamil Thalaivas,71,Mohit Chhillar,Defender,3
7,1736,2019-08-21,Tamil Thalaivas,3053,V Ajith Kumar,Raider,2
7,1736,2019-08-21,Tamil Thalaivas,26,Ajay Thakur,Raider,6
7,1736,2019-08-21,Tamil Thalaivas,268,Vineet Sharma,Raider,5
7,1736,2019-08-21,Tamil Thalaivas,3101,Ponparthiban Subramanian, ,0
7,1736,2019-08-21,Jaipur Pink Panthers,290,Sandeep Dhull,Defender,2
7,1736,2019-08-21,Jaipur Pink Panthers,41,Deepak Hooda,all-rounder,3
7,1736,2019-08-21,Jaipur Pink Panthers,212,Amit Hooda,Defender,1
7,1736,2019-08-21,Jaipur Pink Panthers,613,Sunil Siddhgavali,defender,2
7,1736,2019-08-21,Jaipur Pink Panthers,293,Nilesh Salunke,Defender,7
7,1737,2019-08-22,Bengal Warriors,621,Baldev Singh,Defender - Right Corner,2
7,1737,2019-08-22,Bengal Warriors,3176,Mohammad Nabibakhsh,All Rounder,4
7,1737,2019-08-22,Bengal Warriors,54,Jeeva Kumar,Defender,3
7,1737,2019-08-22,Bengal Warriors,143,Maninder Singh,raider,10
7,1737,2019-08-22,Bengal Warriors,219,K.Prapanjan ,raider,6
7,1737,2019-08-22,Bengal Warriors,3084,Rinku Narwal,Defender,5
7,1737,2019-08-22,Bengal Warriors,784,Viraj Vishnu Landge,Defender,0
7,1737,2019-08-22,Patna Pirates,121,Vikash Jaglan,all-rounder,2
7,1737,2019-08-22,Patna Pirates,3107,Neeraj Kumar,Defender,0
7,1737,2019-08-22,Patna Pirates,249,Hadi Oshtorak,All Rounder,0
7,1737,2019-08-22,Patna Pirates,3175,Mohammad Mahalli,Raider,3
7,1737,2019-08-22,Patna Pirates,579,Jaideep ,Defender,2
7,1737,2019-08-22,Patna Pirates,197,Pardeep Narwal,Raider,12
7,1737,2019-08-22,Patna Pirates,3028,Ashish ,Raider,2
7,1738,2019-08-23,Gujarat Giants,3089,Pankaj ,All Rounder,3
7,1738,2019-08-23,Gujarat Giants,3023,Rohit Gulia,All Rounder,10
7,1738,2019-08-23,Gujarat Giants,368,Sunil Kumar,Defender,3
7,1738,2019-08-23,Gujarat Giants,2023,Ruturaj Koravi,Defender,2
7,1738,2019-08-23,Gujarat Giants,3128,Sonu GFG,Raider,1
7,1738,2019-08-23,Patna Pirates,121,Vikash Jaglan,all-rounder,0
7,1738,2019-08-23,Patna Pirates,3107,Neeraj Kumar,Defender,2
7,1738,2019-08-23,Patna Pirates,249,Hadi Oshtorak,All Rounder,3
7,1738,2019-08-23,Patna Pirates,579,Jaideep ,Defender,2
7,1738,2019-08-23,Patna Pirates,3082,Monu ,Raider,3
7,1739,2019-08-23,Tamil Thalaivas,71,Mohit Chhillar,Defender,3
7,1739,2019-08-23,Tamil Thalaivas,26,Ajay Thakur,Raider,3
7,1739,2019-08-23,Tamil Thalaivas,160,Ran Singh,All Rounder,2
7,1739,2019-08-23,Tamil Thalaivas,268,Vineet Sharma,Raider,0
7,1739,2019-08-23,Tamil Thalaivas,3101,Ponparthiban Subramanian, ,1
7,1739,2019-08-23,U Mumba,259,Fazel Atrachali,defender,3
7,1739,2019-08-23,U Mumba,2028,Abhishek Singh,Raider,3
7,1739,2019-08-23,U Mumba,142,Sandeep Narwal,all-rounder,5
7,1739,2019-08-23,U Mumba,84,Rajaguru Subramanian,Defender,2
7,1739,2019-08-23,U Mumba,3138,Harendra Kumar,Defender,3
7,1740,2019-08-24,Dabang Delhi K.C.,3081,Vijay ,all-rounder,2
7,1740,2019-08-24,Dabang Delhi K.C.,311,Anil Kumar, ,0
7,1740,2019-08-24,Dabang Delhi K.C.,2296,Naveen Kumar,Raider,13
7,1740,2019-08-24,Dabang Delhi K.C.,157,Ravinder Pahal,Defender,4
7,1740,2019-08-24,Dabang Delhi K.C.,251,Meraj Sheykh,All Rounder,5
7,1740,2019-08-24,Bengaluru Bulls,769,Mahender Singh,Defender,3
7,1740,2019-08-24,Bengaluru Bulls,3029,Banty ,Raider,3
7,1740,2019-08-24,Bengaluru Bulls,326,Rohit Kumar,raider,0
7,1740,2019-08-24,Bengaluru Bulls,202,Ashish Kumar,all-rounder,0
7,1740,2019-08-24,Bengaluru Bulls,3228,Saurabh Nandal,Defender,2
7,1741,2019-08-24,Jaipur Pink Panthers,3021,Pavan TR,Defender,2
7,1741,2019-08-24,Jaipur Pink Panthers,293,Nilesh Salunke,Defender,2
7,1741,2019-08-24,Telugu Titans,482,Farhad Milaghardan,Defender,4
7,1741,2019-08-24,Telugu Titans,3083,Vishal Bharadwaj,defender,8
7,1741,2019-08-24,Telugu Titans,3058,Suraj Desai,All Rounder,2
7,1741,2019-08-24,Telugu Titans,2026,Siddharth Desai,Raider,3
7,1741,2019-08-24,Telugu Titans,489,Abozar Mighani,Defender,3
7,1741,2019-08-24,Telugu Titans,191,C.Arun ,Defender,2
7,1741,2019-08-24,Telugu Titans,267,Amit Kumar,Defender,1
7,1742,2019-08-25,Jaipur Pink Panthers,290,Sandeep Dhull,Defender,2
7,1742,2019-08-25,Jaipur Pink Panthers,41,Deepak Hooda,all-rounder,1
7,1742,2019-08-25,Jaipur Pink Panthers,613,Sunil Siddhgavali,defender,2
7,1742,2019-08-25,Jaipur Pink Panthers,3065,Nitin Rawal,all-rounder,8
7,1742,2019-08-25,Jaipur Pink Panthers,3097,Ajinkya Ashok Pawar,Raider,5
7,1742,2019-08-25,Jaipur Pink Panthers,3052,Sushil Gulia,Raider,3
7,1742,2019-08-25,Jaipur Pink Panthers,3076,Santhapanaselvam ,All Rounder,2
7,1742,2019-08-25,Bengaluru Bulls,3019,Mohit Sehrawat,Defender,5
7,1742,2019-08-25,Bengaluru Bulls,3029,Banty ,Raider,0
7,1742,2019-08-25,Bengaluru Bulls,3115,Amit Sheoran,Defender,0
7,1743,2019-08-25,Dabang Delhi K.C.,3081,Vijay ,all-rounder,1
7,1743,2019-08-25,Dabang Delhi K.C.,194,Joginder Narwal,Defender,2
7,1743,2019-08-25,Dabang Delhi K.C.,2296,Naveen Kumar,Raider,16
7,1743,2019-08-25,Dabang Delhi K.C.,123,Vishal Mane,Defender,1
7,1743,2019-08-25,Dabang Delhi K.C.,157,Ravinder Pahal,Defender,5
7,1743,2019-08-25,U.P. Yoddha,3088,Nitesh Kumar,Defender,2
7,1743,2019-08-25,U.P. Yoddha,3240,Sumit ,Defender,3
7,1743,2019-08-25,U.P. Yoddha,3126,Amit ,defender,2
7,1743,2019-08-25,U.P. Yoddha,106,Shrikant Jadhav,raider,1
7,1744,2019-08-26,Bengal Warriors,621,Baldev Singh,Defender - Right Corner,0
7,1744,2019-08-26,Bengal Warriors,3176,Mohammad Nabibakhsh,All Rounder,3
7,1744,2019-08-26,Bengal Warriors,3095,Adarsh T,Defender - Left Corner,0
7,1744,2019-08-26,Bengal Warriors,54,Jeeva Kumar,Defender,3
7,1744,2019-08-26,Bengal Warriors,143,Maninder Singh,raider,15
7,1744,2019-08-26,Bengal Warriors,3084,Rinku Narwal,Defender,1
7,1744,2019-08-26,Haryana Steelers,3221,Chand Singh,Defender,1
7,1744,2019-08-26,Haryana Steelers,264,Selvamani K ,raider,0
7,1744,2019-08-26,Haryana Steelers,366,Vikash Khandola,raider,11
7,1745,2019-08-26,U.P. Yoddha,3088,Nitesh Kumar,Defender,1
7,1745,2019-08-26,U.P. Yoddha,3240,Sumit ,Defender,5
7,1745,2019-08-26,U.P. Yoddha,3241,Surender Gill,Raider,5
7,1745,2019-08-26,U.P. Yoddha,218,Sachin Kumar,Defender,1
7,1745,2019-08-26,U.P. Yoddha,3126,Amit ,defender,0
7,1745,2019-08-26,U.P. Yoddha,106,Shrikant Jadhav,raider,15
7,1745,2019-08-26,U.P. Yoddha,3239,Ashu Singh,Defender,3
7,1745,2019-08-26,Puneri Paltan,347,Sagar B Krishna,All Rounder,0
7,1745,2019-08-26,Puneri Paltan,3103,Shubham Shinde,Defender - Right corner,2
7,1745,2019-08-26,Puneri Paltan,3233,Pankaj Mohite,Raider,2
7,1746,2019-08-28,Gujarat Giants,2306,Lalit Chaudhary, ,2
7,1746,2019-08-28,Gujarat Giants,46,GURVINDER SINGH,All Rounder,1
7,1746,2019-08-28,Gujarat Giants,764,Vinod Kumar,Raider,3
7,1746,2019-08-28,Gujarat Giants,357,Parvesh Bhainswal,defender,1
7,1746,2019-08-28,Gujarat Giants,368,Sunil Kumar,Defender,1
7,1746,2019-08-28,Gujarat Giants,2023,Ruturaj Koravi,Defender,2
7,1746,2019-08-28,Gujarat Giants,3226,Sumit ,Defender,2
7,1746,2019-08-28,Haryana Steelers,155,Prashanth Rai,raider,8
7,1747,2019-08-28,Dabang Delhi K.C.,3081,Vijay ,all-rounder,0
7,1747,2019-08-28,Dabang Delhi K.C.,311,Anil Kumar, ,0
7,1747,2019-08-28,Dabang Delhi K.C.,3222,Balram ,All Rounder,2
7,1747,2019-08-28,Dabang Delhi K.C.,2296,Naveen Kumar,Raider,11
7,1747,2019-08-28,Dabang Delhi K.C.,123,Vishal Mane,Defender,1
7,1747,2019-08-28,Dabang Delhi K.C.,157,Ravinder Pahal,Defender,8
7,1747,2019-08-28,Dabang Delhi K.C.,3169,Satywan ,Defender,1
7,1747,2019-08-28,U Mumba,2024,Arjun Deshwal,Raider,7
7,1747,2019-08-28,U Mumba,142,Sandeep Narwal,all-rounder,6
7,1747,2019-08-28,U Mumba,261,Rohit Baliyan,Raider,1
7,1747,2019-08-28,U Mumba,3138,Harendra Kumar,Defender,1
7,1748,2019-08-29,Bengal Warriors,621,Baldev Singh,Defender - Right Corner,2
7,1748,2019-08-29,Bengal Warriors,3176,Mohammad Nabibakhsh,All Rounder,2
7,1748,2019-08-29,Bengal Warriors,54,Jeeva Kumar,Defender,1
7,1748,2019-08-29,Bengal Warriors,111,Sukesh Hegde,Raider,1
7,1748,2019-08-29,Bengal Warriors,143,Maninder Singh,raider,9
7,1748,2019-08-29,Bengal Warriors,219,K.Prapanjan ,raider,10
7,1748,2019-08-29,Bengal Warriors,3084,Rinku Narwal,Defender,5
7,1748,2019-08-29,Tamil Thalaivas,69,Manjeet Chhillar,All Rounder,3
7,1748,2019-08-29,Tamil Thalaivas,160,Ran Singh,All Rounder,0
7,1748,2019-08-29,Tamil Thalaivas,3236,Sagar ,Defender,0
7,1749,2019-08-30,Telugu Titans,274,Krushna Madane,Defender,0
7,1749,2019-08-30,Telugu Titans,191,C.Arun ,Defender,6
7,1749,2019-08-30,Puneri Paltan,347,Sagar B Krishna,All Rounder,4
7,1749,2019-08-30,Puneri Paltan,3011,Jadhav Shahaji,Defender,1
7,1749,2019-08-30,Puneri Paltan,322,Surjeet Singh,Defender,1
7,1749,2019-08-30,Puneri Paltan,3103,Shubham Shinde,Defender - Right corner,2
7,1749,2019-08-30,Puneri Paltan,320,Nitin Tomar,raider,8
7,1749,2019-08-30,Puneri Paltan,3233,Pankaj Mohite,Raider,0
7,1749,2019-08-30,Puneri Paltan,3110,Amit Kumar, ,4
7,1750,2019-08-30,Dabang Delhi K.C.,3081,Vijay ,all-rounder,4
7,1750,2019-08-30,Dabang Delhi K.C.,194,Joginder Narwal,Defender,2
7,1750,2019-08-30,Dabang Delhi K.C.,2296,Naveen Kumar,Raider,15
7,1750,2019-08-30,Dabang Delhi K.C.,123,Vishal Mane,Defender,2
7,1750,2019-08-30,Dabang Delhi K.C.,157,Ravinder Pahal,Defender,4
7,1750,2019-08-30,Dabang Delhi K.C.,251,Meraj Sheykh,All Rounder,0
7,1750,2019-08-30,Patna Pirates,121,Vikash Jaglan,all-rounder,6
7,1750,2019-08-30,Patna Pirates,3107,Neeraj Kumar,Defender,1
7,1750,2019-08-30,Patna Pirates,249,Hadi Oshtorak,All Rounder,2
7,1750,2019-08-30,Patna Pirates,390,Jawahar Dagar, ,2
7,1750,2019-08-30,Patna Pirates,3028,Ashish ,Raider,0
7,1750,2019-08-30,Patna Pirates,3082,Monu ,Raider,1
7,1751,2019-08-31,Gujarat Giants,357,Parvesh Bhainswal,defender,4
7,1751,2019-08-31,Gujarat Giants,3227,Ankit ,Defender,1
7,1751,2019-08-31,Gujarat Giants,3023,Rohit Gulia,All Rounder,4
7,1751,2019-08-31,Gujarat Giants,368,Sunil Kumar,Defender,3
7,1751,2019-08-31,Gujarat Giants,3226,Sumit ,Defender,2
7,1751,2019-08-31,Gujarat Giants,772,More G B,Raider,5
7,1751,2019-08-31,Gujarat Giants,757,Sachin ,Raider,5
7,1752,2019-08-31,U Mumba,259,Fazel Atrachali,defender,6
7,1752,2019-08-31,U Mumba,2024,Arjun Deshwal,Raider,6
7,1752,2019-08-31,U Mumba,3116,Harsh Vardhan,Defender,0
7,1752,2019-08-31,U Mumba,3086,Surinder Singh,Defender,1
7,1752,2019-08-31,U Mumba,376,Athul M S,Raider,2
7,1752,2019-08-31,U Mumba,2028,Abhishek Singh,Raider,13
7,1752,2019-08-31,U Mumba,3138,Harendra Kumar,Defender,5
7,1752,2019-08-31,Jaipur Pink Panthers,41,Deepak Hooda,all-rounder,3
7,1752,2019-08-31,Jaipur Pink Panthers,211,Deepak Narwal,Raider,2
7,1753,2019-09-01,U.P. Yoddha,3088,Nitesh Kumar,Defender,7
7,1753,2019-09-01,U.P. Yoddha,94,Rishank Devadiga,Raider,0
7,1753,2019-09-01,U.P. Yoddha,3240,Sumit ,Defender,4
7,1753,2019-09-01,U.P. Yoddha,3241,Surender Gill,Raider,2
7,1753,2019-09-01,U.P. Yoddha,3126,Amit ,defender,2
7,1753,2019-09-01,U.P. Yoddha,106,Shrikant Jadhav,raider,9
7,1753,2019-09-01,U.P. Yoddha,3239,Ashu Singh,Defender,2
7,1753,2019-09-01,Bengal Warriors,3045,Mayur Shivtarkar,All Rounder,2
7,1754,2019-09-01,Bengaluru Bulls,3096,Ajay , ,0
7,1754,2019-09-01,Bengaluru Bulls,3099,Ankit ,Defender,0
7,1754,2019-09-01,Bengaluru Bulls,3115,Amit Sheoran,Defender,5
7,1754,2019-09-01,Tamil Thalaivas,71,Mohit Chhillar,Defender,3
7,1754,2019-09-01,Tamil Thalaivas,69,Manjeet Chhillar,All Rounder,4
7,1754,2019-09-01,Tamil Thalaivas,3053,V Ajith Kumar,Raider,2
7,1754,2019-09-01,Tamil Thalaivas,26,Ajay Thakur,Raider,4
7,1754,2019-09-01,Tamil Thalaivas,3111,Ajeet ,Defender,0
7,1754,2019-09-01,Tamil Thalaivas,160,Ran Singh,All Rounder,2
7,1754,2019-09-01,Tamil Thalaivas,2325,Anand , ,0
7,1755,2019-09-02,Puneri Paltan,347,Sagar B Krishna,All Rounder,0
7,1755,2019-09-02,Puneri Paltan,3011,Jadhav Shahaji,Defender,0
7,1755,2019-09-02,Puneri Paltan,322,Surjeet Singh,Defender,5
7,1755,2019-09-02,Puneri Paltan,3103,Shubham Shinde,Defender - Right corner,2
7,1755,2019-09-02,Puneri Paltan,320,Nitin Tomar,raider,8
7,1755,2019-09-02,Puneri Paltan,3233,Pankaj Mohite,Raider,7
7,1755,2019-09-02,Puneri Paltan,2291,Amit Kumar Pun,All Rounder,2
7,1755,2019-09-02,Haryana Steelers,366,Vikash Khandola,raider,11
7,1756,2019-09-02,Telugu Titans,2298,Armaan , ,3
7,1756,2019-09-02,Telugu Titans,482,Farhad Milaghardan,Defender,5
7,1756,2019-09-02,Telugu Titans,489,Abozar Mighani,Defender,1
7,1756,2019-09-02,Tamil Thalaivas,81,Rahul Chaudhari,Raider,4
7,1756,2019-09-02,Tamil Thalaivas,69,Manjeet Chhillar,All Rounder,2
7,1756,2019-09-02,Tamil Thalaivas,3053,V Ajith Kumar,Raider,14
7,1756,2019-09-02,Tamil Thalaivas,3111,Ajeet ,Defender,1
7,1756,2019-09-02,Tamil Thalaivas,105,Shabeer Bappu,Defender,5
7,1756,2019-09-02,Tamil Thalaivas,160,Ran Singh,All Rounder,2
7,1757,2019-09-04,Jaipur Pink Panthers,3230,Elavarasan ,Defender,3
7,1757,2019-09-04,Jaipur Pink Panthers,3021,Pavan TR,Defender,3
7,1757,2019-09-04,Jaipur Pink Panthers,41,Deepak Hooda,all-rounder,11
7,1757,2019-09-04,Jaipur Pink Panthers,211,Deepak Narwal,Raider,2
7,1757,2019-09-04,Jaipur Pink Panthers,3154,Sachin Narwal,All Rounder,4
7,1757,2019-09-04,Jaipur Pink Panthers,3065,Nitin Rawal,all-rounder,7
7,1757,2019-09-04,Dabang Delhi K.C.,3081,Vijay ,all-rounder,4
7,1757,2019-09-04,Dabang Delhi K.C.,311,Anil Kumar, ,2
7,1757,2019-09-04,Dabang Delhi K.C.,194,Joginder Narwal,Defender,3
7,1757,2019-09-04,Dabang Delhi K.C.,2296,Naveen Kumar,Raider,16
7,1757,2019-09-04,Dabang Delhi K.C.,123,Vishal Mane,Defender,1
7,1757,2019-09-04,Dabang Delhi K.C.,157,Ravinder Pahal,Defender,2
7,1757,2019-09-04,Dabang Delhi K.C.,36,Chandran Ranjit,Raider,8
7,1758,2019-09-04,Bengaluru Bulls,769,Mahender Singh,Defender,5
7,1758,2019-09-04,Bengaluru Bulls,3099,Ankit ,Defender,0
7,1758,2019-09-04,Bengaluru Bulls,326,Rohit Kumar,raider,7
7,1758,2019-09-04,Bengaluru Bulls,3115,Amit Sheoran,Defender,2
7,1758,2019-09-04,Bengaluru Bulls,318,Pawan Kumar,raider,17
7,1758,2019-09-04,Bengaluru Bulls,3228,Saurabh Nandal,Defender,4
7,1758,2019-09-04,Patna Pirates,197,Pardeep Narwal,Raider,14
7,1758,2019-09-04,Patna Pirates,3146,Amit Kumar pat,All Rounder,4
7,1759,2019-09-05,Puneri Paltan,301,Hadi Tajik,defender,2
7,1759,2019-09-05,U Mumba,259,Fazel Atrachali,defender,3
7,1759,2019-09-05,U Mumba,2024,Arjun Deshwal,Raider,3
7,1759,2019-09-05,U Mumba,3086,Surinder Singh,Defender,2
7,1759,2019-09-05,U Mumba,376,Athul M S,Raider,4
7,1759,2019-09-05,U Mumba,2028,Abhishek Singh,Raider,11
7,1759,2019-09-05,U Mumba,142,Sandeep Narwal,all-rounder,4
7,1759,2019-09-05,U Mumba,3138,Harendra Kumar,Defender,2
7,1760,2019-09-06,Patna Pirates,3107,Neeraj Kumar,Defender,0
7,1760,2019-09-06,Patna Pirates,249,Hadi Oshtorak,All Rounder,3
7,1760,2019-09-06,Patna Pirates,3175,Mohammad Mahalli,Raider,1
7,1760,2019-09-06,Patna Pirates,579,Jaideep ,Defender,1
7,1760,2019-09-06,Patna Pirates,197,Pardeep Narwal,Raider,14
7,1760,2019-09-06,Patna Pirates,3146,Amit Kumar pat,All Rounder,1
7,1760,2019-09-06,Patna Pirates,3208,Ravinder ,All Rounder,0
7,1760,2019-09-06,U.P. Yoddha,3241,Surender Gill,Raider,7
7,1760,2019-09-06,U.P. Yoddha,218,Sachin Kumar,Defender,0
7,1760,2019-09-06,U.P. Yoddha,106,Shrikant Jadhav,raider,10
7,1760,2019-09-06,U.P. Yoddha,2041,Gurdeep ,All Rounder,0
7,1760,2019-09-06,U.P. Yoddha,3239,Ashu Singh,Defender,4
7,1761,2019-09-06,Bengaluru Bulls,769,Mahender Singh,Defender,3
7,1761,2019-09-06,Bengaluru Bulls,326,Rohit Kumar,raider,5
7,1761,2019-09-06,Bengaluru Bulls,768,Vijay Kumar,Defender,1
7,1761,2019-09-06,Bengaluru Bulls,318,Pawan Kumar,raider,23
7,1761,2019-09-06,Bengaluru Bulls,3228,Saurabh Nandal,Defender,1
7,1761,2019-09-06,Telugu Titans,3046,Rakesh Gowda,Raider,4
7,1761,2019-09-06,Telugu Titans,482,Farhad Milaghardan,Defender,2
7,1761,2019-09-06,Telugu Titans,2026,Siddharth Desai,Raider,23
7,1761,2019-09-06,Telugu Titans,489,Abozar Mighani,Defender,4
7,1761,2019-09-06,Telugu Titans,274,Krushna Madane,Defender,1
7,1761,2019-09-06,Telugu Titans,191,C.Arun ,Defender,1
7,1762,2019-09-07,Bengal Warriors,621,Baldev Singh,Defender - Right Corner,3
7,1762,2019-09-07,Bengal Warriors,3176,Mohammad Nabibakhsh,All Rounder,3
7,1762,2019-09-07,Bengal Warriors,3095,Adarsh T,Defender - Left Corner,0
7,1762,2019-09-07,Bengal Warriors,111,Sukesh Hegde,Raider,3
7,1762,2019-09-07,Bengal Warriors,143,Maninder Singh,raider,9
7,1762,2019-09-07,Gujarat Giants,3227,Ankit ,Defender,1
7,1762,2019-09-07,Gujarat Giants,3023,Rohit Gulia,All Rounder,5
7,1762,2019-09-07,Gujarat Giants,3226,Sumit ,Defender,1
7,1762,2019-09-07,Gujarat Giants,3128,Sonu GFG,Raider,6
7,1762,2019-09-07,Gujarat Giants,757,Sachin ,Raider,6
7,1763,2019-09-07,Dabang Delhi K.C.,3081,Vijay ,all-rounder,1
7,1763,2019-09-07,Dabang Delhi K.C.,194,Joginder Narwal,Defender,3
7,1763,2019-09-07,Dabang Delhi K.C.,157,Ravinder Pahal,Defender,0
7,1763,2019-09-07,Dabang Delhi K.C.,251,Meraj Sheykh,All Rounder,1
7,1763,2019-09-07,Haryana Steelers,155,Prashanth Rai,raider,10
7,1763,2019-09-07,Haryana Steelers,3106,Sunil ,Defender - Right Corner,4
7,1763,2019-09-07,Haryana Steelers,42,Dharmaraj Cheralathan,Defender,4
7,1763,2019-09-07,Haryana Steelers,179,Vikas kale,Defender,5
7,1763,2019-09-07,Haryana Steelers,240,Ravi Kumar,Defender,1
7,1763,2019-09-07,Haryana Steelers,3054,Vinay ,Raider,2
7,1763,2019-09-07,Haryana Steelers,366,Vikash Khandola,raider,10
7,1764,2019-09-08,Dabang Delhi K.C.,3081,Vijay ,all-rounder,5
7,1764,2019-09-08,Dabang Delhi K.C.,311,Anil Kumar, ,3
7,1764,2019-09-08,Dabang Delhi K.C.,194,Joginder Narwal,Defender,0
7,1764,2019-09-08,Dabang Delhi K.C.,2296,Naveen Kumar,Raider,17
7,1764,2019-09-08,Dabang Delhi K.C.,157,Ravinder Pahal,Defender,2
7,1764,2019-09-08,Tamil Thalaivas,81,Rahul Chaudhari,Raider,14
7,1764,2019-09-08,Tamil Thalaivas,3053,V Ajith Kumar,Raider,9
7,1764,2019-09-08,Tamil Thalaivas,2282,Yashwant Bishnoi, ,0
7,1764,2019-09-08,Tamil Thalaivas,160,Ran Singh,All Rounder,2
7,1764,2019-09-08,Tamil Thalaivas,3236,Sagar ,Defender,2
7,1764,2019-09-08,Tamil Thalaivas,268,Vineet Sharma,Raider,0
7,1764,2019-09-08,Tamil Thalaivas,3014,M. Abishek ,Defender,0
7,1765,2019-09-08,Bengal Warriors,621,Baldev Singh,Defender - Right Corner,5
7,1765,2019-09-08,Bengal Warriors,3176,Mohammad Nabibakhsh,All Rounder,6
7,1765,2019-09-08,Bengal Warriors,54,Jeeva Kumar,Defender,1
7,1765,2019-09-08,Bengal Warriors,111,Sukesh Hegde,Raider,6
7,1765,2019-09-08,Bengal Warriors,143,Maninder Singh,raider,10
7,1765,2019-09-08,Bengal Warriors,3045,Mayur Shivtarkar,All Rounder,2
7,1765,2019-09-08,Bengal Warriors,3084,Rinku Narwal,Defender,2
7,1765,2019-09-08,Puneri Paltan,301,Hadi Tajik,defender,3
7,1765,2019-09-08,Puneri Paltan,322,Surjeet Singh,Defender,2
7,1765,2019-09-08,Puneri Paltan,161,Girish Maruti Ernak,Defender,3
7,1765,2019-09-08,Puneri Paltan,3103,Shubham Shinde,Defender - Right corner,0
7,1765,2019-09-08,Puneri Paltan,3233,Pankaj Mohite,Raider,11
7,1766,2019-09-09,U.P. Yoddha,3088,Nitesh Kumar,Defender,4
7,1766,2019-09-09,U.P. Yoddha,94,Rishank Devadiga,Raider,5
7,1766,2019-09-09,U.P. Yoddha,3241,Surender Gill,Raider,6
7,1766,2019-09-09,U.P. Yoddha,3126,Amit ,defender,0
7,1766,2019-09-09,U.P. Yoddha,106,Shrikant Jadhav,raider,6
7,1766,2019-09-09,U.P. Yoddha,3239,Ashu Singh,Defender,2
7,1766,2019-09-09,Gujarat Giants,357,Parvesh Bhainswal,defender,0
7,1766,2019-09-09,Gujarat Giants,368,Sunil Kumar,Defender,7
7,1766,2019-09-09,Gujarat Giants,2023,Ruturaj Koravi,Defender,0
7,1767,2019-09-09,Tamil Thalaivas,81,Rahul Chaudhari,Raider,5
7,1767,2019-09-09,Tamil Thalaivas,69,Manjeet Chhillar,All Rounder,0
7,1767,2019-09-09,Tamil Thalaivas,2257,Obiero Victor,all-rounder,1
7,1767,2019-09-09,Tamil Thalaivas,3236,Sagar ,Defender,3
7,1767,2019-09-09,Tamil Thalaivas,2325,Anand , ,1
7,1767,2019-09-09,Tamil Thalaivas,3014,M. Abishek ,Defender,1
7,1767,2019-09-09,Patna Pirates,3107,Neeraj Kumar,Defender,3
7,1767,2019-09-09,Patna Pirates,249,Hadi Oshtorak,All Rounder,4
7,1767,2019-09-09,Patna Pirates,3075,Purna Singh, ,0
7,1768,2019-09-11,Haryana Steelers,3221,Chand Singh,Defender,0
7,1768,2019-09-11,Haryana Steelers,155,Prashanth Rai,raider,5
7,1768,2019-09-11,Haryana Steelers,3106,Sunil ,Defender - Right Corner,5
7,1768,2019-09-11,Haryana Steelers,42,Dharmaraj Cheralathan,Defender,3
7,1768,2019-09-11,Haryana Steelers,179,Vikas kale,Defender,1
7,1768,2019-09-11,Haryana Steelers,240,Ravi Kumar,Defender,5
7,1768,2019-09-11,Haryana Steelers,366,Vikash Khandola,raider,7
7,1768,2019-09-11,Haryana Steelers,3221,Chand Singh,Defender,0
7,1768,2019-09-11,Haryana Steelers,155,Prashanth Rai,raider,5
7,1768,2019-09-11,Haryana Steelers,3106,Sunil ,Defender - Right Corner,5
7,1768,2019-09-11,Haryana Steelers,42,Dharmaraj Cheralathan,Defender,3
7,1768,2019-09-11,Haryana Steelers,179,Vikas kale,Defender,1
7,1768,2019-09-11,Haryana Steelers,240,Ravi Kumar,Defender,5
7,1768,2019-09-11,Haryana Steelers,366,Vikash Khandola,raider,7
7,1768,2019-09-11,Jaipur Pink Panthers,3230,Elavarasan ,Defender,1
7,1768,2019-09-11,Jaipur Pink Panthers,3021,Pavan TR,Defender,1
7,1768,2019-09-11,Jaipur Pink Panthers,3065,Nitin Rawal,all-rounder,0
7,1768,2019-09-11,Jaipur Pink Panthers,293,Nilesh Salunke,Defender,3
7,1768,2019-09-11,Jaipur Pink Panthers,3230,Elavarasan ,Defender,1
7,1768,2019-09-11,Jaipur Pink Panthers,3021,Pavan TR,Defender,1
7,1768,2019-09-11,Jaipur Pink Panthers,3065,Nitin Rawal,all-rounder,0
7,1768,2019-09-11,Jaipur Pink Panthers,293,Nilesh Salunke,Defender,3
7,1769,2019-09-11,Bengal Warriors,621,Baldev Singh,Defender - Right Corner,1
7,1769,2019-09-11,Bengal Warriors,111,Sukesh Hegde,Raider,8
7,1769,2019-09-11,Bengal Warriors,219,K.Prapanjan ,raider,0
7,1769,2019-09-11,Bengal Warriors,3084,Rinku Narwal,Defender,4
7,1769,2019-09-11,U Mumba,259,Fazel Atrachali,defender,4
7,1769,2019-09-11,U Mumba,3086,Surinder Singh,Defender,0
7,1769,2019-09-11,U Mumba,2028,Abhishek Singh,Raider,3
7,1769,2019-09-11,U Mumba,142,Sandeep Narwal,all-rounder,1
7,1769,2019-09-11,U Mumba,519,Young Chang Ko,Defender,0
7,1769,2019-09-11,U Mumba,261,Rohit Baliyan,Raider,2
7,1770,2019-09-12,Jaipur Pink Panthers,3021,Pavan TR,Defender,0
7,1770,2019-09-12,Jaipur Pink Panthers,290,Sandeep Dhull,Defender,5
7,1770,2019-09-12,Jaipur Pink Panthers,3097,Ajinkya Ashok Pawar,Raider,3
7,1770,2019-09-12,Jaipur Pink Panthers,3052,Sushil Gulia,Raider,8
7,1770,2019-09-12,Jaipur Pink Panthers,293,Nilesh Salunke,Defender,2
7,1770,2019-09-12,Patna Pirates,12,Jang Lee,Raider,8
7,1770,2019-09-12,Patna Pirates,249,Hadi Oshtorak,All Rounder,1
7,1770,2019-09-12,Patna Pirates,3175,Mohammad Mahalli,Raider,0
7,1770,2019-09-12,Patna Pirates,579,Jaideep ,Defender,3
7,1770,2019-09-12,Patna Pirates,3082,Monu ,Raider,0
7,1771,2019-09-10,Telugu Titans,3046,Rakesh Gowda,Raider,7
7,1771,2019-09-10,Telugu Titans,482,Farhad Milaghardan,Defender,4
7,1771,2019-09-10,Telugu Titans,3083,Vishal Bharadwaj,defender,4
7,1771,2019-09-10,Telugu Titans,2026,Siddharth Desai,Raider,4
7,1771,2019-09-10,Telugu Titans,489,Abozar Mighani,Defender,1
7,1771,2019-09-10,Telugu Titans,191,C.Arun ,Defender,0
7,1771,2019-09-10,Telugu Titans,2322,Ankit Beniwal,Raider,2
7,1771,2019-09-10,U Mumba,2024,Arjun Deshwal,Raider,10
7,1771,2019-09-10,U Mumba,3086,Surinder Singh,Defender,3
7,1771,2019-09-10,U Mumba,2028,Abhishek Singh,Raider,3
7,1771,2019-09-10,U Mumba,142,Sandeep Narwal,all-rounder,4
7,1771,2019-09-10,U Mumba,261,Rohit Baliyan,Raider,7
7,1771,2019-09-10,U Mumba,3138,Harendra Kumar,Defender,0
7,1772,2019-09-12,Bengal Warriors,621,Baldev Singh,Defender - Right Corner,2
7,1772,2019-09-12,Bengal Warriors,3176,Mohammad Nabibakhsh,All Rounder,9
7,1772,2019-09-12,Bengal Warriors,3095,Adarsh T,Defender - Left Corner,2
7,1772,2019-09-12,Bengal Warriors,111,Sukesh Hegde,Raider,5
7,1772,2019-09-12,Bengal Warriors,143,Maninder Singh,raider,17
7,1772,2019-09-12,Bengal Warriors,3084,Rinku Narwal,Defender,0
7,1772,2019-09-12,Bengaluru Bulls,3096,Ajay , ,0
7,1772,2019-09-12,Bengaluru Bulls,3104,Sumit Singh,raider,7
7,1772,2019-09-12,Bengaluru Bulls,3099,Ankit ,Defender,3
7,1772,2019-09-12,Bengaluru Bulls,3115,Amit Sheoran,Defender,1
7,1772,2019-09-12,Bengaluru Bulls,3228,Saurabh Nandal,Defender,3
7,1773,2019-09-14,Puneri Paltan,763,Manjeet ,raider,7
7,1773,2019-09-14,Puneri Paltan,301,Hadi Tajik,defender,4
7,1773,2019-09-14,Puneri Paltan,3011,Jadhav Shahaji,Defender,5
7,1773,2019-09-14,Puneri Paltan,322,Surjeet Singh,Defender,5
7,1773,2019-09-14,Puneri Paltan,320,Nitin Tomar,raider,11
7,1773,2019-09-14,Puneri Paltan,3233,Pankaj Mohite,Raider,3
7,1773,2019-09-14,Gujarat Giants,2306,Lalit Chaudhary, ,3
7,1773,2019-09-14,Gujarat Giants,3089,Pankaj ,All Rounder,1
7,1773,2019-09-14,Gujarat Giants,3227,Ankit ,Defender,0
7,1773,2019-09-14,Gujarat Giants,3023,Rohit Gulia,All Rounder,7
7,1773,2019-09-14,Gujarat Giants,757,Sachin ,Raider,10
7,1774,2019-09-14,Tamil Thalaivas,71,Mohit Chhillar,Defender,4
7,1774,2019-09-14,Tamil Thalaivas,160,Ran Singh,All Rounder,1
7,1774,2019-09-14,Tamil Thalaivas,2257,Obiero Victor,all-rounder,5
7,1774,2019-09-14,Haryana Steelers,3221,Chand Singh,Defender,1
7,1774,2019-09-14,Haryana Steelers,42,Dharmaraj Cheralathan,Defender,3
7,1774,2019-09-14,Haryana Steelers,179,Vikas kale,Defender,4
7,1774,2019-09-14,Haryana Steelers,240,Ravi Kumar,Defender,3
7,1774,2019-09-14,Haryana Steelers,3054,Vinay ,Raider,10
7,1774,2019-09-14,Haryana Steelers,366,Vikash Khandola,raider,13
7,1775,2019-09-15,Dabang Delhi K.C.,311,Anil Kumar, ,1
7,1775,2019-09-15,Dabang Delhi K.C.,194,Joginder Narwal,Defender,3
7,1775,2019-09-15,Dabang Delhi K.C.,2296,Naveen Kumar,Raider,12
7,1775,2019-09-15,Dabang Delhi K.C.,123,Vishal Mane,Defender,3
7,1775,2019-09-15,Dabang Delhi K.C.,157,Ravinder Pahal,Defender,2
7,1775,2019-09-15,Dabang Delhi K.C.,36,Chandran Ranjit,Raider,2
7,1775,2019-09-15,Gujarat Giants,764,Vinod Kumar,Raider,2
7,1775,2019-09-15,Gujarat Giants,3089,Pankaj ,All Rounder,2
7,1775,2019-09-15,Gujarat Giants,357,Parvesh Bhainswal,defender,0
7,1775,2019-09-15,Gujarat Giants,368,Sunil Kumar,Defender,1
7,1775,2019-09-15,Gujarat Giants,2023,Ruturaj Koravi,Defender,1
7,1776,2019-09-15,Puneri Paltan,763,Manjeet ,raider,8
7,1776,2019-09-15,Puneri Paltan,161,Girish Maruti Ernak,Defender,1
7,1776,2019-09-15,Puneri Paltan,320,Nitin Tomar,raider,6
7,1776,2019-09-15,Puneri Paltan,3233,Pankaj Mohite,Raider,7
7,1776,2019-09-15,Patna Pirates,12,Jang Lee,Raider,3
7,1776,2019-09-15,Patna Pirates,3107,Neeraj Kumar,Defender,11
7,1776,2019-09-15,Patna Pirates,579,Jaideep ,Defender,2
7,1776,2019-09-15,Patna Pirates,197,Pardeep Narwal,Raider,18
7,1776,2019-09-15,Patna Pirates,3208,Ravinder ,All Rounder,0
7,1776,2019-09-15,Patna Pirates,3082,Monu ,Raider,4
7,1777,2019-09-16,Jaipur Pink Panthers,3159,Vishal ,defender,3
7,1777,2019-09-16,Jaipur Pink Panthers,290,Sandeep Dhull,Defender,3
7,1777,2019-09-16,Jaipur Pink Panthers,212,Amit Hooda,Defender,2
7,1777,2019-09-16,Jaipur Pink Panthers,3052,Sushil Gulia,Raider,5
7,1777,2019-09-16,Jaipur Pink Panthers,293,Nilesh Salunke,Defender,1
7,1777,2019-09-16,U.P. Yoddha,3088,Nitesh Kumar,Defender,3
7,1777,2019-09-16,U.P. Yoddha,94,Rishank Devadiga,Raider,8
7,1777,2019-09-16,U.P. Yoddha,3240,Sumit ,Defender,2
7,1777,2019-09-16,U.P. Yoddha,3126,Amit ,defender,2
7,1777,2019-09-16,U.P. Yoddha,106,Shrikant Jadhav,raider,9
7,1778,2019-09-16,Telugu Titans,482,Farhad Milaghardan,Defender,4
7,1778,2019-09-16,Telugu Titans,3083,Vishal Bharadwaj,defender,1
7,1778,2019-09-16,Telugu Titans,2026,Siddharth Desai,Raider,12
7,1778,2019-09-16,Telugu Titans,489,Abozar Mighani,Defender,3
7,1778,2019-09-16,Telugu Titans,274,Krushna Madane,Defender,1
7,1778,2019-09-16,Telugu Titans,191,C.Arun ,Defender,0
7,1778,2019-09-16,Telugu Titans,2322,Ankit Beniwal,Raider,1
7,1778,2019-09-16,Dabang Delhi K.C.,3081,Vijay ,all-rounder,6
7,1778,2019-09-16,Dabang Delhi K.C.,194,Joginder Narwal,Defender,1
7,1779,2019-09-18,U Mumba,259,Fazel Atrachali,defender,3
7,1779,2019-09-18,U Mumba,3086,Surinder Singh,Defender,6
7,1779,2019-09-18,U Mumba,2028,Abhishek Singh,Raider,11
7,1779,2019-09-18,U Mumba,142,Sandeep Narwal,all-rounder,1
7,1779,2019-09-18,U Mumba,519,Young Chang Ko,Defender,0
7,1779,2019-09-18,U.P. Yoddha,3088,Nitesh Kumar,Defender,0
7,1779,2019-09-18,U.P. Yoddha,94,Rishank Devadiga,Raider,9
7,1779,2019-09-18,U.P. Yoddha,3240,Sumit ,Defender,3
7,1779,2019-09-18,U.P. Yoddha,3241,Surender Gill,Raider,4
7,1779,2019-09-18,U.P. Yoddha,3126,Amit ,defender,0
7,1780,2019-09-18,Tamil Thalaivas,81,Rahul Chaudhari,Raider,4
7,1780,2019-09-18,Tamil Thalaivas,69,Manjeet Chhillar,All Rounder,0
7,1780,2019-09-18,Tamil Thalaivas,3053,V Ajith Kumar,Raider,18
7,1780,2019-09-18,Tamil Thalaivas,105,Shabeer Bappu,Defender,4
7,1780,2019-09-18,Tamil Thalaivas,160,Ran Singh,All Rounder,1
7,1780,2019-09-18,Tamil Thalaivas,3014,M. Abishek ,Defender,2
7,1780,2019-09-18,Tamil Thalaivas,3101,Ponparthiban Subramanian, ,1
7,1781,2019-09-19,Bengal Warriors,3176,Mohammad Nabibakhsh,All Rounder,5
7,1781,2019-09-19,Bengal Warriors,3095,Adarsh T,Defender - Left Corner,0
7,1781,2019-09-19,Bengal Warriors,143,Maninder Singh,raider,18
7,1781,2019-09-19,Bengal Warriors,3084,Rinku Narwal,Defender,3
7,1781,2019-09-19,Haryana Steelers,3106,Sunil ,Defender - Right Corner,0
7,1781,2019-09-19,Haryana Steelers,240,Ravi Kumar,Defender,2
7,1781,2019-09-19,Haryana Steelers,3054,Vinay ,Raider,14
7,1781,2019-09-19,Haryana Steelers,2357,Naveen ,Raider,5
7,1781,2019-09-19,Haryana Steelers,366,Vikash Khandola,raider,9
7,1782,2019-09-20,Telugu Titans,3046,Rakesh Gowda,Raider,3
7,1782,2019-09-20,Telugu Titans,2290,Rajnish ,Raider,10
7,1782,2019-09-20,Telugu Titans,482,Farhad Milaghardan,Defender,2
7,1782,2019-09-20,Telugu Titans,489,Abozar Mighani,Defender,3
7,1782,2019-09-20,Patna Pirates,121,Vikash Jaglan,all-rounder,4
7,1782,2019-09-20,Patna Pirates,12,Jang Lee,Raider,7
7,1782,2019-09-20,Patna Pirates,3107,Neeraj Kumar,Defender,1
7,1782,2019-09-20,Patna Pirates,249,Hadi Oshtorak,All Rounder,5
7,1782,2019-09-20,Patna Pirates,579,Jaideep ,Defender,2
7,1782,2019-09-20,Patna Pirates,197,Pardeep Narwal,Raider,17
7,1782,2019-09-20,Patna Pirates,3082,Monu ,Raider,0
7,1783,2019-09-20,Puneri Paltan,347,Sagar B Krishna,All Rounder,7
7,1783,2019-09-20,Puneri Paltan,763,Manjeet ,raider,0
7,1783,2019-09-20,Puneri Paltan,3011,Jadhav Shahaji,Defender,1
7,1783,2019-09-20,Puneri Paltan,322,Surjeet Singh,Defender,6
7,1783,2019-09-20,Puneri Paltan,320,Nitin Tomar,raider,0
7,1783,2019-09-20,Puneri Paltan,3233,Pankaj Mohite,Raider,17
7,1783,2019-09-20,Bengaluru Bulls,3019,Mohit Sehrawat,Defender,1
7,1783,2019-09-20,Bengaluru Bulls,769,Mahender Singh,Defender,2
7,1783,2019-09-20,Bengaluru Bulls,3104,Sumit Singh,raider,4
7,1783,2019-09-20,Bengaluru Bulls,326,Rohit Kumar,raider,14
7,1783,2019-09-20,Bengaluru Bulls,3115,Amit Sheoran,Defender,1
7,1783,2019-09-20,Bengaluru Bulls,318,Pawan Kumar,raider,12
7,1783,2019-09-20,Bengaluru Bulls,3228,Saurabh Nandal,Defender,2
7,1784,2019-09-21,Jaipur Pink Panthers,3159,Vishal ,defender,9
7,1784,2019-09-21,Jaipur Pink Panthers,3076,Santhapanaselvam ,All Rounder,4
7,1784,2019-09-21,Gujarat Giants,3089,Pankaj ,All Rounder,3
7,1784,2019-09-21,Gujarat Giants,357,Parvesh Bhainswal,defender,5
7,1784,2019-09-21,Gujarat Giants,368,Sunil Kumar,Defender,3
7,1784,2019-09-21,Gujarat Giants,2023,Ruturaj Koravi,Defender,1
7,1784,2019-09-21,Gujarat Giants,772,More G B,Raider,4
7,1784,2019-09-21,Gujarat Giants,757,Sachin ,Raider,5
7,1785,2019-09-21,U.P. Yoddha,3088,Nitesh Kumar,Defender,1
7,1785,2019-09-21,U.P. Yoddha,3240,Sumit ,Defender,5
7,1785,2019-09-21,U.P. Yoddha,106,Shrikant Jadhav,raider,8
7,1785,2019-09-21,U.P. Yoddha,2041,Gurdeep ,All Rounder,2
7,1785,2019-09-21,U.P. Yoddha,2316,Azad Singh, ,1
7,1785,2019-09-21,Tamil Thalaivas,81,Rahul Chaudhari,Raider,5
7,1785,2019-09-21,Tamil Thalaivas,71,Mohit Chhillar,Defender,1
7,1785,2019-09-21,Tamil Thalaivas,2282,Yashwant Bishnoi, ,0
7,1785,2019-09-21,Tamil Thalaivas,160,Ran Singh,All Rounder,4
7,1785,2019-09-21,Tamil Thalaivas,268,Vineet Sharma,Raider,1
7,1785,2019-09-21,Tamil Thalaivas,3014,M. Abishek ,Defender,3
7,1786,2019-09-22,U Mumba,259,Fazel Atrachali,defender,2
7,1786,2019-09-22,U Mumba,3086,Surinder Singh,Defender,4
7,1786,2019-09-22,U Mumba,2028,Abhishek Singh,Raider,11
7,1786,2019-09-22,U Mumba,142,Sandeep Narwal,all-rounder,3
7,1786,2019-09-22,U Mumba,519,Young Chang Ko,Defender,0
7,1786,2019-09-22,U Mumba,261,Rohit Baliyan,Raider,2
7,1786,2019-09-22,U Mumba,3138,Harendra Kumar,Defender,3
7,1786,2019-09-22,Gujarat Giants,764,Vinod Kumar,Raider,0
7,1786,2019-09-22,Gujarat Giants,3089,Pankaj ,All Rounder,1
7,1786,2019-09-22,Gujarat Giants,357,Parvesh Bhainswal,defender,1
7,1786,2019-09-22,Gujarat Giants,3023,Rohit Gulia,All Rounder,9
7,1786,2019-09-22,Gujarat Giants,2023,Ruturaj Koravi,Defender,2
7,1786,2019-09-22,Gujarat Giants,772,More G B,Raider,5
7,1787,2019-09-22,Jaipur Pink Panthers,3159,Vishal ,defender,2
7,1787,2019-09-22,Jaipur Pink Panthers,290,Sandeep Dhull,Defender,2
7,1787,2019-09-22,Jaipur Pink Panthers,41,Deepak Hooda,all-rounder,10
7,1787,2019-09-22,Jaipur Pink Panthers,599,Lokesh Kaushik, ,0
7,1787,2019-09-22,Jaipur Pink Panthers,613,Sunil Siddhgavali,defender,0
7,1787,2019-09-22,Jaipur Pink Panthers,293,Nilesh Salunke,Defender,15
7,1787,2019-09-22,Jaipur Pink Panthers,3076,Santhapanaselvam ,All Rounder,3
7,1787,2019-09-22,Bengal Warriors,621,Baldev Singh,Defender - Right Corner,3
7,1787,2019-09-22,Bengal Warriors,3176,Mohammad Nabibakhsh,All Rounder,2
7,1787,2019-09-22,Bengal Warriors,54,Jeeva Kumar,Defender,1
7,1787,2019-09-22,Bengal Warriors,111,Sukesh Hegde,Raider,0
7,1787,2019-09-22,Bengal Warriors,143,Maninder Singh,raider,19
7,1787,2019-09-22,Bengal Warriors,784,Viraj Vishnu Landge,Defender,1
7,1788,2019-09-23,Patna Pirates,12,Jang Lee,Raider,7
7,1788,2019-09-23,Patna Pirates,3107,Neeraj Kumar,Defender,3
7,1788,2019-09-23,Patna Pirates,249,Hadi Oshtorak,All Rounder,1
7,1788,2019-09-23,Patna Pirates,579,Jaideep ,Defender,2
7,1788,2019-09-23,Patna Pirates,197,Pardeep Narwal,Raider,17
7,1788,2019-09-23,Patna Pirates,3208,Ravinder ,All Rounder,0
7,1788,2019-09-23,Patna Pirates,3075,Purna Singh, ,0
7,1788,2019-09-23,Haryana Steelers,3054,Vinay ,Raider,3
7,1788,2019-09-23,Haryana Steelers,366,Vikash Khandola,raider,13
7,1789,2019-09-23,Dabang Delhi K.C.,3081,Vijay ,all-rounder,1
7,1789,2019-09-23,Dabang Delhi K.C.,194,Joginder Narwal,Defender,2
7,1789,2019-09-23,Dabang Delhi K.C.,157,Ravinder Pahal,Defender,4
7,1789,2019-09-23,Dabang Delhi K.C.,36,Chandran Ranjit,Raider,5
7,1789,2019-09-23,Bengaluru Bulls,3029,Banty ,Raider,4
7,1789,2019-09-23,Bengaluru Bulls,3096,Ajay , ,2
7,1789,2019-09-23,Bengaluru Bulls,3104,Sumit Singh,raider,2
7,1789,2019-09-23,Bengaluru Bulls,3115,Amit Sheoran,Defender,6
7,1789,2019-09-23,Bengaluru Bulls,318,Pawan Kumar,raider,17
7,1789,2019-09-23,Bengaluru Bulls,3228,Saurabh Nandal,Defender,1
7,1790,2019-09-25,Telugu Titans,3046,Rakesh Gowda,Raider,5
7,1790,2019-09-25,Telugu Titans,2290,Rajnish ,Raider,6
7,1790,2019-09-25,Telugu Titans,482,Farhad Milaghardan,Defender,3
7,1790,2019-09-25,Telugu Titans,3083,Vishal Bharadwaj,defender,1
7,1790,2019-09-25,Telugu Titans,2026,Siddharth Desai,Raider,15
7,1790,2019-09-25,Telugu Titans,489,Abozar Mighani,Defender,5
7,1790,2019-09-25,Telugu Titans,274,Krushna Madane,Defender,1
7,1790,2019-09-25,Bengal Warriors,54,Jeeva Kumar,Defender,2
7,1790,2019-09-25,Bengal Warriors,111,Sukesh Hegde,Raider,5
7,1790,2019-09-25,Bengal Warriors,143,Maninder Singh,raider,17
7,1791,2019-09-25,Jaipur Pink Panthers,211,Deepak Narwal,Raider,11
7,1791,2019-09-25,Jaipur Pink Panthers,212,Amit Hooda,Defender,4
7,1791,2019-09-25,Jaipur Pink Panthers,293,Nilesh Salunke,Defender,7
7,1791,2019-09-25,Puneri Paltan,763,Manjeet ,raider,8
7,1791,2019-09-25,Puneri Paltan,322,Surjeet Singh,Defender,0
7,1791,2019-09-25,Puneri Paltan,161,Girish Maruti Ernak,Defender,2
7,1791,2019-09-25,Puneri Paltan,320,Nitin Tomar,raider,1
7,1791,2019-09-25,Puneri Paltan,3235,Sushant Sail,Raider,0
7,1791,2019-09-25,Puneri Paltan,3233,Pankaj Mohite,Raider,14
7,1791,2019-09-25,Puneri Paltan,324,DARSHAN ,Raider,3
7,1792,2019-09-26,Patna Pirates,12,Jang Lee,Raider,7
7,1792,2019-09-26,Patna Pirates,3107,Neeraj Kumar,Defender,1
7,1792,2019-09-26,Patna Pirates,249,Hadi Oshtorak,All Rounder,1
7,1792,2019-09-26,Patna Pirates,390,Jawahar Dagar, ,1
7,1792,2019-09-26,Patna Pirates,3082,Monu ,Raider,0
7,1792,2019-09-26,Dabang Delhi K.C.,3081,Vijay ,all-rounder,13
7,1792,2019-09-26,Dabang Delhi K.C.,3000,Sombir ,Defender,1
7,1792,2019-09-26,Dabang Delhi K.C.,311,Anil Kumar, ,4
7,1792,2019-09-26,Dabang Delhi K.C.,194,Joginder Narwal,Defender,1
7,1792,2019-09-26,Dabang Delhi K.C.,123,Vishal Mane,Defender,0
7,1792,2019-09-26,Dabang Delhi K.C.,36,Chandran Ranjit,Raider,8
7,1793,2019-09-27,U Mumba,259,Fazel Atrachali,defender,2
7,1793,2019-09-27,U Mumba,3086,Surinder Singh,Defender,3
7,1793,2019-09-27,U Mumba,376,Athul M S,Raider,9
7,1793,2019-09-27,U Mumba,2028,Abhishek Singh,Raider,10
7,1793,2019-09-27,U Mumba,142,Sandeep Narwal,all-rounder,4
7,1793,2019-09-27,U Mumba,261,Rohit Baliyan,Raider,2
7,1793,2019-09-27,U Mumba,3138,Harendra Kumar,Defender,0
7,1793,2019-09-27,Bengaluru Bulls,3029,Banty ,Raider,6
7,1793,2019-09-27,Bengaluru Bulls,3096,Ajay , ,0
7,1793,2019-09-27,Bengaluru Bulls,3099,Ankit ,Defender,0
7,1793,2019-09-27,Bengaluru Bulls,3115,Amit Sheoran,Defender,3
7,1793,2019-09-27,Bengaluru Bulls,318,Pawan Kumar,raider,11
7,1794,2019-09-27,Jaipur Pink Panthers,3159,Vishal ,defender,3
7,1794,2019-09-27,Jaipur Pink Panthers,290,Sandeep Dhull,Defender,2
7,1794,2019-09-27,Jaipur Pink Panthers,211,Deepak Narwal,Raider,4
7,1794,2019-09-27,Jaipur Pink Panthers,3154,Sachin Narwal,All Rounder,0
7,1794,2019-09-27,Jaipur Pink Panthers,212,Amit Hooda,Defender,2
7,1794,2019-09-27,Jaipur Pink Panthers,613,Sunil Siddhgavali,defender,0
7,1794,2019-09-27,Telugu Titans,2290,Rajnish ,Raider,11
7,1794,2019-09-27,Telugu Titans,482,Farhad Milaghardan,Defender,4
7,1794,2019-09-27,Telugu Titans,3083,Vishal Bharadwaj,defender,2
7,1794,2019-09-27,Telugu Titans,2026,Siddharth Desai,Raider,22
7,1794,2019-09-27,Telugu Titans,489,Abozar Mighani,Defender,1
7,1794,2019-09-27,Telugu Titans,191,C.Arun ,Defender,2
7,1795,2019-09-28,Haryana Steelers,155,Prashanth Rai,raider,3
7,1795,2019-09-28,Haryana Steelers,42,Dharmaraj Cheralathan,Defender,2
7,1795,2019-09-28,Haryana Steelers,179,Vikas kale,Defender,2
7,1795,2019-09-28,Haryana Steelers,240,Ravi Kumar,Defender,5
7,1795,2019-09-28,Haryana Steelers,3054,Vinay ,Raider,8
7,1795,2019-09-28,Haryana Steelers,2357,Naveen ,Raider,0
7,1795,2019-09-28,Haryana Steelers,366,Vikash Khandola,raider,5
7,1795,2019-09-28,U.P. Yoddha,94,Rishank Devadiga,Raider,1
7,1795,2019-09-28,U.P. Yoddha,3240,Sumit ,Defender,3
7,1795,2019-09-28,U.P. Yoddha,3241,Surender Gill,Raider,7
7,1795,2019-09-28,U.P. Yoddha,3126,Amit ,defender,1
7,1795,2019-09-28,U.P. Yoddha,106,Shrikant Jadhav,raider,11
7,1795,2019-09-28,U.P. Yoddha,3239,Ashu Singh,Defender,1
7,1796,2019-09-28,Gujarat Giants,764,Vinod Kumar,Raider,3
7,1796,2019-09-28,Gujarat Giants,3089,Pankaj ,All Rounder,4
7,1796,2019-09-28,Gujarat Giants,357,Parvesh Bhainswal,defender,5
7,1796,2019-09-28,Gujarat Giants,2023,Ruturaj Koravi,Defender,3
7,1796,2019-09-28,Gujarat Giants,3001,Amit ,Defender,1
7,1796,2019-09-28,Gujarat Giants,3225,Harmanjit Singh,Raider,1
7,1796,2019-09-28,Gujarat Giants,3128,Sonu GFG,Raider,15
7,1796,2019-09-28,Tamil Thalaivas,3053,V Ajith Kumar,Raider,2
7,1796,2019-09-28,Tamil Thalaivas,3161,Himanshu ,Defender,3
7,1797,2019-09-29,Puneri Paltan,3179,Emad Sedaghatnia,Raider,7
7,1797,2019-09-29,Puneri Paltan,3011,Jadhav Shahaji,Defender,6
7,1797,2019-09-29,Puneri Paltan,161,Girish Maruti Ernak,Defender,1
7,1797,2019-09-29,Puneri Paltan,320,Nitin Tomar,raider,7
7,1797,2019-09-29,Puneri Paltan,3235,Sushant Sail,Raider,4
7,1797,2019-09-29,Puneri Paltan,3102,Sandeep , ,2
7,1797,2019-09-29,Puneri Paltan,3110,Amit Kumar, ,2
7,1797,2019-09-29,Dabang Delhi K.C.,157,Ravinder Pahal,Defender,6
7,1798,2019-09-29,Haryana Steelers,3221,Chand Singh,Defender,1
7,1798,2019-09-29,Haryana Steelers,155,Prashanth Rai,raider,9
7,1798,2019-09-29,Haryana Steelers,3106,Sunil ,Defender - Right Corner,4
7,1798,2019-09-29,Haryana Steelers,179,Vikas kale,Defender,1
7,1798,2019-09-29,Haryana Steelers,240,Ravi Kumar,Defender,1
7,1798,2019-09-29,Gujarat Giants,3128,Sonu GFG,Raider,8
7,1798,2019-09-29,Gujarat Giants,772,More G B,Raider,4
7,1798,2019-09-29,Gujarat Giants,3089,Pankaj ,All Rounder,1
7,1798,2019-09-29,Gujarat Giants,357,Parvesh Bhainswal,defender,3
7,1798,2019-09-29,Gujarat Giants,2023,Ruturaj Koravi,Defender,2
7,1798,2019-09-29,Gujarat Giants,3001,Amit ,Defender,2
7,1799,2019-09-30,Bengal Warriors,621,Baldev Singh,Defender - Right Corner,3
7,1799,2019-09-30,Bengal Warriors,3176,Mohammad Nabibakhsh,All Rounder,5
7,1799,2019-09-30,Bengal Warriors,111,Sukesh Hegde,Raider,7
7,1799,2019-09-30,Bengal Warriors,3045,Mayur Shivtarkar,All Rounder,2
7,1799,2019-09-30,Bengal Warriors,3084,Rinku Narwal,Defender,2
7,1799,2019-09-30,Bengal Warriors,204,Rakesh Narwal,Raider,3
7,1799,2019-09-30,Dabang Delhi K.C.,3081,Vijay ,all-rounder,2
7,1799,2019-09-30,Dabang Delhi K.C.,311,Anil Kumar, ,3
7,1799,2019-09-30,Dabang Delhi K.C.,194,Joginder Narwal,Defender,1
7,1799,2019-09-30,Dabang Delhi K.C.,2296,Naveen Kumar,Raider,15
7,1799,2019-09-30,Dabang Delhi K.C.,123,Vishal Mane,Defender,0
7,1799,2019-09-30,Dabang Delhi K.C.,36,Chandran Ranjit,Raider,6
7,1800,2019-09-30,Tamil Thalaivas,81,Rahul Chaudhari,Raider,1
7,1800,2019-09-30,Tamil Thalaivas,3053,V Ajith Kumar,Raider,16
7,1800,2019-09-30,Tamil Thalaivas,160,Ran Singh,All Rounder,2
7,1800,2019-09-30,Tamil Thalaivas,3236,Sagar ,Defender,3
7,1800,2019-09-30,Tamil Thalaivas,3014,M. Abishek ,Defender,3
7,1800,2019-09-30,Tamil Thalaivas,3073,Hemant Chauhan, ,2
7,1800,2019-09-30,Tamil Thalaivas,3101,Ponparthiban Subramanian, ,0
7,1801,2019-10-02,U Mumba,259,Fazel Atrachali,defender,4
7,1801,2019-10-02,U Mumba,3086,Surinder Singh,Defender,1
7,1801,2019-10-02,U Mumba,261,Rohit Baliyan,Raider,5
7,1801,2019-10-02,U Mumba,3138,Harendra Kumar,Defender,0
7,1801,2019-10-02,Patna Pirates,121,Vikash Jaglan,all-rounder,1
7,1801,2019-10-02,Patna Pirates,3107,Neeraj Kumar,Defender,0
7,1801,2019-10-02,Patna Pirates,249,Hadi Oshtorak,All Rounder,4
7,1801,2019-10-02,Patna Pirates,579,Jaideep ,Defender,1
7,1801,2019-10-02,Patna Pirates,3075,Purna Singh, ,0
7,1802,2019-10-02,Haryana Steelers,155,Prashanth Rai,raider,17
7,1802,2019-10-02,Haryana Steelers,732,Kuldeep Singh (732),All Rounder,0
7,1802,2019-10-02,Haryana Steelers,366,Vikash Khandola,raider,6
7,1802,2019-10-02,Bengaluru Bulls,769,Mahender Singh,Defender,4
7,1802,2019-10-02,Bengaluru Bulls,3029,Banty ,Raider,0
7,1802,2019-10-02,Bengaluru Bulls,3104,Sumit Singh,raider,1
7,1802,2019-10-02,Bengaluru Bulls,3099,Ankit ,Defender,1
7,1802,2019-10-02,Bengaluru Bulls,3115,Amit Sheoran,Defender,2
7,1802,2019-10-02,Bengaluru Bulls,318,Pawan Kumar,raider,39
7,1802,2019-10-02,Bengaluru Bulls,3228,Saurabh Nandal,Defender,2
7,1803,2019-10-03,Telugu Titans,3046,Rakesh Gowda,Raider,17
7,1803,2019-10-03,Telugu Titans,3004,Akash Choudhary,Defender,2
7,1803,2019-10-03,Telugu Titans,2290,Rajnish ,Raider,2
7,1803,2019-10-03,Telugu Titans,482,Farhad Milaghardan,Defender,10
7,1803,2019-10-03,Telugu Titans,3237,Aakash Arsul,Defender,5
7,1803,2019-10-03,Telugu Titans,274,Krushna Madane,Defender,5
7,1803,2019-10-03,Telugu Titans,3167,Manish ,Defender,2
7,1803,2019-10-03,Puneri Paltan,3011,Jadhav Shahaji,Defender,1
7,1803,2019-10-03,Puneri Paltan,161,Girish Maruti Ernak,Defender,1
7,1803,2019-10-03,Puneri Paltan,320,Nitin Tomar,raider,5
7,1804,2019-10-04,Jaipur Pink Panthers,3021,Pavan TR,Defender,0
7,1804,2019-10-04,Jaipur Pink Panthers,3159,Vishal ,defender,5
7,1804,2019-10-04,Jaipur Pink Panthers,290,Sandeep Dhull,Defender,4
7,1804,2019-10-04,Jaipur Pink Panthers,211,Deepak Narwal,Raider,16
7,1804,2019-10-04,Jaipur Pink Panthers,212,Amit Hooda,Defender,3
7,1804,2019-10-04,Jaipur Pink Panthers,3065,Nitin Rawal,all-rounder,0
7,1804,2019-10-04,Jaipur Pink Panthers,293,Nilesh Salunke,Defender,9
7,1805,2019-10-04,Haryana Steelers,3221,Chand Singh,Defender,0
7,1805,2019-10-04,Haryana Steelers,179,Vikas kale,Defender,0
7,1805,2019-10-04,Haryana Steelers,240,Ravi Kumar,Defender,7
7,1805,2019-10-04,Haryana Steelers,366,Vikash Khandola,raider,13
7,1805,2019-10-04,Telugu Titans,3046,Rakesh Gowda,Raider,4
7,1805,2019-10-04,Telugu Titans,3004,Akash Choudhary,Defender,3
7,1805,2019-10-04,Telugu Titans,482,Farhad Milaghardan,Defender,10
7,1805,2019-10-04,Telugu Titans,2026,Siddharth Desai,Raider,12
7,1805,2019-10-04,Telugu Titans,274,Krushna Madane,Defender,1
7,1806,2019-10-05,U.P. Yoddha,3088,Nitesh Kumar,Defender,6
7,1806,2019-10-05,U.P. Yoddha,234,Surender Singh,Defender,4
7,1806,2019-10-05,U.P. Yoddha,567,Mohsen Maghsoudlou,all-rounder,1
7,1806,2019-10-05,U.P. Yoddha,3240,Sumit ,Defender,5
7,1806,2019-10-05,U.P. Yoddha,3126,Amit ,defender,1
7,1806,2019-10-05,U.P. Yoddha,2041,Gurdeep ,All Rounder,0
7,1806,2019-10-05,U.P. Yoddha,388,Monu Goyat,Raider,11
7,1806,2019-10-05,Dabang Delhi K.C.,3038,Neeraj Narwal,Raider,11
7,1806,2019-10-05,Dabang Delhi K.C.,3223,Mohit ,Defender,0
7,1806,2019-10-05,Dabang Delhi K.C.,3169,Satywan ,Defender,0
7,1807,2019-10-05,Gujarat Giants,3089,Pankaj ,All Rounder,1
7,1807,2019-10-05,Gujarat Giants,357,Parvesh Bhainswal,defender,3
7,1807,2019-10-05,Gujarat Giants,3023,Rohit Gulia,All Rounder,6
7,1807,2019-10-05,Gujarat Giants,2023,Ruturaj Koravi,Defender,2
7,1807,2019-10-05,Gujarat Giants,3001,Amit ,Defender,0
7,1807,2019-10-05,Gujarat Giants,3128,Sonu GFG,Raider,3
7,1807,2019-10-05,Gujarat Giants,772,More G B,Raider,15
7,1807,2019-10-05,Patna Pirates,12,Jang Lee,Raider,2
7,1807,2019-10-05,Patna Pirates,3107,Neeraj Kumar,Defender,3
7,1807,2019-10-05,Patna Pirates,249,Hadi Oshtorak,All Rounder,1
7,1807,2019-10-05,Patna Pirates,3175,Mohammad Mahalli,Raider,5
7,1807,2019-10-05,Patna Pirates,579,Jaideep ,Defender,2
7,1807,2019-10-05,Patna Pirates,197,Pardeep Narwal,Raider,17
7,1807,2019-10-05,Patna Pirates,3082,Monu ,Raider,1
7,1808,2019-10-06,Bengal Warriors,621,Baldev Singh,Defender - Right Corner,2
7,1808,2019-10-06,Bengal Warriors,3177,Mohammad Taghi Paein Mahali ,raider,6
7,1808,2019-10-06,Bengal Warriors,3095,Adarsh T,Defender - Left Corner,3
7,1808,2019-10-06,Bengal Warriors,3156,Sourabh Patil,All Rounder,11
7,1808,2019-10-06,Bengal Warriors,784,Viraj Vishnu Landge,Defender,1
7,1808,2019-10-06,Bengal Warriors,204,Rakesh Narwal,Raider,10
7,1808,2019-10-06,Patna Pirates,121,Vikash Jaglan,all-rounder,4
7,1808,2019-10-06,Patna Pirates,12,Jang Lee,Raider,8
7,1808,2019-10-06,Patna Pirates,3107,Neeraj Kumar,Defender,5
7,1808,2019-10-06,Patna Pirates,249,Hadi Oshtorak,All Rounder,0
7,1808,2019-10-06,Patna Pirates,3175,Mohammad Mahalli,Raider,4
7,1808,2019-10-06,Patna Pirates,579,Jaideep ,Defender,1
7,1808,2019-10-06,Patna Pirates,197,Pardeep Narwal,Raider,36
7,1809,2019-10-06,U.P. Yoddha,3088,Nitesh Kumar,Defender,6
7,1809,2019-10-06,U.P. Yoddha,94,Rishank Devadiga,Raider,7
7,1809,2019-10-06,U.P. Yoddha,3027,Ankush ,Raider,3
7,1809,2019-10-06,U.P. Yoddha,218,Sachin Kumar,Defender,5
7,1809,2019-10-06,U.P. Yoddha,2041,Gurdeep ,All Rounder,2
7,1809,2019-10-06,U.P. Yoddha,3239,Ashu Singh,Defender,0
7,1809,2019-10-06,Puneri Paltan,347,Sagar B Krishna,All Rounder,2
7,1809,2019-10-06,Puneri Paltan,763,Manjeet ,raider,8
7,1809,2019-10-06,Puneri Paltan,320,Nitin Tomar,raider,8
7,1809,2019-10-06,Puneri Paltan,3110,Amit Kumar, ,7
7,1810,2019-10-07,Telugu Titans,3046,Rakesh Gowda,Raider,6
7,1810,2019-10-07,Telugu Titans,3004,Akash Choudhary,Defender,3
7,1810,2019-10-07,Telugu Titans,482,Farhad Milaghardan,Defender,2
7,1810,2019-10-07,Telugu Titans,2026,Siddharth Desai,Raider,13
7,1810,2019-10-07,Telugu Titans,3237,Aakash Arsul,Defender,2
7,1810,2019-10-07,Gujarat Giants,3089,Pankaj ,All Rounder,5
7,1810,2019-10-07,Gujarat Giants,3023,Rohit Gulia,All Rounder,9
7,1810,2019-10-07,Gujarat Giants,3001,Amit ,Defender,0
7,1810,2019-10-07,Gujarat Giants,3128,Sonu GFG,Raider,17
7,1810,2019-10-07,Gujarat Giants,772,More G B,Raider,7
7,1811,2019-10-07,Tamil Thalaivas,81,Rahul Chaudhari,Raider,5
7,1811,2019-10-07,Tamil Thalaivas,3161,Himanshu ,Defender,3
7,1811,2019-10-07,Tamil Thalaivas,160,Ran Singh,All Rounder,4
7,1811,2019-10-07,Tamil Thalaivas,3236,Sagar ,Defender,4
7,1811,2019-10-07,Tamil Thalaivas,3014,M. Abishek ,Defender,1
7,1811,2019-10-07,Tamil Thalaivas,3101,Ponparthiban Subramanian, ,1
7,1811,2019-10-07,Jaipur Pink Panthers,3159,Vishal ,defender,1
7,1811,2019-10-07,Jaipur Pink Panthers,212,Amit Hooda,Defender,6
7,1811,2019-10-07,Jaipur Pink Panthers,3032,Guman Singh,Raider,3
7,1812,2019-10-09,Bengal Warriors,621,Baldev Singh,Defender - Right Corner,2
7,1812,2019-10-09,Bengal Warriors,3176,Mohammad Nabibakhsh,All Rounder,7
7,1812,2019-10-09,Bengal Warriors,54,Jeeva Kumar,Defender,0
7,1812,2019-10-09,Bengal Warriors,111,Sukesh Hegde,Raider,6
7,1812,2019-10-09,Bengal Warriors,3084,Rinku Narwal,Defender,5
7,1812,2019-10-09,Bengal Warriors,3156,Sourabh Patil,All Rounder,4
7,1812,2019-10-09,Tamil Thalaivas,3236,Sagar ,Defender,5
7,1812,2019-10-09,Tamil Thalaivas,3053,V Ajith Kumar,Raider,4
7,1812,2019-10-09,Tamil Thalaivas,160,Ran Singh,All Rounder,3
7,1813,2019-10-09,U.P. Yoddha,94,Rishank Devadiga,Raider,8
7,1813,2019-10-09,U.P. Yoddha,3240,Sumit ,Defender,5
7,1813,2019-10-09,U.P. Yoddha,3126,Amit ,defender,1
7,1813,2019-10-09,U.P. Yoddha,2041,Gurdeep ,All Rounder,0
7,1813,2019-10-09,Telugu Titans,3046,Rakesh Gowda,Raider,3
7,1813,2019-10-09,Telugu Titans,3004,Akash Choudhary,Defender,0
7,1813,2019-10-09,Telugu Titans,482,Farhad Milaghardan,Defender,4
7,1813,2019-10-09,Telugu Titans,2026,Siddharth Desai,Raider,15
7,1813,2019-10-09,Telugu Titans,274,Krushna Madane,Defender,4
7,1813,2019-10-09,Telugu Titans,191,C.Arun ,Defender,2
7,1813,2019-10-09,Telugu Titans,2322,Ankit Beniwal,Raider,3
7,1814,2019-10-10,U Mumba,259,Fazel Atrachali,defender,8
7,1814,2019-10-10,U Mumba,3086,Surinder Singh,Defender,0
7,1814,2019-10-10,U Mumba,2025,Ajinkya Kapre,All Rounder,10
7,1814,2019-10-10,U Mumba,142,Sandeep Narwal,all-rounder,5
7,1814,2019-10-10,U Mumba,3238,Navneet ,Raider,2
7,1814,2019-10-10,U Mumba,519,Young Chang Ko,Defender,1
7,1814,2019-10-10,U Mumba,522,Dong Geon Lee,Raider,9
7,1814,2019-10-10,Haryana Steelers,3221,Chand Singh,Defender,0
7,1814,2019-10-10,Haryana Steelers,3106,Sunil ,Defender - Right Corner,4
7,1814,2019-10-10,Haryana Steelers,3100,Parveen ,Defender - Left Cover,0
7,1814,2019-10-10,Haryana Steelers,2357,Naveen ,Raider,4
7,1815,2019-10-11,Dabang Delhi K.C.,3081,Vijay ,all-rounder,5
7,1815,2019-10-11,Dabang Delhi K.C.,311,Anil Kumar, ,3
7,1815,2019-10-11,Dabang Delhi K.C.,2296,Naveen Kumar,Raider,12
7,1815,2019-10-11,Dabang Delhi K.C.,123,Vishal Mane,Defender,2
7,1815,2019-10-11,U Mumba,259,Fazel Atrachali,defender,6
7,1815,2019-10-11,U Mumba,2024,Arjun Deshwal,Raider,9
7,1815,2019-10-11,U Mumba,3086,Surinder Singh,Defender,2
7,1815,2019-10-11,U Mumba,2028,Abhishek Singh,Raider,10
7,1815,2019-10-11,U Mumba,2025,Ajinkya Kapre,All Rounder,0
7,1815,2019-10-11,U Mumba,142,Sandeep Narwal,all-rounder,3
7,1815,2019-10-11,U Mumba,2345,Anil , ,1
7,1816,2019-10-11,U.P. Yoddha,3088,Nitesh Kumar,Defender,4
7,1816,2019-10-11,U.P. Yoddha,94,Rishank Devadiga,Raider,4
7,1816,2019-10-11,U.P. Yoddha,3240,Sumit ,Defender,2
7,1816,2019-10-11,U.P. Yoddha,3241,Surender Gill,Raider,9
7,1816,2019-10-11,U.P. Yoddha,3126,Amit ,defender,1
7,1816,2019-10-11,U.P. Yoddha,106,Shrikant Jadhav,raider,9
7,1816,2019-10-11,U.P. Yoddha,3239,Ashu Singh,Defender,5
7,1816,2019-10-11,Bengaluru Bulls,769,Mahender Singh,Defender,4
7,1816,2019-10-11,Bengaluru Bulls,3099,Ankit ,Defender,1
7,1816,2019-10-11,Bengaluru Bulls,3115,Amit Sheoran,Defender,2
7,1816,2019-10-11,Bengaluru Bulls,3228,Saurabh Nandal,Defender,2
7,1817,2019-10-14,U.P. Yoddha,3088,Nitesh Kumar,Defender,5
7,1817,2019-10-14,U.P. Yoddha,94,Rishank Devadiga,Raider,11
7,1817,2019-10-14,U.P. Yoddha,3240,Sumit ,Defender,5
7,1817,2019-10-14,U.P. Yoddha,3241,Surender Gill,Raider,5
7,1817,2019-10-14,U.P. Yoddha,3126,Amit ,defender,1
7,1817,2019-10-14,U.P. Yoddha,106,Shrikant Jadhav,raider,9
7,1817,2019-10-14,U.P. Yoddha,388,Monu Goyat,Raider,5
7,1817,2019-10-14,Bengaluru Bulls,3104,Sumit Singh,raider,7
7,1817,2019-10-14,Bengaluru Bulls,3099,Ankit ,Defender,0
7,1817,2019-10-14,Bengaluru Bulls,326,Rohit Kumar,raider,3
7,1817,2019-10-14,Bengaluru Bulls,3115,Amit Sheoran,Defender,2
7,1817,2019-10-14,Bengaluru Bulls,318,Pawan Kumar,raider,20
7,1817,2019-10-14,Bengaluru Bulls,3228,Saurabh Nandal,Defender,2
7,1818,2019-10-14,U Mumba,259,Fazel Atrachali,defender,3
7,1818,2019-10-14,U Mumba,2024,Arjun Deshwal,Raider,15
7,1818,2019-10-14,U Mumba,3086,Surinder Singh,Defender,2
7,1818,2019-10-14,U Mumba,142,Sandeep Narwal,all-rounder,2
7,1818,2019-10-14,U Mumba,519,Young Chang Ko,Defender,1
7,1818,2019-10-14,U Mumba,3138,Harendra Kumar,Defender,1
7,1818,2019-10-14,Haryana Steelers,3221,Chand Singh,Defender,2
7,1818,2019-10-14,Haryana Steelers,155,Prashanth Rai,raider,9
7,1818,2019-10-14,Haryana Steelers,179,Vikas kale,Defender,1
7,1818,2019-10-14,Haryana Steelers,240,Ravi Kumar,Defender,0
7,1819,2019-10-16,Dabang Delhi K.C.,3081,Vijay ,all-rounder,3
7,1819,2019-10-16,Dabang Delhi K.C.,311,Anil Kumar, ,4
7,1819,2019-10-16,Dabang Delhi K.C.,194,Joginder Narwal,Defender,3
7,1819,2019-10-16,Dabang Delhi K.C.,2296,Naveen Kumar,Raider,15
7,1819,2019-10-16,Dabang Delhi K.C.,123,Vishal Mane,Defender,1
7,1819,2019-10-16,Dabang Delhi K.C.,36,Chandran Ranjit,Raider,9
7,1819,2019-10-16,Bengaluru Bulls,769,Mahender Singh,Defender,2
7,1819,2019-10-16,Bengaluru Bulls,3104,Sumit Singh,raider,6
7,1819,2019-10-16,Bengaluru Bulls,3115,Amit Sheoran,Defender,0
7,1819,2019-10-16,Bengaluru Bulls,3228,Saurabh Nandal,Defender,2
7,1819,2019-10-16,Bengaluru Bulls,299,Sandeep ,Defender,1
7,1820,2019-10-16,Bengal Warriors,621,Baldev Singh,Defender - Right Corner,2
7,1820,2019-10-16,Bengal Warriors,3176,Mohammad Nabibakhsh,All Rounder,5
7,1820,2019-10-16,Bengal Warriors,54,Jeeva Kumar,Defender,3
7,1820,2019-10-16,Bengal Warriors,111,Sukesh Hegde,Raider,8
7,1820,2019-10-16,Bengal Warriors,219,K.Prapanjan ,raider,4
7,1820,2019-10-16,Bengal Warriors,3045,Mayur Shivtarkar,All Rounder,0
7,1820,2019-10-16,Bengal Warriors,3084,Rinku Narwal,Defender,4
7,1820,2019-10-16,U Mumba,259,Fazel Atrachali,defender,1
7,1820,2019-10-16,U Mumba,3086,Surinder Singh,Defender,4
7,1820,2019-10-16,U Mumba,2025,Ajinkya Kapre,All Rounder,5
7,1820,2019-10-16,U Mumba,142,Sandeep Narwal,all-rounder,5
7,1820,2019-10-16,U Mumba,519,Young Chang Ko,Defender,0
7,1821,2019-10-19,Dabang Delhi K.C.,3081,Vijay ,all-rounder,3
7,1821,2019-10-19,Dabang Delhi K.C.,311,Anil Kumar, ,3
7,1821,2019-10-19,Dabang Delhi K.C.,194,Joginder Narwal,Defender,0
7,1821,2019-10-19,Dabang Delhi K.C.,2296,Naveen Kumar,Raider,18
7,1821,2019-10-19,Dabang Delhi K.C.,123,Vishal Mane,Defender,1
7,1821,2019-10-19,Dabang Delhi K.C.,157,Ravinder Pahal,Defender,1
7,1821,2019-10-19,Bengal Warriors,621,Baldev Singh,Defender - Right Corner,2
7,1821,2019-10-19,Bengal Warriors,3176,Mohammad Nabibakhsh,All Rounder,10
7,1821,2019-10-19,Bengal Warriors,54,Jeeva Kumar,Defender,4
7,1821,2019-10-19,Bengal Warriors,111,Sukesh Hegde,Raider,8
7,1821,2019-10-19,Bengal Warriors,3094,Ravindra Kumavat,raider,6
8,2700,2021-12-22,Bengaluru Bulls,318,Pawan Kumar,Raider,12
8,2700,2021-12-22,Bengaluru Bulls,36,Chandran Ranjit,Raider,13
8,2700,2021-12-22,Bengaluru Bulls,769,Mahender Singh,Defender - Left Cover,0
8,2700,2021-12-22,Bengaluru Bulls,3228,Saurabh Nandal,Defender - Right Corner,0
8,2700,2021-12-22,Bengaluru Bulls,4972,Aman ,Defender - Left Corner,0
8,2700,2021-12-22,U Mumba,259,Fazel Atrachali,Defender,2
8,2700,2021-12-22,U Mumba,202,Ashish Kumar,All-Rounder,3
8,2700,2021-12-22,U Mumba,567,Mohsen Maghsoudlou,All-Rounder,2
8,2700,2021-12-22,U Mumba,2028,Abhishek Singh,Raider,19
8,2700,2021-12-22,U Mumba,3053,V Ajith Kumar,Raider,6
8,2700,2021-12-22,U Mumba,3964,Rinku ,Defender - Right Corner,2
8,2701,2021-12-22,Telugu Titans,3086,Surinder Singh,Defender,1
8,2701,2021-12-22,Telugu Titans,2023,Ruturaj Koravi,Defender,3
8,2701,2021-12-22,Telugu Titans,2322,Ankit Beniwal,Raider,1
8,2701,2021-12-22,Telugu Titans,3095,Adarsh T,Defender - Left Corner,2
8,2701,2021-12-22,Telugu Titans,3046,Rakesh Gowda,Raider,3
8,2701,2021-12-22,Telugu Titans,248,Sandeep Kandola,Defender - Left Corner,5
8,2701,2021-12-22,Tamil Thalaivas,219,K.Prapanjan ,Raider,6
8,2701,2021-12-22,Tamil Thalaivas,322,Surjeet Singh,Defender - Right Cover,4
8,2701,2021-12-22,Tamil Thalaivas,3097,Ajinkya Ashok Pawar,Raider,0
8,2701,2021-12-22,Tamil Thalaivas,3236,Sagar ,Defender - Right Corner,2
8,2701,2021-12-22,Tamil Thalaivas,4964,Mohit ,Defender - Left Cover,4
8,2701,2021-12-22,Tamil Thalaivas,4965,Sahil Singh,Defender - Left Corner,4
8,2702,2021-12-22,Bengal Warriors,489,Abozar Mighani,Defender - Right Corner,0
8,2702,2021-12-22,Bengal Warriors,3084,Rinku Narwal,Defender - Left Corner,1
8,2702,2021-12-22,Bengal Warriors,3100,Parveen Satpal,Defender - Left Corner,1
8,2702,2021-12-22,Bengal Warriors,3176,Mohammad Nabibakhsh,All-Rounder,11
8,2702,2021-12-22,U.P. Yoddhas,197,Pardeep Narwal,Raider,8
8,2702,2021-12-22,U.P. Yoddhas,3088,Nitesh Kumar,Defender,3
8,2702,2021-12-22,U.P. Yoddhas,3240,Sumit ,Defender - Left Corner,1
8,2702,2021-12-22,U.P. Yoddhas,3239,Ashu Singh,Defender - Right Cover,3
8,2702,2021-12-22,U.P. Yoddhas,3241,Surender Gill,Raider,5
8,2702,2021-12-22,U.P. Yoddhas,4222,Rohit Tomar,Raider,4
8,2702,2021-12-22,U.P. Yoddhas,4228,Shubham Kumar,Defender - Left Cover,2
8,2703,2021-12-23,Gujarat Giants,161,Girish Maruti Ernak,Defender - Left Corner,7
8,2703,2021-12-23,Gujarat Giants,368,Sunil Kumar,Defender,0
8,2703,2021-12-23,Gujarat Giants,204,Rakesh Narwal,Raider,7
8,2703,2021-12-23,Gujarat Giants,157,Ravinder Pahal,Defender - Right Corner,1
8,2703,2021-12-23,Gujarat Giants,357,Parvesh Bhainswal,Defender - Left Cover,4
8,2703,2021-12-23,Gujarat Giants,4939,Pardeep Kumar,Raider,2
8,2703,2021-12-23,Gujarat Giants,3966,Rakesh ,Raider,6
8,2703,2021-12-23,Jaipur Pink Panthers,41,Deepak Hooda,All-Rounder,4
8,2703,2021-12-23,Jaipur Pink Panthers,290,Sandeep Dhull,Defender - Left Corner,3
8,2703,2021-12-23,Jaipur Pink Panthers,212,Amit Hooda,Defender - Right Corner,2
8,2703,2021-12-23,Jaipur Pink Panthers,3159,Vishal ,Defender - Left Cover,1
8,2703,2021-12-23,Jaipur Pink Panthers,3001,Amit ,Defender,1
8,2703,2021-12-23,Jaipur Pink Panthers,3065,Nitin Rawal,All-Rounder,2
8,2704,2021-12-23,Dabang Delhi K.C.,142,Sandeep Narwal,All Rounder,3
8,2704,2021-12-23,Dabang Delhi K.C.,54,Jeeva Kumar,Defender,1
8,2704,2021-12-23,Dabang Delhi K.C.,69,Manjeet Chhillar,All Rounder,1
8,2704,2021-12-23,Dabang Delhi K.C.,194,Joginder Narwal,Defender - Left Corner,2
8,2704,2021-12-23,Dabang Delhi K.C.,3081,Vijay Malik,All-Rounder,9
8,2704,2021-12-23,Dabang Delhi K.C.,2296,Naveen Kumar,Raider,16
8,2704,2021-12-23,Dabang Delhi K.C.,4947,Ashu Malik,Raider,0
8,2704,2021-12-23,Puneri Paltan,320,Nitin Tomar,Raider,7
8,2704,2021-12-23,Puneri Paltan,3000,Sombir ,Defender,2
8,2704,2021-12-23,Puneri Paltan,3234,Sanket Sawant,Defender - Left Cover,0
8,2704,2021-12-23,Puneri Paltan,3233,Pankaj Mohite,Raider,4
8,2705,2021-12-23,Haryana Steelers,3023,Rohit Gulia,All-Rounder,10
8,2705,2021-12-23,Patna Pirates,388,Monu Goyat,Raider,15
8,2705,2021-12-23,Patna Pirates,757,Sachin ,Raider,7
8,2705,2021-12-23,Patna Pirates,3107,Neeraj Kumar,Defender - Right Cover,0
8,2705,2021-12-23,Patna Pirates,3106,Sunil ,Defender - Right Corner,3
8,2705,2021-12-23,Patna Pirates,3032,Guman Singh,Raider,0
8,2705,2021-12-23,Patna Pirates,3343,Sajin Chandrasekar,All-Rounder,3
8,2705,2021-12-23,Patna Pirates,4925,Mohammadreza Chiyaneh,All-Rounder,2
8,2706,2021-12-24,U Mumba,259,Fazel Atrachali,Defender,0
8,2706,2021-12-24,U Mumba,202,Ashish Kumar,All-Rounder,2
8,2706,2021-12-24,U Mumba,567,Mohsen Maghsoudlou,All-Rounder,3
8,2706,2021-12-24,U Mumba,3053,V Ajith Kumar,Raider,7
8,2706,2021-12-24,U Mumba,3138,Harendra Kumar,Defender - Left Cover,0
8,2706,2021-12-24,U Mumba,3964,Rinku ,Defender - Right Corner,1
8,2706,2021-12-24,Dabang Delhi K.C.,142,Sandeep Narwal,All Rounder,1
8,2706,2021-12-24,Dabang Delhi K.C.,54,Jeeva Kumar,Defender,2
8,2706,2021-12-24,Dabang Delhi K.C.,194,Joginder Narwal,Defender - Left Corner,4
8,2706,2021-12-24,Dabang Delhi K.C.,3081,Vijay Malik,All-Rounder,2
8,2706,2021-12-24,Dabang Delhi K.C.,2296,Naveen Kumar,Raider,17
8,2707,2021-12-24,Tamil Thalaivas,4964,Mohit ,Defender - Left Cover,2
8,2707,2021-12-24,Tamil Thalaivas,4965,Sahil Singh,Defender - Left Corner,1
8,2707,2021-12-24,Bengaluru Bulls,318,Pawan Kumar,Raider,9
8,2707,2021-12-24,Bengaluru Bulls,36,Chandran Ranjit,Raider,7
8,2707,2021-12-24,Bengaluru Bulls,769,Mahender Singh,Defender - Left Cover,1
8,2707,2021-12-24,Bengaluru Bulls,3228,Saurabh Nandal,Defender - Right Corner,5
8,2707,2021-12-24,Bengaluru Bulls,4848,Mayur Kadam,Defender - Right Cover,3
8,2707,2021-12-24,Bengaluru Bulls,4944,Bharat ,Raider,5
8,2707,2021-12-24,Bengaluru Bulls,4972,Aman ,Defender - Left Corner,3
8,2708,2021-12-24,Bengal Warriors,185,Vijin Thangadurai,Defender - Right Cover,1
8,2708,2021-12-24,Bengal Warriors,489,Abozar Mighani,Defender - Right Corner,0
8,2708,2021-12-24,Bengal Warriors,724,Darshan J.,Defender,1
8,2708,2021-12-24,Bengal Warriors,3176,Mohammad Nabibakhsh,All-Rounder,4
8,2708,2021-12-24,Bengal Warriors,4675,Akash Pikalmunde,Raider,4
8,2708,2021-12-24,Bengal Warriors,4723,Rohit ,All-Rounder,4
8,2708,2021-12-24,Gujarat Giants,368,Sunil Kumar,Defender,0
8,2708,2021-12-24,Gujarat Giants,204,Rakesh Narwal,Raider,12
8,2708,2021-12-24,Gujarat Giants,157,Ravinder Pahal,Defender - Right Corner,3
8,2708,2021-12-24,Gujarat Giants,357,Parvesh Bhainswal,Defender - Left Cover,2
8,2708,2021-12-24,Gujarat Giants,3966,Rakesh ,Raider,4
8,2709,2021-12-25,Patna Pirates,155,Prashanth Rai,Raider,8
8,2709,2021-12-25,Patna Pirates,388,Monu Goyat,Raider,5
8,2709,2021-12-25,Patna Pirates,757,Sachin ,Raider,10
8,2709,2021-12-25,Patna Pirates,3107,Neeraj Kumar,Defender - Right Cover,1
8,2709,2021-12-25,Patna Pirates,3106,Sunil ,Defender - Right Corner,0
8,2709,2021-12-25,Patna Pirates,3343,Sajin Chandrasekar,All-Rounder,3
8,2709,2021-12-25,Patna Pirates,4925,Mohammadreza Chiyaneh,All-Rounder,7
8,2709,2021-12-25,U.P. Yoddhas,3240,Sumit ,Defender - Left Corner,6
8,2709,2021-12-25,U.P. Yoddhas,3239,Ashu Singh,Defender - Right Cover,3
8,2709,2021-12-25,U.P. Yoddhas,4222,Rohit Tomar,Raider,2
8,2710,2021-12-25,Puneri Paltan,3000,Sombir ,Defender,2
8,2710,2021-12-25,Puneri Paltan,3083,Vishal Bhardwaj,Defender,3
8,2710,2021-12-25,Puneri Paltan,3234,Sanket Sawant,Defender - Left Cover,0
8,2710,2021-12-25,Puneri Paltan,3233,Pankaj Mohite,Raider,3
8,2710,2021-12-25,Puneri Paltan,4022,Mohit Goyat,Raider,9
8,2710,2021-12-25,Puneri Paltan,4192,Abinesh Nadarajan,Defender - Right Cover,5
8,2710,2021-12-25,Puneri Paltan,4960,Aslam Inamdar,All-rounder,8
8,2710,2021-12-25,Telugu Titans,3086,Surinder Singh,Defender,2
8,2710,2021-12-25,Telugu Titans,2023,Ruturaj Koravi,Defender,2
8,2710,2021-12-25,Telugu Titans,3046,Rakesh Gowda,Raider,0
8,2710,2021-12-25,Telugu Titans,248,Sandeep Kandola,Defender - Left Corner,1
8,2711,2021-12-25,Jaipur Pink Panthers,41,Deepak Hooda,All-Rounder,10
8,2711,2021-12-25,Jaipur Pink Panthers,3001,Amit ,Defender,1
8,2711,2021-12-25,Jaipur Pink Panthers,2024,Arjun Deshwal,Raider,18
8,2711,2021-12-25,Haryana Steelers,86,Rajesh Narwal,All Rounder,0
8,2711,2021-12-25,Haryana Steelers,146,Surender Nada,Defender - Left Corner,5
8,2711,2021-12-25,Haryana Steelers,240,Ravi Kumar,Defender - Right Cover,0
8,2711,2021-12-25,Haryana Steelers,366,Vikash Khandola,Raider,14
8,2711,2021-12-25,Haryana Steelers,3023,Rohit Gulia,All-Rounder,7
8,2711,2021-12-25,Haryana Steelers,4183,Meetu ,Raider,4
8,2711,2021-12-25,Haryana Steelers,4184,Jaideep ,Defender - Left Cover,5
8,2712,2021-12-26,Gujarat Giants,368,Sunil Kumar,Defender,4
8,2712,2021-12-26,Gujarat Giants,249,Hadi Oshtorak,All Rounder,0
8,2712,2021-12-26,Gujarat Giants,204,Rakesh Narwal,Raider,9
8,2712,2021-12-26,Gujarat Giants,357,Parvesh Bhainswal,Defender - Left Cover,0
8,2712,2021-12-26,Gujarat Giants,3226,Sumit ,Defender-Left Corner,0
8,2712,2021-12-26,Gujarat Giants,3966,Rakesh ,Raider,4
8,2712,2021-12-26,Dabang Delhi K.C.,142,Sandeep Narwal,All Rounder,2
8,2712,2021-12-26,Dabang Delhi K.C.,2296,Naveen Kumar,Raider,11
8,2712,2021-12-26,Dabang Delhi K.C.,4947,Ashu Malik,Raider,0
8,2712,2021-12-26,Dabang Delhi K.C.,4949,Krishan ,Defender,1
8,2713,2021-12-26,Bengaluru Bulls,318,Pawan Kumar,Raider,15
8,2713,2021-12-26,Bengaluru Bulls,36,Chandran Ranjit,Raider,6
8,2713,2021-12-26,Bengaluru Bulls,522,Dong Geon Lee,Raider,2
8,2713,2021-12-26,Bengaluru Bulls,3099,Ankit ,Defender,0
8,2713,2021-12-26,Bengaluru Bulls,3228,Saurabh Nandal,Defender - Right Corner,0
8,2713,2021-12-26,Bengaluru Bulls,4972,Aman ,Defender - Left Corner,2
8,2713,2021-12-26,Bengal Warriors,489,Abozar Mighani,Defender - Right Corner,1
8,2713,2021-12-26,Bengal Warriors,724,Darshan J.,Defender,3
8,2713,2021-12-26,Bengal Warriors,232,Sachin Vittala,Defender - Left Corner,1
8,2713,2021-12-26,Bengal Warriors,3176,Mohammad Nabibakhsh,All-Rounder,8
8,2713,2021-12-26,Bengal Warriors,4675,Akash Pikalmunde,Raider,0
8,2714,2021-12-27,Tamil Thalaivas,322,Surjeet Singh,Defender - Right Cover,3
8,2714,2021-12-27,Tamil Thalaivas,763,Manjeet ,Raider,8
8,2714,2021-12-27,Tamil Thalaivas,660,Bhavani Rajput,Raider,2
8,2714,2021-12-27,Tamil Thalaivas,3097,Ajinkya Ashok Pawar,Raider,1
8,2714,2021-12-27,Tamil Thalaivas,3236,Sagar ,Defender - Right Corner,0
8,2714,2021-12-27,Tamil Thalaivas,4964,Mohit ,Defender - Left Cover,1
8,2714,2021-12-27,Tamil Thalaivas,4965,Sahil Singh,Defender - Left Corner,3
8,2714,2021-12-27,U Mumba,259,Fazel Atrachali,Defender,0
8,2714,2021-12-27,U Mumba,202,Ashish Kumar,All-Rounder,0
8,2714,2021-12-27,U Mumba,2028,Abhishek Singh,Raider,2
8,2714,2021-12-27,U Mumba,4969,Prince ,Defender - Left Cover,1
8,2714,2021-12-27,U Mumba,3964,Rinku ,Defender - Right Corner,2
8,2715,2021-12-27,U.P. Yoddhas,197,Pardeep Narwal,Raider,3
8,2715,2021-12-27,U.P. Yoddhas,3088,Nitesh Kumar,Defender,2
8,2715,2021-12-27,U.P. Yoddhas,3239,Ashu Singh,Defender - Right Cover,0
8,2715,2021-12-27,U.P. Yoddhas,3241,Surender Gill,Raider,10
8,2715,2021-12-27,U.P. Yoddhas,4222,Rohit Tomar,Raider,7
8,2715,2021-12-27,Jaipur Pink Panthers,41,Deepak Hooda,All-Rounder,9
8,2715,2021-12-27,Jaipur Pink Panthers,3159,Vishal ,Defender - Left Cover,2
8,2715,2021-12-27,Jaipur Pink Panthers,3001,Amit ,Defender,0
8,2715,2021-12-27,Jaipur Pink Panthers,2024,Arjun Deshwal,Raider,11
8,2716,2021-12-28,Puneri Paltan,3000,Sombir ,Defender,5
8,2716,2021-12-28,Puneri Paltan,3234,Sanket Sawant,Defender - Left Cover,0
8,2716,2021-12-28,Puneri Paltan,4192,Abinesh Nadarajan,Defender - Right Cover,2
8,2716,2021-12-28,Puneri Paltan,4960,Aslam Inamdar,All-rounder,6
8,2716,2021-12-28,Patna Pirates,388,Monu Goyat,Raider,3
8,2716,2021-12-28,Patna Pirates,757,Sachin ,Raider,10
8,2716,2021-12-28,Patna Pirates,3107,Neeraj Kumar,Defender - Right Cover,1
8,2716,2021-12-28,Patna Pirates,3103,Shubham Shinde,Defender - Right Corner,0
8,2716,2021-12-28,Patna Pirates,3106,Sunil ,Defender - Right Corner,4
8,2716,2021-12-28,Patna Pirates,3343,Sajin Chandrasekar,All-Rounder,3
8,2717,2021-12-28,Telugu Titans,191,C.Arun ,Defender,2
8,2717,2021-12-28,Telugu Titans,3086,Surinder Singh,Defender,0
8,2717,2021-12-28,Telugu Titans,2322,Ankit Beniwal,Raider,9
8,2717,2021-12-28,Telugu Titans,3095,Adarsh T,Defender - Left Corner,3
8,2717,2021-12-28,Telugu Titans,3046,Rakesh Gowda,Raider,7
8,2717,2021-12-28,Telugu Titans,3004,Akash Choudhary,Defender - Right Corner,1
8,2717,2021-12-28,Telugu Titans,248,Sandeep Kandola,Defender - Left Corner,0
8,2717,2021-12-28,Haryana Steelers,146,Surender Nada,Defender - Left Corner,3
8,2717,2021-12-28,Haryana Steelers,3175,Mohammad Esmaeil,Raider,0
8,2717,2021-12-28,Haryana Steelers,4954,Mohit ,Defender - Right Cover,3
8,2718,2021-12-29,Dabang Delhi K.C.,142,Sandeep Narwal,All Rounder,1
8,2718,2021-12-29,Dabang Delhi K.C.,54,Jeeva Kumar,Defender,3
8,2718,2021-12-29,Dabang Delhi K.C.,194,Joginder Narwal,Defender - Left Corner,1
8,2718,2021-12-29,Dabang Delhi K.C.,3081,Vijay Malik,All-Rounder,10
8,2718,2021-12-29,Dabang Delhi K.C.,2296,Naveen Kumar,Raider,24
8,2718,2021-12-29,Dabang Delhi K.C.,4947,Ashu Malik,Raider,3
8,2718,2021-12-29,Dabang Delhi K.C.,4949,Krishan ,Defender,0
8,2718,2021-12-29,Bengal Warriors,143,Maninder Singh,Raider,16
8,2718,2021-12-29,Bengal Warriors,111,Sukesh Hegde,Raider,9
8,2718,2021-12-29,Bengal Warriors,724,Darshan J.,Defender,1
8,2718,2021-12-29,Bengal Warriors,232,Sachin Vittala,Defender - Left Corner,0
8,2719,2021-12-29,U.P. Yoddhas,197,Pardeep Narwal,Raider,11
8,2719,2021-12-29,U.P. Yoddhas,3088,Nitesh Kumar,Defender,1
8,2719,2021-12-29,U.P. Yoddhas,2041,Gurdeep ,All-Rounder,0
8,2719,2021-12-29,U.P. Yoddhas,3240,Sumit ,Defender - Left Corner,3
8,2719,2021-12-29,U.P. Yoddhas,3239,Ashu Singh,Defender - Right Cover,3
8,2719,2021-12-29,U.P. Yoddhas,3241,Surender Gill,Raider,6
8,2719,2021-12-29,U.P. Yoddhas,4222,Rohit Tomar,Raider,2
8,2719,2021-12-29,Gujarat Giants,161,Girish Maruti Ernak,Defender - Left Corner,4
8,2719,2021-12-29,Gujarat Giants,368,Sunil Kumar,Defender,0
8,2719,2021-12-29,Gujarat Giants,204,Rakesh Narwal,Raider,13
8,2719,2021-12-29,Gujarat Giants,157,Ravinder Pahal,Defender - Right Corner,0
8,2720,2021-12-30,Jaipur Pink Panthers,3159,Vishal ,Defender - Left Cover,3
8,2720,2021-12-30,Jaipur Pink Panthers,2024,Arjun Deshwal,Raider,14
8,2720,2021-12-30,Jaipur Pink Panthers,4769,Sahul Kumar,Defender - Right Corner,3
8,2720,2021-12-30,Jaipur Pink Panthers,4956,Deepak Singh,Defender - Right Cover,2
8,2720,2021-12-30,U Mumba,567,Mohsen Maghsoudlou,All-Rounder,2
8,2720,2021-12-30,U Mumba,2028,Abhishek Singh,Raider,10
8,2720,2021-12-30,U Mumba,3053,V Ajith Kumar,Raider,11
8,2720,2021-12-30,U Mumba,3138,Harendra Kumar,Defender - Left Cover,2
8,2720,2021-12-30,U Mumba,3964,Rinku ,Defender - Right Corner,2
8,2721,2021-12-30,Haryana Steelers,146,Surender Nada,Defender - Left Corner,2
8,2721,2021-12-30,Haryana Steelers,240,Ravi Kumar,Defender - Right Cover,2
8,2721,2021-12-30,Haryana Steelers,4184,Jaideep ,Defender - Left Cover,4
8,2721,2021-12-30,Haryana Steelers,4954,Mohit ,Defender - Right Cover,1
8,2721,2021-12-30,Bengaluru Bulls,318,Pawan Kumar,Raider,22
8,2721,2021-12-30,Bengaluru Bulls,769,Mahender Singh,Defender - Left Cover,4
8,2721,2021-12-30,Bengaluru Bulls,772,More G B,Raider,5
8,2721,2021-12-30,Bengaluru Bulls,4945,Rohit Kumar,Defender,0
8,2721,2021-12-30,Bengaluru Bulls,4972,Aman ,Defender - Left Corner,3
8,2722,2021-12-31,Tamil Thalaivas,322,Surjeet Singh,Defender - Right Cover,3
8,2722,2021-12-31,Tamil Thalaivas,376,Athul M S,Raider,0
8,2722,2021-12-31,Tamil Thalaivas,763,Manjeet ,Raider,8
8,2722,2021-12-31,Tamil Thalaivas,3097,Ajinkya Ashok Pawar,Raider,11
8,2722,2021-12-31,Tamil Thalaivas,3236,Sagar ,Defender - Right Corner,2
8,2722,2021-12-31,Tamil Thalaivas,4964,Mohit ,Defender - Left Cover,0
8,2722,2021-12-31,Tamil Thalaivas,4965,Sahil Singh,Defender - Left Corner,2
8,2722,2021-12-31,Puneri Paltan,3000,Sombir ,Defender,1
8,2722,2021-12-31,Puneri Paltan,3083,Vishal Bhardwaj,Defender,4
8,2722,2021-12-31,Puneri Paltan,4960,Aslam Inamdar,All-rounder,4
8,2723,2021-12-31,Patna Pirates,388,Monu Goyat,Raider,15
8,2723,2021-12-31,Patna Pirates,757,Sachin ,Raider,9
8,2723,2021-12-31,Patna Pirates,3107,Neeraj Kumar,Defender - Right Cover,3
8,2723,2021-12-31,Patna Pirates,3106,Sunil ,Defender - Right Corner,4
8,2723,2021-12-31,Patna Pirates,3343,Sajin Chandrasekar,All-Rounder,2
8,2723,2021-12-31,Bengal Warriors,143,Maninder Singh,Raider,12
8,2723,2021-12-31,Bengal Warriors,111,Sukesh Hegde,Raider,3
8,2723,2021-12-31,Bengal Warriors,3126,Amit Nirwal,Defender,5
8,2723,2021-12-31,Bengal Warriors,489,Abozar Mighani,Defender - Right Corner,3
8,2723,2021-12-31,Bengal Warriors,724,Darshan J.,Defender,1
8,2723,2021-12-31,Bengal Warriors,3301,Rohit Banne,Defender,0
8,2723,2021-12-31,Bengal Warriors,4723,Rohit ,All-Rounder,2
8,2724,2022-01-01,U Mumba,613,Sunil Siddhgavali,Defender,0
8,2724,2022-01-01,U Mumba,567,Mohsen Maghsoudlou,All-Rounder,3
8,2724,2022-01-01,U Mumba,2028,Abhishek Singh,Raider,4
8,2724,2022-01-01,U Mumba,3138,Harendra Kumar,Defender - Left Cover,2
8,2724,2022-01-01,U Mumba,3964,Rinku ,Defender - Right Corner,4
8,2724,2022-01-01,U.P. Yoddhas,106,Shrikant Jadhav,Raider,0
8,2724,2022-01-01,U.P. Yoddhas,3088,Nitesh Kumar,Defender,1
8,2724,2022-01-01,U.P. Yoddhas,3240,Sumit ,Defender - Left Corner,6
8,2724,2022-01-01,U.P. Yoddhas,4228,Shubham Kumar,Defender - Left Cover,0
8,2724,2022-01-01,U.P. Yoddhas,4801,Ankit ,Raider,2
8,2725,2022-01-01,Bengaluru Bulls,318,Pawan Kumar,Raider,8
8,2725,2022-01-01,Bengaluru Bulls,36,Chandran Ranjit,Raider,9
8,2725,2022-01-01,Bengaluru Bulls,769,Mahender Singh,Defender - Left Cover,4
8,2725,2022-01-01,Bengaluru Bulls,522,Dong Geon Lee,Raider,1
8,2725,2022-01-01,Bengaluru Bulls,3228,Saurabh Nandal,Defender - Right Corner,4
8,2725,2022-01-01,Bengaluru Bulls,4848,Mayur Kadam,Defender - Right Cover,1
8,2725,2022-01-01,Bengaluru Bulls,4972,Aman ,Defender - Left Corner,1
8,2725,2022-01-01,Telugu Titans,2023,Ruturaj Koravi,Defender,1
8,2725,2022-01-01,Telugu Titans,3095,Adarsh T,Defender - Left Corner,5
8,2725,2022-01-01,Telugu Titans,248,Sandeep Kandola,Defender - Left Corner,4
8,2725,2022-01-01,Telugu Titans,3969,Prince D,Defender - Right Cover,1
8,2726,2022-01-01,Dabang Delhi K.C.,142,Sandeep Narwal,All Rounder,3
8,2726,2022-01-01,Dabang Delhi K.C.,54,Jeeva Kumar,Defender,3
8,2726,2022-01-01,Dabang Delhi K.C.,3081,Vijay Malik,All-Rounder,1
8,2726,2022-01-01,Tamil Thalaivas,322,Surjeet Singh,Defender - Right Cover,2
8,2726,2022-01-01,Tamil Thalaivas,376,Athul M S,Raider,3
8,2726,2022-01-01,Tamil Thalaivas,763,Manjeet ,Raider,10
8,2726,2022-01-01,Tamil Thalaivas,3097,Ajinkya Ashok Pawar,Raider,3
8,2726,2022-01-01,Tamil Thalaivas,3236,Sagar ,Defender - Right Corner,6
8,2726,2022-01-01,Tamil Thalaivas,4965,Sahil Singh,Defender - Left Corner,0
8,2727,2022-01-02,Gujarat Giants,368,Sunil Kumar,Defender,1
8,2727,2022-01-02,Gujarat Giants,357,Parvesh Bhainswal,Defender - Left Cover,1
8,2727,2022-01-02,Haryana Steelers,146,Surender Nada,Defender - Left Corner,3
8,2727,2022-01-02,Haryana Steelers,240,Ravi Kumar,Defender - Right Cover,0
8,2727,2022-01-02,Haryana Steelers,366,Vikash Khandola,Raider,11
8,2727,2022-01-02,Haryana Steelers,3175,Mohammad Esmaeil,Raider,4
8,2727,2022-01-02,Haryana Steelers,4183,Meetu ,Raider,10
8,2727,2022-01-02,Haryana Steelers,4184,Jaideep ,Defender - Left Cover,2
8,2727,2022-01-02,Haryana Steelers,4954,Mohit ,Defender - Right Cover,2
8,2728,2022-01-02,Puneri Paltan,156,Pawan Kadian,Raider,5
8,2728,2022-01-02,Puneri Paltan,3083,Vishal Bhardwaj,Defender,4
8,2728,2022-01-02,Puneri Paltan,621,Baldev Singh,Defender - Right Corner,2
8,2728,2022-01-02,Puneri Paltan,4022,Mohit Goyat,Raider,6
8,2728,2022-01-02,Puneri Paltan,4192,Abinesh Nadarajan,Defender - Right Cover,2
8,2728,2022-01-02,Puneri Paltan,4961,Shubham Shelke,Raider,1
8,2728,2022-01-02,Bengaluru Bulls,36,Chandran Ranjit,Raider,6
8,2728,2022-01-02,Bengaluru Bulls,3019,Mohit Sehrawat,Defender,3
8,2728,2022-01-02,Bengaluru Bulls,3228,Saurabh Nandal,Defender - Right Corner,4
8,2728,2022-01-02,Bengaluru Bulls,4848,Mayur Kadam,Defender - Right Cover,0
8,2728,2022-01-02,Bengaluru Bulls,4972,Aman ,Defender - Left Corner,4
8,2729,2022-01-03,Bengal Warriors,143,Maninder Singh,Raider,13
8,2729,2022-01-03,Bengal Warriors,3126,Amit Nirwal,Defender,1
8,2729,2022-01-03,Bengal Warriors,3176,Mohammad Nabibakhsh,All-Rounder,10
8,2729,2022-01-03,Jaipur Pink Panthers,41,Deepak Hooda,All-Rounder,5
8,2729,2022-01-03,Jaipur Pink Panthers,3159,Vishal ,Defender - Left Cover,1
8,2729,2022-01-03,Jaipur Pink Panthers,3065,Nitin Rawal,All-Rounder,0
8,2729,2022-01-03,Jaipur Pink Panthers,2357,Naveen ,Raider,3
8,2729,2022-01-03,Jaipur Pink Panthers,4769,Sahul Kumar,Defender - Right Corner,2
8,2729,2022-01-03,Jaipur Pink Panthers,4956,Deepak Singh,Defender - Right Cover,0
8,2730,2022-01-03,Telugu Titans,3086,Surinder Singh,Defender,2
8,2730,2022-01-03,Telugu Titans,2023,Ruturaj Koravi,Defender,4
8,2730,2022-01-03,Telugu Titans,2322,Ankit Beniwal,Raider,10
8,2730,2022-01-03,Telugu Titans,3095,Adarsh T,Defender - Left Corner,0
8,2730,2022-01-03,Telugu Titans,3046,Rakesh Gowda,Raider,7
8,2730,2022-01-03,Telugu Titans,3969,Prince D,Defender - Right Cover,0
8,2730,2022-01-03,Patna Pirates,757,Sachin ,Raider,6
8,2730,2022-01-03,Patna Pirates,3343,Sajin Chandrasekar,All-Rounder,1
8,2731,2022-01-04,Haryana Steelers,146,Surender Nada,Defender - Left Corner,3
8,2731,2022-01-04,Haryana Steelers,240,Ravi Kumar,Defender - Right Cover,1
8,2731,2022-01-04,Haryana Steelers,366,Vikash Khandola,Raider,5
8,2731,2022-01-04,Haryana Steelers,3023,Rohit Gulia,All-Rounder,8
8,2731,2022-01-04,Haryana Steelers,3054,Vinay ,Raider,1
8,2731,2022-01-04,Haryana Steelers,4184,Jaideep ,Defender - Left Cover,1
8,2731,2022-01-04,Haryana Steelers,4954,Mohit ,Defender - Right Cover,3
8,2731,2022-01-04,U Mumba,2028,Abhishek Singh,Raider,4
8,2732,2022-01-04,U.P. Yoddhas,197,Pardeep Narwal,Raider,6
8,2732,2022-01-04,U.P. Yoddhas,3088,Nitesh Kumar,Defender,0
8,2732,2022-01-04,U.P. Yoddhas,3240,Sumit ,Defender - Left Corner,0
8,2732,2022-01-04,U.P. Yoddhas,3239,Ashu Singh,Defender - Right Cover,2
8,2732,2022-01-04,U.P. Yoddhas,3241,Surender Gill,Raider,14
8,2732,2022-01-04,U.P. Yoddhas,3594,Sahil ,Raider,1
8,2732,2022-01-04,U.P. Yoddhas,4228,Shubham Kumar,Defender - Left Cover,4
8,2732,2022-01-04,Tamil Thalaivas,660,Bhavani Rajput,Raider,4
8,2732,2022-01-04,Tamil Thalaivas,3236,Sagar ,Defender - Right Corner,5
8,2732,2022-01-04,Tamil Thalaivas,4964,Mohit ,Defender - Left Cover,1
8,2733,2022-01-05,Puneri Paltan,3083,Vishal Bhardwaj,Defender,1
8,2733,2022-01-05,Puneri Paltan,621,Baldev Singh,Defender - Right Corner,1
8,2733,2022-01-05,Puneri Paltan,4022,Mohit Goyat,Raider,10
8,2733,2022-01-05,Puneri Paltan,4192,Abinesh Nadarajan,Defender - Right Cover,1
8,2733,2022-01-05,Puneri Paltan,4757,Vishwas S,Raider,3
8,2733,2022-01-05,Puneri Paltan,4960,Aslam Inamdar,All-rounder,8
8,2733,2022-01-05,Gujarat Giants,368,Sunil Kumar,Defender,2
8,2733,2022-01-05,Gujarat Giants,357,Parvesh Bhainswal,Defender - Left Cover,4
8,2734,2022-01-05,Dabang Delhi K.C.,142,Sandeep Narwal,All Rounder,0
8,2734,2022-01-05,Dabang Delhi K.C.,54,Jeeva Kumar,Defender,1
8,2734,2022-01-05,Dabang Delhi K.C.,69,Manjeet Chhillar,All Rounder,2
8,2734,2022-01-05,Dabang Delhi K.C.,194,Joginder Narwal,Defender - Left Corner,1
8,2734,2022-01-05,Dabang Delhi K.C.,4947,Ashu Malik,Raider,1
8,2734,2022-01-05,Dabang Delhi K.C.,4949,Krishan ,Defender,1
8,2734,2022-01-05,Telugu Titans,3086,Surinder Singh,Defender,4
8,2734,2022-01-05,Telugu Titans,2023,Ruturaj Koravi,Defender,0
8,2734,2022-01-05,Telugu Titans,2322,Ankit Beniwal,Raider,3
8,2734,2022-01-05,Telugu Titans,3095,Adarsh T,Defender - Left Corner,0
8,2734,2022-01-05,Telugu Titans,248,Sandeep Kandola,Defender - Left Corner,1
8,2734,2022-01-05,Telugu Titans,3969,Prince D,Defender - Right Cover,0
8,2735,2022-01-06,Patna Pirates,388,Monu Goyat,Raider,9
8,2735,2022-01-06,Patna Pirates,757,Sachin ,Raider,2
8,2735,2022-01-06,Patna Pirates,3082,Monu ,Raider,0
8,2735,2022-01-06,Patna Pirates,3103,Shubham Shinde,Defender - Right Corner,0
8,2735,2022-01-06,Patna Pirates,3343,Sajin Chandrasekar,All-Rounder,0
8,2735,2022-01-06,Patna Pirates,4925,Mohammadreza Chiyaneh,All-Rounder,3
8,2735,2022-01-06,Tamil Thalaivas,322,Surjeet Singh,Defender - Right Cover,4
8,2735,2022-01-06,Tamil Thalaivas,347,Sagar B Krishna,All Rounder,3
8,2735,2022-01-06,Tamil Thalaivas,376,Athul M S,Raider,6
8,2735,2022-01-06,Tamil Thalaivas,660,Bhavani Rajput,Raider,2
8,2735,2022-01-06,Tamil Thalaivas,3236,Sagar ,Defender - Right Corner,1
8,2736,2022-01-06,Bengaluru Bulls,211,Deepak Narwal,Raider,4
8,2736,2022-01-06,Bengaluru Bulls,769,Mahender Singh,Defender - Left Cover,1
8,2736,2022-01-06,Bengaluru Bulls,3115,Amit Sheoran,Defender,2
8,2736,2022-01-06,Bengaluru Bulls,772,More G B,Raider,3
8,2736,2022-01-06,Bengaluru Bulls,3228,Saurabh Nandal,Defender - Right Corner,3
8,2736,2022-01-06,Bengaluru Bulls,4848,Mayur Kadam,Defender - Right Cover,1
8,2736,2022-01-06,Jaipur Pink Panthers,42,Dharmaraj Cheralathan,Defender,1
8,2736,2022-01-06,Jaipur Pink Panthers,41,Deepak Hooda,All-Rounder,5
8,2736,2022-01-06,Jaipur Pink Panthers,2024,Arjun Deshwal,Raider,13
8,2736,2022-01-06,Jaipur Pink Panthers,2357,Naveen ,Raider,3
8,2736,2022-01-06,Jaipur Pink Panthers,3154,Sachin Narwal,All-Rounder,3
8,2736,2022-01-06,Jaipur Pink Panthers,4769,Sahul Kumar,Defender - Right Corner,1
8,2736,2022-01-06,Jaipur Pink Panthers,4956,Deepak Singh,Defender - Right Cover,3
8,2737,2022-01-07,Bengal Warriors,185,Vijin Thangadurai,Defender - Right Cover,0
8,2737,2022-01-07,Bengal Warriors,3126,Amit Nirwal,Defender,1
8,2737,2022-01-07,Haryana Steelers,146,Surender Nada,Defender - Left Corner,3
8,2737,2022-01-07,Haryana Steelers,240,Ravi Kumar,Defender - Right Cover,1
8,2737,2022-01-07,Haryana Steelers,366,Vikash Khandola,Raider,9
8,2737,2022-01-07,Haryana Steelers,3023,Rohit Gulia,All-Rounder,4
8,2737,2022-01-07,Haryana Steelers,4183,Meetu ,Raider,10
8,2737,2022-01-07,Haryana Steelers,4184,Jaideep ,Defender - Left Cover,4
8,2737,2022-01-07,Haryana Steelers,4954,Mohit ,Defender - Right Cover,4
8,2738,2022-01-07,Jaipur Pink Panthers,41,Deepak Hooda,All-Rounder,3
8,2738,2022-01-07,Jaipur Pink Panthers,290,Sandeep Dhull,Defender - Left Corner,4
8,2738,2022-01-07,Jaipur Pink Panthers,3159,Vishal ,Defender - Left Cover,2
8,2738,2022-01-07,Jaipur Pink Panthers,3001,Amit ,Defender,1
8,2738,2022-01-07,Jaipur Pink Panthers,2357,Naveen ,Raider,1
8,2738,2022-01-07,Puneri Paltan,320,Nitin Tomar,Raider,4
8,2738,2022-01-07,Puneri Paltan,3083,Vishal Bhardwaj,Defender,2
8,2738,2022-01-07,Puneri Paltan,621,Baldev Singh,Defender - Right Corner,1
8,2738,2022-01-07,Puneri Paltan,3234,Sanket Sawant,Defender - Left Cover,2
8,2738,2022-01-07,Puneri Paltan,4022,Mohit Goyat,Raider,3
8,2738,2022-01-07,Puneri Paltan,4192,Abinesh Nadarajan,Defender - Right Cover,1
8,2738,2022-01-07,Puneri Paltan,4960,Aslam Inamdar,All-rounder,6
8,2739,2022-01-08,U.P. Yoddhas,3088,Nitesh Kumar,Defender,2
8,2739,2022-01-08,U.P. Yoddhas,3240,Sumit ,Defender - Left Corner,1
8,2739,2022-01-08,U.P. Yoddhas,4228,Shubham Kumar,Defender - Left Cover,3
8,2739,2022-01-08,U.P. Yoddhas,4801,Ankit ,Raider,3
8,2739,2022-01-08,Dabang Delhi K.C.,142,Sandeep Narwal,All Rounder,2
8,2739,2022-01-08,Dabang Delhi K.C.,69,Manjeet Chhillar,All Rounder,4
8,2739,2022-01-08,Dabang Delhi K.C.,194,Joginder Narwal,Defender - Left Corner,1
8,2739,2022-01-08,Dabang Delhi K.C.,3081,Vijay Malik,All-Rounder,7
8,2739,2022-01-08,Dabang Delhi K.C.,2296,Naveen Kumar,Raider,18
8,2739,2022-01-08,Dabang Delhi K.C.,4947,Ashu Malik,Raider,1
8,2739,2022-01-08,Dabang Delhi K.C.,4949,Krishan ,Defender,0
8,2740,2022-01-08,U Mumba,259,Fazel Atrachali,Defender,4
8,2740,2022-01-08,U Mumba,202,Ashish Kumar,All-Rounder,2
8,2740,2022-01-08,U Mumba,567,Mohsen Maghsoudlou,All-Rounder,2
8,2740,2022-01-08,U Mumba,2028,Abhishek Singh,Raider,13
8,2740,2022-01-08,U Mumba,3138,Harendra Kumar,Defender - Left Cover,4
8,2740,2022-01-08,U Mumba,3473,Prathap S,Raider,0
8,2740,2022-01-08,U Mumba,3964,Rinku ,Defender - Right Corner,7
8,2740,2022-01-08,Telugu Titans,2023,Ruturaj Koravi,Defender,4
8,2740,2022-01-08,Telugu Titans,2322,Ankit Beniwal,Raider,6
8,2740,2022-01-08,Telugu Titans,3095,Adarsh T,Defender - Left Corner,1
8,2740,2022-01-08,Telugu Titans,4966,Muhammed Shihas,Defender - Left Corner,5
8,2741,2022-01-08,Gujarat Giants,368,Sunil Kumar,Defender,0
8,2741,2022-01-08,Gujarat Giants,163,Mahendra Rajput,Raider,7
8,2741,2022-01-08,Gujarat Giants,249,Hadi Oshtorak,All Rounder,4
8,2741,2022-01-08,Gujarat Giants,204,Rakesh Narwal,Raider,6
8,2741,2022-01-08,Gujarat Giants,357,Parvesh Bhainswal,Defender - Left Cover,0
8,2741,2022-01-08,Gujarat Giants,3227,Ankit ,Defender - Right Corner,3
8,2741,2022-01-08,Gujarat Giants,3966,Rakesh ,Raider,3
8,2741,2022-01-08,Patna Pirates,388,Monu Goyat,Raider,1
8,2741,2022-01-08,Patna Pirates,4925,Mohammadreza Chiyaneh,All-Rounder,2
8,2742,2022-01-09,Puneri Paltan,320,Nitin Tomar,Raider,3
8,2742,2022-01-09,Puneri Paltan,3083,Vishal Bhardwaj,Defender,2
8,2742,2022-01-09,Puneri Paltan,621,Baldev Singh,Defender - Right Corner,0
8,2742,2022-01-09,Puneri Paltan,4960,Aslam Inamdar,All-rounder,17
8,2742,2022-01-09,Bengal Warriors,143,Maninder Singh,Raider,13
8,2742,2022-01-09,Bengal Warriors,185,Vijin Thangadurai,Defender - Right Cover,0
8,2742,2022-01-09,Bengal Warriors,489,Abozar Mighani,Defender - Right Corner,2
8,2742,2022-01-09,Bengal Warriors,3100,Parveen Satpal,Defender - Left Corner,0
8,2742,2022-01-09,Bengal Warriors,3176,Mohammad Nabibakhsh,All-Rounder,4
8,2742,2022-01-09,Bengal Warriors,4675,Akash Pikalmunde,Raider,8
8,2743,2022-01-09,Bengaluru Bulls,318,Pawan Kumar,Raider,5
8,2743,2022-01-09,Bengaluru Bulls,772,More G B,Raider,2
8,2743,2022-01-09,Bengaluru Bulls,3228,Saurabh Nandal,Defender - Right Corner,1
8,2743,2022-01-09,Bengaluru Bulls,4972,Aman ,Defender - Left Corner,2
8,2743,2022-01-09,U.P. Yoddhas,106,Shrikant Jadhav,Raider,15
8,2743,2022-01-09,U.P. Yoddhas,3088,Nitesh Kumar,Defender,3
8,2743,2022-01-09,U.P. Yoddhas,3177,Mohammad Taghi Paein Mahali ,Raider,5
8,2743,2022-01-09,U.P. Yoddhas,3239,Ashu Singh,Defender - Right Cover,2
8,2743,2022-01-09,U.P. Yoddhas,3241,Surender Gill,Raider,5
8,2743,2022-01-09,U.P. Yoddhas,4228,Shubham Kumar,Defender - Left Cover,2
8,2744,2022-01-10,Tamil Thalaivas,219,K.Prapanjan ,Raider,5
8,2744,2022-01-10,Tamil Thalaivas,322,Surjeet Singh,Defender - Right Cover,8
8,2744,2022-01-10,Tamil Thalaivas,3236,Sagar ,Defender - Right Corner,7
8,2744,2022-01-10,Tamil Thalaivas,4921,Anwar Baba,All Rounder,0
8,2744,2022-01-10,Tamil Thalaivas,4964,Mohit ,Defender - Left Cover,1
8,2744,2022-01-10,Tamil Thalaivas,4965,Sahil Singh,Defender - Left Corner,2
8,2744,2022-01-10,Haryana Steelers,86,Rajesh Narwal,All Rounder,0
8,2744,2022-01-10,Haryana Steelers,146,Surender Nada,Defender - Left Corner,0
8,2744,2022-01-10,Haryana Steelers,240,Ravi Kumar,Defender - Right Cover,0
8,2744,2022-01-10,Haryana Steelers,366,Vikash Khandola,Raider,9
8,2744,2022-01-10,Haryana Steelers,4184,Jaideep ,Defender - Left Cover,4
8,2744,2022-01-10,Haryana Steelers,4954,Mohit ,Defender - Right Cover,3
8,2745,2022-01-10,Jaipur Pink Panthers,290,Sandeep Dhull,Defender - Left Corner,3
8,2745,2022-01-10,Jaipur Pink Panthers,3159,Vishal ,Defender - Left Cover,0
8,2745,2022-01-10,Jaipur Pink Panthers,3001,Amit ,Defender,1
8,2745,2022-01-10,Jaipur Pink Panthers,2024,Arjun Deshwal,Raider,7
8,2745,2022-01-10,Jaipur Pink Panthers,4769,Sahul Kumar,Defender - Right Corner,8
8,2745,2022-01-10,Jaipur Pink Panthers,4956,Deepak Singh,Defender - Right Cover,0
8,2745,2022-01-10,Dabang Delhi K.C.,142,Sandeep Narwal,All Rounder,3
8,2745,2022-01-10,Dabang Delhi K.C.,54,Jeeva Kumar,Defender,0
8,2745,2022-01-10,Dabang Delhi K.C.,69,Manjeet Chhillar,All Rounder,4
8,2745,2022-01-10,Dabang Delhi K.C.,194,Joginder Narwal,Defender - Left Corner,0
8,2745,2022-01-10,Dabang Delhi K.C.,2296,Naveen Kumar,Raider,7
8,2745,2022-01-10,Dabang Delhi K.C.,4949,Krishan ,Defender,0
8,2746,2022-01-11,Patna Pirates,388,Monu Goyat,Raider,3
8,2746,2022-01-11,Patna Pirates,757,Sachin ,Raider,7
8,2746,2022-01-11,Patna Pirates,3107,Neeraj Kumar,Defender - Right Cover,8
8,2746,2022-01-11,Patna Pirates,3082,Monu ,Raider,6
8,2746,2022-01-11,Patna Pirates,3106,Sunil ,Defender - Right Corner,1
8,2746,2022-01-11,Patna Pirates,4925,Mohammadreza Chiyaneh,All-Rounder,5
8,2746,2022-01-11,U Mumba,202,Ashish Kumar,All-Rounder,4
8,2746,2022-01-11,U Mumba,3138,Harendra Kumar,Defender - Left Cover,1
8,2747,2022-01-11,Telugu Titans,191,C.Arun ,Defender,0
8,2747,2022-01-11,Telugu Titans,2322,Ankit Beniwal,Raider,0
8,2747,2022-01-11,Telugu Titans,2290,Rajnish ,Raider,12
8,2747,2022-01-11,Telugu Titans,3095,Adarsh T,Defender - Left Corner,4
8,2747,2022-01-11,Telugu Titans,3004,Akash Choudhary,Defender - Right Corner,3
8,2747,2022-01-11,Telugu Titans,3031,Galla Raju,Raider,0
8,2747,2022-01-11,Telugu Titans,4966,Muhammed Shihas,Defender - Left Corner,1
8,2747,2022-01-11,Gujarat Giants,163,Mahendra Rajput,Raider,6
8,2747,2022-01-11,Gujarat Giants,249,Hadi Oshtorak,All Rounder,0
8,2747,2022-01-11,Gujarat Giants,357,Parvesh Bhainswal,Defender - Left Cover,5
8,2747,2022-01-11,Gujarat Giants,3227,Ankit ,Defender - Right Corner,1
8,2747,2022-01-11,Gujarat Giants,3226,Sumit ,Defender-Left Corner,2
8,2747,2022-01-11,Gujarat Giants,3966,Rakesh ,Raider,16
8,2748,2022-01-12,Haryana Steelers,240,Ravi Kumar,Defender - Right Cover,1
8,2748,2022-01-12,Haryana Steelers,366,Vikash Khandola,Raider,17
8,2748,2022-01-12,Haryana Steelers,4183,Meetu ,Raider,6
8,2748,2022-01-12,Haryana Steelers,4184,Jaideep ,Defender - Left Cover,3
8,2748,2022-01-12,Haryana Steelers,4977,Ankit ,Defender - Right Corner,1
8,2748,2022-01-12,U.P. Yoddhas,106,Shrikant Jadhav,Raider,5
8,2748,2022-01-12,U.P. Yoddhas,3088,Nitesh Kumar,Defender,3
8,2748,2022-01-12,U.P. Yoddhas,2041,Gurdeep ,All-Rounder,0
8,2748,2022-01-12,U.P. Yoddhas,3239,Ashu Singh,Defender - Right Cover,2
8,2748,2022-01-12,U.P. Yoddhas,3241,Surender Gill,Raider,14
8,2748,2022-01-12,U.P. Yoddhas,4228,Shubham Kumar,Defender - Left Cover,1
8,2749,2022-01-12,Dabang Delhi K.C.,26,Ajay Thakur,Raider,3
8,2749,2022-01-12,Dabang Delhi K.C.,142,Sandeep Narwal,All Rounder,1
8,2749,2022-01-12,Dabang Delhi K.C.,69,Manjeet Chhillar,All Rounder,2
8,2749,2022-01-12,Dabang Delhi K.C.,3081,Vijay Malik,All-Rounder,4
8,2749,2022-01-12,Dabang Delhi K.C.,4941,Mohammad Malak,Defender,1
8,2749,2022-01-12,Dabang Delhi K.C.,4947,Ashu Malik,Raider,6
8,2749,2022-01-12,Dabang Delhi K.C.,4948,Dipak ,Defender,0
8,2749,2022-01-12,Bengaluru Bulls,769,Mahender Singh,Defender - Left Cover,3
8,2749,2022-01-12,Bengaluru Bulls,3228,Saurabh Nandal,Defender - Right Corner,4
8,2749,2022-01-12,Bengaluru Bulls,4848,Mayur Kadam,Defender - Right Cover,1
8,2749,2022-01-12,Bengaluru Bulls,4972,Aman ,Defender - Left Corner,3
8,2750,2022-01-13,Bengal Warriors,143,Maninder Singh,Raider,12
8,2750,2022-01-13,Bengal Warriors,160,Ran Singh,All- Rounder,4
8,2750,2022-01-13,Bengal Warriors,3126,Amit Nirwal,Defender,5
8,2750,2022-01-13,Bengal Warriors,489,Abozar Mighani,Defender - Right Corner,1
8,2750,2022-01-13,Bengal Warriors,724,Darshan J.,Defender,2
8,2750,2022-01-13,Bengal Warriors,3176,Mohammad Nabibakhsh,All-Rounder,2
8,2750,2022-01-13,Tamil Thalaivas,219,K.Prapanjan ,Raider,0
8,2750,2022-01-13,Tamil Thalaivas,322,Surjeet Singh,Defender - Right Cover,5
8,2750,2022-01-13,Tamil Thalaivas,763,Manjeet ,Raider,8
8,2750,2022-01-13,Tamil Thalaivas,3236,Sagar ,Defender - Right Corner,3
8,2750,2022-01-13,Tamil Thalaivas,4964,Mohit ,Defender - Left Cover,2
8,2751,2022-01-13,U Mumba,259,Fazel Atrachali,Defender,1
8,2751,2022-01-13,U Mumba,202,Ashish Kumar,All-Rounder,3
8,2751,2022-01-13,U Mumba,567,Mohsen Maghsoudlou,All-Rounder,3
8,2751,2022-01-13,U Mumba,4186,Rahul Sethpal,Defender - Right Corner,5
8,2751,2022-01-13,Puneri Paltan,320,Nitin Tomar,Raider,9
8,2751,2022-01-13,Puneri Paltan,3234,Sanket Sawant,Defender - Left Cover,1
8,2751,2022-01-13,Puneri Paltan,4022,Mohit Goyat,Raider,5
8,2751,2022-01-13,Puneri Paltan,4192,Abinesh Nadarajan,Defender - Right Cover,4
8,2751,2022-01-13,Puneri Paltan,4960,Aslam Inamdar,All-rounder,7
8,2752,2022-01-14,Jaipur Pink Panthers,290,Sandeep Dhull,Defender - Left Corner,0
8,2752,2022-01-14,Jaipur Pink Panthers,3001,Amit ,Defender,1
8,2752,2022-01-14,Jaipur Pink Panthers,2024,Arjun Deshwal,Raider,9
8,2752,2022-01-14,Jaipur Pink Panthers,3021,Pavan TR,Defender,1
8,2752,2022-01-14,Patna Pirates,155,Prashanth Rai,Raider,6
8,2752,2022-01-14,Patna Pirates,388,Monu Goyat,Raider,7
8,2752,2022-01-14,Patna Pirates,3107,Neeraj Kumar,Defender - Right Cover,2
8,2752,2022-01-14,Patna Pirates,3082,Monu ,Raider,2
8,2752,2022-01-14,Patna Pirates,3103,Shubham Shinde,Defender - Right Corner,0
8,2752,2022-01-14,Patna Pirates,4925,Mohammadreza Chiyaneh,All-Rounder,2
8,2753,2022-01-14,Gujarat Giants,368,Sunil Kumar,Defender,4
8,2753,2022-01-14,Gujarat Giants,163,Mahendra Rajput,Raider,1
8,2753,2022-01-14,Gujarat Giants,249,Hadi Oshtorak,All Rounder,3
8,2753,2022-01-14,Gujarat Giants,357,Parvesh Bhainswal,Defender - Left Cover,4
8,2753,2022-01-14,Gujarat Giants,3227,Ankit ,Defender - Right Corner,2
8,2753,2022-01-14,Gujarat Giants,3966,Rakesh ,Raider,14
8,2753,2022-01-14,Bengaluru Bulls,318,Pawan Kumar,Raider,19
8,2753,2022-01-14,Bengaluru Bulls,769,Mahender Singh,Defender - Left Cover,1
8,2753,2022-01-14,Bengaluru Bulls,772,More G B,Raider,0
8,2753,2022-01-14,Bengaluru Bulls,3228,Saurabh Nandal,Defender - Right Corner,3
8,2753,2022-01-14,Bengaluru Bulls,4848,Mayur Kadam,Defender - Right Cover,1
8,2753,2022-01-14,Bengaluru Bulls,4972,Aman ,Defender - Left Corner,2
8,2754,2022-01-15,Haryana Steelers,4183,Meetu ,Raider,5
8,2754,2022-01-15,Haryana Steelers,4184,Jaideep ,Defender - Left Cover,2
8,2754,2022-01-15,Haryana Steelers,4954,Mohit ,Defender - Right Cover,1
8,2754,2022-01-15,Dabang Delhi K.C.,142,Sandeep Narwal,All Rounder,1
8,2754,2022-01-15,Dabang Delhi K.C.,54,Jeeva Kumar,Defender,1
8,2754,2022-01-15,Dabang Delhi K.C.,3081,Vijay Malik,All-Rounder,11
8,2754,2022-01-15,Dabang Delhi K.C.,4021,Vikash D,Defender,1
8,2754,2022-01-15,Dabang Delhi K.C.,4947,Ashu Malik,Raider,3
8,2754,2022-01-15,Dabang Delhi K.C.,4949,Krishan ,Defender,2
8,2755,2022-01-15,U.P. Yoddhas,197,Pardeep Narwal,Raider,10
8,2755,2022-01-15,Telugu Titans,326,Rohit Kumar,Raider,1
8,2755,2022-01-15,Telugu Titans,3086,Surinder Singh,Defender,0
8,2755,2022-01-15,Telugu Titans,2322,Ankit Beniwal,Raider,9
8,2755,2022-01-15,Telugu Titans,3095,Adarsh T,Defender - Left Corner,3
8,2755,2022-01-15,Telugu Titans,3004,Akash Choudhary,Defender - Right Corner,1
8,2755,2022-01-15,Telugu Titans,248,Sandeep Kandola,Defender - Left Corner,3
8,2755,2022-01-15,Telugu Titans,3969,Prince D,Defender - Right Cover,4
8,2756,2022-01-15,U Mumba,259,Fazel Atrachali,Defender,3
8,2756,2022-01-15,U Mumba,567,Mohsen Maghsoudlou,All-Rounder,0
8,2756,2022-01-15,U Mumba,2028,Abhishek Singh,Raider,13
8,2756,2022-01-15,U Mumba,3053,V Ajith Kumar,Raider,5
8,2756,2022-01-15,U Mumba,3964,Rinku ,Defender - Right Corner,1
8,2756,2022-01-15,U Mumba,4186,Rahul Sethpal,Defender - Right Corner,7
8,2756,2022-01-15,Bengal Warriors,3094,Ravindra Kumavat,Raider,0
8,2756,2022-01-15,Bengal Warriors,489,Abozar Mighani,Defender - Right Corner,3
8,2757,2022-01-16,Tamil Thalaivas,322,Surjeet Singh,Defender - Right Cover,5
8,2757,2022-01-16,Tamil Thalaivas,660,Bhavani Rajput,Raider,2
8,2757,2022-01-16,Tamil Thalaivas,3236,Sagar ,Defender - Right Corner,4
8,2757,2022-01-16,Tamil Thalaivas,4964,Mohit ,Defender - Left Cover,0
8,2757,2022-01-16,Tamil Thalaivas,4965,Sahil Singh,Defender - Left Corner,3
8,2757,2022-01-16,Jaipur Pink Panthers,41,Deepak Hooda,All-Rounder,3
8,2757,2022-01-16,Jaipur Pink Panthers,290,Sandeep Dhull,Defender - Left Corner,5
8,2757,2022-01-16,Jaipur Pink Panthers,2357,Naveen ,Raider,6
8,2757,2022-01-16,Jaipur Pink Panthers,4769,Sahul Kumar,Defender - Right Corner,1
8,2758,2022-01-16,Patna Pirates,155,Prashanth Rai,Raider,2
8,2758,2022-01-16,Patna Pirates,757,Sachin ,Raider,8
8,2758,2022-01-16,Patna Pirates,3107,Neeraj Kumar,Defender - Right Cover,3
8,2758,2022-01-16,Patna Pirates,3106,Sunil ,Defender - Right Corner,9
8,2758,2022-01-16,Patna Pirates,3032,Guman Singh,Raider,7
8,2758,2022-01-16,Patna Pirates,3343,Sajin Chandrasekar,All-Rounder,1
8,2758,2022-01-16,Patna Pirates,4925,Mohammadreza Chiyaneh,All-Rounder,3
8,2758,2022-01-16,Bengaluru Bulls,769,Mahender Singh,Defender - Left Cover,6
8,2758,2022-01-16,Bengaluru Bulls,3115,Amit Sheoran,Defender,0
8,2758,2022-01-16,Bengaluru Bulls,3228,Saurabh Nandal,Defender - Right Corner,6
8,2759,2022-01-17,Puneri Paltan,320,Nitin Tomar,Raider,0
8,2759,2022-01-17,Puneri Paltan,3000,Sombir ,Defender,0
8,2759,2022-01-17,Puneri Paltan,3083,Vishal Bhardwaj,Defender,2
8,2759,2022-01-17,Puneri Paltan,3234,Sanket Sawant,Defender - Left Cover,2
8,2759,2022-01-17,Puneri Paltan,4022,Mohit Goyat,Raider,13
8,2759,2022-01-17,Puneri Paltan,4192,Abinesh Nadarajan,Defender - Right Cover,1
8,2759,2022-01-17,Puneri Paltan,4960,Aslam Inamdar,All-rounder,16
8,2759,2022-01-17,U.P. Yoddhas,106,Shrikant Jadhav,Raider,3
8,2759,2022-01-17,U.P. Yoddhas,3241,Surender Gill,Raider,21
8,2760,2022-01-17,Telugu Titans,3086,Surinder Singh,Defender,0
8,2760,2022-01-17,Telugu Titans,2322,Ankit Beniwal,Raider,4
8,2760,2022-01-17,Telugu Titans,2290,Rajnish ,Raider,11
8,2760,2022-01-17,Telugu Titans,3095,Adarsh T,Defender - Left Corner,1
8,2760,2022-01-17,Telugu Titans,3004,Akash Choudhary,Defender - Right Corner,3
8,2760,2022-01-17,Telugu Titans,248,Sandeep Kandola,Defender - Left Corner,4
8,2760,2022-01-17,Telugu Titans,3969,Prince D,Defender - Right Cover,1
8,2760,2022-01-17,Bengal Warriors,143,Maninder Singh,Raider,10
8,2760,2022-01-17,Bengal Warriors,160,Ran Singh,All- Rounder,4
8,2760,2022-01-17,Bengal Warriors,111,Sukesh Hegde,Raider,5
8,2760,2022-01-17,Bengal Warriors,185,Vijin Thangadurai,Defender - Right Cover,1
8,2760,2022-01-17,Bengal Warriors,3126,Amit Nirwal,Defender,2
8,2760,2022-01-17,Bengal Warriors,489,Abozar Mighani,Defender - Right Corner,1
8,2761,2022-01-18,Dabang Delhi K.C.,142,Sandeep Narwal,All Rounder,8
8,2761,2022-01-18,Dabang Delhi K.C.,54,Jeeva Kumar,Defender,2
8,2761,2022-01-18,Dabang Delhi K.C.,69,Manjeet Chhillar,All Rounder,2
8,2761,2022-01-18,Dabang Delhi K.C.,4941,Mohammad Malak,Defender,2
8,2761,2022-01-18,Dabang Delhi K.C.,4949,Krishan ,Defender,2
8,2761,2022-01-18,Patna Pirates,155,Prashanth Rai,Raider,6
8,2761,2022-01-18,Patna Pirates,3107,Neeraj Kumar,Defender - Right Cover,4
8,2761,2022-01-18,Patna Pirates,3082,Monu ,Raider,1
8,2761,2022-01-18,Patna Pirates,3103,Shubham Shinde,Defender - Right Corner,1
8,2761,2022-01-18,Patna Pirates,4925,Mohammadreza Chiyaneh,All-Rounder,3
8,2762,2022-01-18,Gujarat Giants,161,Girish Maruti Ernak,Defender - Left Corner,3
8,2762,2022-01-18,Gujarat Giants,249,Hadi Oshtorak,All Rounder,1
8,2762,2022-01-18,Gujarat Giants,357,Parvesh Bhainswal,Defender - Left Cover,2
8,2762,2022-01-18,Gujarat Giants,4939,Pardeep Kumar,Raider,0
8,2762,2022-01-18,U Mumba,259,Fazel Atrachali,Defender,0
8,2762,2022-01-18,U Mumba,567,Mohsen Maghsoudlou,All-Rounder,1
8,2762,2022-01-18,U Mumba,2028,Abhishek Singh,Raider,4
8,2762,2022-01-18,U Mumba,3138,Harendra Kumar,Defender - Left Cover,2
8,2762,2022-01-18,U Mumba,3964,Rinku ,Defender - Right Corner,5
8,2763,2022-01-19,Haryana Steelers,3054,Vinay ,Raider,1
8,2763,2022-01-19,Haryana Steelers,3028,Ashish ,All-Rounder,2
8,2763,2022-01-19,Haryana Steelers,4954,Mohit ,Defender - Right Cover,7
8,2763,2022-01-19,Puneri Paltan,320,Nitin Tomar,Raider,5
8,2763,2022-01-19,Puneri Paltan,3000,Sombir ,Defender,2
8,2763,2022-01-19,Puneri Paltan,3162,Karamvir ,Defender,1
8,2763,2022-01-19,Puneri Paltan,3234,Sanket Sawant,Defender - Left Cover,3
8,2763,2022-01-19,Puneri Paltan,4757,Vishwas S,Raider,7
8,2763,2022-01-19,Puneri Paltan,4960,Aslam Inamdar,All-rounder,4
8,2764,2022-01-19,Jaipur Pink Panthers,41,Deepak Hooda,All-Rounder,8
8,2764,2022-01-19,Jaipur Pink Panthers,290,Sandeep Dhull,Defender - Left Corner,2
8,2764,2022-01-19,Jaipur Pink Panthers,3159,Vishal ,Defender - Left Cover,4
8,2764,2022-01-19,Jaipur Pink Panthers,3001,Amit ,Defender,2
8,2764,2022-01-19,Jaipur Pink Panthers,2024,Arjun Deshwal,Raider,13
8,2764,2022-01-19,Jaipur Pink Panthers,3021,Pavan TR,Defender,0
8,2764,2022-01-19,Jaipur Pink Panthers,4769,Sahul Kumar,Defender - Right Corner,2
8,2764,2022-01-19,Telugu Titans,2322,Ankit Beniwal,Raider,2
8,2764,2022-01-19,Telugu Titans,2290,Rajnish ,Raider,7
8,2764,2022-01-19,Telugu Titans,3095,Adarsh T,Defender - Left Corner,9
8,2764,2022-01-19,Telugu Titans,3004,Akash Choudhary,Defender - Right Corner,0
8,2764,2022-01-19,Telugu Titans,248,Sandeep Kandola,Defender - Left Corner,1
8,2764,2022-01-19,Telugu Titans,3969,Prince D,Defender - Right Cover,0
8,2765,2022-01-20,Tamil Thalaivas,322,Surjeet Singh,Defender - Right Cover,1
8,2765,2022-01-20,Tamil Thalaivas,376,Athul M S,Raider,1
8,2765,2022-01-20,Tamil Thalaivas,3097,Ajinkya Ashok Pawar,Raider,10
8,2765,2022-01-20,Tamil Thalaivas,4964,Mohit ,Defender - Left Cover,1
8,2765,2022-01-20,Tamil Thalaivas,4965,Sahil Singh,Defender - Left Corner,0
8,2765,2022-01-20,Gujarat Giants,368,Sunil Kumar,Defender,5
8,2765,2022-01-20,Gujarat Giants,163,Mahendra Rajput,Raider,9
8,2765,2022-01-20,Gujarat Giants,204,Rakesh Narwal,Raider,6
8,2765,2022-01-20,Gujarat Giants,357,Parvesh Bhainswal,Defender - Left Cover,1
8,2765,2022-01-20,Gujarat Giants,4939,Pardeep Kumar,Raider,4
8,2765,2022-01-20,Gujarat Giants,3966,Rakesh ,Raider,5
8,2765,2022-01-20,Gujarat Giants,4929,Soleiman Pahlevani,Defender,0
8,2821,2022-01-20,Bengaluru Bulls,318,Pawan Kumar,Raider,13
8,2821,2022-01-20,Bengaluru Bulls,36,Chandran Ranjit,Raider,8
8,2821,2022-01-20,Bengaluru Bulls,3115,Amit Sheoran,Defender,1
8,2821,2022-01-20,Bengaluru Bulls,3099,Ankit ,Defender,2
8,2821,2022-01-20,Bengaluru Bulls,3228,Saurabh Nandal,Defender - Right Corner,4
8,2821,2022-01-20,Bengaluru Bulls,4944,Bharat ,Raider,4
8,2821,2022-01-20,Bengal Warriors,143,Maninder Singh,Raider,9
8,2821,2022-01-20,Bengal Warriors,185,Vijin Thangadurai,Defender - Right Cover,1
8,2821,2022-01-20,Bengal Warriors,3126,Amit Nirwal,Defender,2
8,2821,2022-01-20,Bengal Warriors,489,Abozar Mighani,Defender - Right Corner,3
8,2789,2022-01-21,Dabang Delhi K.C.,54,Jeeva Kumar,Defender,0
8,2789,2022-01-21,Dabang Delhi K.C.,3038,Neeraj Narwal,Raider,6
8,2789,2022-01-21,Dabang Delhi K.C.,4947,Ashu Malik,Raider,3
8,2789,2022-01-21,Dabang Delhi K.C.,4949,Krishan ,Defender,2
8,2789,2022-01-21,Haryana Steelers,146,Surender Nada,Defender - Left Corner,3
8,2789,2022-01-21,Haryana Steelers,240,Ravi Kumar,Defender - Right Cover,1
8,2789,2022-01-21,Haryana Steelers,3054,Vinay ,Raider,7
8,2789,2022-01-21,Haryana Steelers,3028,Ashish ,All-Rounder,4
8,2789,2022-01-21,Haryana Steelers,4184,Jaideep ,Defender - Left Cover,2
8,2789,2022-01-21,Haryana Steelers,4954,Mohit ,Defender - Right Cover,1
8,2790,2022-01-21,Bengal Warriors,143,Maninder Singh,Raider,19
8,2790,2022-01-21,Bengal Warriors,160,Ran Singh,All- Rounder,2
8,2790,2022-01-21,Bengal Warriors,111,Sukesh Hegde,Raider,6
8,2790,2022-01-21,Bengal Warriors,3094,Ravindra Kumavat,Raider,4
8,2790,2022-01-21,Bengal Warriors,3126,Amit Nirwal,Defender,0
8,2790,2022-01-21,Bengal Warriors,489,Abozar Mighani,Defender - Right Corner,2
8,2790,2022-01-21,Bengal Warriors,3176,Mohammad Nabibakhsh,All-Rounder,1
8,2790,2022-01-21,U.P. Yoddhas,3240,Sumit ,Defender - Left Corner,4
8,2790,2022-01-21,U.P. Yoddhas,3241,Surender Gill,Raider,9
8,2822,2022-01-22,Bengaluru Bulls,318,Pawan Kumar,Raider,10
8,2822,2022-01-22,Bengaluru Bulls,36,Chandran Ranjit,Raider,3
8,2822,2022-01-22,Bengaluru Bulls,211,Deepak Narwal,Raider,4
8,2822,2022-01-22,Bengaluru Bulls,522,Dong Geon Lee,Raider,1
8,2822,2022-01-22,Bengaluru Bulls,3228,Saurabh Nandal,Defender - Right Corner,3
8,2822,2022-01-22,Bengaluru Bulls,4972,Aman ,Defender - Left Corner,3
8,2822,2022-01-22,Puneri Paltan,4022,Mohit Goyat,Raider,13
8,2822,2022-01-22,Puneri Paltan,4192,Abinesh Nadarajan,Defender - Right Cover,0
8,2822,2022-01-22,Puneri Paltan,4960,Aslam Inamdar,All-rounder,6
8,2792,2022-01-22,U Mumba,2028,Abhishek Singh,Raider,15
8,2792,2022-01-22,U Mumba,3053,V Ajith Kumar,Raider,5
8,2792,2022-01-22,U Mumba,3138,Harendra Kumar,Defender - Left Cover,0
8,2792,2022-01-22,U Mumba,2025,Ajinkya Kapre,All-Rounder,2
8,2792,2022-01-22,U Mumba,4186,Rahul Sethpal,Defender - Right Corner,6
8,2792,2022-01-22,Telugu Titans,2322,Ankit Beniwal,Raider,3
8,2792,2022-01-22,Telugu Titans,3095,Adarsh T,Defender - Left Corner,12
8,2792,2022-01-22,Telugu Titans,3004,Akash Choudhary,Defender - Right Corner,1
8,2792,2022-01-22,Telugu Titans,248,Sandeep Kandola,Defender - Left Corner,4
8,2793,2022-01-22,Jaipur Pink Panthers,290,Sandeep Dhull,Defender - Left Corner,3
8,2793,2022-01-22,Jaipur Pink Panthers,3159,Vishal ,Defender - Left Cover,0
8,2793,2022-01-22,Jaipur Pink Panthers,3001,Amit ,Defender,0
8,2793,2022-01-22,Jaipur Pink Panthers,3065,Nitin Rawal,All-Rounder,3
8,2793,2022-01-22,Jaipur Pink Panthers,2024,Arjun Deshwal,Raider,15
8,2793,2022-01-22,Jaipur Pink Panthers,4769,Sahul Kumar,Defender - Right Corner,1
8,2793,2022-01-22,Tamil Thalaivas,322,Surjeet Singh,Defender - Right Cover,0
8,2793,2022-01-22,Tamil Thalaivas,347,Sagar B Krishna,All Rounder,1
8,2793,2022-01-22,Tamil Thalaivas,763,Manjeet ,Raider,12
8,2793,2022-01-22,Tamil Thalaivas,3236,Sagar ,Defender - Right Corner,1
8,2793,2022-01-22,Tamil Thalaivas,4964,Mohit ,Defender - Left Cover,1
8,2794,2022-01-23,U.P. Yoddhas,197,Pardeep Narwal,Raider,6
8,2794,2022-01-23,U.P. Yoddhas,106,Shrikant Jadhav,Raider,10
8,2794,2022-01-23,U.P. Yoddhas,3088,Nitesh Kumar,Defender,3
8,2794,2022-01-23,U.P. Yoddhas,3177,Mohammad Taghi Paein Mahali ,Raider,5
8,2794,2022-01-23,U.P. Yoddhas,3240,Sumit ,Defender - Left Corner,2
8,2794,2022-01-23,U.P. Yoddhas,3239,Ashu Singh,Defender - Right Cover,0
8,2794,2022-01-23,U.P. Yoddhas,4228,Shubham Kumar,Defender - Left Cover,4
8,2794,2022-01-23,Haryana Steelers,366,Vikash Khandola,Raider,5
8,2794,2022-01-23,Haryana Steelers,3023,Rohit Gulia,All-Rounder,7
8,2794,2022-01-23,Haryana Steelers,3054,Vinay ,Raider,5
8,2794,2022-01-23,Haryana Steelers,4184,Jaideep ,Defender - Left Cover,5
8,2794,2022-01-23,Haryana Steelers,4954,Mohit ,Defender - Right Cover,5
8,2823,2022-01-23,Telugu Titans,3086,Surinder Singh,Defender,3
8,2823,2022-01-23,Telugu Titans,3095,Adarsh T,Defender - Left Corner,4
8,2823,2022-01-23,Telugu Titans,3046,Rakesh Gowda,Raider,5
8,2823,2022-01-23,Telugu Titans,3004,Akash Choudhary,Defender - Right Corner,5
8,2823,2022-01-23,Telugu Titans,248,Sandeep Kandola,Defender - Left Corner,2
8,2823,2022-01-23,Bengaluru Bulls,318,Pawan Kumar,Raider,12
8,2823,2022-01-23,Bengaluru Bulls,211,Deepak Narwal,Raider,3
8,2823,2022-01-23,Bengaluru Bulls,769,Mahender Singh,Defender - Left Cover,1
8,2823,2022-01-23,Bengaluru Bulls,3228,Saurabh Nandal,Defender - Right Corner,4
8,2823,2022-01-23,Bengaluru Bulls,4944,Bharat ,Raider,7
8,2796,2022-01-24,Bengal Warriors,143,Maninder Singh,Raider,13
8,2796,2022-01-24,Bengal Warriors,123,Vishal Mane,Defender,2
8,2796,2022-01-24,Bengal Warriors,3126,Amit Nirwal,Defender,1
8,2796,2022-01-24,Bengal Warriors,489,Abozar Mighani,Defender - Right Corner,2
8,2796,2022-01-24,Bengal Warriors,2021,Anand V,Raider,2
8,2796,2022-01-24,Bengal Warriors,3176,Mohammad Nabibakhsh,All-Rounder,6
8,2796,2022-01-24,Jaipur Pink Panthers,290,Sandeep Dhull,Defender - Left Corner,2
8,2796,2022-01-24,Jaipur Pink Panthers,3065,Nitin Rawal,All-Rounder,1
8,2796,2022-01-24,Jaipur Pink Panthers,2024,Arjun Deshwal,Raider,10
8,2796,2022-01-24,Jaipur Pink Panthers,3154,Sachin Narwal,All-Rounder,1
8,2796,2022-01-24,Jaipur Pink Panthers,4769,Sahul Kumar,Defender - Right Corner,0
8,2797,2022-01-24,Puneri Paltan,320,Nitin Tomar,Raider,6
8,2797,2022-01-24,Puneri Paltan,3000,Sombir ,Defender,6
8,2797,2022-01-24,Puneri Paltan,3162,Karamvir ,Defender,0
8,2797,2022-01-24,Puneri Paltan,3234,Sanket Sawant,Defender - Left Cover,1
8,2797,2022-01-24,Puneri Paltan,4192,Abinesh Nadarajan,Defender - Right Cover,3
8,2797,2022-01-24,Puneri Paltan,4960,Aslam Inamdar,All-rounder,8
8,2797,2022-01-24,Dabang Delhi K.C.,142,Sandeep Narwal,All Rounder,5
8,2797,2022-01-24,Dabang Delhi K.C.,69,Manjeet Chhillar,All Rounder,0
8,2797,2022-01-24,Dabang Delhi K.C.,3081,Vijay Malik,All-Rounder,8
8,2797,2022-01-24,Dabang Delhi K.C.,4947,Ashu Malik,Raider,2
8,2797,2022-01-24,Dabang Delhi K.C.,4949,Krishan ,Defender,1
8,2824,2022-01-25,Haryana Steelers,3023,Rohit Gulia,All-Rounder,8
8,2824,2022-01-25,Haryana Steelers,3054,Vinay ,Raider,8
8,2824,2022-01-25,Haryana Steelers,4873,Akshay Kumar,Defender-Left Corner,0
8,2824,2022-01-25,Haryana Steelers,4184,Jaideep ,Defender - Left Cover,4
8,2824,2022-01-25,Telugu Titans,191,C.Arun ,Defender,0
8,2824,2022-01-25,Telugu Titans,326,Rohit Kumar,Raider,8
8,2824,2022-01-25,Telugu Titans,3086,Surinder Singh,Defender,0
8,2824,2022-01-25,Telugu Titans,2322,Ankit Beniwal,Raider,10
8,2824,2022-01-25,Telugu Titans,3095,Adarsh T,Defender - Left Corner,6
8,2824,2022-01-25,Telugu Titans,3004,Akash Choudhary,Defender - Right Corner,2
8,2824,2022-01-25,Telugu Titans,248,Sandeep Kandola,Defender - Left Corner,6
8,2825,2022-01-26,U Mumba,3053,V Ajith Kumar,Raider,8
8,2825,2022-01-26,U Mumba,3138,Harendra Kumar,Defender - Left Cover,3
8,2825,2022-01-26,U Mumba,2025,Ajinkya Kapre,All-Rounder,1
8,2825,2022-01-26,U Mumba,3964,Rinku ,Defender - Right Corner,4
8,2825,2022-01-26,U Mumba,4186,Rahul Sethpal,Defender - Right Corner,8
8,2825,2022-01-26,Bengaluru Bulls,211,Deepak Narwal,Raider,1
8,2825,2022-01-26,Bengaluru Bulls,769,Mahender Singh,Defender - Left Cover,0
8,2825,2022-01-26,Bengaluru Bulls,522,Dong Geon Lee,Raider,1
8,2825,2022-01-26,Bengaluru Bulls,3228,Saurabh Nandal,Defender - Right Corner,4
8,2825,2022-01-26,Bengaluru Bulls,4944,Bharat ,Raider,7
8,2825,2022-01-26,Bengaluru Bulls,4972,Aman ,Defender - Left Corner,2
8,2826,2022-01-27,U.P. Yoddhas,197,Pardeep Narwal,Raider,6
8,2826,2022-01-27,U.P. Yoddhas,106,Shrikant Jadhav,Raider,5
8,2826,2022-01-27,U.P. Yoddhas,3088,Nitesh Kumar,Defender,2
8,2826,2022-01-27,U.P. Yoddhas,3177,Mohammad Taghi Paein Mahali ,Raider,1
8,2826,2022-01-27,U.P. Yoddhas,3241,Surender Gill,Raider,16
8,2826,2022-01-27,Puneri Paltan,320,Nitin Tomar,Raider,2
8,2826,2022-01-27,Puneri Paltan,3162,Karamvir ,Defender,1
8,2826,2022-01-27,Puneri Paltan,4022,Mohit Goyat,Raider,14
8,2826,2022-01-27,Puneri Paltan,4960,Aslam Inamdar,All-rounder,12
8,2804,2022-01-28,Patna Pirates,155,Prashanth Rai,Raider,8
8,2804,2022-01-28,Patna Pirates,757,Sachin ,Raider,6
8,2804,2022-01-28,Patna Pirates,3107,Neeraj Kumar,Defender - Right Cover,6
8,2804,2022-01-28,Patna Pirates,3343,Sajin Chandrasekar,All-Rounder,2
8,2804,2022-01-28,Patna Pirates,4925,Mohammadreza Chiyaneh,All-Rounder,6
8,2804,2022-01-28,Tamil Thalaivas,322,Surjeet Singh,Defender - Right Cover,1
8,2804,2022-01-28,Tamil Thalaivas,347,Sagar B Krishna,All Rounder,1
8,2804,2022-01-28,Tamil Thalaivas,376,Athul M S,Raider,1
8,2804,2022-01-28,Tamil Thalaivas,3097,Ajinkya Ashok Pawar,Raider,5
8,2804,2022-01-28,Tamil Thalaivas,3236,Sagar ,Defender - Right Corner,8
8,2804,2022-01-28,Tamil Thalaivas,4964,Mohit ,Defender - Left Cover,0
8,2827,2022-01-29,Gujarat Giants,249,Hadi Oshtorak,All Rounder,1
8,2827,2022-01-29,Dabang Delhi K.C.,54,Jeeva Kumar,Defender,2
8,2827,2022-01-29,Dabang Delhi K.C.,69,Manjeet Chhillar,All Rounder,5
8,2827,2022-01-29,Dabang Delhi K.C.,3081,Vijay Malik,All-Rounder,8
8,2827,2022-01-29,Dabang Delhi K.C.,3038,Neeraj Narwal,Raider,4
8,2827,2022-01-29,Dabang Delhi K.C.,4947,Ashu Malik,Raider,6
8,2827,2022-01-29,Dabang Delhi K.C.,4949,Krishan ,Defender,5
8,2829,2022-01-30,Patna Pirates,388,Monu Goyat,Raider,7
8,2829,2022-01-30,Patna Pirates,757,Sachin ,Raider,7
8,2829,2022-01-30,Patna Pirates,3032,Guman Singh,Raider,11
8,2829,2022-01-30,Patna Pirates,3343,Sajin Chandrasekar,All-Rounder,0
8,2829,2022-01-30,Patna Pirates,4925,Mohammadreza Chiyaneh,All-Rounder,0
8,2829,2022-01-30,Jaipur Pink Panthers,3159,Vishal ,Defender - Left Cover,5
8,2829,2022-01-30,Jaipur Pink Panthers,2024,Arjun Deshwal,Raider,17
8,2829,2022-01-30,Jaipur Pink Panthers,2357,Naveen ,Raider,1
8,2829,2022-01-30,Jaipur Pink Panthers,4956,Deepak Singh,Defender - Right Cover,2
8,2830,2022-01-30,Tamil Thalaivas,322,Surjeet Singh,Defender - Right Cover,1
8,2830,2022-01-30,Tamil Thalaivas,763,Manjeet ,Raider,8
8,2830,2022-01-30,Tamil Thalaivas,3161,Himanshu ,Defender - Left Corner,1
8,2830,2022-01-30,Tamil Thalaivas,3236,Sagar ,Defender - Right Corner,5
8,2830,2022-01-30,Tamil Thalaivas,4965,Sahil Singh,Defender - Left Corner,3
8,2830,2022-01-30,Bengaluru Bulls,318,Pawan Kumar,Raider,9
8,2830,2022-01-30,Bengaluru Bulls,211,Deepak Narwal,Raider,1
8,2830,2022-01-30,Bengaluru Bulls,3228,Saurabh Nandal,Defender - Right Corner,0
8,2830,2022-01-30,Bengaluru Bulls,4944,Bharat ,Raider,5
8,2831,2022-01-31,Haryana Steelers,240,Ravi Kumar,Defender - Right Cover,0
8,2831,2022-01-31,Haryana Steelers,366,Vikash Khandola,Raider,7
8,2831,2022-01-31,Haryana Steelers,3023,Rohit Gulia,All-Rounder,4
8,2831,2022-01-31,Haryana Steelers,4873,Akshay Kumar,Defender-Left Corner,0
8,2831,2022-01-31,Haryana Steelers,4184,Jaideep ,Defender - Left Cover,2
8,2831,2022-01-31,Haryana Steelers,4954,Mohit ,Defender - Right Cover,1
8,2831,2022-01-31,Gujarat Giants,161,Girish Maruti Ernak,Defender - Left Corner,3
8,2831,2022-01-31,Gujarat Giants,368,Sunil Kumar,Defender,0
8,2831,2022-01-31,Gujarat Giants,157,Ravinder Pahal,Defender - Right Corner,1
8,2831,2022-01-31,Gujarat Giants,357,Parvesh Bhainswal,Defender - Left Cover,3
8,2831,2022-01-31,Gujarat Giants,4939,Pardeep Kumar,Raider,10
8,2832,2022-01-31,Dabang Delhi K.C.,142,Sandeep Narwal,All Rounder,2
8,2832,2022-01-31,Dabang Delhi K.C.,54,Jeeva Kumar,Defender,0
8,2832,2022-01-31,Dabang Delhi K.C.,69,Manjeet Chhillar,All Rounder,4
8,2832,2022-01-31,Dabang Delhi K.C.,194,Joginder Narwal,Defender - Left Corner,1
8,2832,2022-01-31,Dabang Delhi K.C.,3081,Vijay Malik,All-Rounder,12
8,2832,2022-01-31,Dabang Delhi K.C.,3038,Neeraj Narwal,Raider,6
8,2832,2022-01-31,Dabang Delhi K.C.,4947,Ashu Malik,Raider,8
8,2832,2022-01-31,U Mumba,259,Fazel Atrachali,Defender,3
8,2832,2022-01-31,U Mumba,3053,V Ajith Kumar,Raider,3
8,2832,2022-01-31,U Mumba,3138,Harendra Kumar,Defender - Left Cover,3
8,2832,2022-01-31,U Mumba,3964,Rinku ,Defender - Right Corner,1
8,2833,2022-02-01,Bengal Warriors,160,Ran Singh,All- Rounder,6
8,2833,2022-02-01,Bengal Warriors,123,Vishal Mane,Defender,0
8,2833,2022-02-01,Bengal Warriors,3126,Amit Nirwal,Defender,1
8,2833,2022-02-01,Bengal Warriors,489,Abozar Mighani,Defender - Right Corner,0
8,2833,2022-02-01,Bengal Warriors,3176,Mohammad Nabibakhsh,All-Rounder,5
8,2833,2022-02-01,Gujarat Giants,161,Girish Maruti Ernak,Defender - Left Corner,1
8,2833,2022-02-01,Gujarat Giants,249,Hadi Oshtorak,All Rounder,4
8,2833,2022-02-01,Gujarat Giants,357,Parvesh Bhainswal,Defender - Left Cover,3
8,2833,2022-02-01,Gujarat Giants,4939,Pardeep Kumar,Raider,7
8,2833,2022-02-01,Gujarat Giants,3966,Rakesh ,Raider,4
8,2834,2022-02-01,Bengaluru Bulls,318,Pawan Kumar,Raider,9
8,2834,2022-02-01,Bengaluru Bulls,579,Jaideep ,Defender - Left Corner,0
8,2834,2022-02-01,Bengaluru Bulls,772,More G B,Raider,1
8,2834,2022-02-01,Bengaluru Bulls,3019,Mohit Sehrawat,Defender,1
8,2834,2022-02-01,Bengaluru Bulls,3228,Saurabh Nandal,Defender - Right Corner,3
8,2834,2022-02-01,U.P. Yoddhas,106,Shrikant Jadhav,Raider,6
8,2834,2022-02-01,U.P. Yoddhas,3088,Nitesh Kumar,Defender,6
8,2834,2022-02-01,U.P. Yoddhas,3240,Sumit ,Defender - Left Corner,4
8,2834,2022-02-01,U.P. Yoddhas,3239,Ashu Singh,Defender - Right Cover,3
8,2834,2022-02-01,U.P. Yoddhas,3241,Surender Gill,Raider,2
8,2835,2022-02-02,U.P. Yoddhas,197,Pardeep Narwal,Raider,3
8,2835,2022-02-02,U.P. Yoddhas,106,Shrikant Jadhav,Raider,9
8,2835,2022-02-02,U.P. Yoddhas,2041,Gurdeep ,All-Rounder,0
8,2835,2022-02-02,U.P. Yoddhas,3240,Sumit ,Defender - Left Corner,2
8,2835,2022-02-02,U.P. Yoddhas,3239,Ashu Singh,Defender - Right Cover,0
8,2835,2022-02-02,U.P. Yoddhas,3241,Surender Gill,Raider,10
8,2835,2022-02-02,Patna Pirates,757,Sachin ,Raider,12
8,2835,2022-02-02,Patna Pirates,3107,Neeraj Kumar,Defender - Right Cover,2
8,2835,2022-02-02,Patna Pirates,3032,Guman Singh,Raider,3
8,2835,2022-02-02,Patna Pirates,3343,Sajin Chandrasekar,All-Rounder,2
8,2835,2022-02-02,Patna Pirates,4925,Mohammadreza Chiyaneh,All-Rounder,5
8,2836,2022-02-02,Puneri Paltan,320,Nitin Tomar,Raider,2
8,2836,2022-02-02,Puneri Paltan,3000,Sombir ,Defender,3
8,2836,2022-02-02,Puneri Paltan,3234,Sanket Sawant,Defender - Left Cover,0
8,2836,2022-02-02,Puneri Paltan,4192,Abinesh Nadarajan,Defender - Right Cover,6
8,2836,2022-02-02,U Mumba,259,Fazel Atrachali,Defender,1
8,2836,2022-02-02,U Mumba,3053,V Ajith Kumar,Raider,10
8,2836,2022-02-02,U Mumba,3138,Harendra Kumar,Defender - Left Cover,1
8,2836,2022-02-02,U Mumba,2025,Ajinkya Kapre,All-Rounder,3
8,2836,2022-02-02,U Mumba,3964,Rinku ,Defender - Right Corner,4
8,2837,2022-02-03,Jaipur Pink Panthers,3065,Nitin Rawal,All-Rounder,3
8,2837,2022-02-03,Jaipur Pink Panthers,3154,Sachin Narwal,All-Rounder,4
8,2837,2022-02-03,Dabang Delhi K.C.,142,Sandeep Narwal,All Rounder,0
8,2837,2022-02-03,Dabang Delhi K.C.,54,Jeeva Kumar,Defender,1
8,2837,2022-02-03,Dabang Delhi K.C.,69,Manjeet Chhillar,All Rounder,2
8,2837,2022-02-03,Dabang Delhi K.C.,194,Joginder Narwal,Defender - Left Corner,2
8,2837,2022-02-03,Dabang Delhi K.C.,3081,Vijay Malik,All-Rounder,16
8,2837,2022-02-03,Dabang Delhi K.C.,3038,Neeraj Narwal,Raider,2
8,2837,2022-02-03,Dabang Delhi K.C.,4947,Ashu Malik,Raider,5
8,2838,2022-02-03,Telugu Titans,191,C.Arun ,Defender,0
8,2838,2022-02-03,Telugu Titans,3095,Adarsh T,Defender - Left Corner,4
8,2838,2022-02-03,Telugu Titans,3004,Akash Choudhary,Defender - Right Corner,2
8,2838,2022-02-03,Telugu Titans,248,Sandeep Kandola,Defender - Left Corner,4
8,2838,2022-02-03,Telugu Titans,3969,Prince D,Defender - Right Cover,0
8,2838,2022-02-03,Telugu Titans,3031,Galla Raju,Raider,9
8,2838,2022-02-03,Telugu Titans,4932,Hyunsu Park,Raider,0
8,2838,2022-02-03,Tamil Thalaivas,376,Athul M S,Raider,1
8,2838,2022-02-03,Tamil Thalaivas,3014,M. Abishek ,Defender - Right Cover,2
8,2838,2022-02-03,Tamil Thalaivas,4965,Sahil Singh,Defender - Left Corner,4
8,2839,2022-02-04,Haryana Steelers,146,Surender Nada,Defender - Left Corner,0
8,2839,2022-02-04,Haryana Steelers,240,Ravi Kumar,Defender - Right Cover,3
8,2839,2022-02-04,Haryana Steelers,366,Vikash Khandola,Raider,10
8,2839,2022-02-04,Haryana Steelers,3054,Vinay ,Raider,8
8,2839,2022-02-04,Haryana Steelers,3028,Ashish ,All-Rounder,6
8,2839,2022-02-04,Haryana Steelers,4184,Jaideep ,Defender - Left Cover,2
8,2839,2022-02-04,Haryana Steelers,4954,Mohit ,Defender - Right Cover,3
8,2839,2022-02-04,Bengal Warriors,123,Vishal Mane,Defender,1
8,2839,2022-02-04,Bengal Warriors,3100,Parveen Satpal,Defender - Left Corner,0
8,2839,2022-02-04,Bengal Warriors,3176,Mohammad Nabibakhsh,All-Rounder,4
8,2840,2022-02-04,Dabang Delhi K.C.,142,Sandeep Narwal,All Rounder,4
8,2840,2022-02-04,Dabang Delhi K.C.,69,Manjeet Chhillar,All Rounder,3
8,2840,2022-02-04,Dabang Delhi K.C.,194,Joginder Narwal,Defender - Left Corner,4
8,2840,2022-02-04,Dabang Delhi K.C.,3081,Vijay Malik,All-Rounder,4
8,2840,2022-02-04,Dabang Delhi K.C.,2296,Naveen Kumar,Raider,13
8,2840,2022-02-04,Dabang Delhi K.C.,4947,Ashu Malik,Raider,2
8,2840,2022-02-04,Dabang Delhi K.C.,4949,Krishan ,Defender,1
8,2840,2022-02-04,Bengaluru Bulls,772,More G B,Raider,2
8,2840,2022-02-04,Bengaluru Bulls,3019,Mohit Sehrawat,Defender,1
8,2840,2022-02-04,Bengaluru Bulls,3228,Saurabh Nandal,Defender - Right Corner,2
8,2840,2022-02-04,Bengaluru Bulls,4944,Bharat ,Raider,4
8,2840,2022-02-04,Bengaluru Bulls,4972,Aman ,Defender - Left Corner,1
8,2841,2022-02-04,Gujarat Giants,161,Girish Maruti Ernak,Defender - Left Corner,0
8,2841,2022-02-04,Gujarat Giants,368,Sunil Kumar,Defender,2
8,2841,2022-02-04,Gujarat Giants,163,Mahendra Rajput,Raider,6
8,2841,2022-02-04,Gujarat Giants,204,Rakesh Narwal,Raider,1
8,2841,2022-02-04,Patna Pirates,3107,Neeraj Kumar,Defender - Right Cover,2
8,2841,2022-02-04,Patna Pirates,3082,Monu ,Raider,0
8,2841,2022-02-04,Patna Pirates,3106,Sunil ,Defender - Right Corner,3
8,2841,2022-02-04,Patna Pirates,3032,Guman Singh,Raider,11
8,2841,2022-02-04,Patna Pirates,3343,Sajin Chandrasekar,All-Rounder,1
8,2841,2022-02-04,Patna Pirates,4925,Mohammadreza Chiyaneh,All-Rounder,8
8,2842,2022-02-05,U Mumba,259,Fazel Atrachali,Defender,3
8,2842,2022-02-05,U Mumba,2028,Abhishek Singh,Raider,10
8,2842,2022-02-05,U Mumba,3053,V Ajith Kumar,Raider,7
8,2842,2022-02-05,U Mumba,3138,Harendra Kumar,Defender - Left Cover,1
8,2842,2022-02-05,U Mumba,3964,Rinku ,Defender - Right Corner,3
8,2842,2022-02-05,Tamil Thalaivas,322,Surjeet Singh,Defender - Right Cover,2
8,2842,2022-02-05,Tamil Thalaivas,376,Athul M S,Raider,0
8,2842,2022-02-05,Tamil Thalaivas,763,Manjeet ,Raider,7
8,2842,2022-02-05,Tamil Thalaivas,3097,Ajinkya Ashok Pawar,Raider,7
8,2842,2022-02-05,Tamil Thalaivas,3236,Sagar ,Defender - Right Corner,4
8,2842,2022-02-05,Tamil Thalaivas,4964,Mohit ,Defender - Left Cover,3
8,2842,2022-02-05,Tamil Thalaivas,4965,Sahil Singh,Defender - Left Corner,3
8,2843,2022-02-05,U.P. Yoddhas,106,Shrikant Jadhav,Raider,9
8,2843,2022-02-05,U.P. Yoddhas,3088,Nitesh Kumar,Defender,1
8,2843,2022-02-05,U.P. Yoddhas,2041,Gurdeep ,All-Rounder,2
8,2843,2022-02-05,U.P. Yoddhas,3240,Sumit ,Defender - Left Corner,3
8,2843,2022-02-05,U.P. Yoddhas,4228,Shubham Kumar,Defender - Left Cover,2
8,2843,2022-02-05,U.P. Yoddhas,3039,Nitin Panwar,All-Rounder,0
8,2843,2022-02-05,Telugu Titans,3086,Surinder Singh,Defender,0
8,2843,2022-02-05,Telugu Titans,2322,Ankit Beniwal,Raider,6
8,2843,2022-02-05,Telugu Titans,2290,Rajnish ,Raider,13
8,2843,2022-02-05,Telugu Titans,3095,Adarsh T,Defender - Left Corner,6
8,2843,2022-02-05,Telugu Titans,3004,Akash Choudhary,Defender - Right Corner,0
8,2843,2022-02-05,Telugu Titans,248,Sandeep Kandola,Defender - Left Corner,3
8,2843,2022-02-05,Telugu Titans,3969,Prince D,Defender - Right Cover,2
8,2848,2022-02-05,Jaipur Pink Panthers,3070,Brijendra Chaudhary,All Rounder,1
8,2848,2022-02-05,Haryana Steelers,240,Ravi Kumar,Defender - Right Cover,3
8,2848,2022-02-05,Haryana Steelers,366,Vikash Khandola,Raider,10
8,2848,2022-02-05,Haryana Steelers,3028,Ashish ,All-Rounder,4
8,2848,2022-02-05,Haryana Steelers,3175,Mohammad Esmaeil,Raider,0
8,2848,2022-02-05,Haryana Steelers,4183,Meetu ,Raider,3
8,2848,2022-02-05,Haryana Steelers,4184,Jaideep ,Defender - Left Cover,3
8,2848,2022-02-05,Haryana Steelers,4954,Mohit ,Defender - Right Cover,4
8,2845,2022-02-06,Patna Pirates,3106,Sunil ,Defender - Right Corner,1
8,2845,2022-02-06,Patna Pirates,3032,Guman Singh,Raider,7
8,2845,2022-02-06,Patna Pirates,3343,Sajin Chandrasekar,All-Rounder,1
8,2845,2022-02-06,Patna Pirates,4925,Mohammadreza Chiyaneh,All-Rounder,5
8,2845,2022-02-06,Bengal Warriors,160,Ran Singh,All- Rounder,1
8,2845,2022-02-06,Bengal Warriors,3126,Amit Nirwal,Defender,0
8,2845,2022-02-06,Bengal Warriors,3176,Mohammad Nabibakhsh,All-Rounder,8
8,2845,2022-02-06,Bengal Warriors,3301,Rohit Banne,Defender,0
8,2845,2022-02-06,Bengal Warriors,4675,Akash Pikalmunde,Raider,1
8,2845,2022-02-06,Bengal Warriors,4723,Rohit ,All-Rounder,2
8,2846,2022-02-06,Bengaluru Bulls,3019,Mohit Sehrawat,Defender,1
8,2846,2022-02-06,Bengaluru Bulls,3228,Saurabh Nandal,Defender - Right Corner,1
8,2846,2022-02-06,Gujarat Giants,161,Girish Maruti Ernak,Defender - Left Corner,1
8,2846,2022-02-06,Gujarat Giants,368,Sunil Kumar,Defender,5
8,2846,2022-02-06,Gujarat Giants,357,Parvesh Bhainswal,Defender - Left Cover,4
8,2846,2022-02-06,Gujarat Giants,389,Ajay Kumar,Raider,8
8,2846,2022-02-06,Gujarat Giants,3227,Ankit ,Defender - Right Corner,1
8,2846,2022-02-06,Gujarat Giants,4939,Pardeep Kumar,Raider,14
8,2846,2022-02-06,Gujarat Giants,3966,Rakesh ,Raider,0
8,2850,2022-02-07,Gujarat Giants,389,Ajay Kumar,Raider,6
8,2850,2022-02-07,Jaipur Pink Panthers,41,Deepak Hooda,All-Rounder,11
8,2850,2022-02-07,Jaipur Pink Panthers,290,Sandeep Dhull,Defender - Left Corner,4
8,2850,2022-02-07,Jaipur Pink Panthers,371,Amit Nagar,Raider,3
8,2850,2022-02-07,Jaipur Pink Panthers,3159,Vishal ,Defender - Left Cover,3
8,2850,2022-02-07,Jaipur Pink Panthers,3070,Brijendra Chaudhary,All Rounder,2
8,2850,2022-02-07,Jaipur Pink Panthers,2024,Arjun Deshwal,Raider,7
8,2850,2022-02-07,Jaipur Pink Panthers,4956,Deepak Singh,Defender - Right Cover,3
8,2851,2022-02-07,Bengal Warriors,123,Vishal Mane,Defender,0
8,2851,2022-02-07,Bengal Warriors,489,Abozar Mighani,Defender - Right Corner,2
8,2851,2022-02-07,Bengal Warriors,3176,Mohammad Nabibakhsh,All-Rounder,2
8,2851,2022-02-07,Bengal Warriors,4723,Rohit ,All-Rounder,6
8,2851,2022-02-07,Bengal Warriors,3151,Manoj Gowda,All-Rounder,6
8,2851,2022-02-07,Telugu Titans,191,C.Arun ,Defender,0
8,2851,2022-02-07,Telugu Titans,3086,Surinder Singh,Defender,2
8,2851,2022-02-07,Telugu Titans,2322,Ankit Beniwal,Raider,9
8,2851,2022-02-07,Telugu Titans,3095,Adarsh T,Defender - Left Corner,3
8,2851,2022-02-07,Telugu Titans,3004,Akash Choudhary,Defender - Right Corner,3
8,2851,2022-02-07,Telugu Titans,248,Sandeep Kandola,Defender - Left Corner,3
8,2852,2022-02-08,Tamil Thalaivas,347,Sagar B Krishna,All Rounder,0
8,2852,2022-02-08,Tamil Thalaivas,376,Athul M S,Raider,3
8,2852,2022-02-08,Tamil Thalaivas,763,Manjeet ,Raider,10
8,2852,2022-02-08,Tamil Thalaivas,4964,Mohit ,Defender - Left Cover,0
8,2852,2022-02-08,Haryana Steelers,146,Surender Nada,Defender - Left Corner,0
8,2852,2022-02-08,Haryana Steelers,240,Ravi Kumar,Defender - Right Cover,1
8,2852,2022-02-08,Haryana Steelers,366,Vikash Khandola,Raider,8
8,2852,2022-02-08,Haryana Steelers,3054,Vinay ,Raider,3
8,2852,2022-02-08,Haryana Steelers,3028,Ashish ,All-Rounder,16
8,2852,2022-02-08,Haryana Steelers,4184,Jaideep ,Defender - Left Cover,2
8,2852,2022-02-08,Haryana Steelers,4954,Mohit ,Defender - Right Cover,1
8,2853,2022-02-08,U Mumba,3053,V Ajith Kumar,Raider,11
8,2853,2022-02-08,U Mumba,3138,Harendra Kumar,Defender - Left Cover,0
8,2853,2022-02-08,U Mumba,3964,Rinku ,Defender - Right Corner,4
8,2853,2022-02-08,Patna Pirates,757,Sachin ,Raider,16
8,2853,2022-02-08,Patna Pirates,3107,Neeraj Kumar,Defender - Right Cover,3
8,2853,2022-02-08,Patna Pirates,3032,Guman Singh,Raider,11
8,2853,2022-02-08,Patna Pirates,3343,Sajin Chandrasekar,All-Rounder,1
8,2853,2022-02-08,Patna Pirates,4925,Mohammadreza Chiyaneh,All-Rounder,2
8,2854,2022-02-09,Tamil Thalaivas,347,Sagar B Krishna,All Rounder,0
8,2854,2022-02-09,Tamil Thalaivas,763,Manjeet ,Raider,12
8,2854,2022-02-09,Tamil Thalaivas,660,Bhavani Rajput,Raider,3
8,2854,2022-02-09,Tamil Thalaivas,3014,M. Abishek ,Defender - Right Cover,3
8,2854,2022-02-09,Tamil Thalaivas,3161,Himanshu ,Defender - Left Corner,8
8,2854,2022-02-09,Tamil Thalaivas,3236,Sagar ,Defender - Right Corner,3
8,2854,2022-02-09,Tamil Thalaivas,4962,Aashish ,Defender - Left Cover,2
8,2854,2022-02-09,U.P. Yoddhas,3088,Nitesh Kumar,Defender,1
8,2854,2022-02-09,U.P. Yoddhas,3177,Mohammad Taghi Paein Mahali ,Raider,1
8,2854,2022-02-09,U.P. Yoddhas,3240,Sumit ,Defender - Left Corner,5
8,2854,2022-02-09,U.P. Yoddhas,3239,Ashu Singh,Defender - Right Cover,1
8,2855,2022-02-09,Telugu Titans,3095,Adarsh T,Defender - Left Corner,6
8,2855,2022-02-09,Telugu Titans,248,Sandeep Kandola,Defender - Left Corner,0
8,2855,2022-02-09,Gujarat Giants,161,Girish Maruti Ernak,Defender - Left Corner,5
8,2855,2022-02-09,Gujarat Giants,368,Sunil Kumar,Defender,0
8,2855,2022-02-09,Gujarat Giants,163,Mahendra Rajput,Raider,5
8,2855,2022-02-09,Gujarat Giants,249,Hadi Oshtorak,All Rounder,1
8,2855,2022-02-09,Gujarat Giants,357,Parvesh Bhainswal,Defender - Left Cover,0
8,2855,2022-02-09,Gujarat Giants,389,Ajay Kumar,Raider,2
8,2855,2022-02-09,Gujarat Giants,4939,Pardeep Kumar,Raider,2
8,2856,2022-02-10,Bengal Warriors,4723,Rohit ,All-Rounder,4
8,2856,2022-02-10,Dabang Delhi K.C.,142,Sandeep Narwal,All Rounder,1
8,2856,2022-02-10,Dabang Delhi K.C.,54,Jeeva Kumar,Defender,1
8,2856,2022-02-10,Dabang Delhi K.C.,69,Manjeet Chhillar,All Rounder,2
8,2856,2022-02-10,Dabang Delhi K.C.,194,Joginder Narwal,Defender - Left Corner,3
8,2856,2022-02-10,Dabang Delhi K.C.,2296,Naveen Kumar,Raider,16
8,2856,2022-02-10,Dabang Delhi K.C.,4947,Ashu Malik,Raider,2
8,2856,2022-02-10,Dabang Delhi K.C.,4949,Krishan ,Defender,0
8,2857,2022-02-10,Puneri Paltan,320,Nitin Tomar,Raider,4
8,2857,2022-02-10,Puneri Paltan,3000,Sombir ,Defender,2
8,2857,2022-02-10,Puneri Paltan,3083,Vishal Bhardwaj,Defender,2
8,2857,2022-02-10,Puneri Paltan,3234,Sanket Sawant,Defender - Left Cover,1
8,2857,2022-02-10,Puneri Paltan,4022,Mohit Goyat,Raider,6
8,2857,2022-02-10,Puneri Paltan,4961,Shubham Shelke,Raider,0
8,2857,2022-02-10,Patna Pirates,757,Sachin ,Raider,6
8,2857,2022-02-10,Patna Pirates,3107,Neeraj Kumar,Defender - Right Cover,2
8,2857,2022-02-10,Patna Pirates,3082,Monu ,Raider,1
8,2857,2022-02-10,Patna Pirates,3103,Shubham Shinde,Defender - Right Corner,4
8,2857,2022-02-10,Patna Pirates,3032,Guman Singh,Raider,13
8,2857,2022-02-10,Patna Pirates,3343,Sajin Chandrasekar,All-Rounder,1
8,2857,2022-02-10,Patna Pirates,4925,Mohammadreza Chiyaneh,All-Rounder,3
8,2858,2022-02-11,Haryana Steelers,146,Surender Nada,Defender - Left Corner,0
8,2858,2022-02-11,Haryana Steelers,366,Vikash Khandola,Raider,5
8,2858,2022-02-11,Haryana Steelers,768,Vijay Kumar,Defender - Right Corner,2
8,2858,2022-02-11,Haryana Steelers,3054,Vinay ,Raider,6
8,2858,2022-02-11,Haryana Steelers,3028,Ashish ,All-Rounder,8
8,2858,2022-02-11,Haryana Steelers,4184,Jaideep ,Defender - Left Cover,1
8,2858,2022-02-11,Haryana Steelers,4954,Mohit ,Defender - Right Cover,0
8,2858,2022-02-11,Puneri Paltan,81,Rahul Chaudhari,Raider,3
8,2858,2022-02-11,Puneri Paltan,3000,Sombir ,Defender,7
8,2858,2022-02-11,Puneri Paltan,3083,Vishal Bhardwaj,Defender,0
8,2858,2022-02-11,Puneri Paltan,3234,Sanket Sawant,Defender - Left Cover,1
8,2858,2022-02-11,Puneri Paltan,4022,Mohit Goyat,Raider,12
8,2867,2022-02-11,U.P. Yoddhas,197,Pardeep Narwal,Raider,14
8,2867,2022-02-11,U.P. Yoddhas,3088,Nitesh Kumar,Defender,1
8,2867,2022-02-11,U.P. Yoddhas,2041,Gurdeep ,All-Rounder,3
8,2867,2022-02-11,U.P. Yoddhas,3240,Sumit ,Defender - Left Corner,1
8,2867,2022-02-11,U.P. Yoddhas,3239,Ashu Singh,Defender - Right Cover,6
8,2867,2022-02-11,U.P. Yoddhas,3241,Surender Gill,Raider,9
8,2867,2022-02-11,U.P. Yoddhas,4228,Shubham Kumar,Defender - Left Cover,1
8,2861,2022-02-12,Tamil Thalaivas,322,Surjeet Singh,Defender - Right Cover,3
8,2861,2022-02-12,Tamil Thalaivas,763,Manjeet ,Raider,10
8,2861,2022-02-12,Tamil Thalaivas,3025,Sahil Surender,Defender,0
8,2861,2022-02-12,Tamil Thalaivas,3161,Himanshu ,Defender - Left Corner,5
8,2861,2022-02-12,Tamil Thalaivas,3236,Sagar ,Defender - Right Corner,2
8,2861,2022-02-12,Tamil Thalaivas,4965,Sahil Singh,Defender - Left Corner,1
8,2861,2022-02-12,Dabang Delhi K.C.,142,Sandeep Narwal,All Rounder,1
8,2861,2022-02-12,Dabang Delhi K.C.,54,Jeeva Kumar,Defender,2
8,2861,2022-02-12,Dabang Delhi K.C.,194,Joginder Narwal,Defender - Left Corner,3
8,2861,2022-02-12,Dabang Delhi K.C.,2296,Naveen Kumar,Raider,13
8,2861,2022-02-12,Dabang Delhi K.C.,3038,Neeraj Narwal,Raider,4
8,2862,2022-02-12,U Mumba,259,Fazel Atrachali,Defender,8
8,2862,2022-02-12,U Mumba,2028,Abhishek Singh,Raider,8
8,2862,2022-02-12,U Mumba,3053,V Ajith Kumar,Raider,9
8,2862,2022-02-12,U Mumba,3138,Harendra Kumar,Defender - Left Cover,1
8,2862,2022-02-12,U Mumba,3964,Rinku ,Defender - Right Corner,5
8,2862,2022-02-12,Bengal Warriors,160,Ran Singh,All- Rounder,2
8,2862,2022-02-12,Bengal Warriors,3126,Amit Nirwal,Defender,2
8,2862,2022-02-12,Bengal Warriors,3176,Mohammad Nabibakhsh,All-Rounder,6
8,2863,2022-02-12,Telugu Titans,3095,Adarsh T,Defender - Left Corner,3
8,2863,2022-02-12,Telugu Titans,3004,Akash Choudhary,Defender - Right Corner,4
8,2863,2022-02-12,Telugu Titans,3031,Galla Raju,Raider,4
8,2863,2022-02-12,Telugu Titans,4966,Muhammed Shihas,Defender - Left Corner,0
8,2863,2022-02-12,Puneri Paltan,320,Nitin Tomar,Raider,3
8,2863,2022-02-12,Puneri Paltan,3000,Sombir ,Defender,6
8,2863,2022-02-12,Puneri Paltan,3083,Vishal Bhardwaj,Defender,6
8,2863,2022-02-12,Puneri Paltan,3234,Sanket Sawant,Defender - Left Cover,1
8,2863,2022-02-12,Puneri Paltan,4022,Mohit Goyat,Raider,14
8,2863,2022-02-12,Puneri Paltan,4192,Abinesh Nadarajan,Defender - Right Cover,1
8,2863,2022-02-12,Puneri Paltan,4960,Aslam Inamdar,All-rounder,11
8,2864,2022-02-13,Haryana Steelers,146,Surender Nada,Defender - Left Corner,3
8,2864,2022-02-13,Haryana Steelers,240,Ravi Kumar,Defender - Right Cover,0
8,2864,2022-02-13,Haryana Steelers,366,Vikash Khandola,Raider,14
8,2864,2022-02-13,Haryana Steelers,3028,Ashish ,All-Rounder,13
8,2864,2022-02-13,Haryana Steelers,4184,Jaideep ,Defender - Left Cover,1
8,2864,2022-02-13,Haryana Steelers,4954,Mohit ,Defender - Right Cover,0
8,2864,2022-02-13,U Mumba,3089,Pankaj ,All Rounder,0
8,2864,2022-02-13,U Mumba,3053,V Ajith Kumar,Raider,7
8,2864,2022-02-13,U Mumba,3138,Harendra Kumar,Defender - Left Cover,0
8,2864,2022-02-13,U Mumba,3964,Rinku ,Defender - Right Corner,2
8,2864,2022-02-13,U Mumba,4186,Rahul Sethpal,Defender - Right Corner,0
8,2864,2022-02-13,U Mumba,4968,Kamlesh ,Raider,2
8,2868,2022-02-13,Bengaluru Bulls,318,Pawan Kumar,Raider,10
8,2868,2022-02-13,Bengaluru Bulls,579,Jaideep ,Defender - Left Corner,4
8,2868,2022-02-13,Bengaluru Bulls,772,More G B,Raider,2
8,2868,2022-02-13,Bengaluru Bulls,522,Dong Geon Lee,Raider,1
8,2868,2022-02-13,Bengaluru Bulls,4944,Bharat ,Raider,15
8,2868,2022-02-13,Jaipur Pink Panthers,41,Deepak Hooda,All-Rounder,6
8,2868,2022-02-13,Jaipur Pink Panthers,290,Sandeep Dhull,Defender - Left Corner,1
8,2868,2022-02-13,Jaipur Pink Panthers,3159,Vishal ,Defender - Left Cover,1
8,2868,2022-02-13,Jaipur Pink Panthers,3070,Brijendra Chaudhary,All Rounder,1
8,2868,2022-02-13,Jaipur Pink Panthers,2024,Arjun Deshwal,Raider,16
8,2869,2022-02-13,U.P. Yoddhas,106,Shrikant Jadhav,Raider,2
8,2869,2022-02-13,U.P. Yoddhas,3240,Sumit ,Defender - Left Corner,4
8,2869,2022-02-13,U.P. Yoddhas,3239,Ashu Singh,Defender - Right Cover,5
8,2869,2022-02-13,U.P. Yoddhas,3241,Surender Gill,Raider,5
8,2869,2022-02-13,U.P. Yoddhas,4228,Shubham Kumar,Defender - Left Cover,0
8,2869,2022-02-13,Gujarat Giants,161,Girish Maruti Ernak,Defender - Left Corner,6
8,2869,2022-02-13,Gujarat Giants,249,Hadi Oshtorak,All Rounder,2
8,2869,2022-02-13,Gujarat Giants,4939,Pardeep Kumar,Raider,5
8,2869,2022-02-13,Gujarat Giants,4929,Soleiman Pahlevani,Defender,2
8,2870,2022-02-14,Patna Pirates,757,Sachin ,Raider,14
8,2870,2022-02-14,Patna Pirates,3107,Neeraj Kumar,Defender - Right Cover,1
8,2870,2022-02-14,Patna Pirates,3082,Monu ,Raider,0
8,2870,2022-02-14,Patna Pirates,3103,Shubham Shinde,Defender - Right Corner,3
8,2870,2022-02-14,Patna Pirates,3032,Guman Singh,Raider,4
8,2870,2022-02-14,Patna Pirates,3343,Sajin Chandrasekar,All-Rounder,3
8,2870,2022-02-14,Patna Pirates,4925,Mohammadreza Chiyaneh,All-Rounder,5
8,2870,2022-02-14,Telugu Titans,191,C.Arun ,Defender,1
8,2870,2022-02-14,Telugu Titans,3086,Surinder Singh,Defender,0
8,2870,2022-02-14,Telugu Titans,3095,Adarsh T,Defender - Left Corner,3
8,2870,2022-02-14,Telugu Titans,3004,Akash Choudhary,Defender - Right Corner,2
8,2870,2022-02-14,Telugu Titans,3031,Galla Raju,Raider,2
8,2871,2022-02-14,Dabang Delhi K.C.,142,Sandeep Narwal,All Rounder,3
8,2871,2022-02-14,Dabang Delhi K.C.,69,Manjeet Chhillar,All Rounder,0
8,2871,2022-02-14,Dabang Delhi K.C.,3081,Vijay Malik,All-Rounder,8
8,2871,2022-02-14,Dabang Delhi K.C.,3038,Neeraj Narwal,Raider,3
8,2871,2022-02-14,Dabang Delhi K.C.,3965,Manjeet ,Raider,7
8,2871,2022-02-14,Dabang Delhi K.C.,4947,Ashu Malik,Raider,0
8,2871,2022-02-14,Dabang Delhi K.C.,4949,Krishan ,Defender,1
8,2871,2022-02-14,U.P. Yoddhas,197,Pardeep Narwal,Raider,14
8,2871,2022-02-14,U.P. Yoddhas,3088,Nitesh Kumar,Defender,3
8,2871,2022-02-14,U.P. Yoddhas,3027,Ankush ,Raider,0
8,2871,2022-02-14,U.P. Yoddhas,3240,Sumit ,Defender - Left Corner,2
8,2871,2022-02-14,U.P. Yoddhas,3241,Surender Gill,Raider,6
8,2872,2022-02-14,Gujarat Giants,161,Girish Maruti Ernak,Defender - Left Corner,1
8,2872,2022-02-14,Gujarat Giants,368,Sunil Kumar,Defender,1
8,2872,2022-02-14,Gujarat Giants,163,Mahendra Rajput,Raider,3
8,2872,2022-02-14,Gujarat Giants,249,Hadi Oshtorak,All Rounder,3
8,2872,2022-02-14,Gujarat Giants,357,Parvesh Bhainswal,Defender - Left Cover,1
8,2872,2022-02-14,Gujarat Giants,389,Ajay Kumar,Raider,8
8,2872,2022-02-14,Puneri Paltan,320,Nitin Tomar,Raider,1
8,2872,2022-02-14,Puneri Paltan,3000,Sombir ,Defender,5
8,2872,2022-02-14,Puneri Paltan,3083,Vishal Bhardwaj,Defender,2
8,2872,2022-02-14,Puneri Paltan,3234,Sanket Sawant,Defender - Left Cover,3
8,2872,2022-02-14,Puneri Paltan,4022,Mohit Goyat,Raider,10
8,2873,2022-02-15,U Mumba,2028,Abhishek Singh,Raider,5
8,2873,2022-02-15,Jaipur Pink Panthers,290,Sandeep Dhull,Defender - Left Corner,3
8,2873,2022-02-15,Jaipur Pink Panthers,3159,Vishal ,Defender - Left Cover,3
8,2873,2022-02-15,Jaipur Pink Panthers,3065,Nitin Rawal,All-Rounder,4
8,2873,2022-02-15,Jaipur Pink Panthers,3070,Brijendra Chaudhary,All Rounder,8
8,2873,2022-02-15,Jaipur Pink Panthers,2024,Arjun Deshwal,Raider,17
8,2873,2022-02-15,Jaipur Pink Panthers,3154,Sachin Narwal,All-Rounder,1
8,2873,2022-02-15,Jaipur Pink Panthers,4956,Deepak Singh,Defender - Right Cover,1
8,2874,2022-02-15,Patna Pirates,155,Prashanth Rai,Raider,2
8,2874,2022-02-15,Patna Pirates,388,Monu Goyat,Raider,9
8,2874,2022-02-15,Patna Pirates,757,Sachin ,Raider,5
8,2874,2022-02-15,Patna Pirates,3107,Neeraj Kumar,Defender - Right Cover,2
8,2874,2022-02-15,Patna Pirates,3103,Shubham Shinde,Defender - Right Corner,0
8,2874,2022-02-15,Patna Pirates,3343,Sajin Chandrasekar,All-Rounder,3
8,2874,2022-02-15,Patna Pirates,4925,Mohammadreza Chiyaneh,All-Rounder,6
8,2874,2022-02-15,Bengaluru Bulls,36,Chandran Ranjit,Raider,8
8,2874,2022-02-15,Bengaluru Bulls,769,Mahender Singh,Defender - Left Cover,2
8,2874,2022-02-15,Bengaluru Bulls,3228,Saurabh Nandal,Defender - Right Corner,4
8,2874,2022-02-15,Bengaluru Bulls,4848,Mayur Kadam,Defender - Right Cover,2
8,2874,2022-02-15,Bengaluru Bulls,4944,Bharat ,Raider,4
8,2875,2022-02-15,Puneri Paltan,320,Nitin Tomar,Raider,4
8,2875,2022-02-15,Puneri Paltan,3000,Sombir ,Defender,3
8,2875,2022-02-15,Puneri Paltan,3083,Vishal Bhardwaj,Defender,4
8,2875,2022-02-15,Puneri Paltan,3234,Sanket Sawant,Defender - Left Cover,0
8,2875,2022-02-15,Puneri Paltan,4022,Mohit Goyat,Raider,10
8,2875,2022-02-15,Puneri Paltan,4192,Abinesh Nadarajan,Defender - Right Cover,5
8,2875,2022-02-15,Tamil Thalaivas,322,Surjeet Singh,Defender - Right Cover,3
8,2875,2022-02-15,Tamil Thalaivas,3097,Ajinkya Ashok Pawar,Raider,3
8,2875,2022-02-15,Tamil Thalaivas,3236,Sagar ,Defender - Right Corner,1
8,2875,2022-02-15,Tamil Thalaivas,4965,Sahil Singh,Defender - Left Corner,2
8,2876,2022-02-16,Bengal Warriors,160,Ran Singh,All- Rounder,4
8,2876,2022-02-16,Bengal Warriors,111,Sukesh Hegde,Raider,2
8,2876,2022-02-16,Bengal Warriors,3126,Amit Nirwal,Defender,2
8,2876,2022-02-16,Bengal Warriors,661,Tapas Pal,All Rounder,1
8,2876,2022-02-16,Bengal Warriors,489,Abozar Mighani,Defender - Right Corner,6
8,2876,2022-02-16,Bengal Warriors,3176,Mohammad Nabibakhsh,All-Rounder,13
8,2876,2022-02-16,Bengal Warriors,3151,Manoj Gowda,All-Rounder,0
8,2876,2022-02-16,Tamil Thalaivas,3076,Santhapanaselvam ,All-Rounder,0
8,2876,2022-02-16,Tamil Thalaivas,3025,Sahil Surender,Defender,0
8,2876,2022-02-16,Tamil Thalaivas,4964,Mohit ,Defender - Left Cover,2
8,2876,2022-02-16,Tamil Thalaivas,4965,Sahil Singh,Defender - Left Corner,0
8,2876,2022-02-16,Tamil Thalaivas,3201,Asiri Alawathge,Raider,0
8,2877,2022-02-16,Telugu Titans,3095,Adarsh T,Defender - Left Corner,6
8,2877,2022-02-16,Telugu Titans,3046,Rakesh Gowda,Raider,1
8,2877,2022-02-16,Telugu Titans,3004,Akash Choudhary,Defender - Right Corner,1
8,2877,2022-02-16,Jaipur Pink Panthers,290,Sandeep Dhull,Defender - Left Corner,5
8,2877,2022-02-16,Jaipur Pink Panthers,3159,Vishal ,Defender - Left Cover,2
8,2877,2022-02-16,Jaipur Pink Panthers,3065,Nitin Rawal,All-Rounder,2
8,2877,2022-02-16,Jaipur Pink Panthers,3180,Amirhossein Mohammad Maleki,Raider,5
8,2877,2022-02-16,Jaipur Pink Panthers,3070,Brijendra Chaudhary,All Rounder,8
8,2877,2022-02-16,Jaipur Pink Panthers,3715,Ashok ,Raider,4
8,2877,2022-02-16,Jaipur Pink Panthers,4956,Deepak Singh,Defender - Right Cover,2
8,2878,2022-02-17,U.P. Yoddhas,197,Pardeep Narwal,Raider,6
8,2878,2022-02-17,U.P. Yoddhas,106,Shrikant Jadhav,Raider,3
8,2878,2022-02-17,U.P. Yoddhas,3088,Nitesh Kumar,Defender,2
8,2878,2022-02-17,U.P. Yoddhas,3240,Sumit ,Defender - Left Corner,3
8,2878,2022-02-17,U.P. Yoddhas,3239,Ashu Singh,Defender - Right Cover,3
8,2878,2022-02-17,U.P. Yoddhas,3241,Surender Gill,Raider,8
8,2878,2022-02-17,U.P. Yoddhas,4228,Shubham Kumar,Defender - Left Cover,3
8,2878,2022-02-17,U Mumba,259,Fazel Atrachali,Defender,2
8,2878,2022-02-17,U Mumba,2028,Abhishek Singh,Raider,4
8,2878,2022-02-17,U Mumba,3053,V Ajith Kumar,Raider,5
8,2878,2022-02-17,U Mumba,3138,Harendra Kumar,Defender - Left Cover,4
8,2878,2022-02-17,U Mumba,3473,Prathap S,Raider,1
8,2878,2022-02-17,U Mumba,3964,Rinku ,Defender - Right Corner,5
8,2878,2022-02-17,U Mumba,4186,Rahul Sethpal,Defender - Right Corner,2
8,2879,2022-02-17,Bengaluru Bulls,318,Pawan Kumar,Raider,20
8,2879,2022-02-17,Bengaluru Bulls,36,Chandran Ranjit,Raider,3
8,2879,2022-02-17,Bengaluru Bulls,769,Mahender Singh,Defender - Left Cover,0
8,2879,2022-02-17,Bengaluru Bulls,772,More G B,Raider,0
8,2879,2022-02-17,Bengaluru Bulls,3228,Saurabh Nandal,Defender - Right Corner,3
8,2879,2022-02-17,Bengaluru Bulls,4944,Bharat ,Raider,8
8,2879,2022-02-17,Bengaluru Bulls,4972,Aman ,Defender - Left Corner,4
8,2879,2022-02-17,Haryana Steelers,146,Surender Nada,Defender - Left Corner,4
8,2879,2022-02-17,Haryana Steelers,240,Ravi Kumar,Defender - Right Cover,1
8,2879,2022-02-17,Haryana Steelers,366,Vikash Khandola,Raider,4
8,2879,2022-02-17,Haryana Steelers,3054,Vinay ,Raider,2
8,2879,2022-02-17,Haryana Steelers,3028,Ashish ,All-Rounder,4
8,2879,2022-02-17,Haryana Steelers,4184,Jaideep ,Defender - Left Cover,1
8,2879,2022-02-17,Haryana Steelers,4954,Mohit ,Defender - Right Cover,0
8,2880,2022-02-17,Dabang Delhi K.C.,69,Manjeet Chhillar,All Rounder,5
8,2880,2022-02-17,Dabang Delhi K.C.,3081,Vijay Malik,All-Rounder,7
8,2880,2022-02-17,Dabang Delhi K.C.,3038,Neeraj Narwal,Raider,1
8,2880,2022-02-17,Dabang Delhi K.C.,3965,Manjeet ,Raider,0
8,2880,2022-02-17,Dabang Delhi K.C.,4949,Krishan ,Defender,4
8,2880,2022-02-17,Patna Pirates,299,Sandeep ,Defender,0
8,2880,2022-02-17,Patna Pirates,3082,Monu ,Raider,2
8,2880,2022-02-17,Patna Pirates,3593,Sourav Gulia,Defender,4
8,2880,2022-02-17,Patna Pirates,4693,Manuj ,Defender - Right Corner,1
8,2880,2022-02-17,Patna Pirates,4957,Manish ,Defender,0
8,2881,2022-02-18,Puneri Paltan,320,Nitin Tomar,Raider,2
8,2881,2022-02-18,Puneri Paltan,3000,Sombir ,Defender,4
8,2881,2022-02-18,Puneri Paltan,3083,Vishal Bhardwaj,Defender,3
8,2881,2022-02-18,Puneri Paltan,3234,Sanket Sawant,Defender - Left Cover,3
8,2881,2022-02-18,Puneri Paltan,4022,Mohit Goyat,Raider,15
8,2881,2022-02-18,Puneri Paltan,4192,Abinesh Nadarajan,Defender - Right Cover,0
8,2881,2022-02-18,Puneri Paltan,4960,Aslam Inamdar,All-rounder,4
8,2881,2022-02-18,Bengal Warriors,143,Maninder Singh,Raider,11
8,2881,2022-02-18,Bengal Warriors,111,Sukesh Hegde,Raider,7
8,2881,2022-02-18,Bengal Warriors,3126,Amit Nirwal,Defender,3
8,2881,2022-02-18,Bengal Warriors,489,Abozar Mighani,Defender - Right Corner,4
8,2881,2022-02-18,Bengal Warriors,3176,Mohammad Nabibakhsh,All-Rounder,3
8,2881,2022-02-18,Bengal Warriors,4723,Rohit ,All-Rounder,7
8,2882,2022-02-18,Telugu Titans,191,C.Arun ,Defender,1
8,2882,2022-02-18,Telugu Titans,2322,Ankit Beniwal,Raider,10
8,2882,2022-02-18,Telugu Titans,3095,Adarsh T,Defender - Left Corner,5
8,2882,2022-02-18,Telugu Titans,3004,Akash Choudhary,Defender - Right Corner,1
8,2882,2022-02-18,Telugu Titans,3237,Aakash Arsul,Defender,0
8,2882,2022-02-18,Telugu Titans,3031,Galla Raju,Raider,5
8,2882,2022-02-18,Telugu Titans,4966,Muhammed Shihas,Defender - Left Corner,5
8,2882,2022-02-18,Dabang Delhi K.C.,194,Joginder Narwal,Defender - Left Corner,2
8,2882,2022-02-18,Dabang Delhi K.C.,3222,Balram ,All Rounder,1
8,2882,2022-02-18,Dabang Delhi K.C.,4941,Mohammad Malak,Defender,1
8,2882,2022-02-18,Dabang Delhi K.C.,4949,Krishan ,Defender,2
8,2883,2022-02-18,Tamil Thalaivas,347,Sagar B Krishna,All Rounder,1
8,2883,2022-02-18,Tamil Thalaivas,763,Manjeet ,Raider,5
8,2883,2022-02-18,Tamil Thalaivas,660,Bhavani Rajput,Raider,5
8,2883,2022-02-18,Tamil Thalaivas,3014,M. Abishek ,Defender - Right Cover,3
8,2883,2022-02-18,Tamil Thalaivas,4962,Aashish ,Defender - Left Cover,2
8,2883,2022-02-18,Gujarat Giants,161,Girish Maruti Ernak,Defender - Left Corner,4
8,2883,2022-02-18,Gujarat Giants,368,Sunil Kumar,Defender,4
8,2883,2022-02-18,Gujarat Giants,357,Parvesh Bhainswal,Defender - Left Cover,5
8,2883,2022-02-18,Gujarat Giants,389,Ajay Kumar,Raider,1
8,2883,2022-02-18,Gujarat Giants,4939,Pardeep Kumar,Raider,5
8,2883,2022-02-18,Gujarat Giants,743,Maninder Singh,Raider,1
8,2884,2022-02-19,Jaipur Pink Panthers,3159,Vishal ,Defender - Left Cover,1
8,2884,2022-02-19,Jaipur Pink Panthers,3065,Nitin Rawal,All-Rounder,2
8,2884,2022-02-19,Jaipur Pink Panthers,3070,Brijendra Chaudhary,All Rounder,3
8,2884,2022-02-19,Jaipur Pink Panthers,4956,Deepak Singh,Defender - Right Cover,0
8,2884,2022-02-19,Puneri Paltan,320,Nitin Tomar,Raider,1
8,2884,2022-02-19,Puneri Paltan,3000,Sombir ,Defender,1
8,2884,2022-02-19,Puneri Paltan,3083,Vishal Bhardwaj,Defender,3
8,2884,2022-02-19,Puneri Paltan,3234,Sanket Sawant,Defender - Left Cover,1
8,2884,2022-02-19,Puneri Paltan,4022,Mohit Goyat,Raider,14
8,2884,2022-02-19,Puneri Paltan,4192,Abinesh Nadarajan,Defender - Right Cover,0
8,2884,2022-02-19,Puneri Paltan,4960,Aslam Inamdar,All-rounder,11
8,2885,2022-02-19,Gujarat Giants,368,Sunil Kumar,Defender,1
8,2885,2022-02-19,Gujarat Giants,249,Hadi Oshtorak,All Rounder,2
8,2885,2022-02-19,Gujarat Giants,4939,Pardeep Kumar,Raider,0
8,2885,2022-02-19,Gujarat Giants,3966,Rakesh ,Raider,13
8,2885,2022-02-19,U Mumba,259,Fazel Atrachali,Defender,3
8,2885,2022-02-19,U Mumba,613,Sunil Siddhgavali,Defender,0
8,2885,2022-02-19,U Mumba,3053,V Ajith Kumar,Raider,11
8,2885,2022-02-19,U Mumba,3138,Harendra Kumar,Defender - Left Cover,1
8,2885,2022-02-19,U Mumba,2025,Ajinkya Kapre,All-Rounder,3
8,2885,2022-02-19,U Mumba,4186,Rahul Sethpal,Defender - Right Corner,2
8,2886,2022-02-19,Patna Pirates,388,Monu Goyat,Raider,3
8,2886,2022-02-19,Patna Pirates,757,Sachin ,Raider,8
8,2886,2022-02-19,Patna Pirates,3103,Shubham Shinde,Defender - Right Corner,2
8,2886,2022-02-19,Patna Pirates,3343,Sajin Chandrasekar,All-Rounder,1
8,2886,2022-02-19,Patna Pirates,4925,Mohammadreza Chiyaneh,All-Rounder,5
8,2886,2022-02-19,Haryana Steelers,146,Surender Nada,Defender - Left Corner,2
8,2886,2022-02-19,Haryana Steelers,240,Ravi Kumar,Defender - Right Cover,1
8,2886,2022-02-19,Haryana Steelers,3023,Rohit Gulia,All-Rounder,1
8,2886,2022-02-19,Haryana Steelers,4184,Jaideep ,Defender - Left Cover,5
8,2886,2022-02-19,Haryana Steelers,4954,Mohit ,Defender - Right Cover,0
8,2887,2022-02-21,U.P. Yoddhas,197,Pardeep Narwal,Raider,18
8,2887,2022-02-21,U.P. Yoddhas,3088,Nitesh Kumar,Defender,3
8,2887,2022-02-21,U.P. Yoddhas,3240,Sumit ,Defender - Left Corner,5
8,2887,2022-02-21,U.P. Yoddhas,3239,Ashu Singh,Defender - Right Cover,1
8,2887,2022-02-21,U.P. Yoddhas,3241,Surender Gill,Raider,5
8,2887,2022-02-21,U.P. Yoddhas,4228,Shubham Kumar,Defender - Left Cover,0
8,2887,2022-02-21,Puneri Paltan,3083,Vishal Bhardwaj,Defender,1
8,2887,2022-02-21,Puneri Paltan,3234,Sanket Sawant,Defender - Left Cover,0
8,2887,2022-02-21,Puneri Paltan,4022,Mohit Goyat,Raider,4
8,2887,2022-02-21,Puneri Paltan,4192,Abinesh Nadarajan,Defender - Right Cover,1
8,2887,2022-02-21,Puneri Paltan,4960,Aslam Inamdar,All-rounder,10
8,2888,2022-02-21,Gujarat Giants,161,Girish Maruti Ernak,Defender - Left Corner,0
8,2888,2022-02-21,Gujarat Giants,368,Sunil Kumar,Defender,2
8,2888,2022-02-21,Gujarat Giants,249,Hadi Oshtorak,All Rounder,1
8,2888,2022-02-21,Gujarat Giants,357,Parvesh Bhainswal,Defender - Left Cover,3
8,2888,2022-02-21,Gujarat Giants,389,Ajay Kumar,Raider,2
8,2888,2022-02-21,Gujarat Giants,4939,Pardeep Kumar,Raider,4
8,2888,2022-02-21,Gujarat Giants,3966,Rakesh ,Raider,8
8,2888,2022-02-21,Bengaluru Bulls,318,Pawan Kumar,Raider,13
8,2888,2022-02-21,Bengaluru Bulls,36,Chandran Ranjit,Raider,7
8,2888,2022-02-21,Bengaluru Bulls,769,Mahender Singh,Defender - Left Cover,5
8,2888,2022-02-21,Bengaluru Bulls,3228,Saurabh Nandal,Defender - Right Corner,4
8,2888,2022-02-21,Bengaluru Bulls,4848,Mayur Kadam,Defender - Right Cover,1
8,2888,2022-02-21,Bengaluru Bulls,4972,Aman ,Defender - Left Corner,4
8,2889,2022-02-23,Patna Pirates,757,Sachin ,Raider,7
8,2889,2022-02-23,Patna Pirates,3107,Neeraj Kumar,Defender - Right Cover,2
8,2889,2022-02-23,Patna Pirates,3082,Monu ,Raider,1
8,2889,2022-02-23,Patna Pirates,3103,Shubham Shinde,Defender - Right Corner,0
8,2889,2022-02-23,Patna Pirates,3032,Guman Singh,Raider,8
8,2889,2022-02-23,Patna Pirates,3343,Sajin Chandrasekar,All-Rounder,1
8,2889,2022-02-23,Patna Pirates,4925,Mohammadreza Chiyaneh,All-Rounder,6
8,2889,2022-02-23,U.P. Yoddhas,3088,Nitesh Kumar,Defender,2
8,2889,2022-02-23,U.P. Yoddhas,3241,Surender Gill,Raider,1
8,2889,2022-02-23,U.P. Yoddhas,4228,Shubham Kumar,Defender - Left Cover,1
8,2890,2022-02-23,Dabang Delhi K.C.,142,Sandeep Narwal,All Rounder,3
8,2890,2022-02-23,Dabang Delhi K.C.,194,Joginder Narwal,Defender - Left Corner,1
8,2890,2022-02-23,Dabang Delhi K.C.,2296,Naveen Kumar,Raider,14
8,2890,2022-02-23,Dabang Delhi K.C.,3038,Neeraj Narwal,Raider,5
8,2890,2022-02-23,Bengaluru Bulls,318,Pawan Kumar,Raider,18
8,2890,2022-02-23,Bengaluru Bulls,769,Mahender Singh,Defender - Left Cover,3
8,2890,2022-02-23,Bengaluru Bulls,772,More G B,Raider,0
8,2890,2022-02-23,Bengaluru Bulls,3228,Saurabh Nandal,Defender - Right Corner,4
8,2890,2022-02-23,Bengaluru Bulls,4848,Mayur Kadam,Defender - Right Cover,0
8,2890,2022-02-23,Bengaluru Bulls,4944,Bharat ,Raider,4
8,2891,2022-02-25,Patna Pirates,3107,Neeraj Kumar,Defender - Right Cover,1
8,2891,2022-02-25,Patna Pirates,3082,Monu ,Raider,5
8,2891,2022-02-25,Patna Pirates,3103,Shubham Shinde,Defender - Right Corner,0
8,2891,2022-02-25,Patna Pirates,3343,Sajin Chandrasekar,All-Rounder,1
8,2891,2022-02-25,Patna Pirates,3593,Sourav Gulia,Defender,0
8,2891,2022-02-25,Dabang Delhi K.C.,54,Jeeva Kumar,Defender,0
8,2891,2022-02-25,Dabang Delhi K.C.,69,Manjeet Chhillar,All Rounder,2
8,2891,2022-02-25,Dabang Delhi K.C.,194,Joginder Narwal,Defender - Left Corner,0
8,2891,2022-02-25,Dabang Delhi K.C.,3081,Vijay Malik,All-Rounder,14
8,2891,2022-02-25,Dabang Delhi K.C.,2296,Naveen Kumar,Raider,13
8,2891,2022-02-25,Dabang Delhi K.C.,4949,Krishan ,Defender,0
9,2892,2022-10-07,Dabang Delhi K.C.,240,Ravi Kumar,Defender - Right Cover,2
9,2892,2022-10-07,Dabang Delhi K.C.,290,Sandeep Dhull,Defender - Left Corner,4
9,2892,2022-10-07,Dabang Delhi K.C.,3159,Vishal ,Defender - Left Cover,4
9,2892,2022-10-07,Dabang Delhi K.C.,2296,Naveen Kumar,Raider,13
9,2892,2022-10-07,Dabang Delhi K.C.,4947,Ashu Malik,Raider,7
9,2892,2022-10-07,Dabang Delhi K.C.,4949,Krishan ,Defender,4
9,2892,2022-10-07,Dabang Delhi K.C.,5100,Ashish Narwal,Raider,1
9,2892,2022-10-07,U Mumba,4186,Rahul Sethpal,Defender - Right Corner,0
9,2893,2022-10-07,Bengaluru Bulls,366,Vikash Khandola,Raider,5
9,2893,2022-10-07,Bengaluru Bulls,629,Narender Hooda,All Rounder,1
9,2893,2022-10-07,Bengaluru Bulls,3228,Saurabh Nandal,Defender - Left Corner,4
9,2893,2022-10-07,Bengaluru Bulls,4944,Bharat ,Raider,5
9,2893,2022-10-07,Bengaluru Bulls,4972,Aman ,Defender - Left Corner,1
9,2893,2022-10-07,Telugu Titans,157,Ravinder Pahal,Defender - Right Corner,1
9,2893,2022-10-07,Telugu Titans,322,Surjeet Singh,Defender - Right Cover,1
9,2893,2022-10-07,Telugu Titans,3083,Vishal Bhardwaj,Defender,2
9,2893,2022-10-07,Telugu Titans,357,Parvesh Bhainswal,Defender - Left Cover,3
9,2893,2022-10-07,Telugu Titans,2290,Rajnish ,Raider,7
9,2893,2022-10-07,Telugu Titans,2026,Siddharth Desai,Raider,4
9,2894,2022-10-07,Jaipur Pink Panthers,368,Sunil Kumar,Defender,2
9,2894,2022-10-07,Jaipur Pink Panthers,2024,Arjun Deshwal,Raider,8
9,2894,2022-10-07,Jaipur Pink Panthers,3574,Ankush ,Defender - Left Corner,3
9,2894,2022-10-07,Jaipur Pink Panthers,4769,Sahul Kumar,Defender - Right Corner,0
9,2894,2022-10-07,Jaipur Pink Panthers,5113,Abhishek KS,Defender - Left Cover,4
9,2894,2022-10-07,U.P. Yoddhas,197,Pardeep Narwal,Raider,7
9,2894,2022-10-07,U.P. Yoddhas,3088,Nitesh Kumar,Defender,2
9,2894,2022-10-07,U.P. Yoddhas,3240,Sumit ,Defender - Left Corner,2
9,2894,2022-10-07,U.P. Yoddhas,3239,Ashu Singh,Defender - Right Cover,4
9,2894,2022-10-07,U.P. Yoddhas,3241,Surender Gill,Raider,9
9,2894,2022-10-07,U.P. Yoddhas,4228,Shubham Kumar,Defender - Left Cover,3
9,2895,2022-10-08,Patna Pirates,757,Sachin ,Raider,8
9,2895,2022-10-08,Patna Pirates,3023,Rohit Gulia,All-Rounder,6
9,2895,2022-10-08,Patna Pirates,3107,Neeraj Kumar,Defender - Right Cover,2
9,2895,2022-10-08,Patna Pirates,3106,Sunil ,Defender - Right Corner,3
9,2895,2022-10-08,Patna Pirates,3343,Sajin C,All-Rounder,2
9,2895,2022-10-08,Patna Pirates,5092,Thiyagarajan Y,Defender,3
9,2895,2022-10-08,Patna Pirates,4757,Vishwas S,Raider,4
9,2895,2022-10-08,Puneri Paltan,5116,Aditya Shinde,Raider,0
9,2895,2022-10-08,Puneri Paltan,5108,Badal Singh,Defender - Left Corner,3
9,2895,2022-10-08,Puneri Paltan,5052,Alankar Patil,Defender - Right Corner,2
9,2896,2022-10-08,Gujarat Giants,326,Rohit Kumar,Raider,0
9,2896,2022-10-08,Gujarat Giants,3084,Rinku Narwal,Defender,1
9,2896,2022-10-08,Gujarat Giants,621,Baldev Singh,Defender - Right Corner,0
9,2896,2022-10-08,Gujarat Giants,2297,Arkam Shaikh,All-Rounder,2
9,2896,2022-10-08,Gujarat Giants,3593,Sourav Gulia,Defender,2
9,2896,2022-10-08,Gujarat Giants,3966,Rakesh ,Raider,13
9,2896,2022-10-08,Gujarat Giants,5124,Parteek Dhaiya,All-Rounder,4
9,2896,2022-10-08,Tamil Thalaivas,3161,Himanshu ,Defender - Left Corner,5
9,2897,2022-10-08,Bengal Warriors,143,Maninder Singh,Raider,7
9,2897,2022-10-08,Bengal Warriors,161,Girish Maruti Ernak,Defender - Left Corner,6
9,2897,2022-10-08,Bengal Warriors,106,Shrikant Jadhav,Raider,3
9,2897,2022-10-08,Bengal Warriors,202,Ashish Kumar,All-Rounder,1
9,2897,2022-10-08,Bengal Warriors,3151,Manoj Gowda,All-Rounder,8
9,2897,2022-10-08,Bengal Warriors,4978,Balaji D,All-Rounder,0
9,2897,2022-10-08,Haryana Steelers,194,Joginder Narwal,Defender - Left Corner,0
9,2897,2022-10-08,Haryana Steelers,763,Manjeet ,Raider,19
9,2897,2022-10-08,Haryana Steelers,4183,Meetu ,Raider,1
9,2897,2022-10-08,Haryana Steelers,5101,Monu ,Defender - Right Corner,2
9,2898,2022-10-09,Jaipur Pink Panthers,660,Bhavani Rajput,Raider,1
9,2898,2022-10-09,Patna Pirates,757,Sachin ,Raider,10
9,2898,2022-10-09,Patna Pirates,3023,Rohit Gulia,All-Rounder,11
9,2898,2022-10-09,Patna Pirates,3107,Neeraj Kumar,Defender - Right Cover,1
9,2898,2022-10-09,Patna Pirates,3106,Sunil ,Defender - Right Corner,2
9,2898,2022-10-09,Patna Pirates,3343,Sajin C,All-Rounder,1
9,2898,2022-10-09,Patna Pirates,5092,Thiyagarajan Y,Defender,1
9,2898,2022-10-09,Patna Pirates,4798,Abdul Insamam,All-Rounder,0
9,2899,2022-10-09,Telugu Titans,322,Surjeet Singh,Defender - Right Cover,0
9,2899,2022-10-09,Telugu Titans,357,Parvesh Bhainswal,Defender - Left Cover,0
9,2899,2022-10-09,Telugu Titans,2026,Siddharth Desai,Raider,2
9,2899,2022-10-09,Bengal Warriors,143,Maninder Singh,Raider,11
9,2899,2022-10-09,Bengal Warriors,161,Girish Maruti Ernak,Defender - Left Corner,3
9,2899,2022-10-09,Bengal Warriors,41,Deepak Hooda,All-Rounder,11
9,2899,2022-10-09,Bengal Warriors,106,Shrikant Jadhav,Raider,7
9,2899,2022-10-09,Bengal Warriors,3103,Shubham Shinde,Defender - Right Corner,2
9,2899,2022-10-09,Bengal Warriors,5114,Vaibhav Garje,Defender - Right Cover,2
9,2900,2022-10-09,Puneri Paltan,3234,Sanket Sawant,Defender - Left Cover,2
9,2900,2022-10-09,Puneri Paltan,4959,Akash Shinde,Raider,2
9,2900,2022-10-09,Puneri Paltan,4960,Aslam Inamdar,Raider,12
9,2900,2022-10-09,Puneri Paltan,5108,Badal Singh,Defender - Left Corner,2
9,2900,2022-10-09,Puneri Paltan,5053,Rakesh Ram,Defender - Right Cover,0
9,2900,2022-10-09,Puneri Paltan,5128,Gaurav Khatri,Defender - Right Corner,4
9,2900,2022-10-09,Bengaluru Bulls,366,Vikash Khandola,Raider,11
9,2900,2022-10-09,Bengaluru Bulls,769,Mahender Singh,Defender - Left Cover,2
9,2900,2022-10-09,Bengaluru Bulls,3038,Neeraj Narwal,Raider,3
9,2900,2022-10-09,Bengaluru Bulls,3228,Saurabh Nandal,Defender - Left Corner,3
9,2900,2022-10-09,Bengaluru Bulls,4944,Bharat ,Raider,12
9,2900,2022-10-09,Bengaluru Bulls,5098,Rajnesh ,Defender - Right Cover,2
9,2901,2022-10-10,U Mumba,3032,Guman Singh,Raider,5
9,2901,2022-10-10,U Mumba,3138,Harendra Kumar,Defender - Left Cover,2
9,2901,2022-10-10,U Mumba,3964,Rinku ,Defender - Right Corner,3
9,2901,2022-10-10,U.P. Yoddhas,197,Pardeep Narwal,Raider,5
9,2901,2022-10-10,U.P. Yoddhas,3088,Nitesh Kumar,Defender,2
9,2901,2022-10-10,U.P. Yoddhas,3240,Sumit ,Defender - Left Corner,4
9,2901,2022-10-10,U.P. Yoddhas,3239,Ashu Singh,Defender - Right Cover,4
9,2901,2022-10-10,U.P. Yoddhas,3241,Surender Gill,Raider,4
9,2901,2022-10-10,U.P. Yoddhas,3472,Rathan K,Raider,1
9,2901,2022-10-10,U.P. Yoddhas,4228,Shubham Kumar,Defender - Left Cover,0
9,2902,2022-10-10,Dabang Delhi K.C.,240,Ravi Kumar,Defender - Right Cover,2
9,2902,2022-10-10,Dabang Delhi K.C.,3159,Vishal ,Defender - Left Cover,3
9,2902,2022-10-10,Dabang Delhi K.C.,2296,Naveen Kumar,Raider,15
9,2902,2022-10-10,Dabang Delhi K.C.,3965,Manjeet ,Raider,10
9,2902,2022-10-10,Dabang Delhi K.C.,4947,Ashu Malik,Raider,5
9,2902,2022-10-10,Dabang Delhi K.C.,4949,Krishan ,Defender,7
9,2902,2022-10-10,Dabang Delhi K.C.,5096,Vijay ,Defender - Left Corner,1
9,2902,2022-10-10,Gujarat Giants,163,Mahendra Rajput,Raider,7
9,2902,2022-10-10,Gujarat Giants,3084,Rinku Narwal,Defender,0
9,2902,2022-10-10,Gujarat Giants,621,Baldev Singh,Defender - Right Corner,0
9,2902,2022-10-10,Gujarat Giants,248,Sandeep Kandola,Defender,0
9,2902,2022-10-10,Gujarat Giants,5124,Parteek Dhaiya,All-Rounder,5
9,2903,2022-10-11,Haryana Steelers,763,Manjeet ,Raider,8
9,2903,2022-10-11,Haryana Steelers,3065,Nitin Rawal,All-Rounder,3
9,2903,2022-10-11,Haryana Steelers,3054,Vinay ,Raider,0
9,2903,2022-10-11,Haryana Steelers,4183,Meetu ,Raider,4
9,2903,2022-10-11,Haryana Steelers,4954,Mohit ,Defender - Right Cover,2
9,2903,2022-10-11,Haryana Steelers,5101,Monu ,Defender - Right Corner,0
9,2903,2022-10-11,Tamil Thalaivas,4965,Sahil Singh,Defender - Left Corner,3
9,2903,2022-10-11,Tamil Thalaivas,5046,Visvanath V.,All-Rounder,4
9,2903,2022-10-11,Tamil Thalaivas,5130,Sachin ,Raider ,0
9,2904,2022-10-11,Patna Pirates,3023,Rohit Gulia,All-Rounder,5
9,2904,2022-10-11,Patna Pirates,3107,Neeraj Kumar,Defender - Right Cover,0
9,2904,2022-10-11,Patna Pirates,3106,Sunil ,Defender - Right Corner,4
9,2904,2022-10-11,Patna Pirates,4798,Abdul Insamam,All-Rounder,3
9,2904,2022-10-11,Patna Pirates,4925,Mohammadreza Chiyaneh,All-Rounder,2
9,2904,2022-10-11,Patna Pirates,5091,Ranjit Naik,Raider,0
9,2904,2022-10-11,Telugu Titans,322,Surjeet Singh,Defender - Right Cover,4
9,2904,2022-10-11,Telugu Titans,3083,Vishal Bhardwaj,Defender,1
9,2904,2022-10-11,Telugu Titans,768,Vijay Kumar,Defender - Right Corner,1
9,2904,2022-10-11,Telugu Titans,2026,Siddharth Desai,Raider,7
9,2904,2022-10-11,Telugu Titans,5095,Vinay ,Raider,2
9,2905,2022-10-12,Bengaluru Bulls,366,Vikash Khandola,Raider,7
9,2905,2022-10-12,Bengaluru Bulls,3154,Sachin Narwal,All-Rounder,1
9,2905,2022-10-12,Bengaluru Bulls,3228,Saurabh Nandal,Defender - Left Corner,3
9,2905,2022-10-12,Bengaluru Bulls,4944,Bharat ,Raider,8
9,2905,2022-10-12,Bengal Warriors,143,Maninder Singh,Raider,11
9,2905,2022-10-12,Bengal Warriors,161,Girish Maruti Ernak,Defender - Left Corner,5
9,2905,2022-10-12,Bengal Warriors,106,Shrikant Jadhav,Raider,6
9,2905,2022-10-12,Bengal Warriors,5114,Vaibhav Garje,Defender - Right Cover,4
9,2906,2022-10-12,U.P. Yoddhas,3088,Nitesh Kumar,Defender,3
9,2906,2022-10-12,U.P. Yoddhas,2041,Gurdeep ,All-Rounder,0
9,2906,2022-10-12,U.P. Yoddhas,3239,Ashu Singh,Defender - Right Cover,4
9,2906,2022-10-12,U.P. Yoddhas,4228,Shubham Kumar,Defender - Left Cover,0
9,2906,2022-10-12,Dabang Delhi K.C.,240,Ravi Kumar,Defender - Right Cover,1
9,2906,2022-10-12,Dabang Delhi K.C.,3159,Vishal ,Defender - Left Cover,4
9,2906,2022-10-12,Dabang Delhi K.C.,2296,Naveen Kumar,Raider,13
9,2906,2022-10-12,Dabang Delhi K.C.,3965,Manjeet ,Raider,12
9,2906,2022-10-12,Dabang Delhi K.C.,4947,Ashu Malik,Raider,2
9,2906,2022-10-12,Dabang Delhi K.C.,5096,Vijay ,Defender - Left Corner,1
9,2907,2022-10-14,Tamil Thalaivas,3014,M. Abishek ,Defender - Right Cover,2
9,2907,2022-10-14,Tamil Thalaivas,3236,Sagar ,Defender - Right Corner,4
9,2907,2022-10-14,Tamil Thalaivas,3970,Himanshu ,Raider,3
9,2907,2022-10-14,Tamil Thalaivas,4964,Mohit ,Defender - Left Cover,1
9,2907,2022-10-14,Tamil Thalaivas,4965,Sahil Singh,Defender - Left Corner,1
9,2907,2022-10-14,Tamil Thalaivas,5046,Visvanath V.,All-Rounder,3
9,2907,2022-10-14,U Mumba,3086,Surinder Singh,Defender,2
9,2907,2022-10-14,U Mumba,3032,Guman Singh,Raider,12
9,2907,2022-10-14,U Mumba,3138,Harendra Kumar,Defender - Left Cover,0
9,2907,2022-10-14,U Mumba,3964,Rinku ,Defender - Right Corner,3
9,2907,2022-10-14,U Mumba,5037,Kiran Laxman,Defender - Left Corner,0
9,2908,2022-10-14,Haryana Steelers,219,K.Prapanjan ,Raider,1
9,2908,2022-10-14,Haryana Steelers,3065,Nitin Rawal,All-Rounder,0
9,2908,2022-10-14,Haryana Steelers,3054,Vinay ,Raider,2
9,2908,2022-10-14,Haryana Steelers,4179,Sushil ,Raider,1
9,2908,2022-10-14,Haryana Steelers,4183,Meetu ,Raider,16
9,2908,2022-10-14,Haryana Steelers,5103,Harsh ,Defender - Left Cover,1
9,2908,2022-10-14,Haryana Steelers,5104,Sunny ,Defender - Right Cover,1
9,2908,2022-10-14,Jaipur Pink Panthers,368,Sunil Kumar,Defender,8
9,2909,2022-10-14,Gujarat Giants,2297,Arkam Shaikh,All-Rounder,3
9,2909,2022-10-14,Gujarat Giants,3593,Sourav Gulia,Defender,5
9,2909,2022-10-14,Gujarat Giants,248,Sandeep Kandola,Defender,1
9,2909,2022-10-14,Gujarat Giants,3966,Rakesh ,Raider,15
9,2909,2022-10-14,Gujarat Giants,5124,Parteek Dhaiya,All-Rounder,2
9,2909,2022-10-14,Puneri Paltan,259,Fazel Atrachali,Defender,2
9,2909,2022-10-14,Puneri Paltan,3234,Sanket Sawant,Defender - Left Cover,0
9,2909,2022-10-14,Puneri Paltan,4022,Mohit Goyat,Raider,6
9,2909,2022-10-14,Puneri Paltan,4960,Aslam Inamdar,Raider,19
9,2909,2022-10-14,Puneri Paltan,5128,Gaurav Khatri,Defender - Right Corner,3
9,2910,2022-10-15,Jaipur Pink Panthers,368,Sunil Kumar,Defender,2
9,2910,2022-10-15,Jaipur Pink Panthers,660,Bhavani Rajput,Raider,5
9,2910,2022-10-15,Jaipur Pink Panthers,2024,Arjun Deshwal,Raider,4
9,2910,2022-10-15,Jaipur Pink Panthers,3574,Ankush ,Defender - Left Corner,3
9,2910,2022-10-15,Jaipur Pink Panthers,4769,Sahul Kumar,Defender - Right Corner,2
9,2910,2022-10-15,Jaipur Pink Panthers,5042,Lucky Sharma,Defender - Right Corner,1
9,2910,2022-10-15,Jaipur Pink Panthers,5113,Abhishek KS,Defender - Left Cover,1
9,2910,2022-10-15,Gujarat Giants,5039,Shankar Gadai,All-Rounder,3
9,2911,2022-10-15,Telugu Titans,3227,Ankit ,Defender,1
9,2911,2022-10-15,Telugu Titans,5109,Mohit Pahal,Defender - Left Corner,0
9,2911,2022-10-15,Telugu Titans,5110,Mohit ,Defender - Left Cover,0
9,2911,2022-10-15,Telugu Titans,5111,Nitin ,Defender - Right Cover,0
9,2911,2022-10-15,Telugu Titans,5095,Vinay ,Raider,10
9,2911,2022-10-15,Dabang Delhi K.C.,240,Ravi Kumar,Defender - Right Cover,4
9,2911,2022-10-15,Dabang Delhi K.C.,2296,Naveen Kumar,Raider,12
9,2911,2022-10-15,Dabang Delhi K.C.,4106,Tejas Patil,All-Rounder,1
9,2911,2022-10-15,Dabang Delhi K.C.,4949,Krishan ,Defender,2
9,2911,2022-10-15,Dabang Delhi K.C.,5100,Ashish Narwal,Raider,3
9,2911,2022-10-15,Dabang Delhi K.C.,5096,Vijay ,Defender - Left Corner,3
9,2912,2022-10-15,Bengal Warriors,143,Maninder Singh,Raider,12
9,2912,2022-10-15,Bengal Warriors,161,Girish Maruti Ernak,Defender - Left Corner,3
9,2912,2022-10-15,Bengal Warriors,3103,Shubham Shinde,Defender - Right Corner,4
9,2912,2022-10-15,Bengal Warriors,4195,Sakthivel R,Defender - Right Corner,1
9,2912,2022-10-15,Bengal Warriors,3151,Manoj Gowda,All-Rounder,3
9,2912,2022-10-15,Bengal Warriors,4978,Balaji D,All-Rounder,2
9,2912,2022-10-15,Patna Pirates,757,Sachin ,Raider,12
9,2912,2022-10-15,Patna Pirates,3107,Neeraj Kumar,Defender - Right Cover,0
9,2912,2022-10-15,Patna Pirates,4925,Mohammadreza Chiyaneh,All-Rounder,4
9,2912,2022-10-15,Patna Pirates,4957,Manish ,Defender,0
9,2912,2022-10-15,Patna Pirates,5091,Ranjit Naik,Raider,0
9,2913,2022-10-16,Puneri Paltan,259,Fazel Atrachali,Defender,4
9,2913,2022-10-16,Puneri Paltan,3000,Sombir ,Defender,2
9,2913,2022-10-16,Puneri Paltan,4022,Mohit Goyat,Raider,5
9,2913,2022-10-16,U Mumba,3086,Surinder Singh,Defender,0
9,2913,2022-10-16,U Mumba,3032,Guman Singh,Raider,7
9,2913,2022-10-16,U Mumba,3964,Rinku ,Defender - Right Corner,3
9,2913,2022-10-16,U Mumba,4186,Rahul Sethpal,Defender - Right Corner,1
9,2913,2022-10-16,U Mumba,5002,Jai Bhagwan,Raider,5
9,2913,2022-10-16,U Mumba,5018,Heidarali Ekrami,Raider,2
9,2913,2022-10-16,U Mumba,5032,Mohit ,Defender - Left Corner,3
9,2914,2022-10-16,U.P. Yoddhas,3088,Nitesh Kumar,Defender,3
9,2914,2022-10-16,U.P. Yoddhas,3239,Ashu Singh,Defender - Right Cover,1
9,2914,2022-10-16,Bengaluru Bulls,86,Rajesh Narwal,All Rounder,0
9,2914,2022-10-16,Bengaluru Bulls,366,Vikash Khandola,Raider,12
9,2914,2022-10-16,Bengaluru Bulls,769,Mahender Singh,Defender - Left Cover,2
9,2914,2022-10-16,Bengaluru Bulls,3154,Sachin Narwal,All-Rounder,2
9,2914,2022-10-16,Bengaluru Bulls,3228,Saurabh Nandal,Defender - Left Corner,2
9,2914,2022-10-16,Bengaluru Bulls,4944,Bharat ,Raider,9
9,2914,2022-10-16,Bengaluru Bulls,4972,Aman ,Defender - Left Corner,2
9,2915,2022-10-17,Tamil Thalaivas,3014,M. Abishek ,Defender - Right Cover,0
9,2915,2022-10-17,Tamil Thalaivas,3236,Sagar ,Defender - Right Corner,2
9,2915,2022-10-17,Tamil Thalaivas,4962,Aashish ,Defender - Left Cover,1
9,2915,2022-10-17,Tamil Thalaivas,4963,Himanshu Singh,Raider,11
9,2915,2022-10-17,Tamil Thalaivas,4965,Sahil Singh,Defender - Left Corner,3
9,2915,2022-10-17,Tamil Thalaivas,5046,Visvanath V.,All-Rounder,1
9,2915,2022-10-17,Patna Pirates,757,Sachin ,Raider,6
9,2915,2022-10-17,Patna Pirates,3023,Rohit Gulia,All-Rounder,11
9,2915,2022-10-17,Patna Pirates,3107,Neeraj Kumar,Defender - Right Cover,0
9,2915,2022-10-17,Patna Pirates,3082,Monu ,Raider,2
9,2915,2022-10-17,Patna Pirates,3106,Sunil ,Defender - Right Corner,4
9,2915,2022-10-17,Patna Pirates,3343,Sajin C,All-Rounder,0
9,2915,2022-10-17,Patna Pirates,4925,Mohammadreza Chiyaneh,All-Rounder,1
9,2916,2022-10-17,Dabang Delhi K.C.,240,Ravi Kumar,Defender - Right Cover,2
9,2916,2022-10-17,Dabang Delhi K.C.,2296,Naveen Kumar,Raider,15
9,2916,2022-10-17,Dabang Delhi K.C.,4947,Ashu Malik,Raider,4
9,2916,2022-10-17,Dabang Delhi K.C.,4949,Krishan ,Defender,2
9,2916,2022-10-17,Dabang Delhi K.C.,5096,Vijay ,Defender - Left Corner,4
9,2916,2022-10-17,Haryana Steelers,194,Joginder Narwal,Defender - Left Corner,1
9,2916,2022-10-17,Haryana Steelers,3065,Nitin Rawal,All-Rounder,2
9,2916,2022-10-17,Haryana Steelers,4183,Meetu ,Raider,6
9,2916,2022-10-17,Haryana Steelers,4184,Jaideep ,Defender - Left Cover,3
9,2916,2022-10-17,Haryana Steelers,4954,Mohit ,Defender - Right Cover,3
9,2916,2022-10-17,Haryana Steelers,4928,Amirhossein Bastami,Defender,1
9,2917,2022-10-18,Bengal Warriors,143,Maninder Singh,Raider,2
9,2917,2022-10-18,Bengal Warriors,161,Girish Maruti Ernak,Defender - Left Corner,3
9,2917,2022-10-18,Bengal Warriors,4978,Balaji D,All-Rounder,1
9,2917,2022-10-18,Bengal Warriors,5114,Vaibhav Garje,Defender - Right Cover,2
9,2917,2022-10-18,Jaipur Pink Panthers,368,Sunil Kumar,Defender,4
9,2917,2022-10-18,Jaipur Pink Panthers,660,Bhavani Rajput,Raider,5
9,2917,2022-10-18,Jaipur Pink Panthers,2024,Arjun Deshwal,Raider,10
9,2917,2022-10-18,Jaipur Pink Panthers,3053,V Ajith Kumar,Raider,5
9,2917,2022-10-18,Jaipur Pink Panthers,3574,Ankush ,Defender - Left Corner,5
9,2917,2022-10-18,Jaipur Pink Panthers,4769,Sahul Kumar,Defender - Right Corner,2
9,2917,2022-10-18,Jaipur Pink Panthers,5113,Abhishek KS,Defender - Left Cover,2
9,2918,2022-10-18,Telugu Titans,322,Surjeet Singh,Defender - Right Cover,4
9,2918,2022-10-18,Telugu Titans,3083,Vishal Bhardwaj,Defender,0
9,2918,2022-10-18,Telugu Titans,357,Parvesh Bhainswal,Defender - Left Cover,1
9,2918,2022-10-18,Telugu Titans,2026,Siddharth Desai,Raider,8
9,2918,2022-10-18,Puneri Paltan,259,Fazel Atrachali,Defender,3
9,2918,2022-10-18,Puneri Paltan,3176,Mohammad Nabibakhsh,All-Rounder,3
9,2918,2022-10-18,Puneri Paltan,3234,Sanket Sawant,Defender - Left Cover,0
9,2918,2022-10-18,Puneri Paltan,4022,Mohit Goyat,Raider,10
9,2918,2022-10-18,Puneri Paltan,4960,Aslam Inamdar,Raider,5
9,2918,2022-10-18,Puneri Paltan,5053,Rakesh Ram,Defender - Right Cover,0
9,2919,2022-10-19,Gujarat Giants,3966,Rakesh ,Raider,16
9,2919,2022-10-19,U.P. Yoddhas,197,Pardeep Narwal,Raider,17
9,2919,2022-10-19,U.P. Yoddhas,3088,Nitesh Kumar,Defender,0
9,2919,2022-10-19,U.P. Yoddhas,2041,Gurdeep ,All-Rounder,0
9,2919,2022-10-19,U.P. Yoddhas,3240,Sumit ,Defender - Left Corner,2
9,2919,2022-10-19,U.P. Yoddhas,3239,Ashu Singh,Defender - Right Cover,1
9,2919,2022-10-19,U.P. Yoddhas,3241,Surender Gill,Raider,14
9,2919,2022-10-19,U.P. Yoddhas,4222,Rohit Tomar,Raider,2
9,2920,2022-10-19,Bengaluru Bulls,366,Vikash Khandola,Raider,7
9,2920,2022-10-19,Bengaluru Bulls,769,Mahender Singh,Defender - Left Cover,3
9,2920,2022-10-19,Bengaluru Bulls,772,More G B,Raider,0
9,2920,2022-10-19,Bengaluru Bulls,3038,Neeraj Narwal,Raider,5
9,2920,2022-10-19,Bengaluru Bulls,3228,Saurabh Nandal,Defender - Left Corner,3
9,2920,2022-10-19,Bengaluru Bulls,4944,Bharat ,Raider,12
9,2920,2022-10-19,Bengaluru Bulls,4972,Aman ,Defender - Left Corner,2
9,2920,2022-10-19,Tamil Thalaivas,4198,K. Abhimanyu,All-Rounder,0
9,2920,2022-10-19,Tamil Thalaivas,4962,Aashish ,Defender - Left Cover,3
9,2920,2022-10-19,Tamil Thalaivas,4963,Himanshu Singh,Raider,8
9,2920,2022-10-19,Tamil Thalaivas,5046,Visvanath V.,All-Rounder,4
9,2921,2022-10-21,U Mumba,3086,Surinder Singh,Defender,6
9,2921,2022-10-21,U Mumba,3028,Ashish ,Raider,1
9,2921,2022-10-21,U Mumba,3138,Harendra Kumar,Defender - Left Cover,3
9,2921,2022-10-21,U Mumba,3964,Rinku ,Defender - Right Corner,2
9,2921,2022-10-21,U Mumba,5002,Jai Bhagwan,Raider,3
9,2921,2022-10-21,U Mumba,5032,Mohit ,Defender - Left Corner,1
9,2921,2022-10-21,Haryana Steelers,763,Manjeet ,Raider,4
9,2921,2022-10-21,Haryana Steelers,3065,Nitin Rawal,All-Rounder,3
9,2921,2022-10-21,Haryana Steelers,4179,Sushil ,Raider,3
9,2921,2022-10-21,Haryana Steelers,4184,Jaideep ,Defender - Left Cover,2
9,2921,2022-10-21,Haryana Steelers,4954,Mohit ,Defender - Right Cover,3
9,2922,2022-10-21,Puneri Paltan,259,Fazel Atrachali,Defender,6
9,2922,2022-10-21,Puneri Paltan,3000,Sombir ,Defender,5
9,2922,2022-10-21,Puneri Paltan,3234,Sanket Sawant,Defender - Left Cover,2
9,2922,2022-10-21,Puneri Paltan,4022,Mohit Goyat,Raider,4
9,2922,2022-10-21,Puneri Paltan,5053,Rakesh Ram,Defender - Right Cover,0
9,2922,2022-10-21,Bengal Warriors,143,Maninder Singh,Raider,6
9,2922,2022-10-21,Bengal Warriors,161,Girish Maruti Ernak,Defender - Left Corner,4
9,2922,2022-10-21,Bengal Warriors,3103,Shubham Shinde,Defender - Right Corner,2
9,2922,2022-10-21,Bengal Warriors,4723,Rohit ,All-Rounder,5
9,2922,2022-10-21,Bengal Warriors,4929,Soleiman Pahlevani,Defender,0
9,2922,2022-10-21,Bengal Warriors,4978,Balaji D,All-Rounder,0
9,2922,2022-10-21,Bengal Warriors,5114,Vaibhav Garje,Defender - Right Cover,0
9,2923,2022-10-21,Patna Pirates,757,Sachin ,Raider,9
9,2923,2022-10-21,Patna Pirates,3023,Rohit Gulia,All-Rounder,13
9,2923,2022-10-21,Patna Pirates,3107,Neeraj Kumar,Defender - Right Cover,4
9,2923,2022-10-21,Patna Pirates,3082,Monu ,Raider,1
9,2923,2022-10-21,Patna Pirates,3106,Sunil ,Defender - Right Corner,1
9,2923,2022-10-21,Patna Pirates,4925,Mohammadreza Chiyaneh,All-Rounder,3
9,2923,2022-10-21,Dabang Delhi K.C.,240,Ravi Kumar,Defender - Right Cover,3
9,2923,2022-10-21,Dabang Delhi K.C.,290,Sandeep Dhull,Defender - Left Corner,0
9,2923,2022-10-21,Dabang Delhi K.C.,3159,Vishal ,Defender - Left Cover,0
9,2923,2022-10-21,Dabang Delhi K.C.,2296,Naveen Kumar,Raider,13
9,2923,2022-10-21,Dabang Delhi K.C.,3965,Manjeet ,Raider,4
9,2923,2022-10-21,Dabang Delhi K.C.,4947,Ashu Malik,Raider,8
9,2924,2022-10-22,U Mumba,3086,Surinder Singh,Defender,4
9,2924,2022-10-22,U Mumba,3138,Harendra Kumar,Defender - Left Cover,1
9,2924,2022-10-22,U Mumba,5117,Pranay Rane,Raider,1
9,2924,2022-10-22,U Mumba,5032,Mohit ,Defender - Left Corner,2
9,2924,2022-10-22,Bengaluru Bulls,366,Vikash Khandola,Raider,8
9,2924,2022-10-22,Bengaluru Bulls,769,Mahender Singh,Defender - Left Cover,1
9,2924,2022-10-22,Bengaluru Bulls,772,More G B,Raider,1
9,2924,2022-10-22,Bengaluru Bulls,3228,Saurabh Nandal,Defender - Left Corner,4
9,2924,2022-10-22,Bengaluru Bulls,4944,Bharat ,Raider,16
9,2924,2022-10-22,Bengaluru Bulls,4972,Aman ,Defender - Left Corner,2
9,2924,2022-10-22,Bengaluru Bulls,5098,Rajnesh ,Defender - Right Cover,0
9,2925,2022-10-22,Jaipur Pink Panthers,368,Sunil Kumar,Defender,4
9,2925,2022-10-22,Jaipur Pink Panthers,81,Rahul Chaudhari,Raider,8
9,2925,2022-10-22,Jaipur Pink Panthers,2024,Arjun Deshwal,Raider,12
9,2925,2022-10-22,Jaipur Pink Panthers,3574,Ankush ,Defender - Left Corner,5
9,2925,2022-10-22,Jaipur Pink Panthers,4769,Sahul Kumar,Defender - Right Corner,7
9,2925,2022-10-22,Jaipur Pink Panthers,5042,Lucky Sharma,Defender - Right Corner,0
9,2925,2022-10-22,Jaipur Pink Panthers,5022,Reza Mirbagheri,Defender,0
9,2925,2022-10-22,Telugu Titans,3083,Vishal Bhardwaj,Defender,3
9,2925,2022-10-22,Telugu Titans,567,Mohsen Maghsoudlou,All-Rounder,0
9,2925,2022-10-22,Telugu Titans,768,Vijay Kumar,Defender - Right Corner,1
9,2925,2022-10-22,Telugu Titans,2026,Siddharth Desai,Raider,3
9,2925,2022-10-22,Telugu Titans,3095,Adarsh T,Defender - Left Corner,9
9,2925,2022-10-22,Telugu Titans,5110,Mohit ,Defender - Left Cover,0
9,2925,2022-10-22,Telugu Titans,5111,Nitin ,Defender - Right Cover,0
9,2926,2022-10-22,Haryana Steelers,219,K.Prapanjan ,Raider,2
9,2926,2022-10-22,Haryana Steelers,3065,Nitin Rawal,All-Rounder,1
9,2926,2022-10-22,Haryana Steelers,4179,Sushil ,Raider,1
9,2926,2022-10-22,Haryana Steelers,4184,Jaideep ,Defender - Left Cover,5
9,2926,2022-10-22,Haryana Steelers,4954,Mohit ,Defender - Right Cover,3
9,2926,2022-10-22,Haryana Steelers,4928,Amirhossein Bastami,Defender,2
9,2926,2022-10-22,Gujarat Giants,36,Chandran Ranjit,Raider,5
9,2926,2022-10-22,Gujarat Giants,3084,Rinku Narwal,Defender,2
9,2926,2022-10-22,Gujarat Giants,2297,Arkam Shaikh,All-Rounder,3
9,2926,2022-10-22,Gujarat Giants,3128,Sonu ,Raider,0
9,2926,2022-10-22,Gujarat Giants,3593,Sourav Gulia,Defender,5
9,2926,2022-10-22,Gujarat Giants,3966,Rakesh ,Raider,18
9,2927,2022-10-23,Bengaluru Bulls,366,Vikash Khandola,Raider,3
9,2927,2022-10-23,Bengaluru Bulls,769,Mahender Singh,Defender - Left Cover,3
9,2927,2022-10-23,Bengaluru Bulls,3038,Neeraj Narwal,Raider,4
9,2927,2022-10-23,Bengaluru Bulls,3228,Saurabh Nandal,Defender - Left Corner,3
9,2927,2022-10-23,Bengaluru Bulls,4944,Bharat ,Raider,11
9,2927,2022-10-23,Bengaluru Bulls,4972,Aman ,Defender - Left Corner,1
9,2927,2022-10-23,Bengaluru Bulls,5098,Rajnesh ,Defender - Right Cover,0
9,2927,2022-10-23,Patna Pirates,757,Sachin ,Raider,6
9,2927,2022-10-23,Patna Pirates,3082,Monu ,Raider,1
9,2927,2022-10-23,Patna Pirates,3106,Sunil ,Defender - Right Corner,2
9,2927,2022-10-23,Patna Pirates,4925,Mohammadreza Chiyaneh,All-Rounder,4
9,2928,2022-10-23,U.P. Yoddhas,3088,Nitesh Kumar,Defender,3
9,2928,2022-10-23,U.P. Yoddhas,2041,Gurdeep ,All-Rounder,2
9,2928,2022-10-23,U.P. Yoddhas,3240,Sumit ,Defender - Left Corner,7
9,2928,2022-10-23,U.P. Yoddhas,3241,Surender Gill,Raider,4
9,2928,2022-10-23,U.P. Yoddhas,3472,Rathan K,Raider,3
9,2928,2022-10-23,U.P. Yoddhas,3039,Nitin Panwar,All-Rounder,0
9,2928,2022-10-23,U.P. Yoddhas,4971,Aman ,Raider,0
9,2928,2022-10-23,Tamil Thalaivas,4964,Mohit ,Defender - Left Cover,2
9,2928,2022-10-23,Tamil Thalaivas,4965,Sahil Singh,Defender - Left Corner,6
9,2929,2022-10-25,Puneri Paltan,259,Fazel Atrachali,Defender,1
9,2929,2022-10-25,Puneri Paltan,3176,Mohammad Nabibakhsh,All-Rounder,2
9,2929,2022-10-25,Puneri Paltan,4022,Mohit Goyat,Raider,6
9,2929,2022-10-25,Puneri Paltan,4959,Akash Shinde,Raider,0
9,2929,2022-10-25,Puneri Paltan,4960,Aslam Inamdar,Raider,13
9,2929,2022-10-25,Puneri Paltan,5128,Gaurav Khatri,Defender - Right Corner,2
9,2929,2022-10-25,Jaipur Pink Panthers,660,Bhavani Rajput,Raider,1
9,2929,2022-10-25,Jaipur Pink Panthers,2024,Arjun Deshwal,Raider,7
9,2929,2022-10-25,Jaipur Pink Panthers,3152,Nitin Panwar ,Raider,2
9,2929,2022-10-25,Jaipur Pink Panthers,5042,Lucky Sharma,Defender - Right Corner,0
9,2930,2022-10-25,Telugu Titans,567,Mohsen Maghsoudlou,All-Rounder,1
9,2930,2022-10-25,Telugu Titans,2026,Siddharth Desai,Raider,5
9,2930,2022-10-25,Telugu Titans,3095,Adarsh T,Defender - Left Corner,4
9,2930,2022-10-25,Telugu Titans,5111,Nitin ,Defender - Right Cover,3
9,2930,2022-10-25,Haryana Steelers,219,K.Prapanjan ,Raider,3
9,2930,2022-10-25,Haryana Steelers,763,Manjeet ,Raider,7
9,2930,2022-10-25,Haryana Steelers,3065,Nitin Rawal,All-Rounder,4
9,2930,2022-10-25,Haryana Steelers,4183,Meetu ,Raider,13
9,2930,2022-10-25,Haryana Steelers,4184,Jaideep ,Defender - Left Cover,4
9,2930,2022-10-25,Haryana Steelers,4954,Mohit ,Defender - Right Cover,2
9,2931,2022-10-26,Gujarat Giants,4939,Pardeep Kumar,Raider,1
9,2931,2022-10-26,Gujarat Giants,248,Sandeep Kandola,Defender,1
9,2931,2022-10-26,Gujarat Giants,3966,Rakesh ,Raider,12
9,2931,2022-10-26,U Mumba,3086,Surinder Singh,Defender,3
9,2931,2022-10-26,U Mumba,3032,Guman Singh,Raider,12
9,2931,2022-10-26,U Mumba,3028,Ashish ,Raider,2
9,2931,2022-10-26,U Mumba,3138,Harendra Kumar,Defender - Left Cover,1
9,2931,2022-10-26,U Mumba,4186,Rahul Sethpal,Defender - Right Corner,0
9,2931,2022-10-26,U Mumba,5018,Heidarali Ekrami,Raider,10
9,2931,2022-10-26,U Mumba,5032,Mohit ,Defender - Left Corner,2
9,2932,2022-10-26,Dabang Delhi K.C.,3159,Vishal ,Defender - Left Cover,3
9,2932,2022-10-26,Dabang Delhi K.C.,4947,Ashu Malik,Raider,4
9,2932,2022-10-26,Dabang Delhi K.C.,4949,Krishan ,Defender,2
9,2932,2022-10-26,Dabang Delhi K.C.,5100,Ashish Narwal,Raider,0
9,2932,2022-10-26,Dabang Delhi K.C.,5096,Vijay ,Defender - Left Corner,2
9,2932,2022-10-26,Bengal Warriors,143,Maninder Singh,Raider,10
9,2932,2022-10-26,Bengal Warriors,161,Girish Maruti Ernak,Defender - Left Corner,5
9,2932,2022-10-26,Bengal Warriors,3103,Shubham Shinde,Defender - Right Corner,3
9,2932,2022-10-26,Bengal Warriors,3151,Manoj Gowda,All-Rounder,0
9,2932,2022-10-26,Bengal Warriors,4978,Balaji D,All-Rounder,2
9,2932,2022-10-26,Bengal Warriors,5114,Vaibhav Garje,Defender - Right Cover,6
9,2933,2022-10-28,Tamil Thalaivas,3097,Ajinkya Ashok Pawar,Raider,6
9,2933,2022-10-28,Tamil Thalaivas,3014,M. Abishek ,Defender - Right Cover,3
9,2933,2022-10-28,Tamil Thalaivas,3161,Himanshu ,Defender - Left Corner,4
9,2933,2022-10-28,Tamil Thalaivas,3236,Sagar ,Defender - Right Corner,2
9,2933,2022-10-28,Tamil Thalaivas,4964,Mohit ,Defender - Left Cover,1
9,2933,2022-10-28,Tamil Thalaivas,4965,Sahil Singh,Defender - Left Corner,2
9,2933,2022-10-28,Tamil Thalaivas,5093,Narender ,Raider,13
9,2933,2022-10-28,Jaipur Pink Panthers,3574,Ankush ,Defender - Left Corner,4
9,2933,2022-10-28,Jaipur Pink Panthers,3152,Nitin Panwar ,Raider,0
9,2933,2022-10-28,Jaipur Pink Panthers,5042,Lucky Sharma,Defender - Right Corner,0
9,2934,2022-10-28,Haryana Steelers,204,Rakesh Narwal,Raider,0
9,2934,2022-10-28,Haryana Steelers,763,Manjeet ,Raider,8
9,2934,2022-10-28,Haryana Steelers,3065,Nitin Rawal,All-Rounder,0
9,2934,2022-10-28,Haryana Steelers,4184,Jaideep ,Defender - Left Cover,1
9,2934,2022-10-28,Haryana Steelers,4954,Mohit ,Defender - Right Cover,1
9,2934,2022-10-28,Haryana Steelers,4928,Amirhossein Bastami,Defender,1
9,2934,2022-10-28,Puneri Paltan,259,Fazel Atrachali,Defender,2
9,2934,2022-10-28,Puneri Paltan,3000,Sombir ,Defender,2
9,2934,2022-10-28,Puneri Paltan,4022,Mohit Goyat,Raider,11
9,2934,2022-10-28,Puneri Paltan,4960,Aslam Inamdar,Raider,3
9,2934,2022-10-28,Puneri Paltan,5128,Gaurav Khatri,Defender - Right Corner,0
9,2935,2022-10-28,Patna Pirates,757,Sachin ,Raider,11
9,2935,2022-10-28,Patna Pirates,3023,Rohit Gulia,All-Rounder,7
9,2935,2022-10-28,Patna Pirates,3107,Neeraj Kumar,Defender - Right Cover,3
9,2935,2022-10-28,Patna Pirates,3082,Monu ,Raider,3
9,2935,2022-10-28,Patna Pirates,3106,Sunil ,Defender - Right Corner,1
9,2935,2022-10-28,Patna Pirates,4925,Mohammadreza Chiyaneh,All-Rounder,2
9,2935,2022-10-28,U.P. Yoddhas,197,Pardeep Narwal,Raider,12
9,2935,2022-10-28,U.P. Yoddhas,3088,Nitesh Kumar,Defender,3
9,2935,2022-10-28,U.P. Yoddhas,2041,Gurdeep ,All-Rounder,0
9,2935,2022-10-28,U.P. Yoddhas,3240,Sumit ,Defender - Left Corner,1
9,2935,2022-10-28,U.P. Yoddhas,3239,Ashu Singh,Defender - Right Cover,1
9,2935,2022-10-28,U.P. Yoddhas,3241,Surender Gill,Raider,4
9,2935,2022-10-28,U.P. Yoddhas,4222,Rohit Tomar,Raider,5
9,2936,2022-10-29,Bengaluru Bulls,3038,Neeraj Narwal,Raider,5
9,2936,2022-10-29,Bengaluru Bulls,3228,Saurabh Nandal,Defender - Left Corner,6
9,2936,2022-10-29,Bengaluru Bulls,4848,Mayur Kadam,Defender - Right Cover,1
9,2936,2022-10-29,Bengaluru Bulls,4944,Bharat ,Raider,20
9,2936,2022-10-29,Bengaluru Bulls,4972,Aman ,Defender - Left Corner,1
9,2936,2022-10-29,Dabang Delhi K.C.,240,Ravi Kumar,Defender - Right Cover,0
9,2936,2022-10-29,Dabang Delhi K.C.,290,Sandeep Dhull,Defender - Left Corner,0
9,2936,2022-10-29,Dabang Delhi K.C.,3159,Vishal ,Defender - Left Cover,3
9,2936,2022-10-29,Dabang Delhi K.C.,2296,Naveen Kumar,Raider,16
9,2936,2022-10-29,Dabang Delhi K.C.,311,Anil Kumar,Defender - Left Cover,1
9,2936,2022-10-29,Dabang Delhi K.C.,4947,Ashu Malik,Raider,15
9,2936,2022-10-29,Dabang Delhi K.C.,4949,Krishan ,Defender,1
9,2937,2022-10-29,Telugu Titans,322,Surjeet Singh,Defender - Right Cover,0
9,2937,2022-10-29,Telugu Titans,3083,Vishal Bhardwaj,Defender,1
9,2937,2022-10-29,Telugu Titans,2028,Abhishek Singh,Raider,0
9,2937,2022-10-29,Telugu Titans,2026,Siddharth Desai,Raider,1
9,2937,2022-10-29,Telugu Titans,3095,Adarsh T,Defender - Left Corner,2
9,2937,2022-10-29,Telugu Titans,3227,Ankit ,Defender,6
9,2937,2022-10-29,Gujarat Giants,3084,Rinku Narwal,Defender,4
9,2937,2022-10-29,Gujarat Giants,2297,Arkam Shaikh,All-Rounder,1
9,2937,2022-10-29,Gujarat Giants,3075,Purna Singh,Raider,0
9,2937,2022-10-29,Gujarat Giants,3593,Sourav Gulia,Defender,6
9,2937,2022-10-29,Gujarat Giants,3966,Rakesh ,Raider,6
9,2937,2022-10-29,Gujarat Giants,5124,Parteek Dhaiya,All-Rounder,6
9,2937,2022-10-29,Gujarat Giants,5039,Shankar Gadai,All-Rounder,2
9,2938,2022-10-29,Bengal Warriors,143,Maninder Singh,Raider,6
9,2938,2022-10-29,Bengal Warriors,161,Girish Maruti Ernak,Defender - Left Corner,0
9,2938,2022-10-29,Bengal Warriors,5114,Vaibhav Garje,Defender - Right Cover,2
9,2938,2022-10-29,U Mumba,3086,Surinder Singh,Defender,4
9,2938,2022-10-29,U Mumba,3028,Ashish ,Raider,8
9,2938,2022-10-29,U Mumba,3138,Harendra Kumar,Defender - Left Cover,0
9,2938,2022-10-29,U Mumba,3964,Rinku ,Defender - Right Corner,8
9,2938,2022-10-29,U Mumba,4186,Rahul Sethpal,Defender - Right Corner,0
9,2938,2022-10-29,U Mumba,5002,Jai Bhagwan,Raider,5
9,2938,2022-10-29,U Mumba,5032,Mohit ,Defender - Left Corner,7
9,2939,2022-10-30,Jaipur Pink Panthers,368,Sunil Kumar,Defender,5
9,2939,2022-10-30,Jaipur Pink Panthers,2024,Arjun Deshwal,Raider,10
9,2939,2022-10-30,Jaipur Pink Panthers,3574,Ankush ,Defender - Left Corner,2
9,2939,2022-10-30,Jaipur Pink Panthers,4769,Sahul Kumar,Defender - Right Corner,0
9,2939,2022-10-30,Jaipur Pink Panthers,5022,Reza Mirbagheri,Defender,4
9,2939,2022-10-30,Bengaluru Bulls,366,Vikash Khandola,Raider,9
9,2939,2022-10-30,Bengaluru Bulls,769,Mahender Singh,Defender - Left Cover,0
9,2939,2022-10-30,Bengaluru Bulls,3038,Neeraj Narwal,Raider,5
9,2939,2022-10-30,Bengaluru Bulls,3228,Saurabh Nandal,Defender - Left Corner,3
9,2939,2022-10-30,Bengaluru Bulls,4848,Mayur Kadam,Defender - Right Cover,2
9,2939,2022-10-30,Bengaluru Bulls,4944,Bharat ,Raider,10
9,2939,2022-10-30,Bengaluru Bulls,4972,Aman ,Defender - Left Corner,2
9,2940,2022-10-30,Tamil Thalaivas,3161,Himanshu ,Defender - Left Corner,5
9,2940,2022-10-30,Tamil Thalaivas,3236,Sagar ,Defender - Right Corner,2
9,2940,2022-10-30,Tamil Thalaivas,4224,Arpit Saroha,Defender - Right Corner,0
9,2940,2022-10-30,Tamil Thalaivas,4964,Mohit ,Defender - Left Cover,1
9,2940,2022-10-30,Tamil Thalaivas,4965,Sahil Singh,Defender - Left Corner,1
9,2940,2022-10-30,Tamil Thalaivas,5046,Visvanath V.,All-Rounder,0
9,2940,2022-10-30,Tamil Thalaivas,5093,Narender ,Raider,24
9,2940,2022-10-30,Dabang Delhi K.C.,240,Ravi Kumar,Defender - Right Cover,0
9,2940,2022-10-30,Dabang Delhi K.C.,212,Amit Hooda,Defender - Right Corner,1
9,2940,2022-10-30,Dabang Delhi K.C.,3159,Vishal ,Defender - Left Cover,1
9,2940,2022-10-30,Dabang Delhi K.C.,3965,Manjeet ,Raider,4
9,2940,2022-10-30,Dabang Delhi K.C.,4947,Ashu Malik,Raider,14
9,2940,2022-10-30,Dabang Delhi K.C.,5100,Ashish Narwal,Raider,5
9,2940,2022-10-30,Dabang Delhi K.C.,5096,Vijay ,Defender - Left Corner,0
9,2941,2022-10-31,Gujarat Giants,163,Mahendra Rajput,Raider,9
9,2941,2022-10-31,Gujarat Giants,3084,Rinku Narwal,Defender,1
9,2941,2022-10-31,Gujarat Giants,2297,Arkam Shaikh,All-Rounder,0
9,2941,2022-10-31,Gujarat Giants,3966,Rakesh ,Raider,2
9,2941,2022-10-31,Gujarat Giants,5124,Parteek Dhaiya,All-Rounder,11
9,2941,2022-10-31,Gujarat Giants,5039,Shankar Gadai,All-Rounder,1
9,2941,2022-10-31,Patna Pirates,757,Sachin ,Raider,13
9,2941,2022-10-31,Patna Pirates,4925,Mohammadreza Chiyaneh,All-Rounder,1
9,2942,2022-10-31,U.P. Yoddhas,579,Jaideep ,Defender - Left Corner,0
9,2942,2022-10-31,U.P. Yoddhas,2041,Gurdeep ,All-Rounder,6
9,2942,2022-10-31,U.P. Yoddhas,3241,Surender Gill,Raider,13
9,2942,2022-10-31,U.P. Yoddhas,3039,Nitin Panwar,All-Rounder,1
9,2942,2022-10-31,Telugu Titans,357,Parvesh Bhainswal,Defender - Left Cover,3
9,2942,2022-10-31,Telugu Titans,567,Mohsen Maghsoudlou,All-Rounder,3
9,2942,2022-10-31,Telugu Titans,3095,Adarsh T,Defender - Left Corner,5
9,2942,2022-10-31,Telugu Titans,3227,Ankit ,Defender,1
9,2942,2022-10-31,Telugu Titans,4795,K Hanumanthu,All-rounder,1
9,2942,2022-10-31,Telugu Titans,5109,Mohit Pahal,Defender - Left Corner,5
9,2942,2022-10-31,Telugu Titans,5111,Nitin ,Defender - Right Cover,0
9,2943,2022-11-01,Puneri Paltan,3000,Sombir ,Defender,4
9,2943,2022-11-01,Puneri Paltan,3176,Mohammad Nabibakhsh,All-Rounder,1
9,2943,2022-11-01,Puneri Paltan,3234,Sanket Sawant,Defender - Left Cover,2
9,2943,2022-11-01,Puneri Paltan,4192,Abinesh Nadarajan,Defender - Right Cover,0
9,2943,2022-11-01,Puneri Paltan,4959,Akash Shinde,Raider,13
9,2943,2022-11-01,Dabang Delhi K.C.,240,Ravi Kumar,Defender - Right Cover,3
9,2943,2022-11-01,Dabang Delhi K.C.,311,Anil Kumar,Defender - Left Cover,1
9,2943,2022-11-01,Dabang Delhi K.C.,3965,Manjeet ,Raider,5
9,2943,2022-11-01,Dabang Delhi K.C.,4947,Ashu Malik,Raider,8
9,2943,2022-11-01,Dabang Delhi K.C.,4949,Krishan ,Defender,1
9,2943,2022-11-01,Dabang Delhi K.C.,5096,Vijay ,Defender - Left Corner,2
9,2944,2022-11-01,Haryana Steelers,204,Rakesh Narwal,Raider,3
9,2944,2022-11-01,Haryana Steelers,763,Manjeet ,Raider,4
9,2944,2022-11-01,Haryana Steelers,3065,Nitin Rawal,All-Rounder,0
9,2944,2022-11-01,Haryana Steelers,4184,Jaideep ,Defender - Left Cover,4
9,2944,2022-11-01,Haryana Steelers,4954,Mohit ,Defender - Right Cover,1
9,2944,2022-11-01,Haryana Steelers,5101,Monu ,Defender - Right Corner,0
9,2944,2022-11-01,Haryana Steelers,4928,Amirhossein Bastami,Defender,5
9,2944,2022-11-01,Bengaluru Bulls,366,Vikash Khandola,Raider,1
9,2944,2022-11-01,Bengaluru Bulls,769,Mahender Singh,Defender - Left Cover,2
9,2944,2022-11-01,Bengaluru Bulls,3038,Neeraj Narwal,Raider,3
9,2944,2022-11-01,Bengaluru Bulls,3154,Sachin Narwal,All-Rounder,5
9,2944,2022-11-01,Bengaluru Bulls,3228,Saurabh Nandal,Defender - Left Corner,3
9,2944,2022-11-01,Bengaluru Bulls,4944,Bharat ,Raider,10
9,2944,2022-11-01,Bengaluru Bulls,4972,Aman ,Defender - Left Corner,1
9,2945,2022-11-02,U Mumba,3086,Surinder Singh,Defender,4
9,2945,2022-11-02,U Mumba,4186,Rahul Sethpal,Defender - Right Corner,2
9,2945,2022-11-02,U Mumba,5117,Pranay Rane,Raider,6
9,2945,2022-11-02,U Mumba,5018,Heidarali Ekrami,Raider,4
9,2945,2022-11-02,U Mumba,5032,Mohit ,Defender - Left Corner,4
9,2945,2022-11-02,Telugu Titans,322,Surjeet Singh,Defender - Right Cover,1
9,2945,2022-11-02,Telugu Titans,3083,Vishal Bhardwaj,Defender,0
9,2945,2022-11-02,Telugu Titans,357,Parvesh Bhainswal,Defender - Left Cover,8
9,2945,2022-11-02,Telugu Titans,567,Mohsen Maghsoudlou,All-Rounder,3
9,2945,2022-11-02,Telugu Titans,2028,Abhishek Singh,Raider,1
9,2945,2022-11-02,Telugu Titans,2026,Siddharth Desai,Raider,18
9,2946,2022-11-02,Bengal Warriors,143,Maninder Singh,Raider,19
9,2946,2022-11-02,Bengal Warriors,161,Girish Maruti Ernak,Defender - Left Corner,0
9,2946,2022-11-02,Bengal Warriors,3151,Manoj Gowda,All-Rounder,0
9,2946,2022-11-02,Bengal Warriors,4978,Balaji D,All-Rounder,0
9,2946,2022-11-02,Tamil Thalaivas,3097,Ajinkya Ashok Pawar,Raider,9
9,2946,2022-11-02,Tamil Thalaivas,3014,M. Abishek ,Defender - Right Cover,3
9,2946,2022-11-02,Tamil Thalaivas,3161,Himanshu ,Defender - Left Corner,0
9,2946,2022-11-02,Tamil Thalaivas,3236,Sagar ,Defender - Right Corner,1
9,2946,2022-11-02,Tamil Thalaivas,4964,Mohit ,Defender - Left Cover,5
9,2946,2022-11-02,Tamil Thalaivas,5093,Narender ,Raider,15
9,2947,2022-11-04,Patna Pirates,757,Sachin ,Raider,12
9,2947,2022-11-04,Patna Pirates,3107,Neeraj Kumar,Defender - Right Cover,0
9,2947,2022-11-04,Patna Pirates,3082,Monu ,Raider,1
9,2947,2022-11-04,Patna Pirates,3106,Sunil ,Defender - Right Corner,6
9,2947,2022-11-04,Patna Pirates,4957,Manish ,Defender,1
9,2947,2022-11-04,U Mumba,3086,Surinder Singh,Defender,1
9,2947,2022-11-04,U Mumba,3028,Ashish ,Raider,7
9,2947,2022-11-04,U Mumba,3138,Harendra Kumar,Defender - Left Cover,1
9,2947,2022-11-04,U Mumba,3964,Rinku ,Defender - Right Corner,3
9,2947,2022-11-04,U Mumba,5002,Jai Bhagwan,Raider,7
9,2947,2022-11-04,U Mumba,5018,Heidarali Ekrami,Raider,3
9,2947,2022-11-04,U Mumba,5032,Mohit ,Defender - Left Corner,2
9,2948,2022-11-04,Dabang Delhi K.C.,240,Ravi Kumar,Defender - Right Cover,0
9,2948,2022-11-04,Dabang Delhi K.C.,290,Sandeep Dhull,Defender - Left Corner,1
9,2948,2022-11-04,Dabang Delhi K.C.,3159,Vishal ,Defender - Left Cover,3
9,2948,2022-11-04,Dabang Delhi K.C.,2296,Naveen Kumar,Raider,12
9,2948,2022-11-04,Dabang Delhi K.C.,3965,Manjeet ,Raider,4
9,2948,2022-11-04,Dabang Delhi K.C.,4947,Ashu Malik,Raider,15
9,2948,2022-11-04,Dabang Delhi K.C.,4949,Krishan ,Defender,0
9,2948,2022-11-04,Jaipur Pink Panthers,368,Sunil Kumar,Defender,3
9,2948,2022-11-04,Jaipur Pink Panthers,81,Rahul Chaudhari,Raider,6
9,2948,2022-11-04,Jaipur Pink Panthers,3053,V Ajith Kumar,Raider,4
9,2948,2022-11-04,Jaipur Pink Panthers,4769,Sahul Kumar,Defender - Right Corner,0
9,2948,2022-11-04,Jaipur Pink Panthers,5113,Abhishek KS,Defender - Left Cover,1
9,2949,2022-11-04,U.P. Yoddhas,197,Pardeep Narwal,Raider,7
9,2949,2022-11-04,U.P. Yoddhas,2041,Gurdeep ,All-Rounder,0
9,2949,2022-11-04,U.P. Yoddhas,3239,Ashu Singh,Defender - Right Cover,2
9,2949,2022-11-04,Puneri Paltan,259,Fazel Atrachali,Defender,7
9,2949,2022-11-04,Puneri Paltan,3000,Sombir ,Defender,2
9,2949,2022-11-04,Puneri Paltan,3234,Sanket Sawant,Defender - Left Cover,1
9,2949,2022-11-04,Puneri Paltan,4022,Mohit Goyat,Raider,6
9,2949,2022-11-04,Puneri Paltan,4192,Abinesh Nadarajan,Defender - Right Cover,3
9,2949,2022-11-04,Puneri Paltan,4959,Akash Shinde,Raider,15
9,2949,2022-11-04,Puneri Paltan,5128,Gaurav Khatri,Defender - Right Corner,0
9,2950,2022-11-05,Gujarat Giants,2297,Arkam Shaikh,All-Rounder,2
9,2950,2022-11-05,Gujarat Giants,4693,Manuj ,Defender - Right Corner,0
9,2950,2022-11-05,Gujarat Giants,4750,Kapil ,Defender - Right Cover,0
9,2950,2022-11-05,Gujarat Giants,5124,Parteek Dhaiya,All-Rounder,12
9,2950,2022-11-05,Gujarat Giants,5039,Shankar Gadai,All-Rounder,0
9,2950,2022-11-05,Bengal Warriors,143,Maninder Singh,Raider,20
9,2950,2022-11-05,Bengal Warriors,161,Girish Maruti Ernak,Defender - Left Corner,4
9,2950,2022-11-05,Bengal Warriors,41,Deepak Hooda,All-Rounder,7
9,2950,2022-11-05,Bengal Warriors,3103,Shubham Shinde,Defender - Right Corner,1
9,2950,2022-11-05,Bengal Warriors,3151,Manoj Gowda,All-Rounder,0
9,2950,2022-11-05,Bengal Warriors,4978,Balaji D,All-Rounder,1
9,2950,2022-11-05,Bengal Warriors,5114,Vaibhav Garje,Defender - Right Cover,2
9,2951,2022-11-05,Tamil Thalaivas,3097,Ajinkya Ashok Pawar,Raider,12
9,2951,2022-11-05,Tamil Thalaivas,3236,Sagar ,Defender - Right Corner,8
9,2951,2022-11-05,Tamil Thalaivas,4963,Himanshu Singh,Raider,7
9,2951,2022-11-05,Tamil Thalaivas,4964,Mohit ,Defender - Left Cover,1
9,2951,2022-11-05,Tamil Thalaivas,5093,Narender ,Raider,3
9,2951,2022-11-05,Telugu Titans,322,Surjeet Singh,Defender - Right Cover,2
9,2951,2022-11-05,Telugu Titans,3083,Vishal Bhardwaj,Defender,2
9,2951,2022-11-05,Telugu Titans,357,Parvesh Bhainswal,Defender - Left Cover,1
9,2951,2022-11-05,Telugu Titans,567,Mohsen Maghsoudlou,All-Rounder,5
9,2951,2022-11-05,Telugu Titans,768,Vijay Kumar,Defender - Right Corner,1
9,2951,2022-11-05,Telugu Titans,2026,Siddharth Desai,Raider,14
9,2951,2022-11-05,Telugu Titans,5095,Vinay ,Raider,0
9,2952,2022-11-05,Haryana Steelers,204,Rakesh Narwal,Raider,5
9,2952,2022-11-05,Haryana Steelers,763,Manjeet ,Raider,8
9,2952,2022-11-05,Haryana Steelers,3065,Nitin Rawal,All-Rounder,1
9,2952,2022-11-05,Haryana Steelers,4183,Meetu ,Raider,12
9,2952,2022-11-05,Haryana Steelers,4184,Jaideep ,Defender - Left Cover,3
9,2952,2022-11-05,Haryana Steelers,5101,Monu ,Defender - Right Corner,0
9,2952,2022-11-05,U.P. Yoddhas,579,Jaideep ,Defender - Left Corner,0
9,2952,2022-11-05,U.P. Yoddhas,3088,Nitesh Kumar,Defender,2
9,2952,2022-11-05,U.P. Yoddhas,3240,Sumit ,Defender - Left Corner,3
9,2953,2022-11-06,Bengaluru Bulls,366,Vikash Khandola,Raider,9
9,2953,2022-11-06,Bengaluru Bulls,769,Mahender Singh,Defender - Left Cover,2
9,2953,2022-11-06,Bengaluru Bulls,3038,Neeraj Narwal,Raider,8
9,2953,2022-11-06,Bengaluru Bulls,3228,Saurabh Nandal,Defender - Left Corner,2
9,2953,2022-11-06,Bengaluru Bulls,4848,Mayur Kadam,Defender - Right Cover,1
9,2953,2022-11-06,Bengaluru Bulls,4944,Bharat ,Raider,14
9,2953,2022-11-06,Bengaluru Bulls,4972,Aman ,Defender - Left Corner,1
9,2953,2022-11-06,Gujarat Giants,163,Mahendra Rajput,Raider,3
9,2953,2022-11-06,Gujarat Giants,185,Vijin Thangadurai,Defender,0
9,2953,2022-11-06,Gujarat Giants,2297,Arkam Shaikh,All-Rounder,2
9,2953,2022-11-06,Gujarat Giants,4693,Manuj ,Defender - Right Corner,3
9,2954,2022-11-06,Puneri Paltan,259,Fazel Atrachali,Defender,1
9,2954,2022-11-06,Puneri Paltan,3000,Sombir ,Defender,2
9,2954,2022-11-06,Puneri Paltan,3234,Sanket Sawant,Defender - Left Cover,3
9,2954,2022-11-06,Puneri Paltan,4022,Mohit Goyat,Raider,7
9,2954,2022-11-06,Puneri Paltan,4192,Abinesh Nadarajan,Defender - Right Cover,1
9,2954,2022-11-06,Puneri Paltan,4959,Akash Shinde,Raider,2
9,2954,2022-11-06,Puneri Paltan,4960,Aslam Inamdar,Raider,15
9,2954,2022-11-06,Tamil Thalaivas,3014,M. Abishek ,Defender - Right Cover,2
9,2954,2022-11-06,Tamil Thalaivas,3161,Himanshu ,Defender - Left Corner,3
9,2954,2022-11-06,Tamil Thalaivas,3236,Sagar ,Defender - Right Corner,5
9,2954,2022-11-06,Tamil Thalaivas,4964,Mohit ,Defender - Left Cover,0
9,2954,2022-11-06,Tamil Thalaivas,4965,Sahil Singh,Defender - Left Corner,2
9,2955,2022-11-07,U Mumba,3028,Ashish ,Raider,11
9,2955,2022-11-07,U Mumba,3138,Harendra Kumar,Defender - Left Cover,2
9,2955,2022-11-07,U Mumba,3964,Rinku ,Defender - Right Corner,2
9,2955,2022-11-07,U Mumba,5002,Jai Bhagwan,Raider,6
9,2955,2022-11-07,U Mumba,5037,Kiran Laxman,Defender - Left Corner,2
9,2955,2022-11-07,U Mumba,5117,Pranay Rane,Raider,2
9,2955,2022-11-07,Jaipur Pink Panthers,368,Sunil Kumar,Defender,1
9,2955,2022-11-07,Jaipur Pink Panthers,2024,Arjun Deshwal,Raider,15
9,2955,2022-11-07,Jaipur Pink Panthers,3053,V Ajith Kumar,Raider,4
9,2955,2022-11-07,Jaipur Pink Panthers,3574,Ankush ,Defender - Left Corner,5
9,2955,2022-11-07,Jaipur Pink Panthers,5022,Reza Mirbagheri,Defender,2
9,2956,2022-11-07,Patna Pirates,757,Sachin ,Raider,13
9,2956,2022-11-07,Patna Pirates,3082,Monu ,Raider,3
9,2956,2022-11-07,Patna Pirates,3106,Sunil ,Defender - Right Corner,3
9,2956,2022-11-07,Patna Pirates,5107,Anuj Kumar,Raider,4
9,2956,2022-11-07,Haryana Steelers,204,Rakesh Narwal,Raider,3
9,2956,2022-11-07,Haryana Steelers,763,Manjeet ,Raider,10
9,2956,2022-11-07,Haryana Steelers,3065,Nitin Rawal,All-Rounder,3
9,2956,2022-11-07,Haryana Steelers,3054,Vinay ,Raider,4
9,2956,2022-11-07,Haryana Steelers,4184,Jaideep ,Defender - Left Cover,2
9,2956,2022-11-07,Haryana Steelers,4954,Mohit ,Defender - Right Cover,1
9,2956,2022-11-07,Haryana Steelers,5101,Monu ,Defender - Right Corner,2
9,2957,2022-11-08,Bengal Warriors,161,Girish Maruti Ernak,Defender - Left Corner,3
9,2957,2022-11-08,Bengal Warriors,3151,Manoj Gowda,All-Rounder,3
9,2957,2022-11-08,Bengal Warriors,4978,Balaji D,All-Rounder,1
9,2957,2022-11-08,Bengal Warriors,5114,Vaibhav Garje,Defender - Right Cover,0
9,2957,2022-11-08,U.P. Yoddhas,3088,Nitesh Kumar,Defender,1
9,2957,2022-11-08,U.P. Yoddhas,3240,Sumit ,Defender - Left Corner,1
9,2957,2022-11-08,U.P. Yoddhas,3239,Ashu Singh,Defender - Right Cover,2
9,2957,2022-11-08,U.P. Yoddhas,3973,Durgesh Kumar,Raider,0
9,2957,2022-11-08,U.P. Yoddhas,4222,Rohit Tomar,Raider,16
9,2957,2022-11-08,U.P. Yoddhas,4228,Shubham Kumar,Defender - Left Cover,2
9,2958,2022-11-08,Dabang Delhi K.C.,240,Ravi Kumar,Defender - Right Cover,1
9,2958,2022-11-08,Dabang Delhi K.C.,3159,Vishal ,Defender - Left Cover,5
9,2958,2022-11-08,Dabang Delhi K.C.,2296,Naveen Kumar,Raider,9
9,2958,2022-11-08,Dabang Delhi K.C.,3965,Manjeet ,Raider,1
9,2958,2022-11-08,Dabang Delhi K.C.,4947,Ashu Malik,Raider,12
9,2958,2022-11-08,Dabang Delhi K.C.,4949,Krishan ,Defender,2
9,2958,2022-11-08,Dabang Delhi K.C.,5096,Vijay ,Defender - Left Corner,2
9,2958,2022-11-08,Telugu Titans,322,Surjeet Singh,Defender - Right Cover,1
9,2958,2022-11-08,Telugu Titans,3083,Vishal Bhardwaj,Defender,8
9,2958,2022-11-08,Telugu Titans,2026,Siddharth Desai,Raider,14
9,2959,2022-11-09,Bengaluru Bulls,366,Vikash Khandola,Raider,4
9,2959,2022-11-09,Bengaluru Bulls,3228,Saurabh Nandal,Defender - Left Corner,3
9,2959,2022-11-09,Bengaluru Bulls,4944,Bharat ,Raider,4
9,2959,2022-11-09,Haryana Steelers,763,Manjeet ,Raider,8
9,2959,2022-11-09,Haryana Steelers,3065,Nitin Rawal,All-Rounder,2
9,2959,2022-11-09,Haryana Steelers,4183,Meetu ,Raider,10
9,2959,2022-11-09,Haryana Steelers,4184,Jaideep ,Defender - Left Cover,1
9,2959,2022-11-09,Haryana Steelers,4954,Mohit ,Defender - Right Cover,1
9,2959,2022-11-09,Haryana Steelers,5055,Manish Gulia,Raider,2
9,2959,2022-11-09,Haryana Steelers,5101,Monu ,Defender - Right Corner,2
9,2960,2022-11-09,Tamil Thalaivas,3097,Ajinkya Ashok Pawar,Raider,5
9,2960,2022-11-09,Tamil Thalaivas,3014,M. Abishek ,Defender - Right Cover,5
9,2960,2022-11-09,Tamil Thalaivas,3161,Himanshu ,Defender - Left Corner,2
9,2960,2022-11-09,Tamil Thalaivas,3236,Sagar ,Defender - Right Corner,4
9,2960,2022-11-09,Tamil Thalaivas,4964,Mohit ,Defender - Left Cover,2
9,2960,2022-11-09,Tamil Thalaivas,4965,Sahil Singh,Defender - Left Corner,3
9,2960,2022-11-09,Tamil Thalaivas,5093,Narender ,Raider,10
9,2960,2022-11-09,Puneri Paltan,3234,Sanket Sawant,Defender - Left Cover,2
9,2960,2022-11-09,Puneri Paltan,4192,Abinesh Nadarajan,Defender - Right Cover,1
9,2960,2022-11-09,Puneri Paltan,4959,Akash Shinde,Raider,10
9,2960,2022-11-09,Puneri Paltan,4960,Aslam Inamdar,Raider,6
9,2961,2022-11-11,U.P. Yoddhas,3088,Nitesh Kumar,Defender,3
9,2961,2022-11-11,U.P. Yoddhas,2041,Gurdeep ,All-Rounder,1
9,2961,2022-11-11,U.P. Yoddhas,3241,Surender Gill,Raider,11
9,2961,2022-11-11,Haryana Steelers,219,K.Prapanjan ,Raider,8
9,2961,2022-11-11,Haryana Steelers,763,Manjeet ,Raider,12
9,2961,2022-11-11,Haryana Steelers,3065,Nitin Rawal,All-Rounder,1
9,2961,2022-11-11,Haryana Steelers,4184,Jaideep ,Defender - Left Cover,6
9,2961,2022-11-11,Haryana Steelers,4954,Mohit ,Defender - Right Cover,0
9,2961,2022-11-11,Haryana Steelers,4928,Amirhossein Bastami,Defender,1
9,2962,2022-11-11,U Mumba,3032,Guman Singh,Raider,13
9,2962,2022-11-11,U Mumba,3028,Ashish ,Raider,6
9,2962,2022-11-11,U Mumba,3138,Harendra Kumar,Defender - Left Cover,2
9,2962,2022-11-11,U Mumba,3964,Rinku ,Defender - Right Corner,4
9,2962,2022-11-11,U Mumba,4032,Shivansh Thakur,Defender - Right Cover,0
9,2962,2022-11-11,U Mumba,5037,Kiran Laxman,Defender - Left Corner,3
9,2962,2022-11-11,U Mumba,5032,Mohit ,Defender - Left Corner,1
9,2962,2022-11-11,Puneri Paltan,259,Fazel Atrachali,Defender,0
9,2962,2022-11-11,Puneri Paltan,3234,Sanket Sawant,Defender - Left Cover,2
9,2962,2022-11-11,Puneri Paltan,4022,Mohit Goyat,Raider,13
9,2963,2022-11-11,Patna Pirates,3023,Rohit Gulia,All-Rounder,9
9,2963,2022-11-11,Patna Pirates,3106,Sunil ,Defender - Right Corner,2
9,2963,2022-11-11,Patna Pirates,4925,Mohammadreza Chiyaneh,All-Rounder,5
9,2963,2022-11-11,Patna Pirates,4957,Manish ,Defender,0
9,2963,2022-11-11,Jaipur Pink Panthers,368,Sunil Kumar,Defender,1
9,2963,2022-11-11,Jaipur Pink Panthers,660,Bhavani Rajput,Raider,2
9,2963,2022-11-11,Jaipur Pink Panthers,2024,Arjun Deshwal,Raider,13
9,2963,2022-11-11,Jaipur Pink Panthers,3574,Ankush ,Defender - Left Corner,6
9,2963,2022-11-11,Jaipur Pink Panthers,4769,Sahul Kumar,Defender - Right Corner,3
9,2963,2022-11-11,Jaipur Pink Panthers,5113,Abhishek KS,Defender - Left Cover,0
9,2964,2022-11-12,Bengal Warriors,143,Maninder Singh,Raider,12
9,2964,2022-11-12,Bengal Warriors,146,Surender Nada,Defender - Left Corner,3
9,2964,2022-11-12,Bengal Warriors,41,Deepak Hooda,All-Rounder,6
9,2964,2022-11-12,Bengal Warriors,106,Shrikant Jadhav,Raider,10
9,2964,2022-11-12,Bengal Warriors,4195,Sakthivel R,Defender - Right Corner,4
9,2964,2022-11-12,Bengal Warriors,4978,Balaji D,All-Rounder,2
9,2964,2022-11-12,Bengal Warriors,5114,Vaibhav Garje,Defender - Right Cover,1
9,2964,2022-11-12,Gujarat Giants,36,Chandran Ranjit,Raider,9
9,2964,2022-11-12,Gujarat Giants,2297,Arkam Shaikh,All-Rounder,0
9,2964,2022-11-12,Gujarat Giants,3966,Rakesh ,Raider,5
9,2964,2022-11-12,Gujarat Giants,4693,Manuj ,Defender - Right Corner,3
9,2965,2022-11-12,Telugu Titans,322,Surjeet Singh,Defender - Right Cover,0
9,2965,2022-11-12,Telugu Titans,3083,Vishal Bhardwaj,Defender,3
9,2965,2022-11-12,Telugu Titans,357,Parvesh Bhainswal,Defender - Left Cover,5
9,2965,2022-11-12,Telugu Titans,2028,Abhishek Singh,Raider,1
9,2965,2022-11-12,Telugu Titans,2026,Siddharth Desai,Raider,11
9,2965,2022-11-12,Telugu Titans,3095,Adarsh T,Defender - Left Corner,0
9,2965,2022-11-12,Telugu Titans,4795,K Hanumanthu,All-rounder,3
9,2965,2022-11-12,U.P. Yoddhas,3240,Sumit ,Defender - Left Corner,7
9,2965,2022-11-12,U.P. Yoddhas,3241,Surender Gill,Raider,13
9,2966,2022-11-12,Jaipur Pink Panthers,368,Sunil Kumar,Defender,4
9,2966,2022-11-12,Jaipur Pink Panthers,81,Rahul Chaudhari,Raider,13
9,2966,2022-11-12,Jaipur Pink Panthers,3238,Navneet ,Raider,3
9,2966,2022-11-12,Jaipur Pink Panthers,3574,Ankush ,Defender - Left Corner,4
9,2966,2022-11-12,Jaipur Pink Panthers,4769,Sahul Kumar,Defender - Right Corner,4
9,2966,2022-11-12,Jaipur Pink Panthers,5113,Abhishek KS,Defender - Left Cover,2
9,2966,2022-11-12,Jaipur Pink Panthers,5022,Reza Mirbagheri,Defender,3
9,2966,2022-11-12,Dabang Delhi K.C.,240,Ravi Kumar,Defender - Right Cover,1
9,2966,2022-11-12,Dabang Delhi K.C.,3965,Manjeet ,Raider,3
9,2966,2022-11-12,Dabang Delhi K.C.,4947,Ashu Malik,Raider,4
9,2966,2022-11-12,Dabang Delhi K.C.,5096,Vijay ,Defender - Left Corner,2
9,2967,2022-11-13,U Mumba,3032,Guman Singh,Raider,13
9,2967,2022-11-13,U Mumba,3028,Ashish ,Raider,6
9,2967,2022-11-13,U Mumba,3138,Harendra Kumar,Defender - Left Cover,3
9,2967,2022-11-13,U Mumba,3964,Rinku ,Defender - Right Corner,4
9,2967,2022-11-13,U Mumba,5037,Kiran Laxman,Defender - Left Corner,2
9,2967,2022-11-13,U Mumba,5032,Mohit ,Defender - Left Corner,3
9,2967,2022-11-13,Patna Pirates,3023,Rohit Gulia,All-Rounder,7
9,2967,2022-11-13,Patna Pirates,3107,Neeraj Kumar,Defender - Right Cover,2
9,2967,2022-11-13,Patna Pirates,3082,Monu ,Raider,2
9,2967,2022-11-13,Patna Pirates,3106,Sunil ,Defender - Right Corner,3
9,2967,2022-11-13,Patna Pirates,4957,Manish ,Defender,0
9,2968,2022-11-13,Tamil Thalaivas,3014,M. Abishek ,Defender - Right Cover,1
9,2968,2022-11-13,Tamil Thalaivas,3236,Sagar ,Defender - Right Corner,1
9,2968,2022-11-13,Tamil Thalaivas,4964,Mohit ,Defender - Left Cover,4
9,2968,2022-11-13,Tamil Thalaivas,4965,Sahil Singh,Defender - Left Corner,3
9,2968,2022-11-13,Bengaluru Bulls,769,Mahender Singh,Defender - Left Cover,0
9,2968,2022-11-13,Bengaluru Bulls,772,More G B,Raider,1
9,2968,2022-11-13,Bengaluru Bulls,3038,Neeraj Narwal,Raider,6
9,2968,2022-11-13,Bengaluru Bulls,3154,Sachin Narwal,All-Rounder,5
9,2968,2022-11-13,Bengaluru Bulls,3228,Saurabh Nandal,Defender - Left Corner,5
9,2969,2022-11-14,Bengal Warriors,146,Surender Nada,Defender - Left Corner,1
9,2969,2022-11-14,Bengal Warriors,3103,Shubham Shinde,Defender - Right Corner,2
9,2969,2022-11-14,Bengal Warriors,3151,Manoj Gowda,All-Rounder,1
9,2969,2022-11-14,Bengal Warriors,4978,Balaji D,All-Rounder,1
9,2969,2022-11-14,Bengal Warriors,5114,Vaibhav Garje,Defender - Right Cover,1
9,2969,2022-11-14,Puneri Paltan,259,Fazel Atrachali,Defender,2
9,2969,2022-11-14,Puneri Paltan,3234,Sanket Sawant,Defender - Left Cover,0
9,2969,2022-11-14,Puneri Paltan,4960,Aslam Inamdar,Raider,9
9,2969,2022-11-14,Puneri Paltan,5128,Gaurav Khatri,Defender - Right Corner,2
9,2970,2022-11-14,Gujarat Giants,36,Chandran Ranjit,Raider,8
9,2970,2022-11-14,Gujarat Giants,3084,Rinku Narwal,Defender,4
9,2970,2022-11-14,Gujarat Giants,3966,Rakesh ,Raider,7
9,2970,2022-11-14,Gujarat Giants,4693,Manuj ,Defender - Right Corner,1
9,2970,2022-11-14,Gujarat Giants,4750,Kapil ,Defender - Right Cover,2
9,2970,2022-11-14,Gujarat Giants,5039,Shankar Gadai,All-Rounder,1
9,2970,2022-11-14,Haryana Steelers,3065,Nitin Rawal,All-Rounder,1
9,2970,2022-11-14,Haryana Steelers,4183,Meetu ,Raider,5
9,2970,2022-11-14,Haryana Steelers,4184,Jaideep ,Defender - Left Cover,3
9,2970,2022-11-14,Haryana Steelers,4954,Mohit ,Defender - Right Cover,1
9,2970,2022-11-14,Haryana Steelers,4928,Amirhossein Bastami,Defender,1
9,2971,2022-11-15,Jaipur Pink Panthers,368,Sunil Kumar,Defender,3
9,2971,2022-11-15,Jaipur Pink Panthers,660,Bhavani Rajput,Raider,1
9,2971,2022-11-15,Jaipur Pink Panthers,2024,Arjun Deshwal,Raider,13
9,2971,2022-11-15,Jaipur Pink Panthers,4769,Sahul Kumar,Defender - Right Corner,4
9,2971,2022-11-15,Jaipur Pink Panthers,5113,Abhishek KS,Defender - Left Cover,1
9,2971,2022-11-15,U Mumba,3032,Guman Singh,Raider,4
9,2971,2022-11-15,U Mumba,3028,Ashish ,Raider,4
9,2971,2022-11-15,U Mumba,3138,Harendra Kumar,Defender - Left Cover,2
9,2971,2022-11-15,U Mumba,3964,Rinku ,Defender - Right Corner,3
9,2971,2022-11-15,U Mumba,4968,Kamlesh ,Raider,2
9,2971,2022-11-15,U Mumba,5002,Jai Bhagwan,Raider,2
9,2971,2022-11-15,U Mumba,5037,Kiran Laxman,Defender - Left Corner,3
9,2972,2022-11-15,Telugu Titans,322,Surjeet Singh,Defender - Right Cover,4
9,2972,2022-11-15,Telugu Titans,768,Vijay Kumar,Defender - Right Corner,2
9,2972,2022-11-15,Telugu Titans,2028,Abhishek Singh,Raider,5
9,2972,2022-11-15,Telugu Titans,2026,Siddharth Desai,Raider,18
9,2972,2022-11-15,Telugu Titans,5095,Vinay ,Raider,1
9,2972,2022-11-15,Bengaluru Bulls,160,Ran Singh,All Rounder,0
9,2972,2022-11-15,Bengaluru Bulls,769,Mahender Singh,Defender - Left Cover,1
9,2972,2022-11-15,Bengaluru Bulls,4944,Bharat ,Raider,17
9,2972,2022-11-15,Bengaluru Bulls,4972,Aman ,Defender - Left Corner,6
9,2973,2022-11-16,Patna Pirates,757,Sachin ,Raider,14
9,2973,2022-11-16,Patna Pirates,3107,Neeraj Kumar,Defender - Right Cover,1
9,2973,2022-11-16,Patna Pirates,3082,Monu ,Raider,2
9,2973,2022-11-16,Patna Pirates,3343,Sajin C,All-Rounder,0
9,2973,2022-11-16,Patna Pirates,4925,Mohammadreza Chiyaneh,All-Rounder,4
9,2973,2022-11-16,Tamil Thalaivas,3097,Ajinkya Ashok Pawar,Raider,7
9,2973,2022-11-16,Tamil Thalaivas,3014,M. Abishek ,Defender - Right Cover,0
9,2973,2022-11-16,Tamil Thalaivas,3236,Sagar ,Defender - Right Corner,1
9,2973,2022-11-16,Tamil Thalaivas,4963,Himanshu Singh,Raider,2
9,2973,2022-11-16,Tamil Thalaivas,4964,Mohit ,Defender - Left Cover,0
9,2973,2022-11-16,Tamil Thalaivas,4965,Sahil Singh,Defender - Left Corner,4
9,2973,2022-11-16,Tamil Thalaivas,5093,Narender ,Raider,16
9,2974,2022-11-16,Dabang Delhi K.C.,3159,Vishal ,Defender - Left Cover,2
9,2974,2022-11-16,Dabang Delhi K.C.,3081,Vijay ,All-Rounder,13
9,2974,2022-11-16,Dabang Delhi K.C.,2296,Naveen Kumar,Raider,8
9,2974,2022-11-16,Dabang Delhi K.C.,4948,Dipak ,Defender,1
9,2974,2022-11-16,Dabang Delhi K.C.,4949,Krishan ,Defender,0
9,2974,2022-11-16,U.P. Yoddhas,197,Pardeep Narwal,Raider,22
9,2974,2022-11-16,U.P. Yoddhas,3088,Nitesh Kumar,Defender,2
9,2974,2022-11-16,U.P. Yoddhas,2041,Gurdeep ,All-Rounder,4
9,2974,2022-11-16,U.P. Yoddhas,3240,Sumit ,Defender - Left Corner,2
9,2974,2022-11-16,U.P. Yoddhas,3239,Ashu Singh,Defender - Right Cover,1
9,2974,2022-11-16,U.P. Yoddhas,5121,Anil Kumar,Raider,3
9,2975,2022-11-18,Puneri Paltan,3000,Sombir ,Defender,1
9,2975,2022-11-18,Puneri Paltan,4192,Abinesh Nadarajan,Defender - Right Cover,4
9,2975,2022-11-18,Puneri Paltan,4959,Akash Shinde,Raider,7
9,2975,2022-11-18,Puneri Paltan,4960,Aslam Inamdar,Raider,10
9,2975,2022-11-18,Haryana Steelers,219,K.Prapanjan ,Raider,8
9,2975,2022-11-18,Haryana Steelers,3054,Vinay ,Raider,4
9,2975,2022-11-18,Haryana Steelers,4183,Meetu ,Raider,4
9,2975,2022-11-18,Haryana Steelers,4928,Amirhossein Bastami,Defender,3
9,2976,2022-11-18,Bengal Warriors,41,Deepak Hooda,All-Rounder,1
9,2976,2022-11-18,Bengal Warriors,3100,Parveen Satpal,Defender - Left Corner,1
9,2976,2022-11-18,Telugu Titans,357,Parvesh Bhainswal,Defender - Left Cover,5
9,2976,2022-11-18,Telugu Titans,2028,Abhishek Singh,Raider,9
9,2976,2022-11-18,Telugu Titans,2026,Siddharth Desai,Raider,8
9,2976,2022-11-18,Telugu Titans,3095,Adarsh T,Defender - Left Corner,1
9,2976,2022-11-18,Telugu Titans,3227,Ankit ,Defender,1
9,2976,2022-11-18,Telugu Titans,3969,Prince D,Defender - Right Cover,1
9,2976,2022-11-18,Telugu Titans,4966,Muhammed Shihas,Defender - Left Corner,0
9,2977,2022-11-18,Gujarat Giants,36,Chandran Ranjit,Raider,12
9,2977,2022-11-18,Gujarat Giants,3084,Rinku Narwal,Defender,2
9,2977,2022-11-18,Gujarat Giants,2297,Arkam Shaikh,All-Rounder,4
9,2977,2022-11-18,Gujarat Giants,3075,Purna Singh,Raider,1
9,2977,2022-11-18,Gujarat Giants,4693,Manuj ,Defender - Right Corner,2
9,2977,2022-11-18,Gujarat Giants,4750,Kapil ,Defender - Right Cover,1
9,2977,2022-11-18,Gujarat Giants,5124,Parteek Dhaiya,All-Rounder,10
9,2977,2022-11-18,Bengaluru Bulls,366,Vikash Khandola,Raider,5
9,2977,2022-11-18,Bengaluru Bulls,3038,Neeraj Narwal,Raider,5
9,2977,2022-11-18,Bengaluru Bulls,4972,Aman ,Defender - Left Corner,2
9,2978,2022-11-19,U.P. Yoddhas,197,Pardeep Narwal,Raider,14
9,2978,2022-11-19,U.P. Yoddhas,3088,Nitesh Kumar,Defender,1
9,2978,2022-11-19,U.P. Yoddhas,4933,James Kamweti,Raider,4
9,2978,2022-11-19,U.P. Yoddhas,3240,Sumit ,Defender - Left Corner,1
9,2978,2022-11-19,U.P. Yoddhas,4228,Shubham Kumar,Defender - Left Cover,0
9,2978,2022-11-19,Jaipur Pink Panthers,368,Sunil Kumar,Defender,2
9,2978,2022-11-19,Jaipur Pink Panthers,81,Rahul Chaudhari,Raider,2
9,2978,2022-11-19,Jaipur Pink Panthers,2024,Arjun Deshwal,Raider,19
9,2978,2022-11-19,Jaipur Pink Panthers,3053,V Ajith Kumar,Raider,2
9,2978,2022-11-19,Jaipur Pink Panthers,4769,Sahul Kumar,Defender - Right Corner,3
9,2978,2022-11-19,Jaipur Pink Panthers,5105,Ashish ,Defender - Left Corner,0
9,2978,2022-11-19,Jaipur Pink Panthers,5022,Reza Mirbagheri,Defender,5
9,2979,2022-11-19,Telugu Titans,3083,Vishal Bhardwaj,Defender,4
9,2979,2022-11-19,Telugu Titans,357,Parvesh Bhainswal,Defender - Left Cover,3
9,2979,2022-11-19,Telugu Titans,567,Mohsen Maghsoudlou,All-Rounder,3
9,2979,2022-11-19,Telugu Titans,2026,Siddharth Desai,Raider,9
9,2979,2022-11-19,Telugu Titans,3227,Ankit ,Defender,3
9,2979,2022-11-19,Telugu Titans,3969,Prince D,Defender - Right Cover,0
9,2979,2022-11-19,U Mumba,3032,Guman Singh,Raider,8
9,2979,2022-11-19,U Mumba,3028,Ashish ,Raider,4
9,2979,2022-11-19,U Mumba,3138,Harendra Kumar,Defender - Left Cover,1
9,2979,2022-11-19,U Mumba,3964,Rinku ,Defender - Right Corner,3
9,2979,2022-11-19,U Mumba,5037,Kiran Laxman,Defender - Left Corner,1
9,2980,2022-11-19,Dabang Delhi K.C.,290,Sandeep Dhull,Defender - Left Corner,1
9,2980,2022-11-19,Dabang Delhi K.C.,212,Amit Hooda,Defender - Right Corner,5
9,2980,2022-11-19,Dabang Delhi K.C.,3081,Vijay ,All-Rounder,7
9,2980,2022-11-19,Dabang Delhi K.C.,4947,Ashu Malik,Raider,1
9,2980,2022-11-19,Dabang Delhi K.C.,4948,Dipak ,Defender,2
9,2980,2022-11-19,Dabang Delhi K.C.,5100,Ashish Narwal,Raider,0
9,2980,2022-11-19,Patna Pirates,3023,Rohit Gulia,All-Rounder,3
9,2980,2022-11-19,Patna Pirates,3107,Neeraj Kumar,Defender - Right Cover,0
9,2980,2022-11-19,Patna Pirates,3082,Monu ,Raider,0
9,2980,2022-11-19,Patna Pirates,4957,Manish ,Defender,0
9,2980,2022-11-19,Patna Pirates,5091,Ranjit Naik,Raider,1
9,2981,2022-11-20,Haryana Steelers,763,Manjeet ,Raider,7
9,2981,2022-11-20,Haryana Steelers,3065,Nitin Rawal,All-Rounder,0
9,2981,2022-11-20,Haryana Steelers,4183,Meetu ,Raider,4
9,2981,2022-11-20,Haryana Steelers,4184,Jaideep ,Defender - Left Cover,3
9,2981,2022-11-20,Haryana Steelers,4954,Mohit ,Defender - Right Cover,3
9,2981,2022-11-20,Haryana Steelers,5101,Monu ,Defender - Right Corner,0
9,2981,2022-11-20,Dabang Delhi K.C.,290,Sandeep Dhull,Defender - Left Corner,3
9,2981,2022-11-20,Dabang Delhi K.C.,2296,Naveen Kumar,Raider,15
9,2981,2022-11-20,Dabang Delhi K.C.,4949,Krishan ,Defender,3
9,2982,2022-11-20,Bengaluru Bulls,366,Vikash Khandola,Raider,2
9,2982,2022-11-20,Bengaluru Bulls,3038,Neeraj Narwal,Raider,10
9,2982,2022-11-20,Bengaluru Bulls,3154,Sachin Narwal,All-Rounder,2
9,2982,2022-11-20,Bengaluru Bulls,3228,Saurabh Nandal,Defender - Left Corner,4
9,2982,2022-11-20,Bengaluru Bulls,4944,Bharat ,Raider,9
9,2982,2022-11-20,Bengaluru Bulls,4972,Aman ,Defender - Left Corner,0
9,2982,2022-11-20,Puneri Paltan,259,Fazel Atrachali,Defender,0
9,2982,2022-11-20,Puneri Paltan,3234,Sanket Sawant,Defender - Left Cover,1
9,2982,2022-11-20,Puneri Paltan,4022,Mohit Goyat,Raider,9
9,2982,2022-11-20,Puneri Paltan,4192,Abinesh Nadarajan,Defender - Right Cover,3
9,2982,2022-11-20,Puneri Paltan,4960,Aslam Inamdar,Raider,6
9,2983,2022-11-21,Tamil Thalaivas,3097,Ajinkya Ashok Pawar,Raider,7
9,2983,2022-11-21,Tamil Thalaivas,3014,M. Abishek ,Defender - Right Cover,2
9,2983,2022-11-21,Tamil Thalaivas,3236,Sagar ,Defender - Right Corner,5
9,2983,2022-11-21,Tamil Thalaivas,4964,Mohit ,Defender - Left Cover,1
9,2983,2022-11-21,Tamil Thalaivas,4965,Sahil Singh,Defender - Left Corner,2
9,2983,2022-11-21,Tamil Thalaivas,5046,Visvanath V.,All-Rounder,0
9,2983,2022-11-21,Bengal Warriors,146,Surender Nada,Defender - Left Corner,3
9,2983,2022-11-21,Bengal Warriors,106,Shrikant Jadhav,Raider,3
9,2983,2022-11-21,Bengal Warriors,3100,Parveen Satpal,Defender - Left Corner,0
9,2983,2022-11-21,Bengal Warriors,5114,Vaibhav Garje,Defender - Right Cover,1
9,2984,2022-11-21,U.P. Yoddhas,197,Pardeep Narwal,Raider,9
9,2984,2022-11-21,U.P. Yoddhas,2041,Gurdeep ,All-Rounder,3
9,2984,2022-11-21,U.P. Yoddhas,3240,Sumit ,Defender - Left Corner,2
9,2984,2022-11-21,U.P. Yoddhas,4222,Rohit Tomar,Raider,10
9,2984,2022-11-21,Gujarat Giants,36,Chandran Ranjit,Raider,7
9,2984,2022-11-21,Gujarat Giants,2297,Arkam Shaikh,All-Rounder,3
9,2984,2022-11-21,Gujarat Giants,3128,Sonu ,Raider,2
9,2984,2022-11-21,Gujarat Giants,3593,Sourav Gulia,Defender,0
9,2984,2022-11-21,Gujarat Giants,248,Sandeep Kandola,Defender,1
9,2985,2022-11-22,U Mumba,3032,Guman Singh,Raider,4
9,2985,2022-11-22,U Mumba,3028,Ashish ,Raider,3
9,2985,2022-11-22,U Mumba,3138,Harendra Kumar,Defender - Left Cover,0
9,2985,2022-11-22,U Mumba,4032,Shivansh Thakur,Defender - Right Cover,2
9,2985,2022-11-22,U Mumba,5032,Mohit ,Defender - Left Corner,4
9,2985,2022-11-22,Tamil Thalaivas,3097,Ajinkya Ashok Pawar,Raider,5
9,2985,2022-11-22,Tamil Thalaivas,3014,M. Abishek ,Defender - Right Cover,0
9,2985,2022-11-22,Tamil Thalaivas,3161,Himanshu ,Defender - Left Corner,3
9,2985,2022-11-22,Tamil Thalaivas,3236,Sagar ,Defender - Right Corner,8
9,2985,2022-11-22,Tamil Thalaivas,4964,Mohit ,Defender - Left Cover,1
9,2985,2022-11-22,Tamil Thalaivas,4965,Sahil Singh,Defender - Left Corner,5
9,2985,2022-11-22,Tamil Thalaivas,5093,Narender ,Raider,7
9,2986,2022-11-22,Telugu Titans,3083,Vishal Bhardwaj,Defender,8
9,2986,2022-11-22,Telugu Titans,357,Parvesh Bhainswal,Defender - Left Cover,1
9,2986,2022-11-22,Telugu Titans,2028,Abhishek Singh,Raider,3
9,2986,2022-11-22,Telugu Titans,2026,Siddharth Desai,Raider,15
9,2986,2022-11-22,Telugu Titans,3095,Adarsh T,Defender - Left Corner,1
9,2986,2022-11-22,Telugu Titans,3227,Ankit ,Defender,0
9,2986,2022-11-22,Telugu Titans,3969,Prince D,Defender - Right Cover,0
9,2986,2022-11-22,Patna Pirates,757,Sachin ,Raider,14
9,2986,2022-11-22,Patna Pirates,3107,Neeraj Kumar,Defender - Right Cover,0
9,2986,2022-11-22,Patna Pirates,3082,Monu ,Raider,4
9,2986,2022-11-22,Patna Pirates,3106,Sunil ,Defender - Right Corner,1
9,2986,2022-11-22,Patna Pirates,3343,Sajin C,All-Rounder,1
9,2986,2022-11-22,Patna Pirates,4925,Mohammadreza Chiyaneh,All-Rounder,4
9,2986,2022-11-22,Patna Pirates,4957,Manish ,Defender,0
9,2987,2022-11-23,Jaipur Pink Panthers,2024,Arjun Deshwal,Raider,19
9,2987,2022-11-23,Puneri Paltan,259,Fazel Atrachali,Defender,0
9,2987,2022-11-23,Puneri Paltan,3000,Sombir ,Defender,4
9,2987,2022-11-23,Puneri Paltan,3234,Sanket Sawant,Defender - Left Cover,1
9,2987,2022-11-23,Puneri Paltan,3233,Pankaj Mohite,Raider,3
9,2987,2022-11-23,Puneri Paltan,4192,Abinesh Nadarajan,Defender - Right Cover,3
9,2987,2022-11-23,Puneri Paltan,4959,Akash Shinde,Raider,6
9,2987,2022-11-23,Puneri Paltan,4960,Aslam Inamdar,Raider,9
9,2988,2022-11-23,Bengal Warriors,143,Maninder Singh,Raider,12
9,2988,2022-11-23,Bengal Warriors,161,Girish Maruti Ernak,Defender - Left Corner,6
9,2988,2022-11-23,Bengal Warriors,106,Shrikant Jadhav,Raider,9
9,2988,2022-11-23,Bengal Warriors,3103,Shubham Shinde,Defender - Right Corner,1
9,2988,2022-11-23,Bengal Warriors,3151,Manoj Gowda,All-Rounder,2
9,2988,2022-11-23,Bengal Warriors,4978,Balaji D,All-Rounder,3
9,2988,2022-11-23,Bengal Warriors,5114,Vaibhav Garje,Defender - Right Cover,0
9,2988,2022-11-23,Bengaluru Bulls,366,Vikash Khandola,Raider,5
9,2988,2022-11-23,Bengaluru Bulls,769,Mahender Singh,Defender - Left Cover,1
9,2988,2022-11-23,Bengaluru Bulls,772,More G B,Raider,1
9,2988,2022-11-23,Bengaluru Bulls,3038,Neeraj Narwal,Raider,3
9,2988,2022-11-23,Bengaluru Bulls,3228,Saurabh Nandal,Defender - Left Corner,1
9,2988,2022-11-23,Bengaluru Bulls,4944,Bharat ,Raider,10
9,2988,2022-11-23,Bengaluru Bulls,4972,Aman ,Defender - Left Corner,4
9,2989,2022-11-25,Gujarat Giants,163,Mahendra Rajput,Raider,5
9,2989,2022-11-25,Gujarat Giants,185,Vijin Thangadurai,Defender,0
9,2989,2022-11-25,Gujarat Giants,3084,Rinku Narwal,Defender,0
9,2989,2022-11-25,Gujarat Giants,522,Dong Geon Lee,Raider,2
9,2989,2022-11-25,Gujarat Giants,621,Baldev Singh,Defender - Right Corner,0
9,2989,2022-11-25,Gujarat Giants,3593,Sourav Gulia,Defender,1
9,2989,2022-11-25,Gujarat Giants,5124,Parteek Dhaiya,All-Rounder,20
9,2989,2022-11-25,Dabang Delhi K.C.,212,Amit Hooda,Defender - Right Corner,2
9,2989,2022-11-25,Dabang Delhi K.C.,3081,Vijay ,All-Rounder,11
9,2989,2022-11-25,Dabang Delhi K.C.,2296,Naveen Kumar,Raider,11
9,2989,2022-11-25,Dabang Delhi K.C.,4947,Ashu Malik,Raider,12
9,2990,2022-11-25,Jaipur Pink Panthers,368,Sunil Kumar,Defender,0
9,2990,2022-11-25,Jaipur Pink Panthers,2024,Arjun Deshwal,Raider,12
9,2990,2022-11-25,Jaipur Pink Panthers,3053,V Ajith Kumar,Raider,9
9,2990,2022-11-25,Jaipur Pink Panthers,3574,Ankush ,Defender - Left Corner,5
9,2990,2022-11-25,Jaipur Pink Panthers,4769,Sahul Kumar,Defender - Right Corner,3
9,2990,2022-11-25,Jaipur Pink Panthers,5042,Lucky Sharma,Defender - Right Corner,1
9,2990,2022-11-25,Jaipur Pink Panthers,5022,Reza Mirbagheri,Defender,2
9,2990,2022-11-25,Tamil Thalaivas,3161,Himanshu ,Defender - Left Corner,7
9,2990,2022-11-25,Tamil Thalaivas,4198,K. Abhimanyu,All-Rounder,0
9,2991,2022-11-25,Haryana Steelers,204,Rakesh Narwal,Raider,2
9,2991,2022-11-25,Haryana Steelers,763,Manjeet ,Raider,10
9,2991,2022-11-25,Haryana Steelers,3065,Nitin Rawal,All-Rounder,3
9,2991,2022-11-25,Haryana Steelers,4183,Meetu ,Raider,8
9,2991,2022-11-25,Haryana Steelers,4954,Mohit ,Defender - Right Cover,1
9,2991,2022-11-25,Haryana Steelers,5101,Monu ,Defender - Right Corner,1
9,2991,2022-11-25,Patna Pirates,757,Sachin ,Raider,4
9,2991,2022-11-25,Patna Pirates,3023,Rohit Gulia,All-Rounder,11
9,2991,2022-11-25,Patna Pirates,3107,Neeraj Kumar,Defender - Right Cover,1
9,2991,2022-11-25,Patna Pirates,3082,Monu ,Raider,2
9,2991,2022-11-25,Patna Pirates,3106,Sunil ,Defender - Right Corner,0
9,2991,2022-11-25,Patna Pirates,3343,Sajin C,All-Rounder,2
9,2991,2022-11-25,Patna Pirates,4925,Mohammadreza Chiyaneh,All-Rounder,2
9,2992,2022-11-26,U Mumba,3032,Guman Singh,Raider,14
9,2992,2022-11-26,U Mumba,3964,Rinku ,Defender - Right Corner,5
9,2992,2022-11-26,U Mumba,4186,Rahul Sethpal,Defender - Right Corner,1
9,2992,2022-11-26,U Mumba,5032,Mohit ,Defender - Left Corner,3
9,2992,2022-11-26,Bengal Warriors,161,Girish Maruti Ernak,Defender - Left Corner,3
9,2992,2022-11-26,Bengal Warriors,3103,Shubham Shinde,Defender - Right Corner,4
9,2992,2022-11-26,Bengal Warriors,3151,Manoj Gowda,All-Rounder,2
9,2992,2022-11-26,Bengal Warriors,4978,Balaji D,All-Rounder,2
9,2993,2022-11-26,Puneri Paltan,259,Fazel Atrachali,Defender,3
9,2993,2022-11-26,Puneri Paltan,3000,Sombir ,Defender,1
9,2993,2022-11-26,Puneri Paltan,3234,Sanket Sawant,Defender - Left Cover,4
9,2993,2022-11-26,Puneri Paltan,3233,Pankaj Mohite,Raider,8
9,2993,2022-11-26,Puneri Paltan,4192,Abinesh Nadarajan,Defender - Right Cover,1
9,2993,2022-11-26,Puneri Paltan,4960,Aslam Inamdar,Raider,8
9,2993,2022-11-26,Telugu Titans,567,Mohsen Maghsoudlou,All-Rounder,2
9,2993,2022-11-26,Telugu Titans,768,Vijay Kumar,Defender - Right Corner,2
9,2993,2022-11-26,Telugu Titans,4966,Muhammed Shihas,Defender - Left Corner,0
9,2994,2022-11-26,U.P. Yoddhas,142,Sandeep Narwal,All Rounder,5
9,2994,2022-11-26,U.P. Yoddhas,197,Pardeep Narwal,Raider,15
9,2994,2022-11-26,U.P. Yoddhas,3088,Nitesh Kumar,Defender,0
9,2994,2022-11-26,U.P. Yoddhas,2041,Gurdeep ,All-Rounder,3
9,2994,2022-11-26,U.P. Yoddhas,3240,Sumit ,Defender - Left Corner,3
9,2994,2022-11-26,U.P. Yoddhas,3239,Ashu Singh,Defender - Right Cover,0
9,2994,2022-11-26,U.P. Yoddhas,4222,Rohit Tomar,Raider,3
9,2994,2022-11-26,Patna Pirates,3107,Neeraj Kumar,Defender - Right Cover,0
9,2994,2022-11-26,Patna Pirates,3082,Monu ,Raider,1
9,2994,2022-11-26,Patna Pirates,3343,Sajin C,All-Rounder,0
9,2994,2022-11-26,Patna Pirates,4925,Mohammadreza Chiyaneh,All-Rounder,6
9,2995,2022-11-27,Tamil Thalaivas,3097,Ajinkya Ashok Pawar,Raider,12
9,2995,2022-11-27,Tamil Thalaivas,4224,Arpit Saroha,Defender - Right Corner,3
9,2995,2022-11-27,Gujarat Giants,36,Chandran Ranjit,Raider,7
9,2995,2022-11-27,Gujarat Giants,2297,Arkam Shaikh,All-Rounder,2
9,2995,2022-11-27,Gujarat Giants,3128,Sonu ,Raider,3
9,2995,2022-11-27,Gujarat Giants,3593,Sourav Gulia,Defender,2
9,2995,2022-11-27,Gujarat Giants,4693,Manuj ,Defender - Right Corner,0
9,2995,2022-11-27,Gujarat Giants,5124,Parteek Dhaiya,All-Rounder,10
9,2996,2022-11-27,Dabang Delhi K.C.,240,Ravi Kumar,Defender - Right Cover,0
9,2996,2022-11-27,Dabang Delhi K.C.,290,Sandeep Dhull,Defender - Left Corner,2
9,2996,2022-11-27,Dabang Delhi K.C.,3159,Vishal ,Defender - Left Cover,5
9,2996,2022-11-27,Dabang Delhi K.C.,3081,Vijay ,All-Rounder,14
9,2996,2022-11-27,Dabang Delhi K.C.,2296,Naveen Kumar,Raider,11
9,2996,2022-11-27,Dabang Delhi K.C.,4949,Krishan ,Defender,0
9,2996,2022-11-27,Bengaluru Bulls,366,Vikash Khandola,Raider,10
9,2996,2022-11-27,Bengaluru Bulls,769,Mahender Singh,Defender - Left Cover,4
9,2996,2022-11-27,Bengaluru Bulls,3038,Neeraj Narwal,Raider,1
9,2996,2022-11-27,Bengaluru Bulls,3228,Saurabh Nandal,Defender - Left Corner,0
9,2996,2022-11-27,Bengaluru Bulls,4848,Mayur Kadam,Defender - Right Cover,2
9,2996,2022-11-27,Bengaluru Bulls,4944,Bharat ,Raider,23
9,2997,2022-11-28,U.P. Yoddhas,142,Sandeep Narwal,All Rounder,2
9,2997,2022-11-28,U.P. Yoddhas,3088,Nitesh Kumar,Defender,2
9,2997,2022-11-28,U.P. Yoddhas,3240,Sumit ,Defender - Left Corner,1
9,2997,2022-11-28,U.P. Yoddhas,4222,Rohit Tomar,Raider,4
9,2997,2022-11-28,Bengal Warriors,143,Maninder Singh,Raider,10
9,2997,2022-11-28,Bengal Warriors,146,Surender Nada,Defender - Left Corner,1
9,2997,2022-11-28,Bengal Warriors,41,Deepak Hooda,All-Rounder,5
9,2997,2022-11-28,Bengal Warriors,106,Shrikant Jadhav,Raider,6
9,2997,2022-11-28,Bengal Warriors,202,Ashish Kumar,All-Rounder,3
9,2997,2022-11-28,Bengal Warriors,3103,Shubham Shinde,Defender - Right Corner,1
9,2997,2022-11-28,Bengal Warriors,4929,Soleiman Pahlevani,Defender,1
9,2998,2022-11-28,Telugu Titans,3083,Vishal Bhardwaj,Defender,4
9,2998,2022-11-28,Telugu Titans,357,Parvesh Bhainswal,Defender - Left Cover,7
9,2998,2022-11-28,Telugu Titans,567,Mohsen Maghsoudlou,All-Rounder,3
9,2998,2022-11-28,Telugu Titans,3095,Adarsh T,Defender - Left Corner,3
9,2998,2022-11-28,Telugu Titans,3969,Prince D,Defender - Right Cover,1
9,2998,2022-11-28,Telugu Titans,4795,K Hanumanthu,All-rounder,3
9,2998,2022-11-28,Telugu Titans,4923,Hamid Nader,All-Rounder,0
9,2998,2022-11-28,Jaipur Pink Panthers,368,Sunil Kumar,Defender,2
9,2998,2022-11-28,Jaipur Pink Panthers,2024,Arjun Deshwal,Raider,18
9,2998,2022-11-28,Jaipur Pink Panthers,3238,Navneet ,Raider,1
9,2998,2022-11-28,Jaipur Pink Panthers,3574,Ankush ,Defender - Left Corner,6
9,2998,2022-11-28,Jaipur Pink Panthers,4769,Sahul Kumar,Defender - Right Corner,3
9,2998,2022-11-28,Jaipur Pink Panthers,5042,Lucky Sharma,Defender - Right Corner,0
9,2998,2022-11-28,Jaipur Pink Panthers,5106,Devank ,Raider,0
9,2999,2022-11-29,Puneri Paltan,259,Fazel Atrachali,Defender,4
9,2999,2022-11-29,Puneri Paltan,3234,Sanket Sawant,Defender - Left Cover,2
9,2999,2022-11-29,Puneri Paltan,3233,Pankaj Mohite,Raider,7
9,2999,2022-11-29,Puneri Paltan,4959,Akash Shinde,Raider,9
9,2999,2022-11-29,Puneri Paltan,5128,Gaurav Khatri,Defender - Right Corner,1
9,2999,2022-11-29,Gujarat Giants,522,Dong Geon Lee,Raider,2
9,2999,2022-11-29,Gujarat Giants,2297,Arkam Shaikh,All-Rounder,5
9,2999,2022-11-29,Gujarat Giants,3128,Sonu ,Raider,6
9,2999,2022-11-29,Gujarat Giants,3593,Sourav Gulia,Defender,2
9,2999,2022-11-29,Gujarat Giants,5124,Parteek Dhaiya,All-Rounder,19
9,2999,2022-11-29,Gujarat Giants,5039,Shankar Gadai,All-Rounder,2
9,3000,2022-11-29,Haryana Steelers,763,Manjeet ,Raider,7
9,3000,2022-11-29,Haryana Steelers,3065,Nitin Rawal,All-Rounder,5
9,3000,2022-11-29,Haryana Steelers,4183,Meetu ,Raider,5
9,3000,2022-11-29,Haryana Steelers,5101,Monu ,Defender - Right Corner,1
9,3000,2022-11-29,U Mumba,3028,Ashish ,Raider,6
9,3000,2022-11-29,U Mumba,3138,Harendra Kumar,Defender - Left Cover,0
9,3000,2022-11-29,U Mumba,3964,Rinku ,Defender - Right Corner,6
9,3000,2022-11-29,U Mumba,4186,Rahul Sethpal,Defender - Right Corner,0
9,3000,2022-11-29,U Mumba,5002,Jai Bhagwan,Raider,6
9,3000,2022-11-29,U Mumba,5037,Kiran Laxman,Defender - Left Corner,1
9,3000,2022-11-29,U Mumba,5032,Mohit ,Defender - Left Corner,3
9,3001,2022-11-30,Bengaluru Bulls,160,Ran Singh,All Rounder,1
9,3001,2022-11-30,Bengaluru Bulls,366,Vikash Khandola,Raider,3
9,3001,2022-11-30,Bengaluru Bulls,3154,Sachin Narwal,All-Rounder,2
9,3001,2022-11-30,Bengaluru Bulls,3228,Saurabh Nandal,Defender - Left Corner,1
9,3001,2022-11-30,Bengaluru Bulls,4849,Sudhakar Kadam,Defender - Left Cover,1
9,3001,2022-11-30,Bengaluru Bulls,4944,Bharat ,Raider,10
9,3001,2022-11-30,Jaipur Pink Panthers,368,Sunil Kumar,Defender,2
9,3001,2022-11-30,Jaipur Pink Panthers,5042,Lucky Sharma,Defender - Right Corner,6
9,3001,2022-11-30,Jaipur Pink Panthers,5022,Reza Mirbagheri,Defender,4
9,3002,2022-11-30,Dabang Delhi K.C.,290,Sandeep Dhull,Defender - Left Corner,3
9,3002,2022-11-30,Dabang Delhi K.C.,3159,Vishal ,Defender - Left Cover,2
9,3002,2022-11-30,Dabang Delhi K.C.,3081,Vijay ,All-Rounder,4
9,3002,2022-11-30,Dabang Delhi K.C.,2296,Naveen Kumar,Raider,15
9,3002,2022-11-30,Dabang Delhi K.C.,3965,Manjeet ,Raider,0
9,3002,2022-11-30,Dabang Delhi K.C.,4947,Ashu Malik,Raider,8
9,3002,2022-11-30,Tamil Thalaivas,3097,Ajinkya Ashok Pawar,Raider,6
9,3002,2022-11-30,Tamil Thalaivas,3014,M. Abishek ,Defender - Right Cover,1
9,3002,2022-11-30,Tamil Thalaivas,3161,Himanshu ,Defender - Left Corner,3
9,3002,2022-11-30,Tamil Thalaivas,4224,Arpit Saroha,Defender - Right Corner,3
9,3002,2022-11-30,Tamil Thalaivas,4964,Mohit ,Defender - Left Cover,3
9,3002,2022-11-30,Tamil Thalaivas,4965,Sahil Singh,Defender - Left Corner,3
9,3002,2022-11-30,Tamil Thalaivas,5093,Narender ,Raider,14
9,3003,2022-12-02,U.P. Yoddhas,142,Sandeep Narwal,All Rounder,2
9,3003,2022-12-02,U.P. Yoddhas,197,Pardeep Narwal,Raider,13
9,3003,2022-12-02,U.P. Yoddhas,3088,Nitesh Kumar,Defender,2
9,3003,2022-12-02,U.P. Yoddhas,2041,Gurdeep ,All-Rounder,0
9,3003,2022-12-02,U.P. Yoddhas,3240,Sumit ,Defender - Left Corner,4
9,3003,2022-12-02,U.P. Yoddhas,3239,Ashu Singh,Defender - Right Cover,3
9,3003,2022-12-02,U.P. Yoddhas,4222,Rohit Tomar,Raider,8
9,3003,2022-12-02,U Mumba,3032,Guman Singh,Raider,10
9,3003,2022-12-02,U Mumba,3964,Rinku ,Defender - Right Corner,1
9,3003,2022-12-02,U Mumba,5037,Kiran Laxman,Defender - Left Corner,0
9,3003,2022-12-02,U Mumba,5018,Heidarali Ekrami,Raider,3
9,3004,2022-12-02,Patna Pirates,757,Sachin ,Raider,7
9,3004,2022-12-02,Patna Pirates,3107,Neeraj Kumar,Defender - Right Cover,4
9,3004,2022-12-02,Patna Pirates,3082,Monu ,Raider,2
9,3004,2022-12-02,Patna Pirates,3106,Sunil ,Defender - Right Corner,0
9,3004,2022-12-02,Patna Pirates,4957,Manish ,Defender,1
9,3004,2022-12-02,Patna Pirates,5090,Naveen Sharma,Defender,2
9,3004,2022-12-02,Gujarat Giants,163,Mahendra Rajput,Raider,12
9,3004,2022-12-02,Gujarat Giants,3084,Rinku Narwal,Defender,2
9,3004,2022-12-02,Gujarat Giants,2297,Arkam Shaikh,All-Rounder,2
9,3004,2022-12-02,Gujarat Giants,3128,Sonu ,Raider,5
9,3004,2022-12-02,Gujarat Giants,4750,Kapil ,Defender - Right Cover,0
9,3004,2022-12-02,Gujarat Giants,5039,Shankar Gadai,All-Rounder,2
9,3005,2022-12-02,Haryana Steelers,204,Rakesh Narwal,Raider,5
9,3005,2022-12-02,Haryana Steelers,763,Manjeet ,Raider,4
9,3005,2022-12-02,Haryana Steelers,3065,Nitin Rawal,All-Rounder,0
9,3005,2022-12-02,Haryana Steelers,4183,Meetu ,Raider,6
9,3005,2022-12-02,Haryana Steelers,5101,Monu ,Defender - Right Corner,5
9,3005,2022-12-02,Bengal Warriors,143,Maninder Singh,Raider,5
9,3005,2022-12-02,Bengal Warriors,3103,Shubham Shinde,Defender - Right Corner,5
9,3005,2022-12-02,Bengal Warriors,4978,Balaji D,All-Rounder,1
9,3005,2022-12-02,Bengal Warriors,5120,R Guhan,Raider,1
9,3006,2022-12-03,Dabang Delhi K.C.,240,Ravi Kumar,Defender - Right Cover,2
9,3006,2022-12-03,Dabang Delhi K.C.,3081,Vijay ,All-Rounder,5
9,3006,2022-12-03,Dabang Delhi K.C.,2296,Naveen Kumar,Raider,16
9,3006,2022-12-03,Dabang Delhi K.C.,4947,Ashu Malik,Raider,9
9,3006,2022-12-03,Dabang Delhi K.C.,4949,Krishan ,Defender,1
9,3006,2022-12-03,Dabang Delhi K.C.,5096,Vijay ,Defender - Left Corner,0
9,3006,2022-12-03,Puneri Paltan,259,Fazel Atrachali,Defender,0
9,3006,2022-12-03,Puneri Paltan,3000,Sombir ,Defender,1
9,3006,2022-12-03,Puneri Paltan,3234,Sanket Sawant,Defender - Left Cover,1
9,3006,2022-12-03,Puneri Paltan,3233,Pankaj Mohite,Raider,11
9,3006,2022-12-03,Puneri Paltan,4192,Abinesh Nadarajan,Defender - Right Cover,5
9,3006,2022-12-03,Puneri Paltan,4959,Akash Shinde,Raider,16
9,3007,2022-12-03,Telugu Titans,3227,Ankit ,Defender,2
9,3007,2022-12-03,Telugu Titans,3969,Prince D,Defender - Right Cover,0
9,3007,2022-12-03,Telugu Titans,5111,Nitin ,Defender - Right Cover,1
9,3007,2022-12-03,Tamil Thalaivas,3097,Ajinkya Ashok Pawar,Raider,20
9,3007,2022-12-03,Tamil Thalaivas,3025,Sahil Surender,Defender,3
9,3007,2022-12-03,Tamil Thalaivas,4198,K. Abhimanyu,All-Rounder,0
9,3007,2022-12-03,Tamil Thalaivas,4963,Himanshu Singh,Raider,1
9,3007,2022-12-03,Tamil Thalaivas,4964,Mohit ,Defender - Left Cover,2
9,3007,2022-12-03,Tamil Thalaivas,5003,Md. Arif Rabbani,Defender - Left Corner,0
9,3007,2022-12-03,Tamil Thalaivas,5130,Sachin ,Raider ,1
9,3008,2022-12-03,Jaipur Pink Panthers,368,Sunil Kumar,Defender,5
9,3008,2022-12-03,Jaipur Pink Panthers,2024,Arjun Deshwal,Raider,22
9,3008,2022-12-03,Jaipur Pink Panthers,3053,V Ajith Kumar,Raider,12
9,3008,2022-12-03,Jaipur Pink Panthers,4769,Sahul Kumar,Defender - Right Corner,1
9,3008,2022-12-03,Jaipur Pink Panthers,5113,Abhishek KS,Defender - Left Cover,0
9,3008,2022-12-03,Jaipur Pink Panthers,5022,Reza Mirbagheri,Defender,3
9,3008,2022-12-03,Bengal Warriors,143,Maninder Singh,Raider,7
9,3008,2022-12-03,Bengal Warriors,106,Shrikant Jadhav,Raider,16
9,3008,2022-12-03,Bengal Warriors,202,Ashish Kumar,All-Rounder,0
9,3008,2022-12-03,Bengal Warriors,3103,Shubham Shinde,Defender - Right Corner,3
9,3008,2022-12-03,Bengal Warriors,4978,Balaji D,All-Rounder,0
9,3009,2022-12-04,U Mumba,3032,Guman Singh,Raider,4
9,3009,2022-12-04,U Mumba,3028,Ashish ,Raider,4
9,3009,2022-12-04,U Mumba,3964,Rinku ,Defender - Right Corner,0
9,3009,2022-12-04,U Mumba,4186,Rahul Sethpal,Defender - Right Corner,2
9,3009,2022-12-04,U Mumba,5037,Kiran Laxman,Defender - Left Corner,2
9,3009,2022-12-04,U Mumba,5117,Pranay Rane,Raider,11
9,3009,2022-12-04,U Mumba,5018,Heidarali Ekrami,Raider,6
9,3009,2022-12-04,Gujarat Giants,3084,Rinku Narwal,Defender,4
9,3009,2022-12-04,Gujarat Giants,2297,Arkam Shaikh,All-Rounder,3
9,3009,2022-12-04,Gujarat Giants,3128,Sonu ,Raider,0
9,3009,2022-12-04,Gujarat Giants,4693,Manuj ,Defender - Right Corner,1
9,3009,2022-12-04,Gujarat Giants,5039,Shankar Gadai,All-Rounder,4
9,3010,2022-12-04,Bengaluru Bulls,160,Ran Singh,All Rounder,0
9,3010,2022-12-04,Bengaluru Bulls,366,Vikash Khandola,Raider,6
9,3010,2022-12-04,Bengaluru Bulls,769,Mahender Singh,Defender - Left Cover,2
9,3010,2022-12-04,Bengaluru Bulls,772,More G B,Raider,0
9,3010,2022-12-04,Bengaluru Bulls,3228,Saurabh Nandal,Defender - Left Corner,4
9,3010,2022-12-04,Bengaluru Bulls,4849,Sudhakar Kadam,Defender - Left Cover,1
9,3010,2022-12-04,U.P. Yoddhas,142,Sandeep Narwal,All Rounder,3
9,3010,2022-12-04,U.P. Yoddhas,197,Pardeep Narwal,Raider,10
9,3010,2022-12-04,U.P. Yoddhas,3088,Nitesh Kumar,Defender,0
9,3010,2022-12-04,U.P. Yoddhas,2041,Gurdeep ,All-Rounder,6
9,3010,2022-12-04,U.P. Yoddhas,3240,Sumit ,Defender - Left Corner,2
9,3010,2022-12-04,U.P. Yoddhas,3239,Ashu Singh,Defender - Right Cover,2
9,3010,2022-12-04,U.P. Yoddhas,4222,Rohit Tomar,Raider,5
9,3011,2022-12-05,Puneri Paltan,259,Fazel Atrachali,Defender,4
9,3011,2022-12-05,Puneri Paltan,3000,Sombir ,Defender,0
9,3011,2022-12-05,Puneri Paltan,3233,Pankaj Mohite,Raider,5
9,3011,2022-12-05,Puneri Paltan,4917,Govind Gurjar,All-Rounder,1
9,3011,2022-12-05,Puneri Paltan,5116,Aditya Shinde,Raider,1
9,3011,2022-12-05,Puneri Paltan,5053,Rakesh Ram,Defender - Right Cover,0
9,3011,2022-12-05,Puneri Paltan,5129,Saurabh ,Raider,0
9,3011,2022-12-05,Patna Pirates,3107,Neeraj Kumar,Defender - Right Cover,1
9,3011,2022-12-05,Patna Pirates,3082,Monu ,Raider,3
9,3011,2022-12-05,Patna Pirates,644,Anand Tomar,Raider,5
9,3011,2022-12-05,Patna Pirates,3106,Sunil ,Defender - Right Corner,0
9,3011,2022-12-05,Patna Pirates,3343,Sajin C,All-Rounder,0
9,3011,2022-12-05,Patna Pirates,4925,Mohammadreza Chiyaneh,All-Rounder,5
9,3011,2022-12-05,Patna Pirates,5091,Ranjit Naik,Raider,0
9,3012,2022-12-05,Jaipur Pink Panthers,368,Sunil Kumar,Defender,3
9,3012,2022-12-05,Jaipur Pink Panthers,3053,V Ajith Kumar,Raider,13
9,3012,2022-12-05,Jaipur Pink Panthers,5113,Abhishek KS,Defender - Left Cover,5
9,3012,2022-12-05,Jaipur Pink Panthers,5022,Reza Mirbagheri,Defender,1
9,3012,2022-12-05,Haryana Steelers,763,Manjeet ,Raider,8
9,3012,2022-12-05,Haryana Steelers,3065,Nitin Rawal,All-Rounder,1
9,3012,2022-12-05,Haryana Steelers,5101,Monu ,Defender - Right Corner,3
9,3012,2022-12-05,Haryana Steelers,5104,Sunny ,Defender - Right Cover,0
9,3013,2022-12-06,U Mumba,3032,Guman Singh,Raider,3
9,3013,2022-12-06,U Mumba,3964,Rinku ,Defender - Right Corner,4
9,3013,2022-12-06,U Mumba,4186,Rahul Sethpal,Defender - Right Corner,3
9,3013,2022-12-06,U Mumba,5002,Jai Bhagwan,Raider,1
9,3013,2022-12-06,U Mumba,5032,Mohit ,Defender - Left Corner,2
9,3013,2022-12-06,Dabang Delhi K.C.,290,Sandeep Dhull,Defender - Left Corner,5
9,3013,2022-12-06,Dabang Delhi K.C.,212,Amit Hooda,Defender - Right Corner,7
9,3013,2022-12-06,Dabang Delhi K.C.,3159,Vishal ,Defender - Left Cover,4
9,3013,2022-12-06,Dabang Delhi K.C.,3081,Vijay ,All-Rounder,5
9,3013,2022-12-06,Dabang Delhi K.C.,2296,Naveen Kumar,Raider,5
9,3013,2022-12-06,Dabang Delhi K.C.,4947,Ashu Malik,Raider,3
9,3013,2022-12-06,Dabang Delhi K.C.,4948,Dipak ,Defender,4
9,3014,2022-12-06,Gujarat Giants,3084,Rinku Narwal,Defender,5
9,3014,2022-12-06,Gujarat Giants,522,Dong Geon Lee,Raider,9
9,3014,2022-12-06,Gujarat Giants,2297,Arkam Shaikh,All-Rounder,1
9,3014,2022-12-06,Gujarat Giants,4693,Manuj ,Defender - Right Corner,0
9,3014,2022-12-06,Gujarat Giants,5124,Parteek Dhaiya,All-Rounder,17
9,3014,2022-12-06,Gujarat Giants,5039,Shankar Gadai,All-Rounder,3
9,3014,2022-12-06,Telugu Titans,357,Parvesh Bhainswal,Defender - Left Cover,5
9,3014,2022-12-06,Telugu Titans,3095,Adarsh T,Defender - Left Corner,0
9,3014,2022-12-06,Telugu Titans,3227,Ankit ,Defender,0
9,3014,2022-12-06,Telugu Titans,3969,Prince D,Defender - Right Cover,1
9,3015,2022-12-07,Patna Pirates,3082,Monu ,Raider,2
9,3015,2022-12-07,Patna Pirates,644,Anand Tomar,Raider,5
9,3015,2022-12-07,Patna Pirates,3106,Sunil ,Defender - Right Corner,4
9,3015,2022-12-07,Patna Pirates,5092,Thiyagarajan Y,Defender,1
9,3015,2022-12-07,Patna Pirates,3174,Daniel Odhiambo,All-Rounder,4
9,3015,2022-12-07,Patna Pirates,5033,Shivam Chaudhary,Defender - Right Cover,0
9,3015,2022-12-07,Patna Pirates,5091,Ranjit Naik,Raider,4
9,3015,2022-12-07,Bengaluru Bulls,3101,Ponparthiban Subramanian, ,2
9,3015,2022-12-07,Bengaluru Bulls,3038,Neeraj Narwal,Raider,10
9,3015,2022-12-07,Bengaluru Bulls,3154,Sachin Narwal,All-Rounder,7
9,3015,2022-12-07,Bengaluru Bulls,4972,Aman ,Defender - Left Corner,2
9,3016,2022-12-07,Tamil Thalaivas,3097,Ajinkya Ashok Pawar,Raider,9
9,3016,2022-12-07,Tamil Thalaivas,3014,M. Abishek ,Defender - Right Cover,3
9,3016,2022-12-07,Tamil Thalaivas,4198,K. Abhimanyu,All-Rounder,0
9,3016,2022-12-07,Tamil Thalaivas,4963,Himanshu Singh,Raider,0
9,3016,2022-12-07,Tamil Thalaivas,4964,Mohit ,Defender - Left Cover,2
9,3016,2022-12-07,Tamil Thalaivas,5046,Visvanath V.,All-Rounder,0
9,3016,2022-12-07,Tamil Thalaivas,5130,Sachin ,Raider ,1
9,3016,2022-12-07,U.P. Yoddhas,142,Sandeep Narwal,All Rounder,2
9,3016,2022-12-07,U.P. Yoddhas,726,Babu M,Defender - Left Cover,2
9,3016,2022-12-07,U.P. Yoddhas,3039,Nitin Panwar,All-Rounder,0
9,3017,2022-12-08,Bengal Warriors,143,Maninder Singh,Raider,18
9,3017,2022-12-08,Bengal Warriors,146,Surender Nada,Defender - Left Corner,3
9,3017,2022-12-08,Bengal Warriors,202,Ashish Kumar,All-Rounder,5
9,3017,2022-12-08,Bengal Warriors,764,Vinod Kumar,All-Rounder,0
9,3017,2022-12-08,Bengal Warriors,3100,Parveen Satpal,Defender - Left Corner,2
9,3017,2022-12-08,Bengal Warriors,3103,Shubham Shinde,Defender - Right Corner,2
9,3017,2022-12-08,Dabang Delhi K.C.,290,Sandeep Dhull,Defender - Left Corner,4
9,3017,2022-12-08,Dabang Delhi K.C.,212,Amit Hooda,Defender - Right Corner,4
9,3017,2022-12-08,Dabang Delhi K.C.,3159,Vishal ,Defender - Left Cover,4
9,3017,2022-12-08,Dabang Delhi K.C.,2296,Naveen Kumar,Raider,16
9,3017,2022-12-08,Dabang Delhi K.C.,4947,Ashu Malik,Raider,3
9,3018,2022-12-08,Haryana Steelers,3065,Nitin Rawal,All-Rounder,5
9,3018,2022-12-08,Haryana Steelers,4157,Lovepreet Singh,Raider,7
9,3018,2022-12-08,Haryana Steelers,5055,Manish Gulia,Raider,2
9,3018,2022-12-08,Haryana Steelers,5102,Naveen ,Defender - Left Corner,3
9,3018,2022-12-08,Haryana Steelers,5103,Harsh ,Defender - Left Cover,2
9,3018,2022-12-08,Haryana Steelers,5104,Sunny ,Defender - Right Cover,3
9,3018,2022-12-08,Haryana Steelers,4928,Amirhossein Bastami,Defender,1
9,3018,2022-12-08,Telugu Titans,3227,Ankit ,Defender,4
9,3018,2022-12-08,Telugu Titans,3969,Prince D,Defender - Right Cover,0
9,3019,2022-12-09,Gujarat Giants,3084,Rinku Narwal,Defender,3
9,3019,2022-12-09,Gujarat Giants,522,Dong Geon Lee,Raider,10
9,3019,2022-12-09,Gujarat Giants,3128,Sonu ,Raider,14
9,3019,2022-12-09,Gujarat Giants,4693,Manuj ,Defender - Right Corner,0
9,3019,2022-12-09,Gujarat Giants,5124,Parteek Dhaiya,All-Rounder,12
9,3019,2022-12-09,Gujarat Giants,5019,Mohammad Ghorbani,Raider ,1
9,3019,2022-12-09,Gujarat Giants,5132,Priyank Chandel,Defender,1
9,3019,2022-12-09,Jaipur Pink Panthers,2024,Arjun Deshwal,Raider,17
9,3019,2022-12-09,Jaipur Pink Panthers,3238,Navneet ,Raider,2
9,3019,2022-12-09,Jaipur Pink Panthers,3574,Ankush ,Defender - Left Corner,5
9,3019,2022-12-09,Jaipur Pink Panthers,4956,Deepak Singh,Defender - Right Cover,2
9,3019,2022-12-09,Jaipur Pink Panthers,5105,Ashish ,Defender - Left Corner,1
9,3019,2022-12-09,Jaipur Pink Panthers,5113,Abhishek KS,Defender - Left Cover,4
9,3020,2022-12-09,Puneri Paltan,3011,Balasaheb Jadhav,All-Rounder,1
9,3020,2022-12-09,Puneri Paltan,3234,Sanket Sawant,Defender - Left Cover,0
9,3020,2022-12-09,Puneri Paltan,4917,Govind Gurjar,All-Rounder,5
9,3020,2022-12-09,Puneri Paltan,5116,Aditya Shinde,Raider,12
9,3020,2022-12-09,Puneri Paltan,5052,Alankar Patil,Defender - Right Corner,1
9,3020,2022-12-09,Puneri Paltan,5129,Saurabh ,Raider,11
9,3020,2022-12-09,U.P. Yoddhas,142,Sandeep Narwal,All Rounder,7
9,3020,2022-12-09,U.P. Yoddhas,3039,Nitin Panwar,All-Rounder,3
9,3020,2022-12-09,U.P. Yoddhas,4971,Aman ,Raider,4
9,3021,2022-12-10,Bengaluru Bulls,366,Vikash Khandola,Raider,6
9,3021,2022-12-10,Bengaluru Bulls,3101,Ponparthiban Subramanian, ,2
9,3021,2022-12-10,Bengaluru Bulls,3228,Saurabh Nandal,Defender - Left Corner,2
9,3021,2022-12-10,Bengaluru Bulls,4849,Sudhakar Kadam,Defender - Left Cover,4
9,3021,2022-12-10,Bengaluru Bulls,4972,Aman ,Defender - Left Corner,5
9,3021,2022-12-10,U Mumba,784,Viraj Vishnu Landge,Defender,0
9,3021,2022-12-10,U Mumba,4032,Shivansh Thakur,Defender - Right Cover,7
9,3021,2022-12-10,U Mumba,4186,Rahul Sethpal,Defender - Right Corner,5
9,3021,2022-12-10,U Mumba,5002,Jai Bhagwan,Raider,11
9,3021,2022-12-10,U Mumba,5032,Mohit ,Defender - Left Corner,2
9,3022,2022-12-10,Tamil Thalaivas,3025,Sahil Surender,Defender,3
9,3022,2022-12-10,Tamil Thalaivas,4963,Himanshu Singh,Raider,8
9,3022,2022-12-10,Tamil Thalaivas,5046,Visvanath V.,All-Rounder,8
9,3022,2022-12-10,Haryana Steelers,4157,Lovepreet Singh,Raider,1
9,3022,2022-12-10,Haryana Steelers,4179,Sushil ,Raider,12
9,3022,2022-12-10,Haryana Steelers,5055,Manish Gulia,Raider,5
9,3022,2022-12-10,Haryana Steelers,5102,Naveen ,Defender - Left Corner,6
9,3022,2022-12-10,Haryana Steelers,5103,Harsh ,Defender - Left Cover,2
9,3022,2022-12-10,Haryana Steelers,5104,Sunny ,Defender - Right Cover,5
9,3022,2022-12-10,Haryana Steelers,5054,Navneet HAR,Defender,0
9,3023,2022-12-10,Patna Pirates,644,Anand Tomar,Raider,8
9,3023,2022-12-10,Patna Pirates,3106,Sunil ,Defender - Right Corner,1
9,3023,2022-12-10,Patna Pirates,4058,Sagar Kumar,All-rounder,7
9,3023,2022-12-10,Patna Pirates,4925,Mohammadreza Chiyaneh,All-Rounder,7
9,3023,2022-12-10,Patna Pirates,5033,Shivam Chaudhary,Defender - Right Cover,0
9,3023,2022-12-10,Patna Pirates,5091,Ranjit Naik,Raider,11
9,3023,2022-12-10,Bengal Warriors,202,Ashish Kumar,All-Rounder,2
9,3023,2022-12-10,Bengal Warriors,3115,Amit Sheoran,Defender,4
9,3023,2022-12-10,Bengal Warriors,764,Vinod Kumar,All-Rounder,0
9,3023,2022-12-10,Bengal Warriors,5120,R Guhan,Raider,4
9,3024,2022-12-13,Bengaluru Bulls,366,Vikash Khandola,Raider,13
9,3024,2022-12-13,Bengaluru Bulls,769,Mahender Singh,Defender - Left Cover,3
9,3024,2022-12-13,Bengaluru Bulls,3101,Ponparthiban Subramanian, ,7
9,3024,2022-12-13,Bengaluru Bulls,3154,Sachin Narwal,All-Rounder,0
9,3024,2022-12-13,Bengaluru Bulls,3228,Saurabh Nandal,Defender - Left Corner,5
9,3024,2022-12-13,Bengaluru Bulls,4944,Bharat ,Raider,15
9,3024,2022-12-13,Bengaluru Bulls,4972,Aman ,Defender - Left Corner,2
9,3024,2022-12-13,Dabang Delhi K.C.,3081,Vijay ,All-Rounder,6
9,3025,2022-12-13,U.P. Yoddhas,142,Sandeep Narwal,All Rounder,1
9,3025,2022-12-13,U.P. Yoddhas,3088,Nitesh Kumar,Defender,2
9,3025,2022-12-13,U.P. Yoddhas,3240,Sumit ,Defender - Left Corner,5
9,3025,2022-12-13,U.P. Yoddhas,3241,Surender Gill,Raider,8
9,3025,2022-12-13,U.P. Yoddhas,4222,Rohit Tomar,Raider,2
9,3025,2022-12-13,Tamil Thalaivas,3097,Ajinkya Ashok Pawar,Raider,10
9,3025,2022-12-13,Tamil Thalaivas,3161,Himanshu ,Defender - Left Corner,3
9,3025,2022-12-13,Tamil Thalaivas,4224,Arpit Saroha,Defender - Right Corner,1
9,3025,2022-12-13,Tamil Thalaivas,4963,Himanshu Singh,Raider,0
9,3025,2022-12-13,Tamil Thalaivas,4964,Mohit ,Defender - Left Cover,2
9,3025,2022-12-13,Tamil Thalaivas,5093,Narender ,Raider,13
9,3026,2022-12-15,Jaipur Pink Panthers,368,Sunil Kumar,Defender,1
9,3026,2022-12-15,Jaipur Pink Panthers,81,Rahul Chaudhari,Raider,2
9,3026,2022-12-15,Jaipur Pink Panthers,2024,Arjun Deshwal,Raider,4
9,3026,2022-12-15,Jaipur Pink Panthers,3053,V Ajith Kumar,Raider,13
9,3026,2022-12-15,Jaipur Pink Panthers,3574,Ankush ,Defender - Left Corner,5
9,3026,2022-12-15,Jaipur Pink Panthers,4769,Sahul Kumar,Defender - Right Corner,10
9,3026,2022-12-15,Jaipur Pink Panthers,5022,Reza Mirbagheri,Defender,5
9,3026,2022-12-15,Bengaluru Bulls,769,Mahender Singh,Defender - Left Cover,0
9,3026,2022-12-15,Bengaluru Bulls,3228,Saurabh Nandal,Defender - Left Corner,4
9,3027,2022-12-15,Puneri Paltan,3233,Pankaj Mohite,Raider,16
9,3027,2022-12-15,Puneri Paltan,4192,Abinesh Nadarajan,Defender - Right Cover,1
9,3027,2022-12-15,Puneri Paltan,5128,Gaurav Khatri,Defender - Right Corner,4
9,3027,2022-12-15,Tamil Thalaivas,3097,Ajinkya Ashok Pawar,Raider,7
9,3027,2022-12-15,Tamil Thalaivas,3014,M. Abishek ,Defender - Right Cover,1
9,3027,2022-12-15,Tamil Thalaivas,3161,Himanshu ,Defender - Left Corner,1
9,3027,2022-12-15,Tamil Thalaivas,4224,Arpit Saroha,Defender - Right Corner,2
9,3027,2022-12-15,Tamil Thalaivas,4964,Mohit ,Defender - Left Cover,2
9,3027,2022-12-15,Tamil Thalaivas,4965,Sahil Singh,Defender - Left Corner,3
9,3027,2022-12-15,Tamil Thalaivas,5093,Narender ,Raider,12
9,3028,2022-12-17,Jaipur Pink Panthers,368,Sunil Kumar,Defender,6
9,3028,2022-12-17,Jaipur Pink Panthers,2024,Arjun Deshwal,Raider,6
9,3028,2022-12-17,Jaipur Pink Panthers,3053,V Ajith Kumar,Raider,6
9,3028,2022-12-17,Jaipur Pink Panthers,3574,Ankush ,Defender - Left Corner,3
9,3028,2022-12-17,Jaipur Pink Panthers,5113,Abhishek KS,Defender - Left Cover,3
9,3028,2022-12-17,Jaipur Pink Panthers,5022,Reza Mirbagheri,Defender,1
9,3028,2022-12-17,Puneri Paltan,259,Fazel Atrachali,Defender,3
9,3028,2022-12-17,Puneri Paltan,4192,Abinesh Nadarajan,Defender - Right Cover,4
9,3028,2022-12-17,Puneri Paltan,5128,Gaurav Khatri,Defender - Right Corner,2
10,3029,2023-12-02,Gujarat Giants,259,Fazel Atrachali,Defender,3
10,3029,2023-12-02,Gujarat Giants,3000,Sombir ,Defender,2
10,3029,2023-12-02,Gujarat Giants,629,Narender Hooda,All Rounder,0
10,3029,2023-12-02,Gujarat Giants,2297,Arkam Shaikh,All-Rounder,0
10,3029,2023-12-02,Gujarat Giants,3176,Mohammad Nabibakhsh,All-Rounder,4
10,3029,2023-12-02,Gujarat Giants,3128,Sonu ,Raider,11
10,3029,2023-12-02,Gujarat Giants,3593,Sourav Gulia,Defender,1
10,3029,2023-12-02,Telugu Titans,318,Pawan Kumar,Raider,11
10,3029,2023-12-02,Telugu Titans,357,Parvesh Bhainswal,Defender - Left Cover,0
10,3029,2023-12-02,Telugu Titans,2290,Rajnish ,Raider,5
10,3029,2023-12-02,Telugu Titans,5039,Shankar Gadai,All-Rounder,1
10,3029,2023-12-02,Telugu Titans,5174,Ajit Pawar,Defender - Left Cover,0
10,3029,2023-12-02,Telugu Titans,3153,Omkar R. More,All-Rounder,1
10,3030,2023-12-02,U Mumba,769,Mahender Singh,Defender - Left Cover,2
10,3030,2023-12-02,U Mumba,3032,Guman Singh,Raider,5
10,3030,2023-12-02,U Mumba,3964,Rinku ,Defender - Right Corner,6
10,3030,2023-12-02,U Mumba,5252,Amirmohammad Zafardanesh,All-Rounder,12
10,3030,2023-12-02,U.P. Yoddhas,3081,Vijay Malik,All-Rounder,5
10,3030,2023-12-02,U.P. Yoddhas,3088,Nitesh Kumar,Defender,1
10,3030,2023-12-02,U.P. Yoddhas,2041,Gurdeep ,All-Rounder,2
10,3030,2023-12-02,U.P. Yoddhas,3240,Sumit ,Defender - Left Corner,2
10,3030,2023-12-02,U.P. Yoddhas,3241,Surender Gill,Raider,7
10,3030,2023-12-02,U.P. Yoddhas,3039,Nitin Panwar,All-Rounder,3
10,3030,2023-12-02,U.P. Yoddhas,5121,Anil Kumar,Raider,7
10,3031,2023-12-03,Tamil Thalaivas,3097,Ajinkya Ashok Pawar,Raider,21
10,3031,2023-12-03,Tamil Thalaivas,5156,Nitesh Kumar,Defender - Left Corner,1
10,3031,2023-12-03,Dabang Delhi K.C.,3083,Vishal Bhardwaj,Defender,2
10,3031,2023-12-03,Dabang Delhi K.C.,2296,Naveen Kumar,Raider,14
10,3031,2023-12-03,Dabang Delhi K.C.,3965,Manjeet ,Raider,0
10,3031,2023-12-03,Dabang Delhi K.C.,4947,Ashu Malik,Raider,9
10,3031,2023-12-03,Dabang Delhi K.C.,5144,Yogesh ,Defender - Right Corner,1
10,3031,2023-12-03,Dabang Delhi K.C.,5319,Mohit ,Defender-Right Cover,0
10,3032,2023-12-03,Gujarat Giants,3023,Rohit Gulia,All-Rounder,3
10,3032,2023-12-03,Gujarat Giants,629,Narender Hooda,All Rounder,0
10,3032,2023-12-03,Gujarat Giants,3593,Sourav Gulia,Defender,0
10,3032,2023-12-03,Bengaluru Bulls,322,Surjeet Singh,Defender - Right Cover,2
10,3032,2023-12-03,Bengaluru Bulls,3159,Vishal ,Defender - Left Cover,3
10,3032,2023-12-03,Bengaluru Bulls,3101,Ponparthiban Subramanian,Defender-Right Cover,0
10,3032,2023-12-03,Bengaluru Bulls,3228,Saurabh Nandal,Defender - Right Corner,2
10,3032,2023-12-03,Bengaluru Bulls,4972,Aman ,Defender - Left Corner,3
10,3033,2023-12-04,Puneri Paltan,3234,Sanket Sawant,Defender - Left Cover,2
10,3033,2023-12-04,Puneri Paltan,3233,Pankaj Mohite,Raider,2
10,3033,2023-12-04,Puneri Paltan,4192,Abinesh Nadarajan,Defender - Right Cover,2
10,3033,2023-12-04,Puneri Paltan,4925,Mohammadreza Chiyaneh,All-Rounder,5
10,3033,2023-12-04,Puneri Paltan,4960,Aslam Inamdar,All-rounder,10
10,3033,2023-12-04,Jaipur Pink Panthers,368,Sunil Kumar,Defender,3
10,3033,2023-12-04,Jaipur Pink Panthers,3053,V Ajith Kumar,Raider,5
10,3033,2023-12-04,Jaipur Pink Panthers,3574,Ankush ,Defender - Left Corner,0
10,3033,2023-12-04,Jaipur Pink Panthers,4769,Sahul Kumar,Defender - Right Corner,1
10,3033,2023-12-04,Jaipur Pink Panthers,5022,Reza Mirbagheri,Defender,0
10,3034,2023-12-04,Bengaluru Bulls,322,Surjeet Singh,Defender - Right Cover,2
10,3034,2023-12-04,Bengaluru Bulls,366,Vikash Khandola,Raider,3
10,3034,2023-12-04,Bengaluru Bulls,3159,Vishal ,Defender - Left Cover,4
10,3034,2023-12-04,Bengaluru Bulls,3228,Saurabh Nandal,Defender - Right Corner,0
10,3034,2023-12-04,Bengaluru Bulls,4972,Aman ,Defender - Left Corner,2
10,3034,2023-12-04,Bengal Warriors,143,Maninder Singh,Raider,11
10,3034,2023-12-04,Bengal Warriors,106,Shrikant Jadhav,Raider,3
10,3034,2023-12-04,Bengal Warriors,3103,Shubham Shinde,Defender - Right Corner,4
10,3034,2023-12-04,Bengal Warriors,4757,Vishwas S,Raider,4
10,3034,2023-12-04,Bengal Warriors,5114,Vaibhav Garje,Defender - Right Cover,2
10,3034,2023-12-04,Bengal Warriors,5134,Aditya S. Shinde,Defender - Left Corner,3
10,3035,2023-12-05,Gujarat Giants,259,Fazel Atrachali,Defender,5
10,3035,2023-12-05,Gujarat Giants,3023,Rohit Gulia,All-Rounder,7
10,3035,2023-12-05,Gujarat Giants,3128,Sonu ,Raider,11
10,3035,2023-12-05,Gujarat Giants,3593,Sourav Gulia,Defender,2
10,3035,2023-12-05,Gujarat Giants,3966,Rakesh ,Raider,9
10,3035,2023-12-05,Gujarat Giants,4978,Balaji D,All-Rounder,0
10,3035,2023-12-05,U Mumba,769,Mahender Singh,Defender - Left Cover,5
10,3035,2023-12-05,U Mumba,3086,Surinder Singh,Defender,0
10,3035,2023-12-05,U Mumba,5046,Visvanth V,All- Rounder,3
10,3035,2023-12-05,U Mumba,5117,Pranay Rane,Raider,5
10,3035,2023-12-05,U Mumba,5252,Amirmohammad Zafardanesh,All-Rounder,10
10,3036,2023-12-06,Telugu Titans,318,Pawan Kumar,Raider,11
10,3036,2023-12-06,Patna Pirates,763,Manjeet ,Raider,8
10,3036,2023-12-06,Patna Pirates,757,Sachin ,Raider,14
10,3036,2023-12-06,Patna Pirates,3107,Neeraj Kumar,Defender - Right Cover,4
10,3036,2023-12-06,Patna Pirates,3343,Sajin Chandrasekar,All-Rounder,3
10,3036,2023-12-06,Patna Pirates,4949,Krishan ,Defender,2
10,3036,2023-12-06,Patna Pirates,5282,Sandeep Kumar ,Raider,4
10,3036,2023-12-06,Patna Pirates,5169,Ankit ,All-Rounder,5
10,3037,2023-12-06,U.P. Yoddhas,197,Pardeep Narwal,Raider,12
10,3037,2023-12-06,U.P. Yoddhas,3081,Vijay Malik,All-Rounder,2
10,3037,2023-12-06,U.P. Yoddhas,3138,Harendra Kumar,Defender - Left Cover,0
10,3037,2023-12-06,U.P. Yoddhas,3240,Sumit ,Defender - Left Corner,8
10,3037,2023-12-06,U.P. Yoddhas,3039,Nitin Panwar,All-Rounder,0
10,3037,2023-12-06,U.P. Yoddhas,4926,Samuel Wafula,All-Rounder,0
10,3037,2023-12-06,U.P. Yoddhas,5162,Hitesh ,Defender - Right Corner,1
10,3037,2023-12-06,Haryana Steelers,4186,Rahul Sethpal,Defender - Right Corner,3
10,3038,2023-12-07,Bengal Warriors,143,Maninder Singh,Raider,4
10,3038,2023-12-07,Bengal Warriors,106,Shrikant Jadhav,Raider,7
10,3038,2023-12-07,Bengal Warriors,3103,Shubham Shinde,Defender - Right Corner,0
10,3038,2023-12-07,Bengal Warriors,5114,Vaibhav Garje,Defender - Right Cover,3
10,3038,2023-12-07,Bengal Warriors,5134,Aditya S. Shinde,Defender - Left Corner,2
10,3038,2023-12-07,Bengal Warriors,5185,Nitin Kumar,Right Raider,5
10,3038,2023-12-07,Jaipur Pink Panthers,368,Sunil Kumar,Defender,2
10,3038,2023-12-07,Jaipur Pink Panthers,660,Bhavani Rajput,Raider,10
10,3038,2023-12-07,Jaipur Pink Panthers,3574,Ankush ,Defender - Left Corner,4
10,3040,2023-12-08,Bengaluru Bulls,3159,Vishal ,Defender - Left Cover,1
10,3040,2023-12-08,Bengaluru Bulls,3228,Saurabh Nandal,Defender - Right Corner,2
10,3040,2023-12-08,Bengaluru Bulls,4972,Aman ,Defender - Left Corner,3
10,3040,2023-12-08,Dabang Delhi K.C.,3083,Vishal Bhardwaj,Defender,4
10,3040,2023-12-08,Dabang Delhi K.C.,2296,Naveen Kumar,Raider,13
10,3040,2023-12-08,Dabang Delhi K.C.,3965,Manjeet ,Raider,1
10,3040,2023-12-08,Dabang Delhi K.C.,4947,Ashu Malik,Raider,10
10,3040,2023-12-08,Dabang Delhi K.C.,5144,Yogesh ,Defender - Right Corner,1
10,3040,2023-12-08,Dabang Delhi K.C.,5319,Mohit ,Defender-Right Cover,1
10,3041,2023-12-08,Puneri Paltan,3234,Sanket Sawant,Defender - Left Cover,3
10,3041,2023-12-08,Puneri Paltan,4022,Mohit Goyat,Raider,12
10,3041,2023-12-08,Puneri Paltan,4192,Abinesh Nadarajan,Defender - Right Cover,3
10,3041,2023-12-08,Puneri Paltan,4925,Mohammadreza Chiyaneh,All-Rounder,4
10,3041,2023-12-08,Puneri Paltan,4960,Aslam Inamdar,All-rounder,3
10,3041,2023-12-08,Puneri Paltan,5128,Gaurav Khatri,Defender - Right Corner,3
10,3041,2023-12-08,U Mumba,769,Mahender Singh,Defender - Left Cover,0
10,3041,2023-12-08,U Mumba,3086,Surinder Singh,Defender,2
10,3041,2023-12-08,U Mumba,3964,Rinku ,Defender - Right Corner,2
10,3041,2023-12-08,U Mumba,5200,Rohit Yadav,Left Raider,0
10,3041,2023-12-08,U Mumba,5002,Jai Bhagwan,Raider,5
10,3041,2023-12-08,U Mumba,5046,Visvanth V,All- Rounder,6
10,3042,2023-12-09,Bengaluru Bulls,322,Surjeet Singh,Defender - Right Cover,5
10,3042,2023-12-09,Bengaluru Bulls,3159,Vishal ,Defender - Left Cover,0
10,3042,2023-12-09,Bengaluru Bulls,3228,Saurabh Nandal,Defender - Right Corner,3
10,3042,2023-12-09,Bengaluru Bulls,4179,Sushil ,Raider,2
10,3042,2023-12-09,Bengaluru Bulls,4944,Bharat ,Raider,14
10,3042,2023-12-09,Bengaluru Bulls,4972,Aman ,Defender - Left Corner,0
10,3042,2023-12-09,Haryana Steelers,2026,Siddharth Desai,Raider,7
10,3042,2023-12-09,Haryana Steelers,3028,Ashish ,All-Rounder,1
10,3042,2023-12-09,Haryana Steelers,4184,Jaideep ,Defender - Left Cover,6
10,3042,2023-12-09,Haryana Steelers,4186,Rahul Sethpal,Defender - Right Corner,2
10,3042,2023-12-09,Haryana Steelers,5102,Naveen ,Defender - Left Corner,0
10,3043,2023-12-09,U.P. Yoddhas,3088,Nitesh Kumar,Defender,5
10,3043,2023-12-09,U.P. Yoddhas,2041,Gurdeep ,All-Rounder,3
10,3043,2023-12-09,U.P. Yoddhas,3241,Surender Gill,Raider,14
10,3043,2023-12-09,Telugu Titans,318,Pawan Kumar,Raider,11
10,3043,2023-12-09,Telugu Titans,4836,Ankit ,Defender - Left Corner,2
10,3043,2023-12-09,Telugu Titans,5174,Ajit Pawar,Defender - Left Cover,2
10,3043,2023-12-09,Telugu Titans,5157,Prafull Zaware,Left Raider,0
10,3043,2023-12-09,Telugu Titans,5197,Robin Chaudhary,Right Raider,3
10,3043,2023-12-09,Telugu Titans,5187,Mohit ,Defender - Right Corner,5
10,3043,2023-12-09,Telugu Titans,5254,Milad Jabbari,Defender,4
10,3044,2023-12-10,Bengal Warriors,143,Maninder Singh,Raider,16
10,3044,2023-12-10,Bengal Warriors,3103,Shubham Shinde,Defender - Right Corner,11
10,3044,2023-12-10,Bengal Warriors,4757,Vishwas S,Raider,1
10,3044,2023-12-10,Bengal Warriors,5114,Vaibhav Garje,Defender - Right Cover,1
10,3044,2023-12-10,Bengal Warriors,5051,Darpan ,Defender,1
10,3044,2023-12-10,Bengal Warriors,5134,Aditya S. Shinde,Defender - Left Corner,1
10,3044,2023-12-10,Tamil Thalaivas,3014,M. Abishek ,Defender - Right Cover,0
10,3044,2023-12-10,Tamil Thalaivas,3236,Sagar ,Defender - Right Corner,3
10,3044,2023-12-10,Tamil Thalaivas,4964,Mohit ,Defender - Left Cover,2
10,3044,2023-12-10,Tamil Thalaivas,4965,Sahil Singh,Defender - Left Corner,3
10,3044,2023-12-10,Tamil Thalaivas,5155,Nitin Singh,Raider,2
10,3045,2023-12-10,Dabang Delhi K.C.,3083,Vishal Bhardwaj,Defender,2
10,3045,2023-12-10,Dabang Delhi K.C.,2296,Naveen Kumar,Raider,16
10,3045,2023-12-10,Dabang Delhi K.C.,3965,Manjeet ,Raider,1
10,3045,2023-12-10,Dabang Delhi K.C.,5142,Himmat Antil,Defender - Left Cover,3
10,3045,2023-12-10,Dabang Delhi K.C.,5144,Yogesh ,Defender - Right Corner,0
10,3045,2023-12-10,Dabang Delhi K.C.,5319,Mohit ,Defender-Right Cover,0
10,3045,2023-12-10,Haryana Steelers,2026,Siddharth Desai,Raider,10
10,3045,2023-12-10,Haryana Steelers,3028,Ashish ,All-Rounder,7
10,3046,2023-12-11,Jaipur Pink Panthers,660,Bhavani Rajput,Raider,6
10,3046,2023-12-11,Jaipur Pink Panthers,2024,Arjun Deshwal,Raider,15
10,3046,2023-12-11,Jaipur Pink Panthers,3053,V Ajith Kumar,Raider,2
10,3046,2023-12-11,Jaipur Pink Panthers,5113,Abhishek KS,Defender - Left Cover,0
10,3046,2023-12-11,Gujarat Giants,259,Fazel Atrachali,Defender,2
10,3046,2023-12-11,Gujarat Giants,3000,Sombir ,Defender,1
10,3046,2023-12-11,Gujarat Giants,2297,Arkam Shaikh,All-Rounder,1
10,3046,2023-12-11,Gujarat Giants,3176,Mohammad Nabibakhsh,All-Rounder,1
10,3046,2023-12-11,Gujarat Giants,3128,Sonu ,Raider,14
10,3046,2023-12-11,Gujarat Giants,3593,Sourav Gulia,Defender,1
10,3046,2023-12-11,Gujarat Giants,3966,Rakesh ,Raider,2
10,3047,2023-12-11,Bengaluru Bulls,366,Vikash Khandola,Raider,11
10,3047,2023-12-11,Bengaluru Bulls,3159,Vishal ,Defender - Left Cover,0
10,3047,2023-12-11,Bengaluru Bulls,3082,Monu ,Raider,2
10,3047,2023-12-11,Bengaluru Bulls,3228,Saurabh Nandal,Defender - Right Corner,4
10,3047,2023-12-11,Bengaluru Bulls,4944,Bharat ,Raider,11
10,3047,2023-12-11,Bengaluru Bulls,4972,Aman ,Defender - Left Corner,2
10,3047,2023-12-11,U.P. Yoddhas,197,Pardeep Narwal,Raider,13
10,3047,2023-12-11,U.P. Yoddhas,3081,Vijay Malik,All-Rounder,6
10,3047,2023-12-11,U.P. Yoddhas,3088,Nitesh Kumar,Defender,2
10,3047,2023-12-11,U.P. Yoddhas,2041,Gurdeep ,All-Rounder,3
10,3047,2023-12-11,U.P. Yoddhas,3241,Surender Gill,Raider,8
10,3047,2023-12-11,U.P. Yoddhas,3039,Nitin Panwar,All-Rounder,0
10,3047,2023-12-11,U.P. Yoddhas,5037,Kiran Laxman,Defender - Left Corner,1
10,3048,2023-12-12,Bengal Warriors,143,Maninder Singh,Raider,15
10,3048,2023-12-12,Bengal Warriors,4873,Akshay Kumar,Defender-Left Corner,3
10,3048,2023-12-12,Bengal Warriors,5114,Vaibhav Garje,Defender - Right Cover,2
10,3048,2023-12-12,Bengal Warriors,5134,Aditya S. Shinde,Defender - Left Corner,1
10,3048,2023-12-12,Patna Pirates,3107,Neeraj Kumar,Defender - Right Cover,0
10,3048,2023-12-12,Patna Pirates,3343,Sajin Chandrasekar,All-Rounder,1
10,3048,2023-12-12,Patna Pirates,4193,Sudhakar M ,Raider,14
10,3048,2023-12-12,Patna Pirates,4949,Krishan ,Defender,4
10,3048,2023-12-12,Patna Pirates,5282,Sandeep Kumar ,Raider,5
10,3049,2023-12-13,Tamil Thalaivas,3014,M. Abishek ,Defender - Right Cover,0
10,3049,2023-12-13,Tamil Thalaivas,3236,Sagar ,Defender - Right Corner,2
10,3049,2023-12-13,Tamil Thalaivas,4964,Mohit ,Defender - Left Cover,1
10,3049,2023-12-13,Tamil Thalaivas,4965,Sahil Singh,Defender - Left Corner,7
10,3049,2023-12-13,Tamil Thalaivas,5094,Jatin ,Raider,4
10,3049,2023-12-13,Telugu Titans,318,Pawan Kumar,Raider,7
10,3049,2023-12-13,Telugu Titans,4191,Sanjeevi S ,All- Rounder,6
10,3049,2023-12-13,Telugu Titans,4836,Ankit ,Defender - Left Corner,1
10,3049,2023-12-13,Telugu Titans,5174,Ajit Pawar,Defender - Left Cover,4
10,3049,2023-12-13,Telugu Titans,5197,Robin Chaudhary,Right Raider,7
10,3049,2023-12-13,Telugu Titans,5187,Mohit ,Defender - Right Corner,3
10,3049,2023-12-13,Telugu Titans,5254,Milad Jabbari,Defender,4
10,3050,2023-12-13,Bengaluru Bulls,322,Surjeet Singh,Defender - Right Cover,2
10,3050,2023-12-13,Bengaluru Bulls,3159,Vishal ,Defender - Left Cover,1
10,3050,2023-12-13,Bengaluru Bulls,3082,Monu ,Raider,1
10,3050,2023-12-13,Bengaluru Bulls,3228,Saurabh Nandal,Defender - Right Corner,5
10,3050,2023-12-13,Bengaluru Bulls,4944,Bharat ,Raider,9
10,3050,2023-12-13,Bengaluru Bulls,4972,Aman ,Defender - Left Corner,3
10,3050,2023-12-13,Jaipur Pink Panthers,368,Sunil Kumar,Defender,3
10,3050,2023-12-13,Jaipur Pink Panthers,2024,Arjun Deshwal,Raider,4
10,3050,2023-12-13,Jaipur Pink Panthers,4769,Sahul Kumar,Defender - Right Corner,0
10,3050,2023-12-13,Jaipur Pink Panthers,5022,Reza Mirbagheri,Defender,1
10,3051,2023-12-15,U Mumba,3086,Surinder Singh,Defender,4
10,3051,2023-12-15,U Mumba,3964,Rinku ,Defender - Right Corner,0
10,3051,2023-12-15,U Mumba,5046,Visvanth V,All- Rounder,8
10,3051,2023-12-15,Patna Pirates,763,Manjeet ,Raider,5
10,3051,2023-12-15,Patna Pirates,757,Sachin ,Raider,12
10,3051,2023-12-15,Patna Pirates,3107,Neeraj Kumar,Defender - Right Cover,2
10,3051,2023-12-15,Patna Pirates,4193,Sudhakar M ,Raider,7
10,3051,2023-12-15,Patna Pirates,5282,Sandeep Kumar ,Raider,3
10,3051,2023-12-15,Patna Pirates,5169,Ankit ,All-Rounder,1
10,3052,2023-12-15,Puneri Paltan,3234,Sanket Sawant,Defender - Left Cover,2
10,3052,2023-12-15,Puneri Paltan,4022,Mohit Goyat,Raider,8
10,3052,2023-12-15,Puneri Paltan,4192,Abinesh Nadarajan,Defender - Right Cover,3
10,3052,2023-12-15,Puneri Paltan,4960,Aslam Inamdar,All-rounder,9
10,3052,2023-12-15,Puneri Paltan,5128,Gaurav Khatri,Defender - Right Corner,2
10,3052,2023-12-15,Haryana Steelers,3054,Vinay ,Raider,15
10,3052,2023-12-15,Haryana Steelers,3028,Ashish ,All-Rounder,5
10,3052,2023-12-15,Haryana Steelers,4184,Jaideep ,Defender - Left Cover,4
10,3052,2023-12-15,Haryana Steelers,5032,Mohit ,Defender - Left Corner,0
10,3052,2023-12-15,Haryana Steelers,4108,Shivam Patare,Left Raider,5
10,3053,2023-12-16,Puneri Paltan,3234,Sanket Sawant,Defender - Left Cover,0
10,3053,2023-12-16,Puneri Paltan,3233,Pankaj Mohite,Raider,3
10,3053,2023-12-16,Puneri Paltan,4022,Mohit Goyat,Raider,12
10,3053,2023-12-16,Puneri Paltan,4192,Abinesh Nadarajan,Defender - Right Cover,4
10,3053,2023-12-16,Puneri Paltan,4925,Mohammadreza Chiyaneh,All-Rounder,6
10,3053,2023-12-16,Puneri Paltan,4960,Aslam Inamdar,All-rounder,10
10,3053,2023-12-16,Puneri Paltan,5128,Gaurav Khatri,Defender - Right Corner,5
10,3053,2023-12-16,Bengal Warriors,143,Maninder Singh,Raider,7
10,3053,2023-12-16,Bengal Warriors,3103,Shubham Shinde,Defender - Right Corner,2
10,3053,2023-12-16,Bengal Warriors,5035,Akshay Bharat,All-Rounder,0
10,3053,2023-12-16,Bengal Warriors,5051,Darpan ,Defender,1
10,3053,2023-12-16,Bengal Warriors,5134,Aditya S. Shinde,Defender - Left Corner,1
10,3053,2023-12-16,Bengal Warriors,5185,Nitin Kumar,Right Raider,4
10,3054,2023-12-16,Telugu Titans,318,Pawan Kumar,Raider,14
10,3054,2023-12-16,Telugu Titans,290,Sandeep Dhull,Defender - Left Corner,1
10,3054,2023-12-16,Telugu Titans,4191,Sanjeevi S ,All- Rounder,2
10,3054,2023-12-16,Telugu Titans,4923,Hamid Nader,All-Rounder,2
10,3054,2023-12-16,Telugu Titans,5039,Shankar Gadai,All-Rounder,2
10,3054,2023-12-16,Telugu Titans,5197,Robin Chaudhary,Right Raider,5
10,3054,2023-12-16,Telugu Titans,5254,Milad Jabbari,Defender,1
10,3054,2023-12-16,Dabang Delhi K.C.,2296,Naveen Kumar,Raider,14
10,3054,2023-12-16,Dabang Delhi K.C.,3965,Manjeet ,Raider,2
10,3054,2023-12-16,Dabang Delhi K.C.,4947,Ashu Malik,Raider,16
10,3054,2023-12-16,Dabang Delhi K.C.,5142,Himmat Antil,Defender - Left Cover,2
10,3054,2023-12-16,Dabang Delhi K.C.,5144,Yogesh ,Defender - Right Corner,1
10,3054,2023-12-16,Dabang Delhi K.C.,5319,Mohit ,Defender-Right Cover,2
10,3055,2023-12-17,Patna Pirates,757,Sachin ,Raider,7
10,3055,2023-12-17,Patna Pirates,4193,Sudhakar M ,Raider,3
10,3055,2023-12-17,Patna Pirates,4949,Krishan ,Defender,2
10,3055,2023-12-17,Patna Pirates,5282,Sandeep Kumar ,Raider,7
10,3055,2023-12-17,Patna Pirates,5169,Ankit ,All-Rounder,2
10,3055,2023-12-17,Jaipur Pink Panthers,368,Sunil Kumar,Defender,0
10,3055,2023-12-17,Jaipur Pink Panthers,3053,V Ajith Kumar,Raider,16
10,3055,2023-12-17,Jaipur Pink Panthers,3574,Ankush ,Defender - Left Corner,2
10,3055,2023-12-17,Jaipur Pink Panthers,5042,Lucky Sharma,Defender - Right Corner,2
10,3055,2023-12-17,Jaipur Pink Panthers,5022,Reza Mirbagheri,Defender,3
10,3057,2023-12-18,Bengal Warriors,143,Maninder Singh,Raider,9
10,3057,2023-12-18,Bengal Warriors,106,Shrikant Jadhav,Raider,6
10,3057,2023-12-18,Bengal Warriors,3103,Shubham Shinde,Defender - Right Corner,4
10,3057,2023-12-18,Bengal Warriors,4873,Akshay Kumar,Defender-Left Corner,1
10,3057,2023-12-18,Bengal Warriors,5035,Akshay Bharat,All-Rounder,0
10,3057,2023-12-18,Bengal Warriors,5051,Darpan ,Defender,3
10,3057,2023-12-18,Bengal Warriors,5185,Nitin Kumar,Right Raider,10
10,3057,2023-12-18,U.P. Yoddhas,3081,Vijay Malik,All-Rounder,7
10,3058,2023-12-18,Puneri Paltan,3234,Sanket Sawant,Defender - Left Cover,3
10,3058,2023-12-18,Puneri Paltan,4022,Mohit Goyat,Raider,7
10,3058,2023-12-18,Puneri Paltan,4192,Abinesh Nadarajan,Defender - Right Cover,2
10,3058,2023-12-18,Puneri Paltan,4925,Mohammadreza Chiyaneh,All-Rounder,2
10,3058,2023-12-18,Puneri Paltan,4959,Akash Shinde,Raider,3
10,3058,2023-12-18,Puneri Paltan,4960,Aslam Inamdar,All-rounder,8
10,3058,2023-12-18,Puneri Paltan,5128,Gaurav Khatri,Defender - Right Corner,1
10,3058,2023-12-18,Dabang Delhi K.C.,5144,Yogesh ,Defender - Right Corner,4
10,3058,2023-12-18,Dabang Delhi K.C.,5319,Mohit ,Defender-Right Cover,0
10,3059,2023-12-19,Haryana Steelers,3054,Vinay ,Raider,9
10,3059,2023-12-19,Haryana Steelers,3028,Ashish ,All-Rounder,1
10,3059,2023-12-19,Haryana Steelers,4186,Rahul Sethpal,Defender - Right Corner,0
10,3059,2023-12-19,Haryana Steelers,5032,Mohit ,Defender - Left Corner,2
10,3059,2023-12-19,Haryana Steelers,4108,Shivam Patare,Left Raider,3
10,3059,2023-12-19,Gujarat Giants,259,Fazel Atrachali,Defender,4
10,3059,2023-12-19,Gujarat Giants,3023,Rohit Gulia,All-Rounder,7
10,3059,2023-12-19,Gujarat Giants,121,Vikash Jaglan,All- Rounder,2
10,3059,2023-12-19,Gujarat Giants,3128,Sonu ,Raider,4
10,3059,2023-12-19,Gujarat Giants,3966,Rakesh ,Raider,1
10,3060,2023-12-20,Jaipur Pink Panthers,368,Sunil Kumar,Defender,3
10,3060,2023-12-20,Jaipur Pink Panthers,3053,V Ajith Kumar,Raider,4
10,3060,2023-12-20,Jaipur Pink Panthers,3574,Ankush ,Defender - Left Corner,2
10,3060,2023-12-20,Jaipur Pink Panthers,5042,Lucky Sharma,Defender - Right Corner,3
10,3060,2023-12-20,Jaipur Pink Panthers,5113,Abhishek KS,Defender - Left Cover,3
10,3060,2023-12-20,Jaipur Pink Panthers,5022,Reza Mirbagheri,Defender,4
10,3060,2023-12-20,U.P. Yoddhas,197,Pardeep Narwal,Raider,6
10,3060,2023-12-20,U.P. Yoddhas,3081,Vijay Malik,All-Rounder,4
10,3060,2023-12-20,U.P. Yoddhas,3088,Nitesh Kumar,Defender,3
10,3060,2023-12-20,U.P. Yoddhas,2041,Gurdeep ,All-Rounder,3
10,3060,2023-12-20,U.P. Yoddhas,3240,Sumit ,Defender - Left Corner,1
10,3060,2023-12-20,U.P. Yoddhas,5121,Anil Kumar,Raider,1
10,3060,2023-12-20,U.P. Yoddhas,5164,Shivam Chaudhary,Left Raider,0
10,3061,2023-12-20,Puneri Paltan,3234,Sanket Sawant,Defender - Left Cover,1
10,3061,2023-12-20,Puneri Paltan,4925,Mohammadreza Chiyaneh,All-Rounder,7
10,3061,2023-12-20,Puneri Paltan,4960,Aslam Inamdar,All-rounder,6
10,3061,2023-12-20,Puneri Paltan,5116,Aditya Shinde,Raider,0
10,3061,2023-12-20,Puneri Paltan,5151,Dadaso Pujari,Defender - Right Corner,0
10,3061,2023-12-20,Bengaluru Bulls,160,Ran Singh,All- Rounder,0
10,3061,2023-12-20,Bengaluru Bulls,366,Vikash Khandola,Raider,5
10,3061,2023-12-20,Bengaluru Bulls,3090,Rakshith ,Defender-Right Cover,0
10,3061,2023-12-20,Bengaluru Bulls,3038,Neeraj Narwal,Raider,2
10,3061,2023-12-20,Bengaluru Bulls,4944,Bharat ,Raider,1
10,3061,2023-12-20,Bengaluru Bulls,5324,Rohit Kumar,Defender - Left Cover,6
10,3062,2023-12-22,Tamil Thalaivas,3014,M. Abishek ,Defender - Right Cover,1
10,3062,2023-12-22,Tamil Thalaivas,3161,Himanshu ,Defender - Left Corner,8
10,3062,2023-12-22,Tamil Thalaivas,3236,Sagar ,Defender - Right Corner,2
10,3062,2023-12-22,Tamil Thalaivas,3970,Himanshu ,Raider,6
10,3062,2023-12-22,Tamil Thalaivas,4964,Mohit ,Defender - Left Cover,0
10,3062,2023-12-22,Tamil Thalaivas,4965,Sahil Singh,Defender - Left Corner,1
10,3062,2023-12-22,Patna Pirates,4193,Sudhakar M ,Raider,11
10,3062,2023-12-22,Patna Pirates,4957,Manish ,Defender,3
10,3062,2023-12-22,Patna Pirates,5169,Ankit ,All-Rounder,3
10,3063,2023-12-22,Haryana Steelers,219,K.Prapanjan ,Raider,0
10,3063,2023-12-22,Haryana Steelers,3054,Vinay ,Raider,9
10,3063,2023-12-22,Haryana Steelers,4184,Jaideep ,Defender - Left Cover,1
10,3063,2023-12-22,Haryana Steelers,4186,Rahul Sethpal,Defender - Right Corner,1
10,3063,2023-12-22,Haryana Steelers,4954,Mohit ,Defender - Right Cover,3
10,3063,2023-12-22,Haryana Steelers,5032,Mohit ,Defender - Left Corner,4
10,3063,2023-12-22,Haryana Steelers,4108,Shivam Patare,Left Raider,12
10,3063,2023-12-22,Telugu Titans,290,Sandeep Dhull,Defender - Left Corner,5
10,3063,2023-12-22,Telugu Titans,4923,Hamid Nader,All-Rounder,2
10,3063,2023-12-22,Telugu Titans,5174,Ajit Pawar,Defender - Left Cover,7
10,3064,2023-12-23,Tamil Thalaivas,3014,M. Abishek ,Defender - Right Cover,4
10,3064,2023-12-23,Tamil Thalaivas,5156,Nitesh Kumar,Defender - Left Corner,0
10,3064,2023-12-23,Jaipur Pink Panthers,368,Sunil Kumar,Defender,4
10,3064,2023-12-23,Jaipur Pink Panthers,660,Bhavani Rajput,Raider,1
10,3064,2023-12-23,Jaipur Pink Panthers,2024,Arjun Deshwal,Raider,7
10,3064,2023-12-23,Jaipur Pink Panthers,3053,V Ajith Kumar,Raider,3
10,3064,2023-12-23,Jaipur Pink Panthers,3574,Ankush ,Defender - Left Corner,2
10,3064,2023-12-23,Jaipur Pink Panthers,4769,Sahul Kumar,Defender - Right Corner,0
10,3064,2023-12-23,Jaipur Pink Panthers,5022,Reza Mirbagheri,Defender,5
10,3065,2023-12-23,Gujarat Giants,259,Fazel Atrachali,Defender,6
10,3065,2023-12-23,Gujarat Giants,240,Ravi Kumar,Defender - Right Cover,2
10,3065,2023-12-23,Gujarat Giants,3000,Sombir ,Defender,3
10,3065,2023-12-23,Gujarat Giants,3176,Mohammad Nabibakhsh,All-Rounder,0
10,3065,2023-12-23,Gujarat Giants,3966,Rakesh ,Raider,14
10,3065,2023-12-23,Gujarat Giants,4978,Balaji D,All-Rounder,0
10,3065,2023-12-23,U.P. Yoddhas,3081,Vijay Malik,All-Rounder,1
10,3065,2023-12-23,U.P. Yoddhas,3088,Nitesh Kumar,Defender,6
10,3065,2023-12-23,U.P. Yoddhas,2041,Gurdeep ,All-Rounder,1
10,3065,2023-12-23,U.P. Yoddhas,3240,Sumit ,Defender - Left Corner,1
10,3065,2023-12-23,U.P. Yoddhas,3241,Surender Gill,Raider,13
10,3066,2023-12-24,U Mumba,769,Mahender Singh,Defender - Left Cover,5
10,3066,2023-12-24,U Mumba,3086,Surinder Singh,Defender,3
10,3066,2023-12-24,U Mumba,3910,Gokulakannan M,Defender - Right Cover,0
10,3066,2023-12-24,U Mumba,3964,Rinku ,Defender - Right Corner,4
10,3066,2023-12-24,U Mumba,5046,Visvanth V,All- Rounder,3
10,3066,2023-12-24,Bengal Warriors,143,Maninder Singh,Raider,11
10,3066,2023-12-24,Bengal Warriors,106,Shrikant Jadhav,Raider,4
10,3066,2023-12-24,Bengal Warriors,3103,Shubham Shinde,Defender - Right Corner,2
10,3066,2023-12-24,Bengal Warriors,5114,Vaibhav Garje,Defender - Right Cover,0
10,3066,2023-12-24,Bengal Warriors,5078,Harsh Lad,Defender,8
10,3066,2023-12-24,Bengal Warriors,5051,Darpan ,Defender,3
10,3067,2023-12-24,Bengaluru Bulls,366,Vikash Khandola,Raider,5
10,3067,2023-12-24,Bengaluru Bulls,3228,Saurabh Nandal,Defender - Right Corner,3
10,3067,2023-12-24,Bengaluru Bulls,4944,Bharat ,Raider,6
10,3067,2023-12-24,Bengaluru Bulls,4972,Aman ,Defender - Left Corner,0
10,3067,2023-12-24,Telugu Titans,318,Pawan Kumar,Raider,13
10,3067,2023-12-24,Telugu Titans,290,Sandeep Dhull,Defender - Left Corner,1
10,3067,2023-12-24,Telugu Titans,5039,Shankar Gadai,All-Rounder,1
10,3067,2023-12-24,Telugu Titans,5174,Ajit Pawar,Defender - Left Cover,5
10,3067,2023-12-24,Telugu Titans,5197,Robin Chaudhary,Right Raider,2
10,3067,2023-12-24,Telugu Titans,3153,Omkar R. More,All-Rounder,0
10,3067,2023-12-24,Telugu Titans,5187,Mohit ,Defender - Right Corner,1
10,3068,2023-12-25,Bengal Warriors,143,Maninder Singh,Raider,6
10,3068,2023-12-25,Bengal Warriors,106,Shrikant Jadhav,Raider,3
10,3068,2023-12-25,Bengal Warriors,3103,Shubham Shinde,Defender - Right Corner,4
10,3068,2023-12-25,Bengal Warriors,5114,Vaibhav Garje,Defender - Right Cover,4
10,3068,2023-12-25,Bengal Warriors,5078,Harsh Lad,Defender,1
10,3068,2023-12-25,Bengal Warriors,5051,Darpan ,Defender,0
10,3068,2023-12-25,Dabang Delhi K.C.,2296,Naveen Kumar,Raider,11
10,3068,2023-12-25,Dabang Delhi K.C.,4947,Ashu Malik,Raider,3
10,3068,2023-12-25,Dabang Delhi K.C.,5141,Ashish ,Defender - Left Corner,6
10,3068,2023-12-25,Dabang Delhi K.C.,5144,Yogesh ,Defender - Right Corner,6
10,3069,2023-12-25,Tamil Thalaivas,3014,M. Abishek ,Defender - Right Cover,1
10,3069,2023-12-25,Tamil Thalaivas,3236,Sagar ,Defender - Right Corner,4
10,3069,2023-12-25,Tamil Thalaivas,4963,Himanshu Singh,Raider,9
10,3069,2023-12-25,Tamil Thalaivas,4965,Sahil Singh,Defender - Left Corner,10
10,3069,2023-12-25,Haryana Steelers,4186,Rahul Sethpal,Defender - Right Corner,7
10,3069,2023-12-25,Haryana Steelers,4954,Mohit ,Defender - Right Cover,2
10,3069,2023-12-25,Haryana Steelers,5032,Mohit ,Defender - Left Corner,3
10,3069,2023-12-25,Haryana Steelers,4108,Shivam Patare,Left Raider,8
10,3070,2023-12-26,Puneri Paltan,3234,Sanket Sawant,Defender - Left Cover,1
10,3070,2023-12-26,Puneri Paltan,3233,Pankaj Mohite,Raider,11
10,3070,2023-12-26,Puneri Paltan,4022,Mohit Goyat,Raider,9
10,3070,2023-12-26,Puneri Paltan,4192,Abinesh Nadarajan,Defender - Right Cover,5
10,3070,2023-12-26,Puneri Paltan,4960,Aslam Inamdar,All-rounder,6
10,3070,2023-12-26,Puneri Paltan,5128,Gaurav Khatri,Defender - Right Corner,2
10,3070,2023-12-26,Patna Pirates,3107,Neeraj Kumar,Defender - Right Cover,0
10,3070,2023-12-26,Patna Pirates,4039,Kunal Mehta,Raider,0
10,3070,2023-12-26,Patna Pirates,5169,Ankit ,All-Rounder,0
10,3071,2023-12-27,Jaipur Pink Panthers,368,Sunil Kumar,Defender,1
10,3071,2023-12-27,Jaipur Pink Panthers,660,Bhavani Rajput,Raider,4
10,3071,2023-12-27,Jaipur Pink Panthers,2024,Arjun Deshwal,Raider,13
10,3071,2023-12-27,Jaipur Pink Panthers,3053,V Ajith Kumar,Raider,3
10,3071,2023-12-27,Jaipur Pink Panthers,3574,Ankush ,Defender - Left Corner,7
10,3071,2023-12-27,Jaipur Pink Panthers,4769,Sahul Kumar,Defender - Right Corner,0
10,3071,2023-12-27,Jaipur Pink Panthers,5113,Abhishek KS,Defender - Left Cover,1
10,3071,2023-12-27,Dabang Delhi K.C.,4947,Ashu Malik,Raider,7
10,3071,2023-12-27,Dabang Delhi K.C.,5144,Yogesh ,Defender - Right Corner,2
10,3071,2023-12-27,Dabang Delhi K.C.,5319,Mohit ,Defender-Right Cover,3
10,3072,2023-12-27,Tamil Thalaivas,3097,Ajinkya Ashok Pawar,Raider,11
10,3072,2023-12-27,Tamil Thalaivas,4963,Himanshu Singh,Raider,2
10,3072,2023-12-27,Tamil Thalaivas,4965,Sahil Singh,Defender - Left Corner,2
10,3072,2023-12-27,Tamil Thalaivas,4928,Amirhossein Bastami,Defender,3
10,3072,2023-12-27,Tamil Thalaivas,5093,Narender ,Raider,7
10,3072,2023-12-27,Tamil Thalaivas,5094,Jatin ,Raider,1
10,3072,2023-12-27,Gujarat Giants,629,Narender Hooda,All Rounder,0
10,3072,2023-12-27,Gujarat Giants,3176,Mohammad Nabibakhsh,All-Rounder,1
10,3072,2023-12-27,Gujarat Giants,5124,Parteek Dhaiya,Raider,8
10,3073,2023-12-29,Patna Pirates,4193,Sudhakar M ,Raider,5
10,3073,2023-12-29,Patna Pirates,5248,Zheng-Wei Chen,Raider,1
10,3073,2023-12-29,Haryana Steelers,3054,Vinay ,Raider,12
10,3073,2023-12-29,Haryana Steelers,3028,Ashish ,All-Rounder,2
10,3073,2023-12-29,Haryana Steelers,4184,Jaideep ,Defender - Left Cover,0
10,3073,2023-12-29,Haryana Steelers,4186,Rahul Sethpal,Defender - Right Corner,6
10,3073,2023-12-29,Haryana Steelers,5032,Mohit ,Defender - Left Corner,2
10,3073,2023-12-29,Haryana Steelers,4108,Shivam Patare,Left Raider,7
10,3074,2023-12-29,U.P. Yoddhas,3240,Sumit ,Defender - Left Corner,5
10,3074,2023-12-29,Bengaluru Bulls,322,Surjeet Singh,Defender - Right Cover,2
10,3074,2023-12-29,Bengaluru Bulls,366,Vikash Khandola,Raider,1
10,3074,2023-12-29,Bengaluru Bulls,3038,Neeraj Narwal,Raider,5
10,3074,2023-12-29,Bengaluru Bulls,3228,Saurabh Nandal,Defender - Right Corner,4
10,3074,2023-12-29,Bengaluru Bulls,4179,Sushil ,Raider,8
10,3074,2023-12-29,Bengaluru Bulls,4972,Aman ,Defender - Left Corner,3
10,3074,2023-12-29,Bengaluru Bulls,5324,Rohit Kumar,Defender - Left Cover,0
10,3075,2023-12-30,Telugu Titans,290,Sandeep Dhull,Defender - Left Corner,3
10,3075,2023-12-30,Telugu Titans,357,Parvesh Bhainswal,Defender - Left Cover,0
10,3075,2023-12-30,Telugu Titans,2290,Rajnish ,Raider,8
10,3075,2023-12-30,Telugu Titans,5197,Robin Chaudhary,Right Raider,7
10,3075,2023-12-30,U Mumba,3086,Surinder Singh,Defender,1
10,3075,2023-12-30,U Mumba,3964,Rinku ,Defender - Right Corner,8
10,3075,2023-12-30,U Mumba,4970,Shivam Anil,Raider,0
10,3075,2023-12-30,U Mumba,5262,Kunal  Bhati ,Left Raider,2
10,3075,2023-12-30,U Mumba,5160,Sombir ,Defender - Left Corner,8
10,3076,2023-12-30,U.P. Yoddhas,197,Pardeep Narwal,Raider,7
10,3076,2023-12-30,U.P. Yoddhas,3081,Vijay Malik,All-Rounder,3
10,3076,2023-12-30,U.P. Yoddhas,3240,Sumit ,Defender - Left Corner,7
10,3076,2023-12-30,U.P. Yoddhas,3239,Ashu  Singh,Defender - Right Cover,1
10,3076,2023-12-30,U.P. Yoddhas,5118,Mahipal ,Raider,0
10,3076,2023-12-30,U.P. Yoddhas,5121,Anil Kumar,Raider,1
10,3076,2023-12-30,Dabang Delhi K.C.,3965,Manjeet ,Raider,6
10,3076,2023-12-30,Dabang Delhi K.C.,4183,Meetu ,Raider,4
10,3076,2023-12-30,Dabang Delhi K.C.,4947,Ashu Malik,Raider,11
10,3076,2023-12-30,Dabang Delhi K.C.,5141,Ashish ,Defender - Left Corner,5
10,3076,2023-12-30,Dabang Delhi K.C.,5144,Yogesh ,Defender - Right Corner,3
10,3076,2023-12-30,Dabang Delhi K.C.,5196,Vikrant ,Defender-Left Cover,2
10,3076,2023-12-30,Dabang Delhi K.C.,5319,Mohit ,Defender-Right Cover,0
10,3077,2023-12-31,Gujarat Giants,259,Fazel Atrachali,Defender,2
10,3077,2023-12-31,Gujarat Giants,240,Ravi Kumar,Defender - Right Cover,2
10,3077,2023-12-31,Gujarat Giants,2297,Arkam Shaikh,All-Rounder,0
10,3077,2023-12-31,Gujarat Giants,3176,Mohammad Nabibakhsh,All-Rounder,0
10,3077,2023-12-31,Gujarat Giants,4693,Manuj ,Defender - Right Corner,1
10,3077,2023-12-31,Gujarat Giants,4978,Balaji D,All-Rounder,0
10,3077,2023-12-31,Gujarat Giants,5124,Parteek Dhaiya,Raider,25
10,3077,2023-12-31,Bengal Warriors,4873,Akshay Kumar,Defender-Left Corner,0
10,3077,2023-12-31,Bengal Warriors,5185,Nitin Kumar,Right Raider,12
10,3078,2023-12-31,Tamil Thalaivas,3014,M. Abishek ,Defender - Right Cover,1
10,3078,2023-12-31,Tamil Thalaivas,3236,Sagar ,Defender - Right Corner,5
10,3078,2023-12-31,Tamil Thalaivas,4964,Mohit ,Defender - Left Cover,1
10,3078,2023-12-31,Tamil Thalaivas,4965,Sahil Singh,Defender - Left Corner,1
10,3078,2023-12-31,Tamil Thalaivas,5155,Nitin Singh,Raider,5
10,3078,2023-12-31,Bengaluru Bulls,322,Surjeet Singh,Defender - Right Cover,3
10,3078,2023-12-31,Bengaluru Bulls,366,Vikash Khandola,Raider,4
10,3078,2023-12-31,Bengaluru Bulls,3154,Sachin Narwal,All-Rounder,3
10,3078,2023-12-31,Bengaluru Bulls,3228,Saurabh Nandal,Defender - Right Corner,4
10,3078,2023-12-31,Bengaluru Bulls,4944,Bharat ,Raider,9
10,3078,2023-12-31,Bengaluru Bulls,4972,Aman ,Defender - Left Corner,1
10,3078,2023-12-31,Bengaluru Bulls,5137,Parteek ,Defender - Left Cover,4
10,3079,2024-01-01,Telugu Titans,290,Sandeep Dhull,Defender - Left Corner,5
10,3079,2024-01-01,Telugu Titans,4191,Sanjeevi S ,All- Rounder,3
10,3079,2024-01-01,Telugu Titans,5039,Shankar Gadai,All-Rounder,0
10,3079,2024-01-01,Telugu Titans,5158,Omkar Patil,Right Raider,0
10,3079,2024-01-01,Telugu Titans,5254,Milad Jabbari,Defender,2
10,3079,2024-01-01,Puneri Paltan,3234,Sanket Sawant,Defender - Left Cover,0
10,3079,2024-01-01,Puneri Paltan,4022,Mohit Goyat,Raider,13
10,3079,2024-01-01,Puneri Paltan,4031,Nitin R,Right Raider,0
10,3079,2024-01-01,Puneri Paltan,5116,Aditya Shinde,Raider,3
10,3079,2024-01-01,Puneri Paltan,5128,Gaurav Khatri,Defender - Right Corner,6
10,3079,2024-01-01,Puneri Paltan,5152,Tushar Dattaray Adhavade,Defender - Right Cover,0
10,3080,2024-01-01,U.P. Yoddhas,197,Pardeep Narwal,Raider,21
10,3080,2024-01-01,U.P. Yoddhas,2041,Gurdeep ,All-Rounder,3
10,3080,2024-01-01,U.P. Yoddhas,3240,Sumit ,Defender - Left Corner,2
10,3080,2024-01-01,U.P. Yoddhas,3239,Ashu  Singh,Defender - Right Cover,2
10,3080,2024-01-01,U.P. Yoddhas,5162,Hitesh ,Defender - Right Corner,0
10,3080,2024-01-01,U.P. Yoddhas,5163,Gagana Gowda,Right Raider,1
10,3080,2024-01-01,U.P. Yoddhas,5164,Shivam Chaudhary,Left Raider,4
10,3080,2024-01-01,Patna Pirates,763,Manjeet ,Raider,9
10,3080,2024-01-01,Patna Pirates,757,Sachin ,Raider,15
10,3080,2024-01-01,Patna Pirates,3107,Neeraj Kumar,Defender - Right Cover,5
10,3080,2024-01-01,Patna Pirates,4957,Manish ,Defender,0
10,3081,2024-01-02,Gujarat Giants,240,Ravi Kumar,Defender - Right Cover,0
10,3081,2024-01-02,Gujarat Giants,3176,Mohammad Nabibakhsh,All-Rounder,0
10,3081,2024-01-02,Gujarat Giants,3128,Sonu ,Raider,3
10,3081,2024-01-02,Gujarat Giants,3966,Rakesh ,Raider,5
10,3081,2024-01-02,Gujarat Giants,4693,Manuj ,Defender - Right Corner,0
10,3081,2024-01-02,Dabang Delhi K.C.,3083,Vishal Bhardwaj,Defender,0
10,3081,2024-01-02,Dabang Delhi K.C.,3965,Manjeet ,Raider,9
10,3081,2024-01-02,Dabang Delhi K.C.,4183,Meetu ,Raider,3
10,3081,2024-01-02,Dabang Delhi K.C.,4947,Ashu Malik,Raider,11
10,3081,2024-01-02,Dabang Delhi K.C.,5144,Yogesh ,Defender - Right Corner,3
10,3081,2024-01-02,Dabang Delhi K.C.,5196,Vikrant ,Defender-Left Cover,0
10,3082,2024-01-03,Haryana Steelers,219,K.Prapanjan ,Raider,4
10,3082,2024-01-03,Haryana Steelers,4954,Mohit ,Defender - Right Cover,5
10,3082,2024-01-03,Haryana Steelers,5102,Naveen ,Defender - Left Corner,3
10,3082,2024-01-03,Jaipur Pink Panthers,368,Sunil Kumar,Defender,1
10,3082,2024-01-03,Jaipur Pink Panthers,81,Rahul Chaudhari,Raider,3
10,3082,2024-01-03,Jaipur Pink Panthers,660,Bhavani Rajput,Raider,4
10,3082,2024-01-03,Jaipur Pink Panthers,2024,Arjun Deshwal,Raider,14
10,3082,2024-01-03,Jaipur Pink Panthers,3574,Ankush ,Defender - Left Corner,5
10,3082,2024-01-03,Jaipur Pink Panthers,5042,Lucky Sharma,Defender - Right Corner,2
10,3082,2024-01-03,Jaipur Pink Panthers,5022,Reza Mirbagheri,Defender,7
10,3084,2024-01-05,Patna Pirates,757,Sachin ,Raider,10
10,3084,2024-01-05,Patna Pirates,3107,Neeraj Kumar,Defender - Right Cover,1
10,3084,2024-01-05,Patna Pirates,4193,Sudhakar M ,Raider,9
10,3084,2024-01-05,Patna Pirates,4949,Krishan ,Defender,3
10,3084,2024-01-05,Patna Pirates,4957,Manish ,Defender,1
10,3084,2024-01-05,Patna Pirates,5282,Sandeep Kumar ,Raider,2
10,3084,2024-01-05,Patna Pirates,5169,Ankit ,All-Rounder,2
10,3084,2024-01-05,Dabang Delhi K.C.,5319,Mohit ,Defender-Right Cover,2
10,3086,2024-01-06,U Mumba,769,Mahender Singh,Defender - Left Cover,1
10,3086,2024-01-06,U Mumba,3086,Surinder Singh,Defender,1
10,3086,2024-01-06,U Mumba,3032,Guman Singh,Raider,13
10,3086,2024-01-06,U Mumba,5002,Jai Bhagwan,Raider,5
10,3086,2024-01-06,U Mumba,5251,Alireza Mirzaeian,Raider,6
10,3086,2024-01-06,U Mumba,5159,Bittu ,Defender - Right Corner,0
10,3086,2024-01-06,U Mumba,5160,Sombir ,Defender - Left Corner,1
10,3086,2024-01-06,Jaipur Pink Panthers,2024,Arjun Deshwal,Raider,17
10,3086,2024-01-06,Jaipur Pink Panthers,5022,Reza Mirbagheri,Defender,4
10,3088,2024-01-07,Puneri Paltan,3234,Sanket Sawant,Defender - Left Cover,0
10,3088,2024-01-07,Puneri Paltan,3233,Pankaj Mohite,Raider,3
10,3088,2024-01-07,Puneri Paltan,4192,Abinesh Nadarajan,Defender - Right Cover,0
10,3088,2024-01-07,Puneri Paltan,4925,Mohammadreza Chiyaneh,All-Rounder,8
10,3088,2024-01-07,Puneri Paltan,4959,Akash Shinde,Raider,0
10,3088,2024-01-07,Puneri Paltan,4960,Aslam Inamdar,All-rounder,5
10,3088,2024-01-07,Puneri Paltan,5128,Gaurav Khatri,Defender - Right Corner,6
10,3088,2024-01-07,Tamil Thalaivas,3014,M. Abishek ,Defender - Right Cover,3
10,3088,2024-01-07,Tamil Thalaivas,3236,Sagar ,Defender - Right Corner,7
10,3090,2024-01-08,Bengaluru Bulls,160,Ran Singh,All- Rounder,4
10,3090,2024-01-08,Bengaluru Bulls,322,Surjeet Singh,Defender - Right Cover,8
10,3090,2024-01-08,Bengaluru Bulls,3154,Sachin Narwal,All-Rounder,9
10,3090,2024-01-08,Bengaluru Bulls,3228,Saurabh Nandal,Defender - Right Corner,1
10,3090,2024-01-08,Bengaluru Bulls,4179,Sushil ,Raider,4
10,3090,2024-01-08,Bengaluru Bulls,4972,Aman ,Defender - Left Corner,0
10,3090,2024-01-08,Bengaluru Bulls,5137,Parteek ,Defender - Left Cover,3
10,3090,2024-01-08,Patna Pirates,763,Manjeet ,Raider,7
10,3090,2024-01-08,Patna Pirates,3107,Neeraj Kumar,Defender - Right Cover,5
10,3090,2024-01-08,Patna Pirates,4193,Sudhakar M ,Raider,3
10,3090,2024-01-08,Patna Pirates,4949,Krishan ,Defender,2
10,3090,2024-01-08,Patna Pirates,4957,Manish ,Defender,3
10,3090,2024-01-08,Patna Pirates,5169,Ankit ,All-Rounder,3
10,3091,2024-01-08,U Mumba,769,Mahender Singh,Defender - Left Cover,1
10,3091,2024-01-08,U Mumba,3910,Gokulakannan M,Defender - Right Cover,0
10,3091,2024-01-08,U Mumba,5159,Bittu ,Defender - Right Corner,2
10,3091,2024-01-08,U Mumba,5160,Sombir ,Defender - Left Corner,0
10,3091,2024-01-08,Dabang Delhi K.C.,3083,Vishal Bhardwaj,Defender,2
10,3091,2024-01-08,Dabang Delhi K.C.,3965,Manjeet ,Raider,6
10,3091,2024-01-08,Dabang Delhi K.C.,4183,Meetu ,Raider,3
10,3091,2024-01-08,Dabang Delhi K.C.,4947,Ashu Malik,Raider,13
10,3091,2024-01-08,Dabang Delhi K.C.,5144,Yogesh ,Defender - Right Corner,4
10,3091,2024-01-08,Dabang Delhi K.C.,5196,Vikrant ,Defender-Left Cover,1
10,3091,2024-01-08,Dabang Delhi K.C.,5319,Mohit ,Defender-Right Cover,3
10,3093,2024-01-10,U.P. Yoddhas,197,Pardeep Narwal,Raider,3
10,3093,2024-01-10,U.P. Yoddhas,3081,Vijay Malik,All-Rounder,10
10,3093,2024-01-10,U.P. Yoddhas,2041,Gurdeep ,All-Rounder,2
10,3093,2024-01-10,U.P. Yoddhas,3240,Sumit ,Defender - Left Corner,3
10,3093,2024-01-10,U.P. Yoddhas,5162,Hitesh ,Defender - Right Corner,0
10,3093,2024-01-10,U.P. Yoddhas,5163,Gagana Gowda,Right Raider,4
10,3093,2024-01-10,Tamil Thalaivas,3236,Sagar ,Defender - Right Corner,6
10,3093,2024-01-10,Tamil Thalaivas,5153,Vishal Chahal ,Right Raider,2
10,3093,2024-01-10,Tamil Thalaivas,4964,Mohit ,Defender - Left Cover,3
10,3093,2024-01-10,Tamil Thalaivas,5155,Nitin Singh,Raider,2
10,3093,2024-01-10,Tamil Thalaivas,5093,Narender ,Raider,14
10,3093,2024-01-10,Tamil Thalaivas,5154,Ronak ,Defender - Right Cover,1
10,3096,2024-01-12,Puneri Paltan,3234,Sanket Sawant,Defender - Left Cover,2
10,3096,2024-01-12,Puneri Paltan,4022,Mohit Goyat,Raider,3
10,3096,2024-01-12,Puneri Paltan,4192,Abinesh Nadarajan,Defender - Right Cover,3
10,3096,2024-01-12,Puneri Paltan,4960,Aslam Inamdar,All-rounder,10
10,3096,2024-01-12,Puneri Paltan,5128,Gaurav Khatri,Defender - Right Corner,6
10,3096,2024-01-12,Gujarat Giants,3023,Rohit Gulia,All-Rounder,0
10,3096,2024-01-12,Gujarat Giants,121,Vikash Jaglan,All- Rounder,3
10,3096,2024-01-12,Gujarat Giants,5124,Parteek Dhaiya,Raider,3
10,3097,2024-01-13,Jaipur Pink Panthers,660,Bhavani Rajput,Raider,3
10,3097,2024-01-13,Jaipur Pink Panthers,5022,Reza Mirbagheri,Defender,0
10,3097,2024-01-13,Puneri Paltan,4192,Abinesh Nadarajan,Defender - Right Cover,0
10,3097,2024-01-13,Puneri Paltan,4925,Mohammadreza Chiyaneh,All-Rounder,4
10,3097,2024-01-13,Puneri Paltan,4959,Akash Shinde,Raider,4
10,3097,2024-01-13,Puneri Paltan,5116,Aditya Shinde,Raider,3
10,3097,2024-01-13,Puneri Paltan,5128,Gaurav Khatri,Defender - Right Corner,2
10,3097,2024-01-13,Puneri Paltan,5256,Vahid RezaEimehr,Defender,0
10,3098,2024-01-13,U.P. Yoddhas,197,Pardeep Narwal,Raider,16
10,3098,2024-01-13,U.P. Yoddhas,3081,Vijay Malik,All-Rounder,3
10,3098,2024-01-13,U.P. Yoddhas,3088,Nitesh Kumar,Defender,1
10,3098,2024-01-13,U.P. Yoddhas,3138,Harendra Kumar,Defender - Left Cover,0
10,3098,2024-01-13,U.P. Yoddhas,3239,Ashu  Singh,Defender - Right Cover,0
10,3098,2024-01-13,U.P. Yoddhas,5163,Gagana Gowda,Right Raider,6
10,3098,2024-01-13,Bengal Warriors,143,Maninder Singh,Raider,14
10,3098,2024-01-13,Bengal Warriors,106,Shrikant Jadhav,Raider,4
10,3098,2024-01-13,Bengal Warriors,3103,Shubham Shinde,Defender - Right Corner,3
10,3098,2024-01-13,Bengal Warriors,3793,Jaskirat Singh,Left Cover – Defender,2
10,3098,2024-01-13,Bengal Warriors,5114,Vaibhav Garje,Defender - Right Cover,4
10,3098,2024-01-13,Bengal Warriors,5134,Aditya S. Shinde,Defender - Left Corner,2
10,3098,2024-01-13,Bengal Warriors,5185,Nitin Kumar,Right Raider,10
10,3099,2024-01-14,Haryana Steelers,3054,Vinay ,Raider,10
10,3099,2024-01-14,Haryana Steelers,3028,Ashish ,All-Rounder,2
10,3099,2024-01-14,Haryana Steelers,4184,Jaideep ,Defender - Left Cover,5
10,3099,2024-01-14,Haryana Steelers,4186,Rahul Sethpal,Defender - Right Corner,5
10,3099,2024-01-14,Haryana Steelers,4954,Mohit ,Defender - Right Cover,1
10,3099,2024-01-14,Haryana Steelers,5032,Mohit ,Defender - Left Corner,1
10,3099,2024-01-14,Haryana Steelers,4108,Shivam Patare,Left Raider,0
10,3099,2024-01-14,Tamil Thalaivas,3097,Ajinkya Ashok Pawar,Raider,6
10,3099,2024-01-14,Tamil Thalaivas,3014,M. Abishek ,Defender - Right Cover,1
10,3099,2024-01-14,Tamil Thalaivas,3236,Sagar ,Defender - Right Corner,5
10,3099,2024-01-14,Tamil Thalaivas,5153,Vishal Chahal ,Right Raider,4
10,3099,2024-01-14,Tamil Thalaivas,4964,Mohit ,Defender - Left Cover,2
10,3099,2024-01-14,Tamil Thalaivas,4965,Sahil Singh,Defender - Left Corner,2
10,3100,2024-01-14,Dabang Delhi K.C.,3965,Manjeet ,Raider,2
10,3100,2024-01-14,Dabang Delhi K.C.,4183,Meetu ,Raider,8
10,3100,2024-01-14,Dabang Delhi K.C.,4947,Ashu Malik,Raider,14
10,3100,2024-01-14,Dabang Delhi K.C.,5144,Yogesh ,Defender - Right Corner,2
10,3100,2024-01-14,Dabang Delhi K.C.,5196,Vikrant ,Defender-Left Cover,4
10,3100,2024-01-14,Patna Pirates,763,Manjeet ,Raider,10
10,3100,2024-01-14,Patna Pirates,757,Sachin ,Raider,10
10,3100,2024-01-14,Patna Pirates,3107,Neeraj Kumar,Defender - Right Cover,2
10,3100,2024-01-14,Patna Pirates,4949,Krishan ,Defender,1
10,3100,2024-01-14,Patna Pirates,4957,Manish ,Defender,0
10,3100,2024-01-14,Patna Pirates,5282,Sandeep Kumar ,Raider,4
10,3100,2024-01-14,Patna Pirates,5169,Ankit ,All-Rounder,4
10,3101,2024-01-15,Bengal Warriors,143,Maninder Singh,Raider,9
10,3101,2024-01-15,Bengal Warriors,3103,Shubham Shinde,Defender - Right Corner,7
10,3101,2024-01-15,Bengal Warriors,4757,Vishwas S,Raider,1
10,3101,2024-01-15,Bengal Warriors,5114,Vaibhav Garje,Defender - Right Cover,0
10,3101,2024-01-15,Bengal Warriors,5134,Aditya S. Shinde,Defender - Left Corner,1
10,3101,2024-01-15,Bengal Warriors,5185,Nitin Kumar,Right Raider,4
10,3101,2024-01-15,Bengaluru Bulls,322,Surjeet Singh,Defender - Right Cover,4
10,3101,2024-01-15,Bengaluru Bulls,366,Vikash Khandola,Raider,2
10,3101,2024-01-15,Bengaluru Bulls,3038,Neeraj Narwal,Raider,4
10,3101,2024-01-15,Bengaluru Bulls,4179,Sushil ,Raider,1
10,3101,2024-01-15,Bengaluru Bulls,4944,Bharat ,Raider,10
10,3101,2024-01-15,Bengaluru Bulls,5137,Parteek ,Defender - Left Cover,1
10,3102,2024-01-15,Jaipur Pink Panthers,368,Sunil Kumar,Defender,1
10,3102,2024-01-15,Jaipur Pink Panthers,2024,Arjun Deshwal,Raider,11
10,3102,2024-01-15,Jaipur Pink Panthers,4769,Sahul Kumar,Defender - Right Corner,4
10,3102,2024-01-15,Jaipur Pink Panthers,5113,Abhishek KS,Defender - Left Cover,0
10,3102,2024-01-15,U Mumba,3086,Surinder Singh,Defender,2
10,3102,2024-01-15,U Mumba,3910,Gokulakannan M,Defender - Right Cover,2
10,3102,2024-01-15,U Mumba,3964,Rinku ,Defender - Right Corner,1
10,3102,2024-01-15,U Mumba,5002,Jai Bhagwan,Raider,1
10,3102,2024-01-15,U Mumba,5046,Visvanth V,All- Rounder,3
10,3102,2024-01-15,U Mumba,5161,Mukilan Shanmugam,Defender - Left Cover,1
10,3103,2024-01-16,Patna Pirates,4193,Sudhakar M ,Raider,8
10,3103,2024-01-16,Patna Pirates,4957,Manish ,Defender,0
10,3103,2024-01-16,Patna Pirates,5169,Ankit ,All-Rounder,5
10,3103,2024-01-16,Tamil Thalaivas,3097,Ajinkya Ashok Pawar,Raider,10
10,3103,2024-01-16,Tamil Thalaivas,3014,M. Abishek ,Defender - Right Cover,7
10,3103,2024-01-16,Tamil Thalaivas,3161,Himanshu ,Defender - Left Corner,2
10,3103,2024-01-16,Tamil Thalaivas,3236,Sagar ,Defender - Right Corner,4
10,3103,2024-01-16,Tamil Thalaivas,4964,Mohit ,Defender - Left Cover,3
10,3103,2024-01-16,Tamil Thalaivas,4965,Sahil Singh,Defender - Left Corner,5
10,3104,2024-01-17,Dabang Delhi K.C.,3106,Sunil ,Defender - Right Corner,1
10,3104,2024-01-17,Dabang Delhi K.C.,4947,Ashu Malik,Raider,13
10,3104,2024-01-17,Dabang Delhi K.C.,5143,Manu ,Left Raider,1
10,3104,2024-01-17,Dabang Delhi K.C.,5144,Yogesh ,Defender - Right Corner,3
10,3104,2024-01-17,Dabang Delhi K.C.,5196,Vikrant ,Defender-Left Cover,1
10,3104,2024-01-17,Dabang Delhi K.C.,5319,Mohit ,Defender-Right Cover,1
10,3104,2024-01-17,Gujarat Giants,3176,Mohammad Nabibakhsh,All-Rounder,3
10,3104,2024-01-17,Gujarat Giants,5124,Parteek Dhaiya,Raider,1
10,3105,2024-01-17,Jaipur Pink Panthers,368,Sunil Kumar,Defender,4
10,3105,2024-01-17,Jaipur Pink Panthers,660,Bhavani Rajput,Raider,6
10,3105,2024-01-17,Jaipur Pink Panthers,2024,Arjun Deshwal,Raider,9
10,3105,2024-01-17,Jaipur Pink Panthers,3053,V Ajith Kumar,Raider,1
10,3105,2024-01-17,Jaipur Pink Panthers,4769,Sahul Kumar,Defender - Right Corner,2
10,3105,2024-01-17,Jaipur Pink Panthers,5022,Reza Mirbagheri,Defender,4
10,3105,2024-01-17,Haryana Steelers,2026,Siddharth Desai,Raider,3
10,3105,2024-01-17,Haryana Steelers,3054,Vinay ,Raider,3
10,3105,2024-01-17,Haryana Steelers,4186,Rahul Sethpal,Defender - Right Corner,3
10,3105,2024-01-17,Haryana Steelers,4954,Mohit ,Defender - Right Cover,3
10,3105,2024-01-17,Haryana Steelers,4108,Shivam Patare,Left Raider,8
10,3106,2024-01-19,Telugu Titans,5039,Shankar Gadai,All-Rounder,2
10,3106,2024-01-19,Bengaluru Bulls,160,Ran Singh,All- Rounder,2
10,3106,2024-01-19,Bengaluru Bulls,322,Surjeet Singh,Defender - Right Cover,7
10,3106,2024-01-19,Bengaluru Bulls,366,Vikash Khandola,Raider,6
10,3106,2024-01-19,Bengaluru Bulls,3101,Ponparthiban Subramanian,Defender-Right Cover,1
10,3106,2024-01-19,Bengaluru Bulls,3228,Saurabh Nandal,Defender - Right Corner,2
10,3106,2024-01-19,Bengaluru Bulls,5137,Parteek ,Defender - Left Cover,4
10,3106,2024-01-19,Bengaluru Bulls,5138,Akshit ,Left Raider,9
10,3107,2024-01-19,Patna Pirates,763,Manjeet ,Raider,6
10,3107,2024-01-19,Patna Pirates,757,Sachin ,Raider,6
10,3107,2024-01-19,Patna Pirates,5282,Sandeep Kumar ,Raider,4
10,3107,2024-01-19,Patna Pirates,5169,Ankit ,All-Rounder,5
10,3107,2024-01-19,U.P. Yoddhas,197,Pardeep Narwal,Raider,4
10,3107,2024-01-19,U.P. Yoddhas,3138,Harendra Kumar,Defender - Left Cover,0
10,3107,2024-01-19,U.P. Yoddhas,5121,Anil Kumar,Raider,3
10,3107,2024-01-19,U.P. Yoddhas,5162,Hitesh ,Defender - Right Corner,5
10,3108,2024-01-20,Dabang Delhi K.C.,3965,Manjeet ,Raider,5
10,3108,2024-01-20,Dabang Delhi K.C.,4947,Ashu Malik,Raider,17
10,3108,2024-01-20,Dabang Delhi K.C.,5144,Yogesh ,Defender - Right Corner,3
10,3108,2024-01-20,Dabang Delhi K.C.,5196,Vikrant ,Defender-Left Cover,3
10,3108,2024-01-20,U Mumba,3032,Guman Singh,Raider,13
10,3108,2024-01-20,U Mumba,5002,Jai Bhagwan,Raider,0
10,3108,2024-01-20,U Mumba,5046,Visvanth V,All- Rounder,0
10,3108,2024-01-20,U Mumba,5018,Heidarali Ekrami,Raider,3
10,3108,2024-01-20,U Mumba,5161,Mukilan Shanmugam,Defender - Left Cover,2
10,3109,2024-01-20,Telugu Titans,290,Sandeep Dhull,Defender - Left Corner,3
10,3109,2024-01-20,Telugu Titans,357,Parvesh Bhainswal,Defender - Left Cover,1
10,3109,2024-01-20,Telugu Titans,4191,Sanjeevi S ,All- Rounder,5
10,3109,2024-01-20,Telugu Titans,4923,Hamid Nader,All-Rounder,1
10,3109,2024-01-20,Telugu Titans,5158,Omkar Patil,Right Raider,10
10,3109,2024-01-20,Telugu Titans,5187,Mohit ,Defender - Right Corner,4
10,3109,2024-01-20,U.P. Yoddhas,197,Pardeep Narwal,Raider,10
10,3109,2024-01-20,U.P. Yoddhas,3138,Harendra Kumar,Defender - Left Cover,2
10,3109,2024-01-20,U.P. Yoddhas,3240,Sumit ,Defender - Left Corner,0
10,3109,2024-01-20,U.P. Yoddhas,5162,Hitesh ,Defender - Right Corner,4
10,3110,2024-01-21,Bengaluru Bulls,322,Surjeet Singh,Defender - Right Cover,1
10,3110,2024-01-21,Bengaluru Bulls,3159,Vishal ,Defender - Left Cover,0
10,3110,2024-01-21,Bengaluru Bulls,5138,Akshit ,Left Raider,12
10,3110,2024-01-21,Bengaluru Bulls,5139,Arulnanthababu ,Defender - Right Corner,0
10,3110,2024-01-21,Tamil Thalaivas,3161,Himanshu ,Defender - Left Corner,0
10,3110,2024-01-21,Tamil Thalaivas,4964,Mohit ,Defender - Left Cover,2
10,3110,2024-01-21,Tamil Thalaivas,4965,Sahil Singh,Defender - Left Corner,4
10,3110,2024-01-21,Tamil Thalaivas,5093,Narender ,Raider,14
10,3110,2024-01-21,Tamil Thalaivas,5154,Ronak ,Defender - Right Cover,0
10,3111,2024-01-21,Gujarat Giants,259,Fazel Atrachali,Defender,4
10,3111,2024-01-21,Gujarat Giants,3000,Sombir ,Defender,1
10,3111,2024-01-21,Gujarat Giants,3176,Mohammad Nabibakhsh,All-Rounder,7
10,3111,2024-01-21,Gujarat Giants,3128,Sonu ,Raider,5
10,3111,2024-01-21,Gujarat Giants,4956,Deepak Singh,Defender - Right Cover,0
10,3111,2024-01-21,Gujarat Giants,5145,Nitin ,Raider,1
10,3111,2024-01-21,Puneri Paltan,4022,Mohit Goyat,Raider,7
10,3111,2024-01-21,Puneri Paltan,4192,Abinesh Nadarajan,Defender - Right Cover,1
10,3111,2024-01-21,Puneri Paltan,4925,Mohammadreza Chiyaneh,All-Rounder,9
10,3111,2024-01-21,Puneri Paltan,4960,Aslam Inamdar,All-rounder,5
10,3112,2024-01-22,Jaipur Pink Panthers,368,Sunil Kumar,Defender,1
10,3112,2024-01-22,Jaipur Pink Panthers,660,Bhavani Rajput,Raider,7
10,3112,2024-01-22,Jaipur Pink Panthers,2024,Arjun Deshwal,Raider,15
10,3112,2024-01-22,Jaipur Pink Panthers,3574,Ankush ,Defender - Left Corner,6
10,3112,2024-01-22,Jaipur Pink Panthers,4769,Sahul Kumar,Defender - Right Corner,3
10,3112,2024-01-22,Jaipur Pink Panthers,5113,Abhishek KS,Defender - Left Cover,0
10,3112,2024-01-22,Jaipur Pink Panthers,5022,Reza Mirbagheri,Defender,3
10,3112,2024-01-22,Bengal Warriors,3103,Shubham Shinde,Defender - Right Corner,0
10,3112,2024-01-22,Bengal Warriors,4757,Vishwas S,Raider,0
10,3112,2024-01-22,Bengal Warriors,4935,Aslam Thambi,Raider,1
10,3112,2024-01-22,Bengal Warriors,5185,Nitin Kumar,Right Raider,3
10,3113,2024-01-22,Telugu Titans,4191,Sanjeevi S ,All- Rounder,6
10,3113,2024-01-22,Telugu Titans,4836,Ankit ,Defender - Left Corner,1
10,3113,2024-01-22,Telugu Titans,4923,Hamid Nader,All-Rounder,1
10,3113,2024-01-22,Telugu Titans,5174,Ajit Pawar,Defender - Left Cover,3
10,3113,2024-01-22,Telugu Titans,5157,Prafull Zaware,Left Raider,6
10,3113,2024-01-22,Telugu Titans,3153,Omkar R. More,All-Rounder,2
10,3113,2024-01-22,Haryana Steelers,3054,Vinay ,Raider,6
10,3113,2024-01-22,Haryana Steelers,4184,Jaideep ,Defender - Left Cover,2
10,3113,2024-01-22,Haryana Steelers,4186,Rahul Sethpal,Defender - Right Corner,8
10,3113,2024-01-22,Haryana Steelers,4954,Mohit ,Defender - Right Cover,6
10,3113,2024-01-22,Haryana Steelers,4108,Shivam Patare,Left Raider,6
10,3113,2024-01-22,Haryana Steelers,5225,Ghanshyam Magar,Raider,4
10,3114,2024-01-23,U Mumba,3086,Surinder Singh,Defender,1
10,3114,2024-01-23,U Mumba,3910,Gokulakannan M,Defender - Right Cover,6
10,3114,2024-01-23,U Mumba,5046,Visvanth V,All- Rounder,2
10,3114,2024-01-23,U Mumba,5117,Pranay Rane,Raider,2
10,3114,2024-01-23,Puneri Paltan,3234,Sanket Sawant,Defender - Left Cover,4
10,3114,2024-01-23,Puneri Paltan,4022,Mohit Goyat,Raider,7
10,3114,2024-01-23,Puneri Paltan,4192,Abinesh Nadarajan,Defender - Right Cover,0
10,3114,2024-01-23,Puneri Paltan,4925,Mohammadreza Chiyaneh,All-Rounder,6
10,3114,2024-01-23,Puneri Paltan,4960,Aslam Inamdar,All-rounder,8
10,3114,2024-01-23,Puneri Paltan,5116,Aditya Shinde,Raider,0
10,3114,2024-01-23,Puneri Paltan,5128,Gaurav Khatri,Defender - Right Corner,2
10,3115,2024-01-24,Haryana Steelers,2026,Siddharth Desai,Raider,11
10,3115,2024-01-24,Haryana Steelers,4184,Jaideep ,Defender - Left Cover,2
10,3115,2024-01-24,Haryana Steelers,5032,Mohit ,Defender - Left Corner,0
10,3115,2024-01-24,Dabang Delhi K.C.,3083,Vishal Bhardwaj,Defender,3
10,3115,2024-01-24,Dabang Delhi K.C.,3011,Balasaheb Jadhav,Defender - Right Cover,0
10,3115,2024-01-24,Dabang Delhi K.C.,3965,Manjeet ,Raider,3
10,3115,2024-01-24,Dabang Delhi K.C.,4947,Ashu Malik,Raider,14
10,3115,2024-01-24,Dabang Delhi K.C.,5141,Ashish ,Defender - Left Corner,2
10,3115,2024-01-24,Dabang Delhi K.C.,5144,Yogesh ,Defender - Right Corner,4
10,3115,2024-01-24,Dabang Delhi K.C.,5196,Vikrant ,Defender-Left Cover,2
10,3116,2024-01-24,Telugu Titans,4836,Ankit ,Defender - Left Corner,3
10,3116,2024-01-24,Tamil Thalaivas,3236,Sagar ,Defender - Right Corner,8
10,3116,2024-01-24,Tamil Thalaivas,5153,Vishal Chahal ,Right Raider,2
10,3116,2024-01-24,Tamil Thalaivas,4962,Aashish ,Defender - Left Cover,0
10,3116,2024-01-24,Tamil Thalaivas,5155,Nitin Singh,Raider,3
10,3116,2024-01-24,Tamil Thalaivas,5093,Narender ,Raider,10
10,3116,2024-01-24,Tamil Thalaivas,5154,Ronak ,Defender - Right Cover,2
10,3116,2024-01-24,Tamil Thalaivas,5156,Nitesh Kumar,Defender - Left Corner,0
10,3117,2024-01-26,Patna Pirates,757,Sachin ,Raider,9
10,3117,2024-01-26,Patna Pirates,726,Babu M,Defender - Left Cover,0
10,3117,2024-01-26,Patna Pirates,5092,Thiyagarajan Y,Defender,0
10,3117,2024-01-26,Patna Pirates,4848,Mayur Kadam,Defender - Right Cover,6
10,3117,2024-01-26,Patna Pirates,4949,Krishan ,Defender,5
10,3117,2024-01-26,Patna Pirates,5169,Ankit ,All-Rounder,3
10,3117,2024-01-26,Bengal Warriors,143,Maninder Singh,Raider,4
10,3117,2024-01-26,Bengal Warriors,3103,Shubham Shinde,Defender - Right Corner,4
10,3117,2024-01-26,Bengal Warriors,3793,Jaskirat Singh,Left Cover – Defender,0
10,3117,2024-01-26,Bengal Warriors,4757,Vishwas S,Raider,4
10,3117,2024-01-26,Bengal Warriors,5114,Vaibhav Garje,Defender - Right Cover,1
10,3117,2024-01-26,Bengal Warriors,5134,Aditya S. Shinde,Defender - Left Corner,2
10,3117,2024-01-26,Bengal Warriors,5185,Nitin Kumar,Right Raider,10
10,3118,2024-01-26,U Mumba,3032,Guman Singh,Raider,11
10,3118,2024-01-26,U Mumba,3910,Gokulakannan M,Defender - Right Cover,1
10,3118,2024-01-26,U Mumba,5252,Amirmohammad Zafardanesh,All-Rounder,5
10,3118,2024-01-26,U Mumba,5161,Mukilan Shanmugam,Defender - Left Cover,5
10,3118,2024-01-26,Gujarat Giants,259,Fazel Atrachali,Defender,3
10,3118,2024-01-26,Gujarat Giants,629,Narender Hooda,All Rounder,1
10,3118,2024-01-26,Gujarat Giants,3176,Mohammad Nabibakhsh,All-Rounder,3
10,3118,2024-01-26,Gujarat Giants,3966,Rakesh ,Raider,3
10,3118,2024-01-26,Gujarat Giants,4956,Deepak Singh,Defender - Right Cover,3
10,3118,2024-01-26,Gujarat Giants,5124,Parteek Dhaiya,Raider,12
10,3119,2024-01-27,Patna Pirates,726,Babu M,Defender - Left Cover,1
10,3119,2024-01-27,Patna Pirates,4949,Krishan ,Defender,3
10,3119,2024-01-27,Patna Pirates,5282,Sandeep Kumar ,Raider,4
10,3119,2024-01-27,Puneri Paltan,3234,Sanket Sawant,Defender - Left Cover,0
10,3119,2024-01-27,Puneri Paltan,3233,Pankaj Mohite,Raider,4
10,3119,2024-01-27,Puneri Paltan,4192,Abinesh Nadarajan,Defender - Right Cover,1
10,3119,2024-01-27,Puneri Paltan,4925,Mohammadreza Chiyaneh,All-Rounder,5
10,3119,2024-01-27,Puneri Paltan,4960,Aslam Inamdar,All-rounder,13
10,3119,2024-01-27,Puneri Paltan,5116,Aditya Shinde,Raider,0
10,3119,2024-01-27,Puneri Paltan,5128,Gaurav Khatri,Defender - Right Corner,3
10,3120,2024-01-27,Dabang Delhi K.C.,3083,Vishal Bhardwaj,Defender,3
10,3120,2024-01-27,Dabang Delhi K.C.,3965,Manjeet ,Raider,3
10,3120,2024-01-27,Dabang Delhi K.C.,4183,Meetu ,Raider,5
10,3120,2024-01-27,Dabang Delhi K.C.,5144,Yogesh ,Defender - Right Corner,5
10,3120,2024-01-27,Dabang Delhi K.C.,5196,Vikrant ,Defender-Left Cover,3
10,3120,2024-01-27,U.P. Yoddhas,2041,Gurdeep ,All-Rounder,0
10,3120,2024-01-27,U.P. Yoddhas,3240,Sumit ,Defender - Left Corner,7
10,3120,2024-01-27,U.P. Yoddhas,3239,Ashu  Singh,Defender - Right Cover,1
10,3120,2024-01-27,U.P. Yoddhas,5121,Anil Kumar,Raider,3
10,3120,2024-01-27,U.P. Yoddhas,4926,Samuel Wafula,All-Rounder,0
10,3120,2024-01-27,U.P. Yoddhas,5162,Hitesh ,Defender - Right Corner,2
10,3120,2024-01-27,U.P. Yoddhas,5163,Gagana Gowda,Right Raider,12
10,3121,2024-01-28,Jaipur Pink Panthers,368,Sunil Kumar,Defender,3
10,3121,2024-01-28,Jaipur Pink Panthers,660,Bhavani Rajput,Raider,3
10,3121,2024-01-28,Jaipur Pink Panthers,3053,V Ajith Kumar,Raider,4
10,3121,2024-01-28,Jaipur Pink Panthers,3574,Ankush ,Defender - Left Corner,6
10,3121,2024-01-28,Jaipur Pink Panthers,5022,Reza Mirbagheri,Defender,3
10,3121,2024-01-28,Bengaluru Bulls,322,Surjeet Singh,Defender - Right Cover,1
10,3121,2024-01-28,Bengaluru Bulls,4179,Sushil ,Raider,3
10,3121,2024-01-28,Bengaluru Bulls,4944,Bharat ,Raider,3
10,3121,2024-01-28,Bengaluru Bulls,5137,Parteek ,Defender - Left Cover,0
10,3121,2024-01-28,Bengaluru Bulls,5138,Akshit ,Left Raider,5
10,3122,2024-01-28,Tamil Thalaivas,3014,M. Abishek ,Defender - Right Cover,4
10,3122,2024-01-28,Tamil Thalaivas,3161,Himanshu ,Defender - Left Corner,5
10,3122,2024-01-28,Tamil Thalaivas,3236,Sagar ,Defender - Right Corner,4
10,3122,2024-01-28,Tamil Thalaivas,4964,Mohit ,Defender - Left Cover,3
10,3122,2024-01-28,Tamil Thalaivas,4965,Sahil Singh,Defender - Left Corner,4
10,3122,2024-01-28,Tamil Thalaivas,5093,Narender ,Raider,13
10,3122,2024-01-28,U Mumba,769,Mahender Singh,Defender - Left Cover,0
10,3122,2024-01-28,U Mumba,3032,Guman Singh,Raider,13
10,3122,2024-01-28,U Mumba,4032,Shivansh Thakur,Defender - Right Cover,0
10,3122,2024-01-28,U Mumba,5117,Pranay Rane,Raider,0
10,3122,2024-01-28,U Mumba,5252,Amirmohammad Zafardanesh,All-Rounder,8
10,3122,2024-01-28,U Mumba,5160,Sombir ,Defender - Left Corner,1
10,3123,2024-01-29,Haryana Steelers,3054,Vinay ,Raider,6
10,3123,2024-01-29,Bengal Warriors,143,Maninder Singh,Raider,13
10,3123,2024-01-29,Bengal Warriors,3103,Shubham Shinde,Defender - Right Corner,1
10,3123,2024-01-29,Bengal Warriors,3793,Jaskirat Singh,Left Cover – Defender,1
10,3123,2024-01-29,Bengal Warriors,4757,Vishwas S,Raider,0
10,3123,2024-01-29,Bengal Warriors,5114,Vaibhav Garje,Defender - Right Cover,3
10,3123,2024-01-29,Bengal Warriors,5134,Aditya S. Shinde,Defender - Left Corner,0
10,3123,2024-01-29,Bengal Warriors,5185,Nitin Kumar,Right Raider,9
10,3124,2024-01-29,Patna Pirates,763,Manjeet ,Raider,2
10,3124,2024-01-29,Patna Pirates,726,Babu M,Defender - Left Cover,2
10,3124,2024-01-29,Patna Pirates,4723,Rohit ,All-Rounder,4
10,3124,2024-01-29,Patna Pirates,4848,Mayur Kadam,Defender - Right Cover,2
10,3124,2024-01-29,Patna Pirates,4949,Krishan ,Defender,5
10,3124,2024-01-29,Patna Pirates,5282,Sandeep Kumar ,Raider,7
10,3124,2024-01-29,Patna Pirates,5169,Ankit ,All-Rounder,6
10,3124,2024-01-29,Gujarat Giants,3000,Sombir ,Defender,1
10,3124,2024-01-29,Gujarat Giants,3023,Rohit Gulia,All-Rounder,3
10,3124,2024-01-29,Gujarat Giants,3176,Mohammad Nabibakhsh,All-Rounder,1
10,3124,2024-01-29,Gujarat Giants,5124,Parteek Dhaiya,Raider,6
10,3124,2024-01-29,Gujarat Giants,5145,Nitin ,Raider,5
10,3125,2024-01-30,Puneri Paltan,4959,Akash Shinde,Raider,11
10,3125,2024-01-30,Puneri Paltan,5108,Badal Singh,Defender - Left Corner,0
10,3125,2024-01-30,Puneri Paltan,5151,Dadaso Pujari,Defender - Right Corner,1
10,3125,2024-01-30,Puneri Paltan,5152,Tushar Dattaray Adhavade,Defender - Right Cover,1
10,3125,2024-01-30,Telugu Titans,357,Parvesh Bhainswal,Defender - Left Cover,1
10,3125,2024-01-30,Telugu Titans,4754,Ratan G,Raider,2
10,3125,2024-01-30,Telugu Titans,4836,Ankit ,Defender - Left Corner,2
10,3125,2024-01-30,Telugu Titans,5039,Shankar Gadai,All-Rounder,2
10,3125,2024-01-30,Telugu Titans,5254,Milad Jabbari,Defender,5
10,3126,2024-01-31,Patna Pirates,763,Manjeet ,Raider,4
10,3126,2024-01-31,Patna Pirates,726,Babu M,Defender - Left Cover,0
10,3126,2024-01-31,Patna Pirates,4723,Rohit ,All-Rounder,0
10,3126,2024-01-31,Patna Pirates,4848,Mayur Kadam,Defender - Right Cover,0
10,3126,2024-01-31,Patna Pirates,5282,Sandeep Kumar ,Raider,14
10,3126,2024-01-31,Patna Pirates,5169,Ankit ,All-Rounder,8
10,3126,2024-01-31,Bengaluru Bulls,160,Ran Singh,All- Rounder,1
10,3126,2024-01-31,Bengaluru Bulls,322,Surjeet Singh,Defender - Right Cover,2
10,3126,2024-01-31,Bengaluru Bulls,4944,Bharat ,Raider,1
10,3126,2024-01-31,Bengaluru Bulls,5137,Parteek ,Defender - Left Cover,3
10,3127,2024-01-31,Jaipur Pink Panthers,368,Sunil Kumar,Defender,0
10,3127,2024-01-31,Jaipur Pink Panthers,2024,Arjun Deshwal,Raider,13
10,3127,2024-01-31,Jaipur Pink Panthers,3574,Ankush ,Defender - Left Corner,3
10,3127,2024-01-31,Jaipur Pink Panthers,4769,Sahul Kumar,Defender - Right Corner,4
10,3127,2024-01-31,Jaipur Pink Panthers,5022,Reza Mirbagheri,Defender,4
10,3127,2024-01-31,Tamil Thalaivas,3014,M. Abishek ,Defender - Right Cover,1
10,3127,2024-01-31,Tamil Thalaivas,3236,Sagar ,Defender - Right Corner,1
10,3127,2024-01-31,Tamil Thalaivas,4964,Mohit ,Defender - Left Cover,3
10,3127,2024-01-31,Tamil Thalaivas,4965,Sahil Singh,Defender - Left Corner,0
10,3128,2024-02-02,Dabang Delhi K.C.,3083,Vishal Bhardwaj,Defender,2
10,3128,2024-02-02,Dabang Delhi K.C.,3011,Balasaheb Jadhav,Defender - Right Cover,1
10,3128,2024-02-02,Dabang Delhi K.C.,3965,Manjeet ,Raider,4
10,3128,2024-02-02,Dabang Delhi K.C.,4183,Meetu ,Raider,2
10,3128,2024-02-02,Dabang Delhi K.C.,4947,Ashu Malik,Raider,17
10,3128,2024-02-02,Dabang Delhi K.C.,5144,Yogesh ,Defender - Right Corner,3
10,3128,2024-02-02,Dabang Delhi K.C.,5196,Vikrant ,Defender-Left Cover,1
10,3128,2024-02-02,Bengal Warriors,143,Maninder Singh,Raider,11
10,3128,2024-02-02,Bengal Warriors,3793,Jaskirat Singh,Left Cover – Defender,2
10,3128,2024-02-02,Bengal Warriors,4873,Akshay Kumar,Defender-Left Corner,2
10,3128,2024-02-02,Bengal Warriors,5114,Vaibhav Garje,Defender - Right Cover,3
10,3128,2024-02-02,Bengal Warriors,5136,Dipak Arjun Shinde,Defender - Right Corner,0
10,3128,2024-02-02,Bengal Warriors,5185,Nitin Kumar,Right Raider,13
10,3129,2024-02-02,Gujarat Giants,259,Fazel Atrachali,Defender,7
10,3129,2024-02-02,Gujarat Giants,3000,Sombir ,Defender,3
10,3129,2024-02-02,Gujarat Giants,3176,Mohammad Nabibakhsh,All-Rounder,0
10,3129,2024-02-02,Gujarat Giants,3128,Sonu ,Raider,3
10,3129,2024-02-02,Gujarat Giants,3966,Rakesh ,Raider,1
10,3129,2024-02-02,Gujarat Giants,4956,Deepak Singh,Defender - Right Cover,5
10,3129,2024-02-02,Gujarat Giants,5124,Parteek Dhaiya,Raider,7
10,3129,2024-02-02,Haryana Steelers,3028,Ashish ,All-Rounder,0
10,3129,2024-02-02,Haryana Steelers,4184,Jaideep ,Defender - Left Cover,3
10,3129,2024-02-02,Haryana Steelers,4186,Rahul Sethpal,Defender - Right Corner,3
10,3129,2024-02-02,Haryana Steelers,4954,Mohit ,Defender - Right Cover,4
10,3129,2024-02-02,Haryana Steelers,5032,Mohit ,Defender - Left Corner,4
10,3129,2024-02-02,Haryana Steelers,4108,Shivam Patare,Left Raider,3
10,3130,2024-02-03,U.P. Yoddhas,3088,Nitesh Kumar,Defender,2
10,3130,2024-02-03,U.P. Yoddhas,3138,Harendra Kumar,Defender - Left Cover,3
10,3130,2024-02-03,U.P. Yoddhas,3240,Sumit ,Defender - Left Corner,7
10,3130,2024-02-03,U.P. Yoddhas,3239,Ashu  Singh,Defender - Right Cover,2
10,3130,2024-02-03,U.P. Yoddhas,5118,Mahipal ,Raider,5
10,3130,2024-02-03,U.P. Yoddhas,5121,Anil Kumar,Raider,5
10,3130,2024-02-03,U.P. Yoddhas,5163,Gagana Gowda,Right Raider,6
10,3130,2024-02-03,U Mumba,161,Girish Maruti Ernak,Defender - Left Corner,2
10,3130,2024-02-03,U Mumba,769,Mahender Singh,Defender - Left Cover,3
10,3130,2024-02-03,U Mumba,3076,Santhapanaselvam ,All-Rounder,2
10,3131,2024-02-03,Dabang Delhi K.C.,202,Ashish Kumar,All-Rounder,0
10,3131,2024-02-03,Dabang Delhi K.C.,3011,Balasaheb Jadhav,Defender - Right Cover,1
10,3131,2024-02-03,Dabang Delhi K.C.,4947,Ashu Malik,Raider,20
10,3131,2024-02-03,Dabang Delhi K.C.,5141,Ashish ,Defender - Left Corner,6
10,3131,2024-02-03,Dabang Delhi K.C.,5144,Yogesh ,Defender - Right Corner,4
10,3131,2024-02-03,Telugu Titans,318,Pawan Kumar,Raider,9
10,3131,2024-02-03,Telugu Titans,290,Sandeep Dhull,Defender - Left Corner,2
10,3131,2024-02-03,Telugu Titans,357,Parvesh Bhainswal,Defender - Left Cover,1
10,3131,2024-02-03,Telugu Titans,5187,Mohit ,Defender - Right Corner,6
10,3131,2024-02-03,Telugu Titans,5254,Milad Jabbari,Defender,0
10,3132,2024-02-04,Bengaluru Bulls,160,Ran Singh,All- Rounder,5
10,3132,2024-02-04,Bengaluru Bulls,322,Surjeet Singh,Defender - Right Cover,6
10,3132,2024-02-04,Bengaluru Bulls,3082,Monu ,Raider,0
10,3132,2024-02-04,Bengaluru Bulls,3228,Saurabh Nandal,Defender - Right Corner,2
10,3132,2024-02-04,Bengaluru Bulls,4179,Sushil ,Raider,10
10,3132,2024-02-04,Bengaluru Bulls,5137,Parteek ,Defender - Left Cover,4
10,3132,2024-02-04,Bengaluru Bulls,5138,Akshit ,Left Raider,8
10,3132,2024-02-04,U Mumba,769,Mahender Singh,Defender - Left Cover,4
10,3132,2024-02-04,U Mumba,3076,Santhapanaselvam ,All-Rounder,2
10,3132,2024-02-04,U Mumba,3086,Surinder Singh,Defender,1
10,3132,2024-02-04,U Mumba,5018,Heidarali Ekrami,Raider,1
10,3132,2024-02-04,U Mumba,5160,Sombir ,Defender - Left Corner,6
10,3133,2024-02-04,Gujarat Giants,259,Fazel Atrachali,Defender,4
10,3133,2024-02-04,Gujarat Giants,3000,Sombir ,Defender,5
10,3133,2024-02-04,Gujarat Giants,3023,Rohit Gulia,All-Rounder,9
10,3133,2024-02-04,Gujarat Giants,3176,Mohammad Nabibakhsh,All-Rounder,0
10,3133,2024-02-04,Gujarat Giants,3966,Rakesh ,Raider,14
10,3133,2024-02-04,Gujarat Giants,4956,Deepak Singh,Defender - Right Cover,3
10,3133,2024-02-04,Gujarat Giants,4978,Balaji D,All-Rounder,2
10,3133,2024-02-04,Tamil Thalaivas,5153,Vishal Chahal ,Right Raider,6
10,3133,2024-02-04,Tamil Thalaivas,4965,Sahil Singh,Defender - Left Corner,3
10,3134,2024-02-05,Jaipur Pink Panthers,2024,Arjun Deshwal,Raider,12
10,3134,2024-02-05,Jaipur Pink Panthers,3053,V Ajith Kumar,Raider,2
10,3134,2024-02-05,Jaipur Pink Panthers,3574,Ankush ,Defender - Left Corner,2
10,3134,2024-02-05,Jaipur Pink Panthers,4769,Sahul Kumar,Defender - Right Corner,4
10,3134,2024-02-05,Jaipur Pink Panthers,5022,Reza Mirbagheri,Defender,0
10,3134,2024-02-05,Patna Pirates,757,Sachin ,Raider,10
10,3134,2024-02-05,Patna Pirates,4193,Sudhakar M ,Raider,10
10,3134,2024-02-05,Patna Pirates,4848,Mayur Kadam,Defender - Right Cover,3
10,3134,2024-02-05,Patna Pirates,4949,Krishan ,Defender,5
10,3134,2024-02-05,Patna Pirates,4957,Manish ,Defender,0
10,3134,2024-02-05,Patna Pirates,5169,Ankit ,All-Rounder,1
10,3135,2024-02-05,Dabang Delhi K.C.,3083,Vishal Bhardwaj,Defender,0
10,3135,2024-02-05,Dabang Delhi K.C.,4183,Meetu ,Raider,4
10,3135,2024-02-05,Dabang Delhi K.C.,5143,Manu ,Left Raider,0
10,3135,2024-02-05,Puneri Paltan,3234,Sanket Sawant,Defender - Left Cover,1
10,3135,2024-02-05,Puneri Paltan,3233,Pankaj Mohite,Raider,4
10,3135,2024-02-05,Puneri Paltan,4022,Mohit Goyat,Raider,1
10,3135,2024-02-05,Puneri Paltan,4192,Abinesh Nadarajan,Defender - Right Cover,2
10,3135,2024-02-05,Puneri Paltan,4925,Mohammadreza Chiyaneh,All-Rounder,4
10,3135,2024-02-05,Puneri Paltan,4960,Aslam Inamdar,All-rounder,10
10,3135,2024-02-05,Puneri Paltan,5128,Gaurav Khatri,Defender - Right Corner,3
10,3136,2024-02-06,Tamil Thalaivas,3097,Ajinkya Ashok Pawar,Raider,0
10,3136,2024-02-06,Tamil Thalaivas,3970,Himanshu ,Raider,4
10,3136,2024-02-06,Tamil Thalaivas,4964,Mohit ,Defender - Left Cover,2
10,3136,2024-02-06,Tamil Thalaivas,4928,Amirhossein Bastami,Defender,3
10,3136,2024-02-06,Tamil Thalaivas,5093,Narender ,Raider,10
10,3136,2024-02-06,Tamil Thalaivas,5020,Mohammadreza Kaboudrahangi,Defender,2
10,3136,2024-02-06,U.P. Yoddhas,3138,Harendra Kumar,Defender - Left Cover,0
10,3136,2024-02-06,U.P. Yoddhas,3239,Ashu  Singh,Defender - Right Cover,3
10,3136,2024-02-06,U.P. Yoddhas,5037,Kiran Laxman,Defender - Left Corner,2
10,3136,2024-02-06,U.P. Yoddhas,5118,Mahipal ,Raider,4
10,3137,2024-02-07,Bengaluru Bulls,160,Ran Singh,All- Rounder,4
10,3137,2024-02-07,Bengaluru Bulls,322,Surjeet Singh,Defender - Right Cover,1
10,3137,2024-02-07,Bengaluru Bulls,3228,Saurabh Nandal,Defender - Right Corner,3
10,3137,2024-02-07,Bengaluru Bulls,4179,Sushil ,Raider,9
10,3137,2024-02-07,Bengaluru Bulls,4944,Bharat ,Raider,4
10,3137,2024-02-07,Bengaluru Bulls,5137,Parteek ,Defender - Left Cover,6
10,3137,2024-02-07,Bengaluru Bulls,5138,Akshit ,Left Raider,3
10,3137,2024-02-07,Puneri Paltan,4031,Nitin R,Right Raider,0
10,3137,2024-02-07,Puneri Paltan,4925,Mohammadreza Chiyaneh,All-Rounder,4
10,3140,2024-02-09,Haryana Steelers,3054,Vinay ,Raider,10
10,3140,2024-02-09,Haryana Steelers,3028,Ashish ,All-Rounder,2
10,3140,2024-02-09,Haryana Steelers,4186,Rahul Sethpal,Defender - Right Corner,2
10,3140,2024-02-09,Haryana Steelers,5102,Naveen ,Defender - Left Corner,1
10,3140,2024-02-09,Haryana Steelers,4108,Shivam Patare,Left Raider,12
10,3140,2024-02-09,U.P. Yoddhas,3088,Nitesh Kumar,Defender,1
10,3140,2024-02-09,U.P. Yoddhas,3138,Harendra Kumar,Defender - Left Cover,6
10,3140,2024-02-09,U.P. Yoddhas,3239,Ashu  Singh,Defender - Right Cover,2
10,3140,2024-02-09,U.P. Yoddhas,5118,Mahipal ,Raider,11
10,3140,2024-02-09,U.P. Yoddhas,5163,Gagana Gowda,Right Raider,7
10,3142,2024-02-10,Bengal Warriors,3793,Jaskirat Singh,Left Cover – Defender,2
10,3142,2024-02-10,Bengal Warriors,4804,Kapil Gurjar,Defender - Right Cover,0
10,3142,2024-02-10,Bengal Warriors,5120,R Guhan,Raider,0
10,3142,2024-02-10,Bengal Warriors,4935,Aslam Thambi,Raider,0
10,3142,2024-02-10,Bengal Warriors,5136,Dipak Arjun Shinde,Defender - Right Corner,4
10,3142,2024-02-10,Bengal Warriors,5185,Nitin Kumar,Right Raider,13
10,3142,2024-02-10,Telugu Titans,318,Pawan Kumar,Raider,6
10,3142,2024-02-10,Telugu Titans,5188,Gaurav Dahiya ,Defender - Left Corner,0
10,3142,2024-02-10,Telugu Titans,5039,Shankar Gadai,All-Rounder,0
10,3142,2024-02-10,Telugu Titans,5174,Ajit Pawar,Defender - Left Cover,2
10,3142,2024-02-10,Telugu Titans,5157,Prafull Zaware,Left Raider,8
10,3142,2024-02-10,Telugu Titans,5187,Mohit ,Defender - Right Corner,4
10,3142,2024-02-10,Telugu Titans,5254,Milad Jabbari,Defender,9
10,3143,2024-02-11,Tamil Thalaivas,3014,M. Abishek ,Defender - Right Cover,1
10,3143,2024-02-11,Tamil Thalaivas,3161,Himanshu ,Defender - Left Corner,3
10,3143,2024-02-11,Tamil Thalaivas,3970,Himanshu ,Raider,5
10,3143,2024-02-11,Tamil Thalaivas,4962,Aashish ,Defender - Left Cover,2
10,3143,2024-02-11,Tamil Thalaivas,4928,Amirhossein Bastami,Defender,3
10,3143,2024-02-11,Tamil Thalaivas,5020,Mohammadreza Kaboudrahangi,Defender,6
10,3143,2024-02-11,Puneri Paltan,4925,Mohammadreza Chiyaneh,All-Rounder,8
10,3143,2024-02-11,Puneri Paltan,5150,Vaibhav Kamble,Defender - Left Corner,2
10,3144,2024-02-11,Bengaluru Bulls,322,Surjeet Singh,Defender - Right Cover,0
10,3144,2024-02-11,Bengaluru Bulls,366,Vikash Khandola,Raider,6
10,3144,2024-02-11,Bengaluru Bulls,3115,Amit Sheoran,Defender,0
10,3144,2024-02-11,Bengaluru Bulls,3082,Monu ,Raider,4
10,3144,2024-02-11,Bengaluru Bulls,3090,Rakshith ,Defender-Right Cover,6
10,3144,2024-02-11,Bengaluru Bulls,5137,Parteek ,Defender - Left Cover,1
10,3144,2024-02-11,Bengaluru Bulls,5139,Arulnanthababu ,Defender - Right Corner,1
10,3144,2024-02-11,Gujarat Giants,4978,Balaji D,All-Rounder,4
10,3144,2024-02-11,Gujarat Giants,5124,Parteek Dhaiya,Raider,13
10,3145,2024-02-12,U.P. Yoddhas,647,Gulveer  Singh,Raider,5
10,3145,2024-02-12,U.P. Yoddhas,3138,Harendra Kumar,Defender - Left Cover,1
10,3145,2024-02-12,U.P. Yoddhas,3240,Sumit ,Defender - Left Corner,1
10,3145,2024-02-12,U.P. Yoddhas,3239,Ashu  Singh,Defender - Right Cover,2
10,3145,2024-02-12,U.P. Yoddhas,5118,Mahipal ,Raider,4
10,3145,2024-02-12,U.P. Yoddhas,5162,Hitesh ,Defender - Right Corner,5
10,3145,2024-02-12,U.P. Yoddhas,5163,Gagana Gowda,Right Raider,10
10,3145,2024-02-12,Jaipur Pink Panthers,3180,Amirhossein Mohammad Maleki,Raider,3
10,3145,2024-02-12,Jaipur Pink Panthers,2024,Arjun Deshwal,Raider,20
10,3145,2024-02-12,Jaipur Pink Panthers,4600,Lavish Chaudhary,Defender-Right Cover,1
10,3145,2024-02-12,Jaipur Pink Panthers,5148,Abhijeet Malik,Raider,9
10,3146,2024-02-12,Bengal Warriors,3103,Shubham Shinde,Defender - Right Corner,3
10,3146,2024-02-12,Bengal Warriors,5185,Nitin Kumar,Right Raider,8
10,3146,2024-02-12,U Mumba,4032,Shivansh Thakur,Defender - Right Cover,1
10,3146,2024-02-12,U Mumba,5200,Rohit Yadav,Left Raider,4
10,3146,2024-02-12,U Mumba,5046,Visvanth V,All- Rounder,6
10,3146,2024-02-12,U Mumba,5191,Saurav Parthe,Left Raider,1
10,3146,2024-02-12,U Mumba,5305,Ram Adghale, ,0
10,3146,2024-02-12,U Mumba,5159,Bittu ,Defender - Right Corner,3
10,3146,2024-02-12,U Mumba,5160,Sombir ,Defender - Left Corner,4
10,3147,2024-02-13,Patna Pirates,763,Manjeet ,Raider,8
10,3147,2024-02-13,Patna Pirates,4193,Sudhakar M ,Raider,3
10,3147,2024-02-13,Patna Pirates,4949,Krishan ,Defender,4
10,3147,2024-02-13,Patna Pirates,5282,Sandeep Kumar ,Raider,7
10,3147,2024-02-13,Patna Pirates,5169,Ankit ,All-Rounder,2
10,3147,2024-02-13,Telugu Titans,318,Pawan Kumar,Raider,16
10,3147,2024-02-13,Telugu Titans,5039,Shankar Gadai,All-Rounder,0
10,3147,2024-02-13,Telugu Titans,5174,Ajit Pawar,Defender - Left Cover,1
10,3147,2024-02-13,Telugu Titans,5157,Prafull Zaware,Left Raider,3
10,3147,2024-02-13,Telugu Titans,5187,Mohit ,Defender - Right Corner,2
10,3147,2024-02-13,Telugu Titans,5254,Milad Jabbari,Defender,2
10,3148,2024-02-14,Dabang Delhi K.C.,3083,Vishal Bhardwaj,Defender,1
10,3148,2024-02-14,Dabang Delhi K.C.,4183,Meetu ,Raider,6
10,3148,2024-02-14,Dabang Delhi K.C.,4947,Ashu Malik,Raider,18
10,3148,2024-02-14,Dabang Delhi K.C.,5143,Manu ,Left Raider,2
10,3148,2024-02-14,Dabang Delhi K.C.,5144,Yogesh ,Defender - Right Corner,3
10,3148,2024-02-14,Dabang Delhi K.C.,5196,Vikrant ,Defender-Left Cover,4
10,3148,2024-02-14,Dabang Delhi K.C.,5319,Mohit ,Defender-Right Cover,0
10,3148,2024-02-14,Tamil Thalaivas,3097,Ajinkya Ashok Pawar,Raider,3
10,3148,2024-02-14,Tamil Thalaivas,3014,M. Abishek ,Defender - Right Cover,5
10,3148,2024-02-14,Tamil Thalaivas,3161,Himanshu ,Defender - Left Corner,1
10,3148,2024-02-14,Tamil Thalaivas,4962,Aashish ,Defender - Left Cover,0
10,3148,2024-02-14,Tamil Thalaivas,4928,Amirhossein Bastami,Defender,3
10,3148,2024-02-14,Tamil Thalaivas,5093,Narender ,Raider,18
10,3149,2024-02-14,Bengal Warriors,143,Maninder Singh,Raider,4
10,3149,2024-02-14,Bengal Warriors,3103,Shubham Shinde,Defender - Right Corner,3
10,3149,2024-02-14,Bengal Warriors,4757,Vishwas S,Raider,3
10,3149,2024-02-14,Bengal Warriors,5114,Vaibhav Garje,Defender - Right Cover,2
10,3149,2024-02-14,Bengal Warriors,5078,Harsh Lad,Defender,0
10,3149,2024-02-14,Bengal Warriors,5185,Nitin Kumar,Right Raider,5
10,3149,2024-02-14,Puneri Paltan,3233,Pankaj Mohite,Raider,6
10,3149,2024-02-14,Puneri Paltan,4959,Akash Shinde,Raider,10
10,3149,2024-02-14,Puneri Paltan,4960,Aslam Inamdar,All-rounder,0
10,3149,2024-02-14,Puneri Paltan,5108,Badal Singh,Defender - Left Corner,0
10,3150,2024-02-16,Haryana Steelers,2026,Siddharth Desai,Raider,12
10,3150,2024-02-16,Haryana Steelers,3054,Vinay ,Raider,1
10,3150,2024-02-16,Haryana Steelers,4184,Jaideep ,Defender - Left Cover,6
10,3150,2024-02-16,Haryana Steelers,4186,Rahul Sethpal,Defender - Right Corner,8
10,3150,2024-02-16,Haryana Steelers,4954,Mohit ,Defender - Right Cover,1
10,3150,2024-02-16,Haryana Steelers,5032,Mohit ,Defender - Left Corner,6
10,3150,2024-02-16,Haryana Steelers,5226,Hasan Balbool,Raider,0
10,3150,2024-02-16,Patna Pirates,5092,Thiyagarajan Y,Defender,6
10,3150,2024-02-16,Patna Pirates,4957,Manish ,Defender,2
10,3150,2024-02-16,Patna Pirates,5213,Sanjay ,Defender-Right Cover,5
10,3151,2024-02-16,Telugu Titans,318,Pawan Kumar,Raider,22
10,3151,2024-02-16,Telugu Titans,290,Sandeep Dhull,Defender - Left Corner,0
10,3151,2024-02-16,Telugu Titans,357,Parvesh Bhainswal,Defender - Left Cover,1
10,3151,2024-02-16,Telugu Titans,4836,Ankit ,Defender - Left Corner,1
10,3151,2024-02-16,Telugu Titans,5039,Shankar Gadai,All-Rounder,2
10,3151,2024-02-16,Telugu Titans,5254,Milad Jabbari,Defender,5
10,3151,2024-02-16,Jaipur Pink Panthers,2024,Arjun Deshwal,Raider,16
10,3151,2024-02-16,Jaipur Pink Panthers,5042,Lucky Sharma,Defender - Right Corner,2
10,3151,2024-02-16,Jaipur Pink Panthers,5022,Reza Mirbagheri,Defender,5
10,3151,2024-02-16,Jaipur Pink Panthers,5148,Abhijeet Malik,Raider,8
10,3152,2024-02-17,Haryana Steelers,3028,Ashish ,All-Rounder,0
10,3152,2024-02-17,Haryana Steelers,5101,Monu Hooda,Defender - Right Corner,4
10,3152,2024-02-17,Haryana Steelers,5103,Harsh ,Defender - Left Cover,4
10,3152,2024-02-17,Haryana Steelers,5104,Sunny Sherawat,Defender - Right Cover,0
10,3152,2024-02-17,Haryana Steelers,4108,Shivam Patare,Left Raider,5
10,3152,2024-02-17,Haryana Steelers,5225,Ghanshyam Magar,Raider,6
10,3152,2024-02-17,U Mumba,4032,Shivansh Thakur,Defender - Right Cover,3
10,3152,2024-02-17,U Mumba,5251,Alireza Mirzaeian,Raider,2
10,3152,2024-02-17,U Mumba,5305,Ram Adghale, ,1
10,3153,2024-02-17,U.P. Yoddhas,647,Gulveer  Singh,Raider,3
10,3153,2024-02-17,U.P. Yoddhas,3138,Harendra Kumar,Defender - Left Cover,1
10,3153,2024-02-17,U.P. Yoddhas,3240,Sumit ,Defender - Left Corner,1
10,3153,2024-02-17,U.P. Yoddhas,3239,Ashu  Singh,Defender - Right Cover,0
10,3153,2024-02-17,U.P. Yoddhas,5118,Mahipal ,Raider,3
10,3153,2024-02-17,U.P. Yoddhas,5162,Hitesh ,Defender - Right Corner,7
10,3153,2024-02-17,U.P. Yoddhas,5163,Gagana Gowda,Right Raider,9
10,3153,2024-02-17,Gujarat Giants,4956,Deepak Singh,Defender - Right Cover,6
10,3153,2024-02-17,Gujarat Giants,4978,Balaji D,All-Rounder,2
10,3153,2024-02-17,Gujarat Giants,5124,Parteek Dhaiya,Raider,12
10,3153,2024-02-17,Gujarat Giants,5145,Nitin ,Raider,0
10,3154,2024-02-18,Tamil Thalaivas,264,Selvamani K ,Raider,2
10,3154,2024-02-18,Tamil Thalaivas,5153,Vishal Chahal ,Right Raider,19
10,3154,2024-02-18,Tamil Thalaivas,4962,Aashish ,Defender - Left Cover,4
10,3154,2024-02-18,Tamil Thalaivas,4965,Sahil Singh,Defender - Left Corner,4
10,3154,2024-02-18,Tamil Thalaivas,4928,Amirhossein Bastami,Defender,5
10,3154,2024-02-18,Tamil Thalaivas,5154,Ronak ,Defender - Right Cover,1
10,3154,2024-02-18,Tamil Thalaivas,5180,Masanamuthu Lakshnanan,Right Raider,7
10,3154,2024-02-18,Bengal Warriors,143,Maninder Singh,Raider,9
10,3154,2024-02-18,Bengal Warriors,4804,Kapil Gurjar,Defender - Right Cover,3
10,3154,2024-02-18,Bengal Warriors,5120,R Guhan,Raider,0
10,3154,2024-02-18,Bengal Warriors,5097,Parshant Kumar,Raider,4
10,3154,2024-02-18,Bengal Warriors,5134,Aditya S. Shinde,Defender - Left Corner,3
10,3154,2024-02-18,Bengal Warriors,5136,Dipak Arjun Shinde,Defender - Right Corner,1
10,3154,2024-02-18,Bengal Warriors,5220,Chia-Ming Chang,Raider,0
10,3155,2024-02-18,Dabang Delhi K.C.,3083,Vishal Bhardwaj,Defender,7
10,3155,2024-02-18,Dabang Delhi K.C.,4036,Nitin Chandel,Defender-Right Corner,3
10,3155,2024-02-18,Dabang Delhi K.C.,4183,Meetu ,Raider,4
10,3155,2024-02-18,Dabang Delhi K.C.,4947,Ashu Malik,Raider,17
10,3155,2024-02-18,Dabang Delhi K.C.,5143,Manu ,Left Raider,0
10,3155,2024-02-18,Dabang Delhi K.C.,5144,Yogesh ,Defender - Right Corner,8
10,3155,2024-02-18,Dabang Delhi K.C.,5196,Vikrant ,Defender-Left Cover,2
10,3155,2024-02-18,Bengaluru Bulls,3228,Saurabh Nandal,Defender - Right Corner,2
10,3155,2024-02-18,Bengaluru Bulls,4179,Sushil ,Raider,11
10,3155,2024-02-18,Bengaluru Bulls,5138,Akshit ,Left Raider,5
10,3156,2024-02-19,Gujarat Giants,3000,Sombir ,Defender,0
10,3156,2024-02-19,Gujarat Giants,2297,Arkam Shaikh,All-Rounder,2
10,3156,2024-02-19,Gujarat Giants,3527,Jagdeep ,Right Raider,3
10,3156,2024-02-19,Gujarat Giants,3593,Sourav Gulia,Defender,0
10,3156,2024-02-19,Gujarat Giants,5124,Parteek Dhaiya,Raider,14
10,3156,2024-02-19,Gujarat Giants,5145,Nitin ,Raider,1
10,3156,2024-02-19,Jaipur Pink Panthers,368,Sunil Kumar,Defender,2
10,3156,2024-02-19,Jaipur Pink Panthers,4769,Sahul Kumar,Defender - Right Corner,6
10,3156,2024-02-19,Jaipur Pink Panthers,4961,Shubham Shelke,Raider,8
10,3156,2024-02-19,Jaipur Pink Panthers,5022,Reza Mirbagheri,Defender,2
10,3157,2024-02-19,Haryana Steelers,4184,Jaideep ,Defender - Left Cover,7
10,3157,2024-02-19,Haryana Steelers,4186,Rahul Sethpal,Defender - Right Corner,3
10,3157,2024-02-19,Haryana Steelers,4954,Mohit ,Defender - Right Cover,5
10,3157,2024-02-19,Puneri Paltan,3233,Pankaj Mohite,Raider,4
10,3157,2024-02-19,Puneri Paltan,5108,Badal Singh,Defender - Left Corner,2
10,3157,2024-02-19,Puneri Paltan,5151,Dadaso Pujari,Defender - Right Corner,2
10,3157,2024-02-19,Puneri Paltan,5152,Tushar Dattaray Adhavade,Defender - Right Cover,2
10,3157,2024-02-19,Puneri Paltan,5256,Vahid RezaEimehr,Defender,4
10,3158,2024-02-20,U Mumba,3910,Gokulakannan M,Defender - Right Cover,6
10,3158,2024-02-20,U Mumba,4032,Shivansh Thakur,Defender - Right Cover,0
10,3158,2024-02-20,U Mumba,5046,Visvanth V,All- Rounder,4
10,3158,2024-02-20,U Mumba,5018,Heidarali Ekrami,Raider,2
10,3158,2024-02-20,U Mumba,5252,Amirmohammad Zafardanesh,All-Rounder,11
10,3158,2024-02-20,U Mumba,5159,Bittu ,Defender - Right Corner,1
10,3158,2024-02-20,U Mumba,5160,Sombir ,Defender - Left Corner,4
10,3158,2024-02-20,Telugu Titans,318,Pawan Kumar,Raider,14
10,3158,2024-02-20,Telugu Titans,4191,Sanjeevi S ,All- Rounder,3
10,3158,2024-02-20,Telugu Titans,4836,Ankit ,Defender - Left Corner,4
10,3158,2024-02-20,Telugu Titans,5039,Shankar Gadai,All-Rounder,4
10,3158,2024-02-20,Telugu Titans,5174,Ajit Pawar,Defender - Left Cover,3
10,3158,2024-02-20,Telugu Titans,5197,Robin Chaudhary,Right Raider,6
10,3158,2024-02-20,Telugu Titans,3153,Omkar R. More,All-Rounder,0
10,3160,2024-02-21,Haryana Steelers,5101,Monu Hooda,Defender - Right Corner,2
10,3160,2024-02-21,Haryana Steelers,5102,Naveen ,Defender - Left Corner,0
10,3160,2024-02-21,Haryana Steelers,5103,Harsh ,Defender - Left Cover,2
10,3160,2024-02-21,Bengaluru Bulls,160,Ran Singh,All- Rounder,2
10,3160,2024-02-21,Bengaluru Bulls,366,Vikash Khandola,Raider,1
10,3160,2024-02-21,Bengaluru Bulls,3101,Ponparthiban Subramanian,Defender-Right Cover,5
10,3160,2024-02-21,Bengaluru Bulls,4179,Sushil ,Raider,22
10,3160,2024-02-21,Bengaluru Bulls,5138,Akshit ,Left Raider,8
10,3160,2024-02-21,Bengaluru Bulls,5139,Arulnanthababu ,Defender - Right Corner,5
10,3160,2024-02-21,Bengaluru Bulls,5324,Rohit Kumar,Defender - Left Cover,4
10,3161,2024-02-26,Dabang Delhi K.C.,3083,Vishal Bhardwaj,Defender,2
10,3161,2024-02-26,Dabang Delhi K.C.,4183,Meetu ,Raider,1
10,3161,2024-02-26,Dabang Delhi K.C.,4947,Ashu Malik,Raider,19
10,3161,2024-02-26,Dabang Delhi K.C.,5142,Himmat Antil,Defender - Left Cover,0
10,3161,2024-02-26,Dabang Delhi K.C.,5144,Yogesh ,Defender - Right Corner,4
10,3161,2024-02-26,Dabang Delhi K.C.,5196,Vikrant ,Defender-Left Cover,0
10,3161,2024-02-26,Patna Pirates,763,Manjeet ,Raider,5
10,3161,2024-02-26,Patna Pirates,757,Sachin ,Raider,9
10,3161,2024-02-26,Patna Pirates,726,Babu M,Defender - Left Cover,0
10,3161,2024-02-26,Patna Pirates,4848,Mayur Kadam,Defender - Right Cover,0
10,3161,2024-02-26,Patna Pirates,4949,Krishan ,Defender,3
10,3161,2024-02-26,Patna Pirates,5282,Sandeep Kumar ,Raider,5
10,3161,2024-02-26,Patna Pirates,5169,Ankit ,All-Rounder,1
10,3162,2024-02-26,Gujarat Giants,259,Fazel Atrachali,Defender,1
10,3162,2024-02-26,Gujarat Giants,3000,Sombir ,Defender,1
10,3162,2024-02-26,Gujarat Giants,3023,Rohit Gulia,All-Rounder,2
10,3162,2024-02-26,Gujarat Giants,3128,Sonu ,Raider,5
10,3162,2024-02-26,Gujarat Giants,4956,Deepak Singh,Defender - Right Cover,0
10,3162,2024-02-26,Gujarat Giants,4978,Balaji D,All-Rounder,2
10,3162,2024-02-26,Gujarat Giants,5124,Parteek Dhaiya,Raider,5
10,3162,2024-02-26,Haryana Steelers,3054,Vinay ,Raider,12
10,3162,2024-02-26,Haryana Steelers,3028,Ashish ,All-Rounder,2
10,3162,2024-02-26,Haryana Steelers,4184,Jaideep ,Defender - Left Cover,0
10,3162,2024-02-26,Haryana Steelers,4186,Rahul Sethpal,Defender - Right Corner,3
10,3162,2024-02-26,Haryana Steelers,4954,Mohit ,Defender - Right Cover,7
10,3163,2024-02-28,Puneri Paltan,3234,Sanket Sawant,Defender - Left Cover,3
10,3163,2024-02-28,Puneri Paltan,3233,Pankaj Mohite,Raider,7
10,3163,2024-02-28,Puneri Paltan,4022,Mohit Goyat,Raider,4
10,3163,2024-02-28,Puneri Paltan,4192,Abinesh Nadarajan,Defender - Right Cover,3
10,3163,2024-02-28,Puneri Paltan,4960,Aslam Inamdar,All-rounder,7
10,3163,2024-02-28,Patna Pirates,763,Manjeet ,Raider,4
10,3163,2024-02-28,Patna Pirates,726,Babu M,Defender - Left Cover,1
10,3163,2024-02-28,Patna Pirates,4193,Sudhakar M ,Raider,4
10,3163,2024-02-28,Patna Pirates,4949,Krishan ,Defender,2
10,3163,2024-02-28,Patna Pirates,5169,Ankit ,All-Rounder,1
10,3164,2024-02-28,Jaipur Pink Panthers,4769,Sahul Kumar,Defender - Right Corner,2
10,3164,2024-02-28,Jaipur Pink Panthers,4961,Shubham Shelke,Raider,0
10,3164,2024-02-28,Jaipur Pink Panthers,5022,Reza Mirbagheri,Defender,4
10,3164,2024-02-28,Haryana Steelers,3054,Vinay ,Raider,11
10,3164,2024-02-28,Haryana Steelers,3028,Ashish ,All-Rounder,4
10,3164,2024-02-28,Haryana Steelers,4186,Rahul Sethpal,Defender - Right Corner,3
10,3164,2024-02-28,Haryana Steelers,4954,Mohit ,Defender - Right Cover,1
10,3164,2024-02-28,Haryana Steelers,5032,Mohit ,Defender - Left Corner,2
10,3164,2024-02-28,Haryana Steelers,4108,Shivam Patare,Left Raider,7
10,3165,2024-03-01,Puneri Paltan,3233,Pankaj Mohite,Raider,9
10,3165,2024-03-01,Puneri Paltan,4192,Abinesh Nadarajan,Defender - Right Cover,1
10,3165,2024-03-01,Haryana Steelers,2026,Siddharth Desai,Raider,4
10,3165,2024-03-01,Haryana Steelers,3054,Vinay ,Raider,3
10,3165,2024-03-01,Haryana Steelers,3028,Ashish ,All-Rounder,2
10,3165,2024-03-01,Haryana Steelers,4184,Jaideep ,Defender - Left Cover,0
10,3165,2024-03-01,Haryana Steelers,4186,Rahul Sethpal,Defender - Right Corner,2
10,3165,2024-03-01,Haryana Steelers,4954,Mohit ,Defender - Right Cover,0
10,3165,2024-03-01,Haryana Steelers,4108,Shivam Patare,Left Raider,6
